date,open,high,low,close,last,yesterday,volume,value,trades
2001-04-03,3790.0,3790.0,3790.0,3790.0,3790.0,0.0,300.0,1137000.0,4.0
2001-04-21,3619.0,3630.0,3619.0,3630.0,3630.0,3790.0,21155.0,76668195.0,15.0
2001-04-22,3630.0,3789.0,3630.0,3789.0,3789.0,3630.0,4390.0,16568840.0,7.0
2001-04-23,3789.0,3800.0,3789.0,3800.0,3800.0,3789.0,1000.0,3795240.0,4.0
2001-04-25,3750.0,3750.0,3749.0,3750.0,3750.0,3800.0,3323.0,12461200.0,3.0
2001-04-28,3749.0,3800.0,3749.0,3800.0,3800.0,3750.0,166276.0,627999097.0,36.0
2001-04-29,3900.0,3900.0,3800.0,3802.0,3802.0,3800.0,188613.0,721971700.0,33.0
2001-04-30,3863.0,3992.0,3863.0,3992.0,3992.0,3802.0,40000.0,155560000.0,21.0
2001-05-01,4191.0,4191.0,4191.0,4191.0,4191.0,3992.0,1716.0,7191756.0,3.0
2001-05-02,4400.0,4400.0,4400.0,4400.0,4400.0,4191.0,31000.0,136400000.0,24.0
2001-05-05,4620.0,4620.0,4620.0,4620.0,4620.0,4400.0,1000.0,4620000.0,1.0
2001-05-06,4851.0,4851.0,4851.0,4851.0,4851.0,4620.0,1500.0,7276500.0,3.0
2001-05-07,5093.0,5093.0,5090.0,5093.0,5093.0,4851.0,382500.0,1948063500.0,106.0
2001-05-08,5347.0,5347.0,5347.0,5347.0,5347.0,5093.0,8190.0,43791930.0,6.0
2001-06-16,6860.0,9000.0,6800.0,6834.0,6834.0,5347.0,150207.0,1061773599.0,63.0
2001-06-17,6835.0,6902.0,6835.0,6902.0,6902.0,6834.0,52025.0,358798150.0,44.0
2001-06-18,6971.0,6971.0,6902.0,6950.0,6950.0,6902.0,265107.0,1846719690.0,156.0
2001-06-19,6950.0,7010.0,6950.0,7009.0,7009.0,6950.0,136738.0,954713900.0,100.0
2001-06-20,7050.0,7079.0,7050.0,7079.0,7079.0,7009.0,107860.0,763091237.0,87.0
2001-06-23,7100.0,7149.0,7081.0,7149.0,7149.0,7079.0,24400.0,173630000.0,27.0
2001-06-24,7220.0,7220.0,7220.0,7220.0,7220.0,7149.0,19725.0,142414500.0,19.0
2001-06-25,7292.0,7292.0,7292.0,7292.0,7292.0,7220.0,11500.0,83858000.0,17.0
2001-06-26,7364.0,7364.0,7364.0,7364.0,7364.0,7292.0,28500.0,209874000.0,30.0
2001-06-27,7437.0,7437.0,7437.0,7437.0,7437.0,7364.0,74882.0,556897434.0,53.0
2001-06-30,7511.0,7511.0,7511.0,7511.0,7511.0,7437.0,36050.0,270771550.0,37.0
2001-07-01,7586.0,7586.0,7586.0,7586.0,7586.0,7511.0,34000.0,257924000.0,33.0
2001-07-02,7661.0,7661.0,7661.0,7661.0,7661.0,7586.0,64000.0,490304000.0,54.0
2001-07-03,7737.0,7737.0,7737.0,7737.0,7737.0,7661.0,67266.0,520437042.0,61.0
2001-07-04,7814.0,7814.0,7660.0,7660.0,7660.0,7737.0,225935.0,1740826729.0,139.0
2001-07-07,7584.0,7690.0,7584.0,7660.0,7660.0,7660.0,222159.0,1688036173.0,136.0
2001-07-08,7720.0,7736.0,7720.0,7736.0,7736.0,7660.0,66917.0,517637912.0,31.0
2001-07-09,7813.0,7813.0,7813.0,7813.0,7813.0,7736.0,16098.0,125773674.0,20.0
2001-07-10,7891.0,7891.0,7890.0,7891.0,7891.0,7813.0,57600.0,454516139.0,57.0
2001-07-11,7969.0,7969.0,7969.0,7969.0,7969.0,7891.0,19334.0,154072646.0,30.0
2001-08-19,9999.0,10101.0,8500.0,9800.0,9800.0,7969.0,84723.0,832946356.0,99.0
2001-08-20,9499.0,9800.0,9312.0,9312.0,9312.0,9800.0,45764.0,433859197.0,50.0
2001-08-21,9287.0,9287.0,9000.0,9000.0,9000.0,9312.0,553.0,5021372.0,3.0
2001-08-22,8998.0,9150.0,8979.0,9103.0,9103.0,9000.0,52157.0,472937833.0,51.0
2001-08-25,9102.0,9350.0,9102.0,9322.0,9322.0,9103.0,18133.0,168041018.0,29.0
2001-08-26,9255.0,9322.0,9200.0,9200.0,9200.0,9322.0,14592.0,135089933.0,36.0
2001-08-27,9011.0,9011.0,8850.0,8900.0,8900.0,9200.0,22223.0,197975000.0,32.0
2001-08-28,8900.0,8900.0,8849.0,8849.0,8849.0,8900.0,21002.0,186381665.0,42.0
2001-08-29,8801.0,8801.0,8700.0,8700.0,8700.0,8849.0,15493.0,136156845.0,14.0
2001-09-01,8650.0,8687.0,8550.0,8550.0,8550.0,8700.0,1700.0,14628700.0,6.0
2001-09-02,8470.0,8499.0,8200.0,8200.0,8200.0,8550.0,37670.0,311422020.0,19.0
2001-09-03,8130.0,8130.0,8110.0,8110.0,8110.0,8200.0,25325.0,205737745.0,37.0
2001-09-04,8003.0,8004.0,7949.0,7949.0,7949.0,8110.0,25470.0,202909344.0,27.0
2001-09-05,7899.0,7900.0,7600.0,7711.0,7711.0,7949.0,50860.0,394276190.0,45.0
2001-09-08,7721.0,8096.0,7710.0,8096.0,8096.0,7711.0,98906.0,776051594.0,105.0
2001-09-09,8200.0,8201.0,8096.0,8121.0,8121.0,8096.0,87376.0,714788170.0,68.0
2001-09-10,8121.0,8121.0,7750.0,7754.0,7754.0,8121.0,23339.0,183286814.0,23.0
2001-09-11,7700.0,7760.0,7550.0,7550.0,7550.0,7754.0,18407.0,141310055.0,29.0
2001-09-12,7401.0,7422.0,7200.0,7257.0,7257.0,7550.0,22153.0,160533668.0,44.0
2001-09-15,7311.0,7400.0,7300.0,7400.0,7400.0,7257.0,15565.0,113838520.0,15.0
2001-09-16,7324.0,7324.0,7200.0,7200.0,7200.0,7400.0,16020.0,116117960.0,24.0
2001-09-17,6840.0,6840.0,6840.0,6840.0,6840.0,7200.0,4000.0,27360000.0,2.0
2001-09-18,6830.0,6830.0,6699.0,6712.0,6712.0,6840.0,22797.0,153173907.0,30.0
2001-09-19,7000.0,7047.0,6800.0,7047.0,7047.0,6712.0,22533.0,155346770.0,27.0
2001-09-22,7298.0,7399.0,7298.0,7399.0,7399.0,7047.0,9981.0,73388879.0,14.0
2001-09-23,7600.0,7768.0,7412.0,7500.0,7500.0,7399.0,47955.0,365696530.0,47.0
2001-09-24,7399.0,7399.0,7125.0,7200.0,7200.0,7500.0,8416.0,61399262.0,13.0
2001-09-25,7200.0,7200.0,7199.0,7200.0,7200.0,7200.0,12350.0,88919500.0,22.0
2001-09-26,7206.0,7206.0,7003.0,7003.0,7003.0,7200.0,16100.0,114280269.0,23.0
2001-09-29,6900.0,6990.0,6900.0,6901.0,6901.0,7003.0,9735.0,67228799.0,20.0
2001-09-30,6900.0,7200.0,6899.0,7200.0,7200.0,6901.0,30602.0,213856419.0,28.0
2001-10-02,7400.0,7465.0,7246.0,7280.0,7280.0,7200.0,20605.0,151372472.0,28.0
2001-10-03,7187.0,7200.0,7187.0,7193.0,7193.0,7280.0,45563.0,327716685.0,32.0
2001-10-06,7193.0,7200.0,7193.0,7193.0,7193.0,7193.0,6590.0,47415170.0,10.0
2001-10-07,7174.0,7200.0,7174.0,7200.0,7200.0,7193.0,12478.0,89646656.0,11.0
2001-10-08,7180.0,7200.0,7011.0,7015.0,7015.0,7200.0,3858.0,27269475.0,7.0
2001-10-09,6900.0,6900.0,6900.0,6900.0,6900.0,7015.0,7500.0,51750000.0,8.0
2001-10-10,6850.0,6850.0,6700.0,6700.0,6700.0,6900.0,26444.0,178111800.0,21.0
2001-10-13,6700.0,7035.0,6700.0,6850.0,6850.0,6700.0,40843.0,283244592.0,44.0
2001-10-14,6900.0,7000.0,6900.0,7000.0,7000.0,6850.0,15400.0,106675000.0,12.0
2001-10-16,7194.0,7350.0,7000.0,7350.0,7350.0,7000.0,24063.0,173713190.0,29.0
2001-10-17,7413.0,7452.0,7184.0,7200.0,7200.0,7350.0,33723.0,248903129.0,31.0
2001-10-20,7201.0,7347.0,7200.0,7347.0,7347.0,7200.0,8847.0,64353209.0,15.0
2001-10-21,7251.0,7350.0,7220.0,7250.0,7250.0,7347.0,17746.0,129764541.0,25.0
2001-10-22,7440.0,7450.0,7250.0,7400.0,7400.0,7250.0,40356.0,297131955.0,39.0
2001-10-23,7400.0,7400.0,7350.0,7350.0,7350.0,7400.0,17068.0,126282950.0,16.0
2001-10-24,7299.0,7310.0,7261.0,7310.0,7310.0,7350.0,18737.0,136703872.0,30.0
2001-10-27,7310.0,7310.0,7305.0,7305.0,7305.0,7310.0,428.0,3127930.0,2.0
2001-10-29,7234.0,7234.0,7209.0,7210.0,7210.0,7305.0,2650.0,19109250.0,4.0
2001-10-31,7101.0,7150.0,7100.0,7100.0,7100.0,7210.0,11118.0,78999640.0,18.0
2001-11-03,7100.0,7350.0,7100.0,7300.0,7300.0,7100.0,17358.0,125379190.0,17.0
2001-11-04,7350.0,7449.0,7350.0,7350.0,7350.0,7300.0,20215.0,149625298.0,18.0
2001-11-05,7400.0,7500.0,7400.0,7500.0,7500.0,7350.0,10493.0,78659500.0,10.0
2001-11-06,7600.0,7600.0,7421.0,7421.0,7421.0,7500.0,5900.0,43963939.0,7.0
2001-11-07,7420.0,7421.0,7300.0,7300.0,7300.0,7421.0,5463.0,40160980.0,8.0
2001-11-10,7298.0,7300.0,7180.0,7300.0,7300.0,7300.0,150343.0,1087048819.0,44.0
2001-11-11,7401.0,7403.0,7398.0,7400.0,7400.0,7300.0,10843.0,80233330.0,15.0
2001-11-12,7500.0,7500.0,7400.0,7400.0,7400.0,7400.0,7654.0,57204020.0,11.0
2001-11-13,7389.0,7389.0,7294.0,7300.0,7300.0,7400.0,12264.0,89577854.0,15.0
2001-11-14,7301.0,7310.0,7301.0,7301.0,7301.0,7300.0,5125.0,37424775.0,10.0
2001-11-17,7223.0,7223.0,7222.0,7222.0,7222.0,7301.0,1590.0,11483710.0,5.0
2001-11-18,7222.0,7222.0,7200.0,7222.0,7222.0,7222.0,4000.0,28873700.0,4.0
2001-11-19,7200.0,7200.0,7200.0,7200.0,7200.0,7222.0,13213.0,95133600.0,11.0
2001-11-20,7200.0,7200.0,7200.0,7200.0,7200.0,7200.0,2000.0,14400000.0,4.0
2001-11-21,7200.0,7250.0,7060.0,7200.0,7200.0,7200.0,67089.0,476103740.0,46.0
2001-11-24,7307.0,7380.0,7250.0,7380.0,7380.0,7200.0,19594.0,143469544.0,28.0
2001-11-25,7390.0,7450.0,7390.0,7450.0,7450.0,7380.0,46009.0,340664434.0,39.0
2001-11-26,7660.0,7701.0,7450.0,7700.0,7700.0,7450.0,43169.0,327949804.0,41.0
2001-11-27,7699.0,7750.0,7699.0,7700.0,7700.0,7700.0,25485.0,196507341.0,39.0
2001-11-28,7677.0,7704.0,7649.0,7704.0,7704.0,7700.0,28451.0,218594889.0,26.0
2001-12-02,7675.0,7700.0,7650.0,7700.0,7700.0,7704.0,30850.0,236988080.0,29.0
2001-12-03,7699.0,7851.0,7699.0,7850.0,7850.0,7700.0,20546.0,159841834.0,19.0
2001-12-04,7851.0,8242.0,7850.0,8242.0,8242.0,7850.0,22967.0,184177500.0,32.0
2001-12-05,8230.0,8400.0,8230.0,8350.0,8350.0,8242.0,19814.0,165347988.0,23.0
2001-12-08,8352.0,8767.0,8352.0,8661.0,8661.0,8350.0,32442.0,278323546.0,33.0
2001-12-09,8660.0,8700.0,8660.0,8700.0,8700.0,8661.0,8610.0,74683400.0,25.0
2001-12-10,8700.0,8700.0,8700.0,8700.0,8700.0,8700.0,5500.0,47850000.0,11.0
2001-12-11,8800.0,8900.0,8700.0,8850.0,8850.0,8700.0,49208.0,436478165.0,39.0
2001-12-12,9000.0,9200.0,8899.0,9200.0,9200.0,8850.0,22800.0,206119100.0,28.0
2001-12-15,9250.0,9660.0,9250.0,9660.0,9660.0,9200.0,45550.0,437114700.0,58.0
2001-12-17,9660.0,9700.0,9450.0,9450.0,9450.0,9660.0,30515.0,294012864.0,28.0
2001-12-18,9300.0,9300.0,9000.0,9199.0,9199.0,9450.0,14684.0,133134610.0,22.0
2001-12-19,9185.0,9186.0,9002.0,9100.0,9100.0,9199.0,23865.0,216311932.0,32.0
2001-12-22,9400.0,9401.0,9149.0,9400.0,9400.0,9100.0,43553.0,407653692.0,43.0
2001-12-23,9501.0,9800.0,9500.0,9800.0,9800.0,9400.0,37360.0,359953600.0,49.0
2001-12-24,9800.0,10000.0,9800.0,9802.0,9802.0,9800.0,55436.0,544738892.0,39.0
2001-12-25,9700.0,9898.0,9700.0,9897.0,9897.0,9802.0,37042.0,363304708.0,39.0
2001-12-26,9895.0,10380.0,9895.0,10380.0,10380.0,9897.0,40062.0,405302308.0,63.0
2001-12-29,10380.0,10700.0,10380.0,10700.0,10700.0,10380.0,18570.0,194543620.0,21.0
2001-12-30,10750.0,10750.0,10400.0,10400.0,10400.0,10700.0,6817.0,72759067.0,14.0
2001-12-31,10370.0,10500.0,10280.0,10500.0,10500.0,10400.0,13735.0,142000055.0,20.0
2002-01-01,10750.0,10750.0,10500.0,10699.0,10699.0,10500.0,38303.0,410254893.0,19.0
2002-01-02,10599.0,10599.0,10400.0,10400.0,10400.0,10699.0,9712.0,101509755.0,18.0
2002-01-05,10600.0,10650.0,10494.0,10498.0,10498.0,10400.0,53334.0,561835630.0,47.0
2002-01-06,10650.0,11022.0,10500.0,11022.0,11022.0,10498.0,102470.0,1097120925.0,83.0
2002-01-07,11573.0,11573.0,11295.0,11399.0,11399.0,11022.0,39400.0,452309675.0,38.0
2002-01-08,11390.0,11600.0,11300.0,11600.0,11600.0,11399.0,97849.0,1117895500.0,101.0
2002-01-12,12050.0,12150.0,11726.0,12149.0,12149.0,11600.0,36153.0,436281838.0,39.0
2002-01-13,12147.0,12150.0,12143.0,12143.0,12143.0,12149.0,10504.0,127609689.0,22.0
2002-01-14,11840.0,12006.0,11840.0,11840.0,11840.0,12143.0,13183.0,157069720.0,12.0
2002-01-15,11839.0,11840.0,11544.0,11627.0,11627.0,11840.0,77217.0,903970376.0,87.0
2002-03-02,13532.0,14002.0,12500.0,13200.0,13200.0,11627.0,49000.0,661487008.0,50.0
2002-03-04,13405.0,13860.0,13200.0,13860.0,13860.0,13200.0,1495633.0,20188305900.0,95.0
2002-03-05,14000.0,14149.0,13860.0,13866.0,13866.0,13860.0,95055.0,1328692238.0,79.0
2002-03-06,13862.0,13862.0,13750.0,13776.0,13776.0,13866.0,16997.0,234354177.0,29.0
2002-03-09,13700.0,13800.0,13648.0,13800.0,13800.0,13776.0,67811.0,929940189.0,57.0
2002-03-10,13900.0,13910.0,13899.0,13900.0,13900.0,13800.0,66380.0,922696000.0,69.0
2002-03-11,14000.0,14213.0,14000.0,14066.0,14066.0,13900.0,75399.0,1068359157.0,76.0
2002-03-12,14201.0,14209.0,14090.0,14090.0,14090.0,14066.0,114045.0,1618671735.0,94.0
2002-03-13,14300.0,14300.0,14090.0,14100.0,14100.0,14090.0,63171.0,894667515.0,45.0
2002-03-16,14100.0,14120.0,13998.0,14120.0,14120.0,14100.0,43822.0,615389356.0,43.0
2002-03-17,14119.0,14120.0,13990.0,14090.0,14090.0,14120.0,13252.0,186149340.0,24.0
2002-03-18,14000.0,14070.0,13900.0,14070.0,14070.0,14090.0,5400.0,75600595.0,17.0
2002-03-19,13821.0,14200.0,13820.0,14200.0,14200.0,14070.0,17963.0,251734874.0,26.0
2002-03-26,14200.0,14307.0,14200.0,14307.0,14307.0,14200.0,3360.0,48009220.0,6.0
2002-03-27,14405.0,14430.0,14346.0,14428.0,14428.0,14307.0,50600.0,728781219.0,32.0
2002-03-30,14422.0,14431.0,14341.0,14431.0,14431.0,14428.0,9884.0,142265948.0,16.0
2002-03-31,14502.0,14570.0,14499.0,14570.0,14570.0,14431.0,44229.0,643434896.0,40.0
2002-04-03,14570.0,14570.0,14514.0,14568.0,14568.0,14570.0,18292.0,266021538.0,21.0
2002-04-06,14600.0,14700.0,14600.0,14651.0,14651.0,14568.0,48490.0,710347550.0,58.0
2002-04-07,14651.0,14655.0,14501.0,14650.0,14650.0,14651.0,20800.0,304364881.0,41.0
2002-04-08,14642.0,14642.0,14447.0,14600.0,14600.0,14650.0,19485.0,282796340.0,34.0
2002-04-09,14500.0,14598.0,14422.0,14496.0,14496.0,14600.0,18925.0,274677515.0,19.0
2002-04-10,14360.0,14550.0,14251.0,14550.0,14550.0,14496.0,54457.0,783824550.0,73.0
2002-04-13,14550.0,14550.0,14550.0,14550.0,14550.0,14550.0,6696.0,97426800.0,17.0
2002-04-14,14552.0,14850.0,14547.0,14834.0,14834.0,14550.0,110131.0,1621119413.0,63.0
2002-04-15,14900.0,15110.0,14900.0,15039.0,15039.0,14834.0,105400.0,1578096960.0,46.0
2002-04-16,15789.0,15790.0,15650.0,15759.0,15759.0,15039.0,107253.0,1687347676.0,124.0
2002-06-08,23999.0,25001.0,22602.0,23999.0,23999.0,15759.0,405969.0,9483648548.0,352.0
2002-06-09,24200.0,24238.0,24200.0,24238.0,24238.0,23999.0,9091.0,220304338.0,17.0
2002-06-10,24480.0,24480.0,24480.0,24480.0,24480.0,24238.0,3000.0,73440000.0,8.0
2002-06-11,24724.0,24724.0,24724.0,24724.0,24724.0,24480.0,4900.0,121147600.0,10.0
2002-06-12,24971.0,24971.0,24971.0,24971.0,24971.0,24724.0,2810.0,70168510.0,4.0
2002-06-15,25220.0,25220.0,25220.0,25220.0,25220.0,24971.0,6648.0,167662560.0,10.0
2002-06-16,25472.0,25472.0,25472.0,25472.0,25472.0,25220.0,31562.0,803947264.0,49.0
2002-06-17,25726.0,25726.0,25726.0,25726.0,25726.0,25472.0,3885.0,99945510.0,12.0
2002-06-18,25983.0,25983.0,25983.0,25983.0,25983.0,25726.0,2738.0,71141454.0,13.0
2002-06-19,26242.0,26242.0,26242.0,26242.0,26242.0,25983.0,2126.0,55790492.0,5.0
2002-06-22,26504.0,26504.0,26504.0,26504.0,26504.0,26242.0,3035.0,80439640.0,8.0
2002-06-23,26769.0,26769.0,26769.0,26769.0,26769.0,26504.0,1800.0,48184200.0,4.0
2002-06-24,27036.0,27036.0,27036.0,27036.0,27036.0,26769.0,7820.0,211421520.0,14.0
2002-06-25,27579.0,27711.0,27000.0,27711.0,27711.0,27036.0,217658.0,6002910741.0,300.0
2002-06-26,27711.0,28403.0,27682.0,28403.0,28403.0,27711.0,95126.0,2639535922.0,130.0
2002-06-29,28910.0,29000.0,28503.0,28540.0,28540.0,28403.0,56302.0,1615937904.0,81.0
2002-06-30,28515.0,28515.0,28137.0,28194.0,28194.0,28540.0,71925.0,2033040532.0,64.0
2002-07-01,27500.0,27980.0,27490.0,27490.0,27490.0,28194.0,27190.0,750594400.0,33.0
2002-07-02,26803.0,26803.0,26803.0,26803.0,26803.0,27490.0,1100.0,29483300.0,5.0
2002-07-03,26133.0,26133.0,26133.0,26133.0,26133.0,26803.0,1367.0,35723811.0,7.0
2002-07-06,25480.0,25480.0,25480.0,25480.0,25480.0,26133.0,3716.0,94683680.0,8.0
2002-07-07,26117.0,26117.0,24860.0,25900.0,25900.0,25480.0,79547.0,2042134125.0,145.0
2002-07-08,25907.0,26000.0,25600.0,25600.0,25600.0,25900.0,29044.0,753350373.0,64.0
2002-09-01,23000.0,23200.0,21200.0,23000.0,23000.0,25600.0,217344.0,4831818689.0,147.0
2002-09-02,22937.0,22994.0,21850.0,22440.0,22440.0,23000.0,108621.0,2388473233.0,69.0
2002-09-03,21500.0,21993.0,21500.0,21990.0,21990.0,22440.0,114486.0,2504027470.0,55.0
2002-09-04,21664.0,21699.0,21400.0,21400.0,21400.0,21990.0,3974.0,85962724.0,5.0
2002-09-07,20330.0,20330.0,20330.0,20330.0,20330.0,21400.0,5578.0,113400740.0,9.0
2002-09-08,19997.0,19997.0,19314.0,19314.0,19314.0,20330.0,6208.0,120685019.0,8.0
2002-09-09,18349.0,18349.0,18349.0,18349.0,18349.0,19314.0,50669.0,929725481.0,38.0
2002-09-10,18370.0,19266.0,17432.0,19266.0,19266.0,18349.0,41316.0,749292971.0,72.0
2002-09-11,19302.0,20229.0,19302.0,20229.0,20229.0,19266.0,18243.0,366603651.0,35.0
2002-09-14,21239.0,21240.0,20229.0,20229.0,20229.0,20229.0,37072.0,769873440.0,39.0
2002-09-15,20214.0,20214.0,19590.0,19590.0,19590.0,20229.0,7247.0,145407272.0,16.0
2002-09-16,19479.0,19500.0,19389.0,19389.0,19389.0,19590.0,4811.0,93681474.0,13.0
2002-09-17,19010.0,19010.0,18749.0,18750.0,18750.0,19389.0,19337.0,365484197.0,28.0
2002-09-18,18750.0,18752.0,18749.0,18752.0,18752.0,18750.0,5706.0,106988830.0,17.0
2002-09-22,18750.0,18753.0,18750.0,18750.0,18750.0,18752.0,6424.0,120451260.0,13.0
2002-09-23,18610.0,18650.0,18000.0,18001.0,18001.0,18750.0,19951.0,370161086.0,29.0
2002-09-24,18001.0,18001.0,17800.0,17800.0,17800.0,18001.0,4688.0,84068688.0,10.0
2002-09-25,17800.0,17800.0,17499.0,17499.0,17499.0,17800.0,14958.0,262654050.0,23.0
2002-09-28,17298.0,17300.0,17000.0,17100.0,17100.0,17499.0,22151.0,379386404.0,25.0
2002-09-29,17100.0,17950.0,17100.0,17909.0,17909.0,17100.0,21007.0,369052331.0,35.0
2002-09-30,17909.0,18601.0,17909.0,18601.0,18601.0,17909.0,3396.0,61811999.0,7.0
2002-10-01,19000.0,19043.0,18613.0,19043.0,19043.0,18601.0,4990.0,94771920.0,12.0
2002-10-02,19082.0,19082.0,18393.0,18395.0,18395.0,19043.0,29874.0,560644517.0,45.0
2002-10-06,18390.0,18411.0,18386.0,18410.0,18410.0,18395.0,15484.0,284821474.0,46.0
2002-10-07,18410.0,18410.0,18410.0,18410.0,18410.0,18410.0,732.0,13476120.0,2.0
2002-10-09,18345.0,18345.0,18345.0,18345.0,18345.0,18410.0,162.0,2971890.0,1.0
2002-10-13,18000.0,18000.0,17800.0,17800.0,17800.0,18345.0,1601.0,28623400.0,5.0
2002-10-14,17601.0,17900.0,17494.0,17900.0,17900.0,17800.0,17721.0,312420481.0,26.0
2002-10-15,17700.0,17700.0,17670.0,17700.0,17700.0,17900.0,20250.0,358246750.0,8.0
2002-10-16,17847.0,17847.0,17500.0,17835.0,17835.0,17700.0,26007.0,462677495.0,25.0
2002-10-19,17836.0,18000.0,17835.0,18000.0,18000.0,17835.0,24124.0,431326160.0,18.0
2002-10-20,18900.0,18900.0,18339.0,18900.0,18900.0,18000.0,21702.0,409055200.0,20.0
2002-10-21,19203.0,19203.0,18500.0,18500.0,18500.0,18900.0,10327.0,195959952.0,26.0
2002-10-23,18500.0,18501.0,18500.0,18500.0,18500.0,18500.0,10305.0,190644500.0,16.0
2002-10-26,18512.0,18513.0,18510.0,18510.0,18510.0,18500.0,5000.0,92561125.0,7.0
2002-10-27,18990.0,19392.0,18990.0,19392.0,19392.0,18510.0,4550.0,86825500.0,10.0
2002-10-28,19475.0,20361.0,19475.0,20361.0,20361.0,19392.0,23586.0,475557200.0,21.0
2002-10-29,20361.0,20370.0,19343.0,19343.0,19343.0,20361.0,10308.0,207953780.0,16.0
2002-10-30,18711.0,19200.0,18376.0,18430.0,18430.0,19343.0,21059.0,392836137.0,32.0
2002-11-02,18430.0,18800.0,18430.0,18800.0,18800.0,18430.0,1358.0,25398078.0,4.0
2002-11-03,19351.0,19421.0,18965.0,19421.0,19421.0,18800.0,18710.0,356587814.0,13.0
2002-11-04,20000.0,20000.0,19700.0,19774.0,19774.0,19421.0,18447.0,366635204.0,37.0
2002-11-05,19522.0,19749.0,19430.0,19746.0,19746.0,19774.0,12409.0,242292122.0,37.0
2002-11-06,19745.0,20000.0,19700.0,20000.0,20000.0,19746.0,21924.0,433450398.0,28.0
2002-11-09,19997.0,21000.0,19700.0,21000.0,21000.0,20000.0,70301.0,1447699456.0,39.0
2002-11-10,20999.0,21200.0,20978.0,20999.0,20999.0,21000.0,139386.0,2945997083.0,36.0
2002-11-11,20503.0,21900.0,19950.0,21750.0,21750.0,20999.0,98050.0,2018926406.0,68.0
2002-11-30,7601.0,8000.0,7200.0,7600.0,7600.0,21750.0,5050.0,38971000.0,8.0
2002-12-01,7700.0,7700.0,7470.0,7470.0,7470.0,7600.0,28348.0,215167054.0,32.0
2002-12-02,7350.0,7400.0,7097.0,7097.0,7097.0,7470.0,19441.0,139299806.0,31.0
2002-12-03,7026.0,7068.0,6748.0,6749.0,6749.0,7097.0,39356.0,266421475.0,23.0
2002-12-04,6699.0,7000.0,6449.0,7000.0,7000.0,6749.0,102203.0,682558348.0,67.0
2002-12-07,7294.0,7350.0,7100.0,7350.0,7350.0,7000.0,14642.0,106664128.0,11.0
2002-12-08,7593.0,7604.0,7460.0,7460.0,7460.0,7350.0,38993.0,295538028.0,40.0
2002-12-09,7451.0,7451.0,7384.0,7386.0,7386.0,7460.0,39306.0,291458220.0,49.0
2002-12-10,7388.0,7388.0,7269.0,7290.0,7290.0,7386.0,39648.0,289576434.0,50.0
2002-12-11,7290.0,7600.0,7100.0,7600.0,7600.0,7290.0,56292.0,417658127.0,40.0
2002-12-14,7600.0,7600.0,7400.0,7599.0,7599.0,7600.0,17105.0,129733270.0,24.0
2002-12-15,7599.0,7599.0,7497.0,7497.0,7497.0,7599.0,7617.0,57297443.0,15.0
2002-12-16,7491.0,7496.0,7420.0,7420.0,7420.0,7497.0,7209.0,53893069.0,12.0
2002-12-17,7407.0,7500.0,7050.0,7500.0,7500.0,7420.0,38354.0,279812321.0,32.0
2002-12-18,7499.0,7599.0,7498.0,7500.0,7500.0,7500.0,11266.0,84513106.0,11.0
2002-12-21,7500.0,7500.0,7498.0,7498.0,7498.0,7500.0,1950.0,14624700.0,6.0
2002-12-23,7439.0,7439.0,7300.0,7301.0,7301.0,7498.0,5683.0,41562285.0,6.0
2002-12-24,7275.0,7275.0,7199.0,7199.0,7199.0,7301.0,1290.0,9369550.0,3.0
2002-12-25,7194.0,7194.0,7000.0,7000.0,7000.0,7199.0,6381.0,44901594.0,8.0
2002-12-28,7000.0,7017.0,7000.0,7017.0,7017.0,7000.0,13457.0,94333073.0,16.0
2002-12-29,7018.0,7031.0,7018.0,7031.0,7031.0,7017.0,5885.0,41325306.0,6.0
2002-12-31,7080.0,7150.0,7032.0,7150.0,7150.0,7031.0,3809.0,26996920.0,5.0
2003-01-01,7149.0,7150.0,7120.0,7150.0,7150.0,7150.0,10297.0,73581806.0,16.0
2003-01-04,7100.0,7100.0,7090.0,7090.0,7090.0,7150.0,5520.0,39191800.0,7.0
2003-01-05,7010.0,7087.0,6994.0,6994.0,6994.0,7090.0,3595.0,25189084.0,8.0
2003-01-06,6990.0,6990.0,6800.0,6800.0,6800.0,6994.0,22772.0,156379814.0,26.0
2003-01-07,6741.0,6800.0,6736.0,6799.0,6799.0,6800.0,14411.0,97177619.0,11.0
2003-01-08,6812.0,6900.0,6800.0,6900.0,6900.0,6799.0,17509.0,119243325.0,28.0
2003-01-11,6900.0,7003.0,6900.0,7002.0,7002.0,6900.0,12116.0,84206210.0,14.0
2003-01-12,7200.0,7330.0,7068.0,7330.0,7330.0,7002.0,31994.0,230998582.0,19.0
2003-01-13,7400.0,7600.0,7400.0,7400.0,7400.0,7330.0,30509.0,228754340.0,47.0
2003-01-14,7282.0,7398.0,7030.0,7100.0,7100.0,7400.0,22799.0,164004850.0,37.0
2003-01-15,7099.0,7100.0,6900.0,6999.0,6999.0,7100.0,85248.0,593901427.0,65.0
2003-01-18,6900.0,6900.0,6899.0,6899.0,6899.0,6999.0,12517.0,86365881.0,9.0
2003-01-19,6899.0,6899.0,6700.0,6800.0,6800.0,6899.0,23612.0,161073949.0,37.0
2003-01-20,6820.0,6820.0,6810.0,6810.0,6810.0,6800.0,1320.0,8989490.0,2.0
2003-01-21,6810.0,6810.0,6700.0,6700.0,6700.0,6810.0,20507.0,139125279.0,18.0
2003-01-22,6699.0,6700.0,6577.0,6600.0,6600.0,6700.0,22081.0,146129174.0,23.0
2003-01-25,6600.0,6600.0,6350.0,6350.0,6350.0,6600.0,12107.0,78927938.0,15.0
2003-01-26,6300.0,6300.0,6200.0,6200.0,6200.0,6350.0,6243.0,39122240.0,12.0
2003-02-02,5890.0,5890.0,5890.0,5890.0,5890.0,6200.0,100.0,589000.0,1.0
2003-02-03,5596.0,5596.0,5596.0,5596.0,5596.0,5890.0,1383.0,7739268.0,3.0
2003-02-04,5317.0,5317.0,5317.0,5317.0,5317.0,5596.0,11860.0,63059620.0,5.0
2003-02-05,5291.0,5292.0,5052.0,5052.0,5052.0,5317.0,8049.0,40929955.0,9.0
2003-02-08,5000.0,5000.0,4800.0,4800.0,4800.0,5052.0,19922.0,96365438.0,13.0
2003-02-09,4800.0,4800.0,4792.0,4792.0,4792.0,4800.0,6834.0,32779400.0,7.0
2003-02-10,4789.0,5031.0,4789.0,5031.0,5031.0,4792.0,16986.0,81422894.0,17.0
2003-02-15,5105.0,5282.0,5105.0,5282.0,5282.0,5031.0,17198.0,89635855.0,11.0
2003-02-16,5501.0,5546.0,5350.0,5546.0,5546.0,5282.0,13324.0,73389020.0,26.0
2003-02-17,5546.0,5823.0,5546.0,5823.0,5823.0,5546.0,13083.0,74821890.0,19.0
2003-02-18,6114.0,6114.0,5999.0,5999.0,5999.0,5823.0,23615.0,143908872.0,39.0
2003-02-19,5930.0,5931.0,5700.0,5700.0,5700.0,5999.0,17593.0,101487934.0,19.0
2003-02-22,5600.0,5610.0,5500.0,5500.0,5500.0,5700.0,13142.0,72898100.0,19.0
2003-02-23,5500.0,5503.0,5500.0,5501.0,5501.0,5500.0,7940.0,43678450.0,12.0
2003-02-24,5525.0,5525.0,5525.0,5525.0,5525.0,5501.0,3400.0,18785000.0,3.0
2003-02-25,5575.0,5590.0,5575.0,5590.0,5590.0,5525.0,230.0,1284200.0,2.0
2003-02-26,5632.0,5633.0,5550.0,5550.0,5550.0,5590.0,18429.0,103272581.0,22.0
2003-03-01,5550.0,5551.0,5500.0,5500.0,5500.0,5550.0,9890.0,54869997.0,16.0
2003-03-02,5500.0,5500.0,5401.0,5450.0,5450.0,5500.0,11380.0,61995274.0,10.0
2003-03-03,5449.0,5450.0,5447.0,5447.0,5447.0,5450.0,2524.0,13754031.0,7.0
2003-03-04,5400.0,5400.0,5350.0,5350.0,5350.0,5447.0,5975.0,32241250.0,4.0
2003-03-05,5319.0,5319.0,5319.0,5319.0,5319.0,5350.0,746.0,3967974.0,1.0
2003-03-08,5054.0,5054.0,5054.0,5054.0,5054.0,5319.0,1500.0,7581000.0,2.0
2003-03-09,4950.0,4975.0,4950.0,4950.0,4950.0,5054.0,2010.0,9987000.0,3.0
2003-03-10,4806.0,4806.0,4703.0,4717.0,4717.0,4950.0,30192.0,143444877.0,36.0
2003-03-11,4745.0,4806.0,4720.0,4806.0,4806.0,4717.0,18393.0,87240314.0,16.0
2003-03-12,4950.0,5046.0,4900.0,5046.0,5046.0,4806.0,8610.0,42663340.0,12.0
2003-03-15,5200.0,5200.0,5100.0,5107.0,5107.0,5046.0,38747.0,198659863.0,32.0
2003-03-16,5111.0,5111.0,5046.0,5075.0,5075.0,5107.0,23278.0,118308814.0,19.0
2003-03-17,5074.0,5074.0,5068.0,5070.0,5070.0,5075.0,20680.0,104862866.0,21.0
2003-03-18,5068.0,5068.0,5000.0,5000.0,5000.0,5070.0,4910.0,24783892.0,9.0
2003-03-19,4950.0,4950.0,4946.0,4948.0,4948.0,5000.0,8380.0,41458060.0,9.0
2003-03-26,4993.0,4993.0,4993.0,4993.0,4993.0,4948.0,2210.0,11034530.0,4.0
2003-03-29,4993.0,5242.0,4993.0,5242.0,5242.0,4993.0,6852.0,35511598.0,6.0
2003-03-30,5300.0,5504.0,5300.0,5504.0,5504.0,5242.0,7324.0,40166400.0,10.0
2003-03-31,5505.0,5768.0,5505.0,5750.0,5750.0,5504.0,41692.0,236775311.0,31.0
2003-04-05,5800.0,5815.0,5800.0,5800.0,5800.0,5750.0,21827.0,126756435.0,17.0
2003-04-06,5510.0,5700.0,5510.0,5510.0,5510.0,5800.0,12221.0,68675710.0,10.0
2003-04-07,5509.0,5510.0,5235.0,5235.0,5235.0,5510.0,12424.0,65864800.0,9.0
2003-04-08,5234.0,5235.0,5234.0,5235.0,5235.0,5235.0,5357.0,28043785.0,11.0
2003-04-09,5235.0,5310.0,5210.0,5210.0,5210.0,5235.0,48461.0,255389240.0,44.0
2003-04-12,5195.0,5196.0,5050.0,5050.0,5050.0,5210.0,18138.0,92853868.0,18.0
2003-04-13,5020.0,5020.0,4949.0,4950.0,4950.0,5050.0,53237.0,265797014.0,44.0
2003-04-14,4961.0,5197.0,4961.0,5197.0,5197.0,4950.0,53168.0,271415018.0,35.0
2003-04-15,5101.0,5157.0,5035.0,5035.0,5035.0,5197.0,9438.0,47977793.0,15.0
2003-04-16,5092.0,5092.0,4960.0,5000.0,5000.0,5035.0,29083.0,145826758.0,27.0
2003-04-19,4997.0,4997.0,4900.0,4900.0,4900.0,5000.0,48584.0,239334649.0,29.0
2003-04-20,4900.0,4901.0,4821.0,4821.0,4821.0,4900.0,51479.0,251218695.0,35.0
2003-04-21,4821.0,4890.0,4821.0,4830.0,4830.0,4821.0,31140.0,150738471.0,41.0
2003-04-22,4834.0,4998.0,4833.0,4950.0,4950.0,4830.0,50693.0,248885254.0,40.0
2003-04-26,4950.0,5000.0,4899.0,4899.0,4899.0,4950.0,43698.0,215874655.0,46.0
2003-04-27,4899.0,4899.0,4801.0,4803.0,4803.0,4899.0,53164.0,258230717.0,41.0
2003-04-28,4797.0,4797.0,4678.0,4678.0,4678.0,4803.0,18471.0,87060084.0,19.0
2003-04-29,4659.0,4662.0,4445.0,4445.0,4445.0,4678.0,42396.0,193243783.0,39.0
2003-04-30,4445.0,4600.0,4261.0,4596.0,4596.0,4445.0,77995.0,354202970.0,53.0
2003-05-03,4595.0,4640.0,4588.0,4598.0,4598.0,4596.0,83075.0,382593338.0,41.0
2003-05-04,4601.0,4782.0,4600.0,4700.0,4700.0,4598.0,56269.0,264660030.0,33.0
2003-05-05,4699.0,4830.0,4699.0,4801.0,4801.0,4700.0,38417.0,182665671.0,34.0
2003-05-06,4850.0,5041.0,4850.0,5041.0,5041.0,4801.0,42874.0,212809751.0,24.0
2003-05-07,5293.0,5293.0,5102.0,5210.0,5210.0,5041.0,163584.0,858726747.0,83.0
2003-05-10,5208.0,5208.0,4950.0,4994.0,4994.0,5210.0,55573.0,278700038.0,38.0
2003-05-11,4979.0,5061.0,4979.0,5053.0,5053.0,4994.0,73440.0,367717916.0,55.0
2003-05-12,5053.0,5053.0,4912.0,4912.0,4912.0,5053.0,47778.0,239142788.0,39.0
2003-05-13,5050.0,5157.0,5000.0,5157.0,5157.0,4912.0,137410.0,704817691.0,45.0
2003-05-14,5200.0,5200.0,5120.0,5200.0,5200.0,5157.0,106063.0,548563965.0,64.0
2003-05-17,5299.0,5460.0,5299.0,5460.0,5460.0,5200.0,118848.0,639689865.0,46.0
2003-05-18,5590.0,5733.0,5462.0,5700.0,5700.0,5460.0,142621.0,813777021.0,61.0
2003-05-20,5700.0,5722.0,5619.0,5645.0,5645.0,5700.0,107576.0,610062122.0,64.0
2003-05-21,5643.0,5643.0,5460.0,5460.0,5460.0,5645.0,57675.0,318549039.0,42.0
2003-05-24,5300.0,5400.0,5200.0,5200.0,5200.0,5460.0,82177.0,435496648.0,41.0
2003-05-25,5211.0,5450.0,5210.0,5450.0,5450.0,5200.0,51013.0,269198274.0,43.0
2003-05-26,5598.0,5722.0,5598.0,5722.0,5722.0,5450.0,76814.0,434849456.0,39.0
2003-05-27,5602.0,5694.0,5499.0,5500.0,5500.0,5722.0,62101.0,343596652.0,40.0
2003-05-28,5499.0,5499.0,5438.0,5438.0,5438.0,5500.0,10826.0,59195704.0,12.0
2003-05-31,5437.0,5439.0,5430.0,5436.0,5436.0,5438.0,27328.0,148576868.0,21.0
2003-06-01,5259.0,5260.0,5170.0,5250.0,5250.0,5436.0,93109.0,485714438.0,43.0
2003-06-02,5300.0,5390.0,5250.0,5300.0,5300.0,5250.0,30150.0,160540815.0,21.0
2003-06-03,5300.0,5300.0,5151.0,5172.0,5172.0,5300.0,6526.0,33886967.0,6.0
2003-06-07,5193.0,5250.0,5190.0,5196.0,5196.0,5172.0,22993.0,119673916.0,24.0
2003-06-08,5197.0,5205.0,5150.0,5181.0,5181.0,5196.0,33960.0,175860977.0,25.0
2003-06-09,5150.0,5150.0,5099.0,5100.0,5100.0,5181.0,34259.0,174854523.0,22.0
2003-06-10,5089.0,5100.0,5000.0,5099.0,5099.0,5100.0,31220.0,158425706.0,20.0
2003-06-11,5095.0,5095.0,5050.0,5050.0,5050.0,5099.0,2497.0,12680367.0,5.0
2003-06-14,4931.0,4953.0,4901.0,4905.0,4905.0,5050.0,39632.0,195608771.0,29.0
2003-06-15,4905.0,4929.0,4751.0,4751.0,4751.0,4905.0,31520.0,153329142.0,20.0
2003-06-16,4753.0,4775.0,4751.0,4775.0,4775.0,4751.0,42291.0,201192027.0,31.0
2003-06-17,4780.0,5013.0,4780.0,5013.0,5013.0,4775.0,67380.0,327457860.0,22.0
2003-06-18,5092.0,5093.0,5034.0,5093.0,5093.0,5013.0,14375.0,72998688.0,15.0
2003-06-21,5110.0,5140.0,5089.0,5089.0,5089.0,5093.0,38653.0,197461170.0,36.0
2003-06-22,5060.0,5060.0,4850.0,4999.0,4999.0,5089.0,40777.0,202737508.0,21.0
2003-06-23,5000.0,5000.0,4899.0,4902.0,4902.0,4999.0,31893.0,156419774.0,24.0
2003-06-24,4994.0,4995.0,4905.0,4950.0,4950.0,4902.0,68174.0,336964502.0,27.0
2003-06-25,4951.0,4952.0,4900.0,4934.0,4934.0,4950.0,193265.0,949021396.0,49.0
2003-06-28,4936.0,5100.0,4932.0,5061.0,5061.0,4934.0,212018.0,1061622271.0,84.0
2003-06-29,5300.0,5314.0,5086.0,5314.0,5314.0,5061.0,9881.0,52075744.0,11.0
2003-06-30,5326.0,5579.0,5326.0,5579.0,5579.0,5314.0,59244.0,328748040.0,41.0
2003-07-01,5356.0,5358.0,5328.0,5350.0,5350.0,5579.0,96190.0,513844077.0,39.0
2003-07-02,5349.0,5500.0,5349.0,5352.0,5352.0,5350.0,188858.0,1028658099.0,53.0
2003-07-05,5350.0,5366.0,5350.0,5357.0,5357.0,5352.0,36735.0,196688604.0,22.0
2003-07-06,5447.0,5447.0,5355.0,5401.0,5401.0,5357.0,149000.0,802562737.0,43.0
2003-07-07,5401.0,5401.0,5300.0,5300.0,5300.0,5401.0,106480.0,570983444.0,42.0
2003-07-08,5300.0,5300.0,5160.0,5160.0,5160.0,5300.0,33624.0,176670680.0,21.0
2003-07-09,5100.0,5100.0,4902.0,5000.0,5000.0,5160.0,102449.0,513460294.0,45.0
2003-07-12,5000.0,5002.0,4913.0,5000.0,5000.0,5000.0,122579.0,610119851.0,71.0
2003-07-13,5000.0,5050.0,4998.0,5000.0,5000.0,5000.0,46567.0,233125740.0,40.0
2003-07-14,5000.0,5250.0,4949.0,5250.0,5250.0,5000.0,89996.0,453103107.0,48.0
2003-10-21,4000.0,4000.0,3900.0,3991.0,3991.0,5250.0,210183.0,838878301.0,49.0
2003-10-22,4000.0,4000.0,3803.0,3852.0,3852.0,3991.0,226804.0,873703040.0,63.0
2003-10-25,3800.0,3851.0,3700.0,3844.0,3844.0,3852.0,92102.0,354127988.0,14.0
2003-10-26,3652.0,3652.0,3652.0,3652.0,3652.0,3844.0,99375.0,362917500.0,50.0
2003-10-27,3635.0,3650.0,3635.0,3650.0,3650.0,3652.0,1935.0,7036730.0,4.0
2003-10-28,3596.0,3624.0,3596.0,3624.0,3624.0,3650.0,9987.0,35921359.0,6.0
2003-10-29,3545.0,3547.0,3450.0,3484.0,3484.0,3624.0,32076.0,111778951.0,18.0
2003-11-01,3447.0,3449.0,3310.0,3352.0,3352.0,3484.0,95806.0,321201570.0,34.0
2003-11-02,3351.0,3442.0,3345.0,3384.0,3384.0,3352.0,47254.0,159948666.0,27.0
2003-11-03,3442.0,3450.0,3442.0,3446.0,3446.0,3384.0,83554.0,287935139.0,33.0
2003-11-04,3500.0,3520.0,3446.0,3474.0,3474.0,3446.0,156574.0,542230650.0,9.0
2003-11-05,3570.0,3647.0,3570.0,3637.0,3637.0,3474.0,51146.0,186029265.0,29.0
2003-11-08,3700.0,3770.0,3699.0,3713.0,3713.0,3637.0,81736.0,303539186.0,40.0
2003-11-09,3711.0,3712.0,3695.0,3709.0,3709.0,3713.0,10819.0,40102032.0,15.0
2003-11-10,3690.0,3694.0,3600.0,3676.0,3676.0,3709.0,12127.0,44309014.0,12.0
2003-11-11,3670.0,3670.0,3596.0,3642.0,3642.0,3676.0,10343.0,37324103.0,16.0
2003-11-12,3510.0,3584.0,3499.0,3576.0,3576.0,3642.0,13199.0,46703393.0,16.0
2003-11-15,3499.0,3510.0,3401.0,3486.0,3486.0,3576.0,35392.0,123405792.0,16.0
2003-11-17,3480.0,3480.0,3360.0,3452.0,3452.0,3486.0,10262.0,35076115.0,13.0
2003-11-18,3355.0,3384.0,3312.0,3384.0,3384.0,3452.0,14620.0,49054155.0,12.0
2003-11-19,3339.0,3400.0,3302.0,3336.0,3336.0,3384.0,48263.0,161052238.0,37.0
2003-11-22,3478.0,3502.0,3400.0,3436.0,3436.0,3336.0,49127.0,168847417.0,31.0
2003-11-23,3489.0,3502.0,3489.0,3498.0,3498.0,3436.0,27888.0,97579639.0,24.0
2003-11-24,3500.0,3500.0,3449.0,3462.0,3462.0,3498.0,23164.0,80213868.0,18.0
2003-11-25,3445.0,3445.0,3350.0,3409.0,3409.0,3462.0,21128.0,72039310.0,16.0
2003-11-29,3400.0,3447.0,3400.0,3422.0,3422.0,3409.0,25162.0,86119967.0,15.0
2003-11-30,3422.0,3423.0,3400.0,3414.0,3414.0,3422.0,21893.0,74764103.0,29.0
2003-12-01,3422.0,3422.0,3397.0,3409.0,3409.0,3414.0,6897.0,23461465.0,10.0
2003-12-02,3400.0,3400.0,3300.0,3393.0,3393.0,3409.0,15974.0,54143123.0,12.0
2003-12-03,3350.0,3350.0,3299.0,3317.0,3317.0,3393.0,21965.0,72870420.0,9.0
2003-12-06,3294.0,3294.0,3200.0,3208.0,3208.0,3317.0,28201.0,90475812.0,22.0
2003-12-07,3150.0,3151.0,3146.0,3151.0,3151.0,3208.0,20088.0,63274898.0,19.0
2003-12-08,3127.0,3150.0,3125.0,3140.0,3140.0,3151.0,46761.0,146870522.0,22.0
2003-12-09,3141.0,3150.0,3141.0,3141.0,3141.0,3140.0,4714.0,14831614.0,6.0
2003-12-10,3150.0,3150.0,3100.0,3142.0,3142.0,3141.0,49676.0,156129416.0,19.0
2003-12-13,3149.0,3149.0,3102.0,3138.0,3138.0,3142.0,31669.0,99380745.0,19.0
2003-12-14,3130.0,3132.0,3050.0,3106.0,3106.0,3138.0,36032.0,111929710.0,17.0
2003-12-15,3099.0,3120.0,3098.0,3103.0,3103.0,3106.0,47108.0,146180261.0,14.0
2003-12-16,3085.0,3120.0,3080.0,3096.0,3096.0,3103.0,32500.0,100633080.0,29.0
2003-12-17,3075.0,3085.0,3075.0,3081.0,3081.0,3096.0,47039.0,144955492.0,21.0
2003-12-21,3077.0,3080.0,3069.0,3077.0,3077.0,3081.0,12340.0,37955148.0,15.0
2003-12-22,3069.0,3069.0,3000.0,3064.0,3064.0,3077.0,6236.0,18926326.0,6.0
2003-12-23,2999.0,3038.0,2999.0,3012.0,3012.0,3064.0,22983.0,69232092.0,14.0
2003-12-24,3020.0,3030.0,3000.0,3010.0,3010.0,3012.0,14001.0,42129428.0,13.0
2003-12-27,3010.0,3038.0,3000.0,3006.0,3006.0,3010.0,15743.0,47319084.0,18.0
2003-12-28,3000.0,3006.0,2997.0,3005.0,3005.0,3006.0,1994.0,5983337.0,7.0
2003-12-29,2990.0,2992.0,2951.0,2977.0,2977.0,3005.0,20478.0,60973164.0,15.0
2003-12-30,2949.0,2951.0,2937.0,2942.0,2942.0,2977.0,33113.0,97428977.0,19.0
2003-12-31,2948.0,2948.0,2942.0,2942.0,2942.0,2942.0,810.0,2387820.0,2.0
2004-01-03,2939.0,2939.0,2829.0,2864.0,2864.0,2942.0,31643.0,90628207.0,16.0
2004-01-04,2897.0,2900.0,2750.0,2803.0,2803.0,2864.0,75919.0,212849002.0,30.0
2004-01-05,2800.0,2800.0,2760.0,2798.0,2798.0,2803.0,42493.0,118929806.0,20.0
2004-01-06,2801.0,2900.0,2801.0,2840.0,2840.0,2798.0,21522.0,61132605.0,13.0
2004-01-07,2850.0,2899.0,2850.0,2873.0,2873.0,2840.0,31597.0,90788399.0,17.0
2004-01-10,2898.0,3000.0,2750.0,2886.0,2886.0,2873.0,85728.0,247492659.0,44.0
2004-01-11,2900.0,2900.0,2886.0,2886.0,2886.0,2886.0,702.0,2035660.0,2.0
2004-01-12,2936.0,3030.0,2933.0,2971.0,2971.0,2886.0,28479.0,84622820.0,26.0
2004-01-13,3119.0,3119.0,2999.0,2999.0,2999.0,2971.0,4010.0,12505990.0,4.0
2004-01-14,3148.0,3148.0,3020.0,3020.0,3020.0,2999.0,3067.0,9653636.0,3.0
2004-01-18,3171.0,3171.0,3171.0,3171.0,3171.0,3020.0,58187.0,184510977.0,29.0
2004-01-19,3180.0,3329.0,3180.0,3287.0,3287.0,3171.0,35896.0,118002924.0,21.0
2004-01-20,3451.0,3451.0,3287.0,3437.0,3437.0,3287.0,41540.0,142782080.0,27.0
2004-01-21,3365.0,3365.0,3300.0,3342.0,3342.0,3437.0,99322.0,331950714.0,62.0
2004-01-24,3300.0,3325.0,3295.0,3325.0,3325.0,3342.0,7897.0,26051657.0,9.0
2004-01-25,3290.0,3290.0,3171.0,3187.0,3187.0,3325.0,19860.0,63137030.0,12.0
2004-01-26,3120.0,3170.0,3099.0,3170.0,3170.0,3187.0,4616.0,14369065.0,7.0
2004-01-27,3030.0,3109.0,3012.0,3109.0,3109.0,3170.0,8316.0,25102762.0,7.0
2004-01-28,3012.0,3021.0,2992.0,3021.0,3021.0,3109.0,15985.0,47864004.0,14.0
2004-01-31,2990.0,2993.0,2900.0,2993.0,2993.0,3021.0,6187.0,18107634.0,9.0
2004-02-01,2901.0,2902.0,2895.0,2898.0,2898.0,2993.0,35182.0,101986470.0,16.0
2004-02-03,2910.0,2987.0,2910.0,2942.0,2942.0,2898.0,15327.0,45355176.0,19.0
2004-02-04,2950.0,3000.0,2950.0,2953.0,2953.0,2942.0,16994.0,50238745.0,7.0
2004-02-07,2956.0,3000.0,2954.0,2965.0,2965.0,2953.0,18038.0,53535880.0,12.0
2004-02-08,3012.0,3012.0,2990.0,2990.0,2990.0,2965.0,11836.0,35648558.0,11.0
2004-02-09,3015.0,3018.0,3005.0,3005.0,3005.0,2990.0,12510.0,37733048.0,11.0
2004-02-14,3091.0,3092.0,3033.0,3038.0,3038.0,3005.0,8988.0,27713869.0,10.0
2004-02-15,3038.0,3038.0,2972.0,3020.0,3020.0,3038.0,31263.0,94423881.0,19.0
2004-02-16,3000.0,3011.0,2989.0,3002.0,3002.0,3020.0,18259.0,54777720.0,13.0
2004-02-17,2999.0,2999.0,2959.0,2999.0,2999.0,3002.0,5126.0,15332945.0,7.0
2004-02-18,2953.0,2953.0,2919.0,2949.0,2949.0,2999.0,14382.0,42097929.0,10.0
2004-02-21,2917.0,2917.0,2852.0,2914.0,2914.0,2949.0,13263.0,38402123.0,12.0
2004-02-22,2846.0,2900.0,2843.0,2900.0,2900.0,2914.0,4195.0,11934800.0,4.0
2004-02-23,2839.0,2843.0,2800.0,2838.0,2838.0,2900.0,16868.0,47634999.0,13.0
2004-02-24,2838.0,2838.0,2752.0,2790.0,2790.0,2838.0,13606.0,37626662.0,12.0
2004-02-25,2750.0,2784.0,2750.0,2784.0,2784.0,2790.0,2778.0,7639840.0,5.0
2004-02-28,2800.0,2800.0,2794.0,2794.0,2794.0,2784.0,14611.0,40909919.0,8.0
2004-02-29,2800.0,2800.0,2796.0,2796.0,2796.0,2794.0,10324.0,28904019.0,12.0
2004-03-03,2799.0,2800.0,2751.0,2781.0,2781.0,2796.0,30667.0,85305312.0,13.0
2004-03-06,2781.0,2781.0,2780.0,2780.0,2780.0,2781.0,25833.0,71841396.0,9.0
2004-03-07,2780.0,2780.0,2700.0,2765.0,2765.0,2780.0,4713.0,12801002.0,7.0
2004-03-08,2769.0,2781.0,2768.0,2779.0,2779.0,2765.0,27361.0,76045957.0,21.0
2004-03-09,2778.0,2779.0,2767.0,2775.0,2775.0,2779.0,12135.0,33652022.0,8.0
2004-03-10,2767.0,2774.0,2767.0,2774.0,2774.0,2775.0,2359.0,6527423.0,2.0
2004-03-13,2746.0,2771.0,2746.0,2771.0,2771.0,2774.0,1636.0,4492706.0,3.0
2004-03-14,2744.0,2770.0,2743.0,2753.0,2753.0,2771.0,19335.0,53220660.0,19.0
2004-03-15,2770.0,2770.0,2650.0,2656.0,2656.0,2753.0,28005.0,74399410.0,10.0
2004-03-16,2647.0,2655.0,2647.0,2655.0,2655.0,2656.0,2168.0,5738776.0,2.0
2004-03-17,2644.0,2645.0,2642.0,2643.0,2643.0,2655.0,18175.0,48033262.0,12.0
2004-03-27,2640.0,2641.0,2619.0,2641.0,2641.0,2643.0,1964.0,5161770.0,4.0
2004-03-28,2620.0,2650.0,2618.0,2636.0,2636.0,2641.0,15179.0,40003920.0,12.0
2004-03-29,2648.0,2648.0,2637.0,2637.0,2637.0,2636.0,2010.0,5322370.0,2.0
2004-03-30,2648.0,2648.0,2600.0,2615.0,2615.0,2637.0,22688.0,59347316.0,10.0
2004-04-03,2597.0,2607.0,2597.0,2607.0,2607.0,2615.0,12010.0,31200647.0,6.0
2004-04-04,2649.0,2649.0,2607.0,2607.0,2607.0,2607.0,39.0,102891.0,2.0
2004-04-05,2600.0,2605.0,2598.0,2605.0,2605.0,2607.0,6357.0,16524423.0,7.0
2004-04-06,2649.0,2649.0,2618.0,2618.0,2618.0,2605.0,8847.0,23435393.0,7.0
2004-04-07,2649.0,2649.0,2598.0,2616.0,2616.0,2618.0,14332.0,37492676.0,11.0
2004-04-10,2543.0,2600.0,2542.0,2600.0,2600.0,2616.0,6425.0,16370279.0,6.0
2004-04-12,2600.0,2650.0,2599.0,2618.0,2618.0,2600.0,40152.0,105136346.0,16.0
2004-04-13,2649.0,2649.0,2600.0,2623.0,2623.0,2618.0,26887.0,70575220.0,13.0
2004-04-14,2600.0,2651.0,2600.0,2634.0,2634.0,2623.0,35960.0,94739122.0,11.0
2004-04-17,2650.0,2656.0,2514.0,2647.0,2647.0,2634.0,117842.0,311950910.0,34.0
2004-04-18,2650.0,2650.0,2599.0,2627.0,2627.0,2647.0,70959.0,186415141.0,22.0
2004-04-21,2644.0,2651.0,2639.0,2639.0,2639.0,2627.0,17272.0,45741003.0,13.0
2004-04-24,2651.0,2652.0,2630.0,2648.0,2648.0,2639.0,62369.0,165213338.0,32.0
2004-04-25,2749.0,2752.0,2749.0,2749.0,2749.0,2648.0,44806.0,123213082.0,14.0
2004-04-26,2886.0,2886.0,2765.0,2765.0,2765.0,2749.0,3311.0,9554336.0,2.0
2004-04-27,2903.0,2903.0,2899.0,2902.0,2902.0,2765.0,35465.0,102933065.0,15.0
2004-04-28,3047.0,3047.0,3047.0,3047.0,3047.0,2902.0,63240.0,192692280.0,28.0
2004-05-01,3199.0,3199.0,3199.0,3199.0,3199.0,3047.0,54565.0,174553435.0,13.0
2004-05-02,3358.0,3358.0,3199.0,3353.0,3353.0,3199.0,110520.0,370594392.0,67.0
2004-05-03,3297.0,3299.0,3186.0,3235.0,3235.0,3353.0,68924.0,223007697.0,43.0
2004-05-04,3100.0,3186.0,3074.0,3082.0,3082.0,3235.0,33485.0,103216213.0,16.0
2004-05-05,2928.0,2928.0,2928.0,2928.0,2928.0,3082.0,31053.0,90923184.0,19.0
2004-05-08,2928.0,2928.0,2925.0,2926.0,2926.0,2928.0,24485.0,71666913.0,18.0
2004-05-09,3072.0,3072.0,2925.0,2958.0,2958.0,2926.0,41799.0,123650098.0,15.0
2004-05-10,2937.0,2960.0,2930.0,2938.0,2938.0,2958.0,95277.0,280008121.0,28.0
2004-05-11,2930.0,2940.0,2930.0,2935.0,2935.0,2938.0,13464.0,39493339.0,14.0
2004-05-12,2961.0,2961.0,2955.0,2955.0,2955.0,2935.0,23436.0,69373710.0,10.0
2004-07-17,2600.0,2600.0,2600.0,2600.0,2600.0,2955.0,1300.0,3380000.0,2.0
2004-07-18,2600.0,2611.0,2600.0,2604.0,2604.0,2600.0,18710.0,48763040.0,19.0
2004-07-19,2600.0,2600.0,2474.0,2530.0,2530.0,2604.0,27130.0,68604082.0,10.0
2004-07-20,2404.0,2516.0,2404.0,2516.0,2516.0,2530.0,2900.0,6972720.0,2.0
2004-07-24,2391.0,2391.0,2391.0,2391.0,2391.0,2516.0,62108.0,148500228.0,19.0
2004-07-25,2272.0,2391.0,2272.0,2274.0,2274.0,2391.0,192291.0,437380732.0,44.0
2004-07-26,2161.0,2165.0,2161.0,2161.0,2161.0,2274.0,185534.0,401114323.0,31.0
2004-07-27,2161.0,2269.0,2161.0,2254.0,2254.0,2161.0,90478.0,203968465.0,34.0
2004-07-28,2272.0,2281.0,2245.0,2270.0,2270.0,2254.0,79392.0,180260287.0,29.0
2004-07-31,2281.0,2379.0,2240.0,2300.0,2300.0,2270.0,90291.0,207708424.0,33.0
2004-08-01,2317.0,2405.0,2311.0,2371.0,2371.0,2300.0,49262.0,116814590.0,24.0
2004-08-02,2380.0,2410.0,2260.0,2336.0,2336.0,2371.0,114262.0,266931081.0,48.0
2004-08-03,2320.0,2350.0,2295.0,2315.0,2315.0,2336.0,41704.0,96577369.0,23.0
2004-08-04,2360.0,2360.0,2250.0,2325.0,2325.0,2315.0,51388.0,119510252.0,31.0
2004-08-07,2325.0,2340.0,2249.0,2301.0,2301.0,2325.0,29627.0,68184813.0,19.0
2004-08-08,2289.0,2300.0,2200.0,2237.0,2237.0,2301.0,34097.0,76305052.0,11.0
2004-08-09,2198.0,2198.0,2126.0,2154.0,2154.0,2237.0,25547.0,54835330.0,13.0
2004-08-10,2111.0,2111.0,2047.0,2089.0,2089.0,2154.0,40879.0,85401404.0,19.0
2004-08-11,2089.0,2099.0,2047.0,2058.0,2058.0,2089.0,26338.0,54202629.0,16.0
2004-08-14,2046.0,2046.0,2040.0,2044.0,2044.0,2058.0,30115.0,61560436.0,14.0
2004-08-15,2000.0,2045.0,1999.0,2009.0,2009.0,2044.0,38888.0,78156800.0,19.0
2004-08-16,1990.0,2050.0,1990.0,1999.0,1999.0,2009.0,33740.0,67457140.0,19.0
2004-08-17,1994.0,1999.0,1951.0,1993.0,1993.0,1999.0,20510.0,40837997.0,12.0
2004-08-18,1988.0,2002.0,1988.0,1993.0,1993.0,1993.0,5194.0,10366011.0,7.0
2004-08-21,2021.0,2021.0,1996.0,1996.0,1996.0,1993.0,5219.0,10506137.0,5.0
2004-08-22,2027.0,2095.0,2027.0,2051.0,2051.0,1996.0,17429.0,36353480.0,7.0
2004-08-23,2153.0,2153.0,2067.0,2067.0,2067.0,2051.0,4658.0,10027814.0,3.0
2004-08-24,2170.0,2170.0,2068.0,2068.0,2068.0,2067.0,390.0,845280.0,2.0
2004-08-25,2171.0,2171.0,2070.0,2070.0,2070.0,2068.0,607.0,1316787.0,2.0
2004-08-28,2173.0,2173.0,2173.0,2173.0,2173.0,2070.0,30000.0,65190000.0,15.0
2004-08-29,2281.0,2281.0,2211.0,2211.0,2211.0,2173.0,10010.0,22832110.0,3.0
2004-08-31,2321.0,2321.0,2258.0,2258.0,2258.0,2211.0,12040.0,27944210.0,4.0
2004-09-01,2370.0,2370.0,2277.0,2277.0,2277.0,2258.0,4893.0,11595480.0,6.0
2004-09-04,2390.0,2390.0,2282.0,2282.0,2282.0,2277.0,1344.0,3211080.0,2.0
2004-09-05,2396.0,2396.0,2342.0,2342.0,2342.0,2282.0,14920.0,35747780.0,8.0
2004-09-06,2459.0,2459.0,2353.0,2353.0,2353.0,2342.0,2752.0,6760208.0,6.0
2004-09-07,2470.0,2470.0,2358.0,2358.0,2358.0,2353.0,1440.0,3555680.0,3.0
2004-09-08,2475.0,2475.0,2370.0,2370.0,2370.0,2358.0,2975.0,7362075.0,4.0
2004-09-11,2488.0,2488.0,2381.0,2381.0,2381.0,2370.0,2651.0,6594618.0,3.0
2004-09-12,2500.0,2500.0,2387.0,2387.0,2387.0,2381.0,1565.0,3911370.0,4.0
2004-09-14,2506.0,2506.0,2414.0,2414.0,2414.0,2387.0,6551.0,16415886.0,3.0
2004-09-15,2534.0,2534.0,2416.0,2416.0,2416.0,2414.0,679.0,1719406.0,3.0
2004-09-18,2536.0,2536.0,2443.0,2443.0,2443.0,2416.0,6510.0,16508430.0,7.0
2004-09-19,2565.0,2565.0,2565.0,2565.0,2565.0,2443.0,33043.0,84755295.0,12.0
2004-09-20,2693.0,2693.0,2579.0,2579.0,2579.0,2565.0,3260.0,8778040.0,4.0
2004-09-21,2707.0,2707.0,2663.0,2663.0,2663.0,2579.0,18584.0,50306448.0,12.0
2004-09-22,2796.0,2796.0,2669.0,2669.0,2669.0,2663.0,1285.0,3591590.0,3.0
2004-09-25,2802.0,2802.0,2675.0,2675.0,2675.0,2669.0,1470.0,4117670.0,3.0
2004-09-26,2808.0,2808.0,2701.0,2701.0,2701.0,2675.0,5490.0,15414850.0,8.0
2004-09-27,2836.0,2836.0,2831.0,2831.0,2831.0,2701.0,27010.0,76600310.0,13.0
2004-09-28,2972.0,2972.0,2972.0,2972.0,2972.0,2831.0,55479.0,164883588.0,30.0
2004-09-29,3120.0,3120.0,2890.0,3082.0,3082.0,2972.0,130107.0,401046970.0,75.0
2004-10-03,2928.0,3199.0,2928.0,2966.0,2966.0,3082.0,213124.0,632247270.0,87.0
2004-10-04,3001.0,3001.0,2920.0,2972.0,2972.0,2966.0,17206.0,51225133.0,17.0
2004-10-05,2830.0,2953.0,2830.0,2953.0,2953.0,2972.0,4010.0,11389530.0,3.0
2004-10-06,2806.0,2946.0,2806.0,2946.0,2946.0,2953.0,1247.0,3500482.0,4.0
2004-10-09,2799.0,2917.0,2799.0,2917.0,2917.0,2946.0,5571.0,15622836.0,6.0
2004-10-10,2772.0,2837.0,2772.0,2837.0,2837.0,2917.0,15360.0,42578570.0,3.0
2004-10-11,2696.0,2797.0,2696.0,2797.0,2797.0,2837.0,7760.0,20921970.0,5.0
2004-10-12,2658.0,2749.0,2658.0,2749.0,2749.0,2797.0,9510.0,25278490.0,7.0
2004-10-13,2612.0,2741.0,2612.0,2741.0,2741.0,2749.0,1530.0,3997650.0,3.0
2004-10-16,2604.0,2727.0,2604.0,2727.0,2727.0,2741.0,2723.0,7091922.0,6.0
2004-10-17,2591.0,2727.0,2591.0,2727.0,2727.0,2727.0,20.0,53180.0,2.0
2004-10-18,2591.0,2708.0,2591.0,2708.0,2708.0,2727.0,3810.0,9872880.0,4.0
2004-10-19,2573.0,2668.0,2573.0,2668.0,2668.0,2708.0,8110.0,20867980.0,7.0
2004-10-20,2535.0,2620.0,2535.0,2620.0,2620.0,2668.0,10025.0,25414225.0,10.0
2004-10-23,2489.0,2573.0,2489.0,2526.0,2526.0,2620.0,73321.0,185236075.0,36.0
2004-10-24,2501.0,2585.0,2400.0,2466.0,2466.0,2526.0,19092.0,46554820.0,15.0
2004-10-25,2466.0,2589.0,2466.0,2485.0,2485.0,2466.0,12811.0,32138334.0,9.0
2004-10-26,2450.0,2500.0,2450.0,2481.0,2481.0,2485.0,63609.0,157856215.0,24.0
2004-10-27,2481.0,2481.0,2403.0,2470.0,2470.0,2481.0,14520.0,35719567.0,11.0
2004-10-30,2471.0,2471.0,2469.0,2469.0,2469.0,2470.0,26540.0,65549190.0,14.0
2004-10-31,2430.0,2469.0,2400.0,2451.0,2451.0,2469.0,14192.0,34559310.0,7.0
2004-11-01,2340.0,2449.0,2340.0,2449.0,2449.0,2451.0,510.0,1194490.0,2.0
2004-11-02,2437.0,2570.0,2403.0,2490.0,2490.0,2449.0,35239.0,87751022.0,15.0
2004-11-03,2490.0,2500.0,2490.0,2498.0,2498.0,2490.0,28742.0,71818808.0,17.0
2004-11-06,2500.0,2500.0,2498.0,2498.0,2498.0,2498.0,11269.0,28172480.0,11.0
2004-11-07,2500.0,2500.0,2495.0,2498.0,2498.0,2498.0,5963.0,14896741.0,7.0
2004-11-08,2494.0,2494.0,2420.0,2445.0,2445.0,2498.0,71050.0,173767379.0,28.0
2004-11-09,2445.0,2445.0,2401.0,2437.0,2437.0,2445.0,12653.0,30741777.0,5.0
2004-11-10,2442.0,2479.0,2399.0,2419.0,2419.0,2437.0,41232.0,99742051.0,17.0
2004-11-13,2456.0,2500.0,2456.0,2470.0,2470.0,2419.0,53830.0,132969981.0,18.0
2004-11-15,2563.0,2567.0,2510.0,2556.0,2556.0,2470.0,34634.0,88558482.0,19.0
2004-11-16,2571.0,2683.0,2571.0,2612.0,2612.0,2556.0,15554.0,41352806.0,14.0
2004-11-17,2649.0,2701.0,2649.0,2687.0,2687.0,2612.0,97567.0,262254275.0,30.0
2004-11-20,2780.0,2821.0,2687.0,2729.0,2729.0,2687.0,11382.0,31773608.0,11.0
2004-11-21,2865.0,2865.0,2865.0,2865.0,2865.0,2729.0,35163.0,100741995.0,19.0
2004-11-22,2900.0,3008.0,2900.0,3003.0,3003.0,2865.0,37518.0,112689178.0,22.0
2004-11-23,3153.0,3153.0,3153.0,3153.0,3153.0,3003.0,93318.0,294231654.0,36.0
2004-11-24,3310.0,3310.0,3310.0,3310.0,3310.0,3153.0,38162.0,126316220.0,21.0
2004-11-27,3475.0,3475.0,3475.0,3475.0,3475.0,3310.0,36598.0,127178050.0,19.0
2004-11-28,3648.0,3648.0,3648.0,3648.0,3648.0,3475.0,37001.0,134979648.0,32.0
2004-11-29,3830.0,3830.0,3830.0,3830.0,3830.0,3648.0,59285.0,227061550.0,30.0
2004-11-30,4021.0,4021.0,3639.0,3862.0,3862.0,3830.0,429683.0,1659568721.0,162.0
2004-12-01,3701.0,3800.0,3669.0,3730.0,3730.0,3862.0,101149.0,377340145.0,60.0
2004-12-04,3544.0,3631.0,3544.0,3631.0,3631.0,3730.0,14894.0,52785206.0,11.0
2004-12-05,3450.0,3450.0,3450.0,3450.0,3450.0,3631.0,59995.0,206982750.0,18.0
2004-12-06,3278.0,3500.0,3278.0,3368.0,3368.0,3450.0,252409.0,850365853.0,99.0
2004-12-07,3536.0,3536.0,3536.0,3536.0,3536.0,3368.0,34992.0,123731712.0,19.0
2005-06-15,3400.0,3400.0,2568.0,2693.0,2693.0,3536.0,87074.0,234529837.0,29.0
2005-06-18,2826.0,2827.0,2750.0,2803.0,2803.0,2693.0,163475.0,458300809.0,73.0
2005-06-19,2943.0,2943.0,2943.0,2943.0,2943.0,2803.0,42343.0,124615449.0,13.0
2005-06-20,3090.0,3090.0,3088.0,3089.0,3089.0,2943.0,197262.0,609531998.0,90.0
2005-06-21,3243.0,3243.0,3180.0,3207.0,3207.0,3089.0,85566.0,274492216.0,51.0
2005-06-22,3367.0,3367.0,3357.0,3365.0,3365.0,3207.0,119655.0,402655585.0,49.0
2005-06-25,3197.0,3275.0,3197.0,3275.0,3275.0,3365.0,14982.0,47898234.0,13.0
2005-06-26,3307.0,3438.0,3112.0,3297.0,3297.0,3275.0,193611.0,638379983.0,63.0
2005-06-27,3356.0,3461.0,3356.0,3448.0,3448.0,3297.0,114275.0,394043467.0,39.0
2005-06-28,3590.0,3590.0,3402.0,3470.0,3470.0,3448.0,62884.0,218256541.0,39.0
2005-06-29,3380.0,3450.0,3297.0,3399.0,3399.0,3470.0,68636.0,233341865.0,29.0
2005-07-03,3230.0,3230.0,3230.0,3230.0,3230.0,3399.0,103575.0,334547250.0,36.0
2005-07-04,3090.0,3200.0,3069.0,3106.0,3106.0,3230.0,54965.0,170723360.0,28.0
2005-07-05,3050.0,3104.0,2955.0,3051.0,3051.0,3106.0,82205.0,250844264.0,30.0
2005-07-06,3051.0,3189.0,3051.0,3173.0,3173.0,3051.0,62246.0,197510247.0,17.0
2005-07-09,3167.0,3168.0,3070.0,3108.0,3108.0,3173.0,34620.0,107628506.0,16.0
2005-07-11,3108.0,3180.0,2953.0,3073.0,3073.0,3108.0,23843.0,73129269.0,26.0
2005-07-17,2651.0,2651.0,2651.0,2651.0,2651.0,3073.0,809.0,2144659.0,1.0
2005-07-18,2651.0,2760.0,2651.0,2663.0,2663.0,2651.0,29287.0,78011278.0,19.0
2005-07-19,2795.0,2796.0,2686.0,2686.0,2686.0,2663.0,5078.0,14195988.0,5.0
2005-07-23,2820.0,2820.0,2694.0,2694.0,2694.0,2686.0,1799.0,5071920.0,4.0
2005-07-24,2828.0,2828.0,2701.0,2701.0,2701.0,2694.0,1510.0,4269010.0,2.0
2005-07-25,2836.0,2836.0,2720.0,2720.0,2720.0,2701.0,4065.0,11527180.0,4.0
2005-07-26,2856.0,2856.0,2772.0,2772.0,2772.0,2720.0,10810.0,30872520.0,4.0
2005-07-27,2910.0,2910.0,2824.0,2824.0,2824.0,2772.0,10669.0,31045930.0,9.0
2005-07-30,2965.0,2965.0,2829.0,2829.0,2829.0,2824.0,1010.0,2993290.0,2.0
2005-07-31,2970.0,2970.0,2932.0,2932.0,2932.0,2829.0,20565.0,61077670.0,13.0
2005-08-01,3078.0,3078.0,2900.0,3064.0,3064.0,2932.0,164137.0,502929985.0,65.0
2005-08-02,3000.0,3200.0,3000.0,3092.0,3092.0,3064.0,66012.0,204133011.0,36.0
2005-08-03,3092.0,3229.0,3088.0,3175.0,3175.0,3092.0,112975.0,358806823.0,61.0
2005-08-06,3200.0,3333.0,3200.0,3276.0,3276.0,3175.0,61009.0,199868191.0,44.0
2005-08-07,3428.0,3439.0,3400.0,3428.0,3428.0,3276.0,55671.0,190693847.0,38.0
2005-08-08,3400.0,3487.0,3361.0,3405.0,3405.0,3428.0,56098.0,191050166.0,42.0
2005-08-09,3381.0,3399.0,3300.0,3367.0,3367.0,3405.0,55176.0,185814488.0,36.0
2005-08-10,3397.0,3500.0,3397.0,3435.0,3435.0,3367.0,29785.0,102314270.0,23.0
2005-08-13,3434.0,3480.0,3434.0,3450.0,3450.0,3435.0,17291.0,59838654.0,12.0
2005-08-14,3401.0,3401.0,3300.0,3331.0,3331.0,3450.0,42102.0,140266138.0,30.0
2005-08-15,3298.0,3300.0,3183.0,3280.0,3280.0,3331.0,17098.0,55553904.0,11.0
2005-08-16,3178.0,3195.0,3134.0,3153.0,3153.0,3280.0,40255.0,126956521.0,40.0
2005-08-17,3130.0,3150.0,3101.0,3132.0,3132.0,3153.0,36854.0,115445609.0,17.0
2005-08-20,3150.0,3280.0,3145.0,3147.0,3147.0,3132.0,10207.0,32416017.0,12.0
2005-08-21,3304.0,3304.0,3298.0,3298.0,3298.0,3147.0,26993.0,89184812.0,11.0
2005-08-22,3440.0,3450.0,3297.0,3421.0,3421.0,3298.0,30719.0,105102173.0,13.0
2005-08-23,3254.0,3300.0,3250.0,3253.0,3253.0,3421.0,49202.0,160075480.0,22.0
2005-08-24,3248.0,3250.0,3247.0,3248.0,3248.0,3253.0,40809.0,132584356.0,22.0
2005-08-27,3410.0,3410.0,3399.0,3399.0,3399.0,3248.0,26728.0,91077060.0,23.0
2005-08-28,3568.0,3568.0,3490.0,3566.0,3566.0,3399.0,106287.0,379054702.0,41.0
2005-08-29,3475.0,3498.0,3403.0,3436.0,3436.0,3566.0,53580.0,184102309.0,22.0
2005-08-30,3488.0,3489.0,3265.0,3377.0,3377.0,3436.0,69060.0,233226818.0,23.0
2005-08-31,3400.0,3400.0,3350.0,3391.0,3391.0,3377.0,24985.0,84784520.0,16.0
2005-09-03,3227.0,3390.0,3227.0,3357.0,3357.0,3391.0,7060.0,23015070.0,5.0
2005-09-04,3225.0,3302.0,3222.0,3302.0,3302.0,3357.0,15081.0,49092444.0,11.0
2005-09-05,3244.0,3280.0,3223.0,3230.0,3230.0,3302.0,29557.0,95493543.0,15.0
2005-09-06,3225.0,3250.0,3225.0,3232.0,3232.0,3230.0,3548.0,11517370.0,4.0
2005-09-07,3201.0,3393.0,3200.0,3297.0,3297.0,3232.0,31439.0,103681815.0,25.0
2005-09-10,3398.0,3398.0,3200.0,3279.0,3279.0,3297.0,8481.0,27481455.0,9.0
2005-09-11,3250.0,3275.0,3133.0,3275.0,3275.0,3279.0,1121.0,3585117.0,4.0
2005-09-12,3170.0,3247.0,3170.0,3247.0,3247.0,3275.0,7830.0,24877258.0,4.0
2005-09-13,3180.0,3200.0,3141.0,3189.0,3189.0,3247.0,25822.0,82243840.0,20.0
2005-09-14,3199.0,3346.0,3196.0,3196.0,3196.0,3189.0,7453.0,23976560.0,10.0
2005-09-17,3320.0,3340.0,3252.0,3252.0,3252.0,3196.0,11966.0,39844213.0,8.0
2005-09-19,3250.0,3250.0,3150.0,3237.0,3237.0,3252.0,4083.0,12865438.0,7.0
2005-09-21,3100.0,3100.0,3077.0,3094.0,3094.0,3237.0,26450.0,81637140.0,9.0
2005-09-24,3147.0,3200.0,3124.0,3124.0,3124.0,3094.0,10100.0,32111527.0,8.0
2005-09-25,3124.0,3124.0,2968.0,3085.0,3085.0,3124.0,13356.0,40648654.0,9.0
2005-09-26,2931.0,3007.0,2931.0,3007.0,3007.0,3085.0,14073.0,41248723.0,8.0
2005-09-27,2857.0,3000.0,2857.0,3000.0,3000.0,3007.0,1207.0,3449829.0,2.0
2005-09-28,2850.0,2989.0,2850.0,2989.0,2989.0,3000.0,2010.0,5729890.0,3.0
2005-10-01,2840.0,2840.0,2840.0,2840.0,2840.0,2989.0,66952.0,190143680.0,23.0
2005-10-02,2839.0,2982.0,2839.0,2884.0,2884.0,2840.0,55912.0,161278199.0,26.0
2005-10-03,2999.0,3000.0,2740.0,2857.0,2857.0,2884.0,90120.0,257526433.0,39.0
2005-10-04,2720.0,2999.0,2720.0,2885.0,2885.0,2857.0,23559.0,68118717.0,13.0
2005-10-05,2997.0,2997.0,2896.0,2896.0,2896.0,2885.0,2955.0,8844675.0,4.0
2005-10-08,2950.0,3040.0,2950.0,2994.0,2994.0,2896.0,35578.0,106521812.0,22.0
2005-10-09,3007.0,3007.0,2845.0,2939.0,2939.0,2994.0,28835.0,84763353.0,16.0
2005-10-10,2995.0,2995.0,2900.0,2924.0,2924.0,2939.0,29029.0,84890100.0,21.0
2005-10-11,2899.0,2899.0,2828.0,2865.0,2865.0,2924.0,19630.0,55765995.0,8.0
2005-10-12,2865.0,2978.0,2799.0,2828.0,2828.0,2865.0,29099.0,82292701.0,17.0
2005-10-15,2804.0,2806.0,2772.0,2794.0,2794.0,2828.0,34094.0,95285154.0,22.0
2005-10-16,2796.0,2796.0,2757.0,2793.0,2793.0,2794.0,2206.0,6140256.0,5.0
2005-10-17,2894.0,2900.0,2800.0,2883.0,2883.0,2793.0,25865.0,74796123.0,15.0
2005-10-18,2883.0,2883.0,2780.0,2869.0,2869.0,2883.0,8384.0,23787478.0,8.0
2005-10-19,2856.0,2867.0,2850.0,2867.0,2867.0,2869.0,2090.0,5957150.0,3.0
2005-10-22,2800.0,2831.0,2800.0,2831.0,2831.0,2867.0,14995.0,41986310.0,9.0
2005-10-23,2761.0,2762.0,2750.0,2756.0,2756.0,2831.0,39289.0,108286365.0,18.0
2005-10-24,2750.0,2765.0,2745.0,2754.0,2754.0,2756.0,16344.0,45024022.0,9.0
2005-10-26,2780.0,2780.0,2764.0,2764.0,2764.0,2754.0,15161.0,42041928.0,7.0
2005-10-29,2757.0,2757.0,2720.0,2752.0,2752.0,2764.0,13335.0,36531020.0,12.0
2005-10-30,2701.0,2721.0,2698.0,2712.0,2712.0,2752.0,25520.0,69144890.0,15.0
2005-10-31,2700.0,2700.0,2577.0,2635.0,2635.0,2712.0,54327.0,143173295.0,25.0
2005-11-01,2504.0,2504.0,2504.0,2504.0,2504.0,2635.0,57084.0,142938336.0,22.0
2005-11-02,2489.0,2580.0,2404.0,2522.0,2522.0,2504.0,120076.0,302907946.0,41.0
2005-11-05,2580.0,2648.0,2580.0,2641.0,2641.0,2522.0,126809.0,335012734.0,35.0
2005-11-06,2700.0,2771.0,2600.0,2651.0,2651.0,2641.0,58355.0,154734865.0,36.0
2005-11-07,2601.0,2628.0,2599.0,2603.0,2603.0,2651.0,35317.0,91932436.0,21.0
2005-11-08,2569.0,2587.0,2561.0,2567.0,2567.0,2603.0,46149.0,118472615.0,23.0
2005-11-09,2580.0,2599.0,2578.0,2583.0,2583.0,2567.0,24266.0,62758770.0,11.0
2005-11-12,2600.0,2712.0,2600.0,2695.0,2695.0,2583.0,70687.0,190514134.0,35.0
2005-11-13,2691.0,2717.0,2662.0,2683.0,2683.0,2695.0,86364.0,231784100.0,33.0
2005-11-14,2630.0,2696.0,2630.0,2672.0,2672.0,2683.0,20065.0,53541370.0,6.0
2005-11-15,2700.0,2709.0,2631.0,2686.0,2686.0,2672.0,38148.0,102476711.0,24.0
2005-11-16,2704.0,2743.0,2699.0,2716.0,2716.0,2686.0,36577.0,99353495.0,24.0
2005-11-19,2672.0,2701.0,2672.0,2686.0,2686.0,2716.0,49275.0,132372602.0,17.0
2005-11-20,2701.0,2739.0,2700.0,2718.0,2718.0,2686.0,50774.0,138038680.0,23.0
2005-11-21,2718.0,2722.0,2718.0,2719.0,2719.0,2718.0,16898.0,45963308.0,7.0
2005-11-22,2730.0,2845.0,2730.0,2791.0,2791.0,2719.0,54062.0,150934767.0,22.0
2005-11-23,2930.0,2930.0,2828.0,2828.0,2828.0,2791.0,7604.0,22278700.0,7.0
2005-11-26,2950.0,2950.0,2836.0,2836.0,2836.0,2828.0,1884.0,5556660.0,3.0
2005-11-27,2977.0,2977.0,2904.0,2904.0,2904.0,2836.0,13516.0,40236402.0,9.0
2005-11-29,3049.0,3049.0,3049.0,3049.0,3049.0,2904.0,66986.0,204240314.0,26.0
2005-11-30,3201.0,3201.0,3051.0,3051.0,3051.0,3049.0,449.0,1435749.0,2.0
2005-12-03,3203.0,3203.0,3079.0,3079.0,3079.0,3051.0,5188.0,16615924.0,6.0
2005-12-04,3232.0,3232.0,3183.0,3183.0,3183.0,3079.0,19173.0,61966646.0,5.0
2005-12-05,3342.0,3342.0,3201.0,3330.0,3330.0,3183.0,301623.0,1004637619.0,90.0
2005-12-06,3496.0,3496.0,3168.0,3395.0,3395.0,3330.0,165267.0,561108742.0,80.0
2005-12-10,3300.0,3529.0,3226.0,3266.0,3266.0,3395.0,111345.0,363657596.0,50.0
2005-12-11,3170.0,3350.0,3170.0,3272.0,3272.0,3266.0,152455.0,498884255.0,55.0
2005-12-12,3348.0,3400.0,3301.0,3332.0,3332.0,3272.0,56749.0,189112083.0,25.0
2005-12-13,3333.0,3480.0,3301.0,3361.0,3361.0,3332.0,84229.0,283378632.0,43.0
2005-12-14,3332.0,3380.0,3301.0,3326.0,3326.0,3361.0,182439.0,606854882.0,56.0
2005-12-17,3180.0,3290.0,3160.0,3290.0,3290.0,3326.0,6627.0,21040790.0,9.0
2005-12-19,3126.0,3400.0,3126.0,3242.0,3242.0,3290.0,70608.0,228981159.0,37.0
2005-12-20,3245.0,3245.0,3200.0,3221.0,3221.0,3242.0,24454.0,78715955.0,24.0
2005-12-24,3382.0,3382.0,3382.0,3382.0,3382.0,3221.0,50009.0,169130438.0,29.0
2005-12-25,3551.0,3551.0,3551.0,3551.0,3551.0,3382.0,317072.0,1125922672.0,114.0
2005-12-26,3693.0,3728.0,3552.0,3669.0,3669.0,3551.0,249266.0,914799156.0,105.0
2005-12-27,3834.0,3852.0,3694.0,3844.0,3844.0,3669.0,567728.0,2182900545.0,181.0
2008-01-29,2534.0,2534.0,2534.0,2534.0,2534.0,3844.0,27152.0,68803168.0,5.0
2008-02-05,2000.0,2000.0,2000.0,2000.0,2000.0,2534.0,100000.0,200000000.0,21.0
2008-02-12,1700.0,1700.0,1700.0,1700.0,1700.0,2000.0,50000.0,85000000.0,14.0
2008-02-19,1950.0,1950.0,1950.0,1950.0,1950.0,1700.0,50000.0,97500000.0,15.0
2008-02-26,1798.0,1798.0,1797.0,1797.0,1797.0,1950.0,40010.0,71927970.0,10.0
2008-03-04,1760.0,1796.0,1760.0,1777.0,1777.0,1797.0,21180.0,37594214.0,11.0
2008-03-11,1777.0,1777.0,1777.0,1777.0,1777.0,1777.0,5000.0,8885000.0,1.0
2008-03-18,1698.0,1698.0,1698.0,1698.0,1698.0,1777.0,1720.0,2920560.0,1.0
2008-04-08,1600.0,1600.0,1600.0,1600.0,1600.0,1698.0,1773.0,2836800.0,1.0
2008-04-22,1598.0,1598.0,1598.0,1598.0,1598.0,1600.0,6785.0,10842430.0,2.0
2008-05-06,1600.0,1600.0,1600.0,1600.0,1600.0,1598.0,34500.0,55200000.0,9.0
2008-05-27,1530.0,1530.0,1530.0,1530.0,1530.0,1600.0,11480.0,17564400.0,7.0
2008-06-10,1350.0,1350.0,1350.0,1350.0,1350.0,1530.0,4422.0,5969700.0,2.0
2008-06-17,1350.0,1350.0,1350.0,1350.0,1350.0,1350.0,1578.0,2130300.0,1.0
2008-09-09,1000.0,1000.0,1000.0,1000.0,1000.0,1350.0,24776.0,24776000.0,8.0
2008-09-16,1000.0,1000.0,1000.0,1000.0,1000.0,1000.0,1293.0,1293000.0,1.0
2010-09-06,3500.0,3640.0,3500.0,3571.0,3640.0,500.0,31427.0,112221620.0,10.0
2010-09-07,3713.0,3713.0,3713.0,3713.0,3713.0,3571.0,74989.0,278434157.0,18.0
2010-09-08,3861.0,3861.0,3713.0,3860.0,3861.0,3713.0,576710.0,2225977369.0,113.0
2010-09-12,4014.0,4014.0,4013.0,4014.0,4014.0,3860.0,105416.0,423129824.0,14.0
2010-09-13,4174.0,4174.0,4174.0,4071.0,4174.0,4014.0,9897.0,41310078.0,5.0
2010-09-14,4233.0,4233.0,4233.0,4155.0,4233.0,4071.0,14547.0,61577451.0,3.0
2010-09-15,4321.0,4321.0,4250.0,4318.0,4250.0,4155.0,366834.0,1584047809.0,100.0
2010-09-18,4290.0,4349.0,4146.0,4183.0,4146.0,4318.0,76104.0,318346854.0,22.0
2010-09-19,4136.0,4136.0,4020.0,4177.0,4020.0,4183.0,1100.0,4433600.0,2.0
2010-09-20,4010.0,4010.0,4010.0,4159.0,4010.0,4177.0,3000.0,12030000.0,1.0
2010-09-21,3993.0,3993.0,3993.0,4155.0,3993.0,4159.0,700.0,2795100.0,1.0
2010-09-26,3989.0,3989.0,3989.0,4139.0,3989.0,4155.0,2750.0,10969750.0,1.0
2010-09-27,3974.0,3974.0,3974.0,4110.0,3974.0,4139.0,5000.0,19870000.0,1.0
2010-10-06,3946.0,3946.0,3946.0,3946.0,3946.0,4110.0,10.0,39460.0,1.0
2010-10-10,3789.0,3789.0,3789.0,3789.0,3789.0,3946.0,50.0,189450.0,1.0
2010-10-11,3638.0,3638.0,3638.0,3638.0,3638.0,3789.0,625.0,2273750.0,2.0
2010-10-12,3493.0,3493.0,3493.0,3493.0,3493.0,3638.0,1000.0,3493000.0,1.0
2010-10-16,3354.0,3354.0,3354.0,3491.0,3354.0,3493.0,500.0,1677000.0,1.0
2010-10-17,3352.0,3352.0,3352.0,3352.0,3352.0,3491.0,90000.0,301680000.0,16.0
2010-10-18,3220.0,3468.0,3220.0,3308.0,3435.0,3352.0,379645.0,1255918083.0,101.0
2010-10-19,3308.0,3313.0,3177.0,3279.0,3177.0,3308.0,32271.0,105827030.0,15.0
2010-10-20,3148.0,3200.0,3148.0,3171.0,3200.0,3279.0,87477.0,277420938.0,31.0
2010-10-23,3297.0,3297.0,3200.0,3277.0,3297.0,3171.0,146428.0,479910591.0,27.0
2010-10-24,3290.0,3290.0,3146.0,3213.0,3146.0,3277.0,31572.0,101439001.0,19.0
2010-10-25,3111.0,3111.0,3085.0,3092.0,3085.0,3213.0,88611.0,274019045.0,18.0
2010-10-26,3209.0,3209.0,3092.0,3099.0,3100.0,3092.0,68064.0,210916990.0,10.0
2010-10-27,3040.0,3222.0,2976.0,3084.0,3164.0,3099.0,66078.0,203762206.0,21.0
2010-10-30,3207.0,3207.0,3207.0,3207.0,3207.0,3084.0,28896.0,92669472.0,18.0
2010-10-31,3280.0,3301.0,3101.0,3298.0,3101.0,3207.0,312783.0,1031423470.0,15.0
2010-11-01,3212.0,3212.0,3167.0,3184.0,3211.0,3298.0,63250.0,201368608.0,11.0
2010-11-03,3057.0,3057.0,3057.0,3057.0,3057.0,3184.0,48312.0,147689784.0,17.0
2010-11-06,3057.0,3089.0,3000.0,3038.0,3010.0,3057.0,65721.0,199690229.0,20.0
2010-11-07,2930.0,3130.0,2930.0,3034.0,3100.0,3038.0,5500.0,16600000.0,3.0
2010-11-08,2916.0,2916.0,2913.0,3019.0,2913.0,3034.0,3500.0,10204020.0,3.0
2010-11-09,3019.0,3100.0,3010.0,3015.0,3100.0,3019.0,43963.0,132550007.0,14.0
2010-11-10,3000.0,3090.0,2951.0,3026.0,3040.0,3015.0,30435.0,92095025.0,18.0
2010-11-13,3060.0,3060.0,2945.0,3009.0,2946.0,3026.0,18417.0,55252518.0,8.0
2010-11-14,3009.0,3009.0,2950.0,2998.0,3009.0,3009.0,7250.0,21505500.0,5.0
2010-11-15,3000.0,3000.0,2881.0,2944.0,2881.0,2998.0,17157.0,49934000.0,11.0
2010-11-16,2950.0,2950.0,2950.0,2945.0,2950.0,2944.0,3870.0,11416500.0,2.0
2010-12-20,2500.0,2600.0,2400.0,2582.0,2600.0,2945.0,57743.0,149114800.0,9.0
2010-12-21,2600.0,2685.0,2600.0,2601.0,2685.0,2582.0,6750.0,17970000.0,9.0
2010-12-22,2705.0,2705.0,2705.0,2705.0,2705.0,2601.0,32534.0,88004470.0,11.0
2010-12-25,2706.0,2706.0,2597.0,2668.0,2700.0,2705.0,78831.0,210303072.0,20.0
2010-12-26,2700.0,2740.0,2650.0,2690.0,2650.0,2668.0,27385.0,73666430.0,13.0
2010-12-27,2651.0,2651.0,2583.0,2603.0,2583.0,2690.0,83426.0,217196200.0,20.0
2010-12-28,2503.0,2503.0,2499.0,2500.0,2500.0,2603.0,97180.0,242947079.0,22.0
2010-12-29,2600.0,2600.0,2401.0,2459.0,2460.0,2500.0,126013.0,309875737.0,24.0
2011-01-01,2550.0,2550.0,2410.0,2422.0,2447.0,2459.0,104143.0,252244974.0,25.0
2011-01-02,2517.0,2517.0,2453.0,2457.0,2453.0,2422.0,27095.0,66602435.0,7.0
2011-01-03,2492.0,2509.0,2457.0,2490.0,2466.0,2457.0,92940.0,231457886.0,31.0
2011-01-04,2510.0,2510.0,2450.0,2484.0,2451.0,2490.0,95000.0,235983433.0,14.0
2011-01-05,2498.0,2546.0,2451.0,2481.0,2451.0,2484.0,57737.0,143228052.0,20.0
2011-01-08,2452.0,2461.0,2451.0,2455.0,2451.0,2481.0,40024.0,98262220.0,11.0
2011-01-09,2451.0,2500.0,2451.0,2454.0,2451.0,2455.0,36801.0,90303451.0,12.0
2011-01-10,2499.0,2552.0,2456.0,2506.0,2552.0,2454.0,59283.0,148554768.0,19.0
2011-01-11,2578.0,2578.0,2463.0,2500.0,2510.0,2506.0,61748.0,154360765.0,20.0
2011-01-12,2500.0,2500.0,2400.0,2447.0,2401.0,2500.0,108907.0,266548265.0,21.0
2011-01-15,2401.0,2401.0,2400.0,2431.0,2400.0,2447.0,9736.0,23368000.0,3.0
2011-01-16,2500.0,2528.0,2424.0,2502.0,2424.0,2431.0,58891.0,147358569.0,23.0
2011-01-17,2412.0,2479.0,2402.0,2409.0,2479.0,2502.0,54363.0,130936594.0,14.0
2011-01-18,2470.0,2470.0,2401.0,2410.0,2401.0,2409.0,20127.0,48519347.0,7.0
2011-01-19,2409.0,2460.0,2400.0,2412.0,2410.0,2410.0,18886.0,45561962.0,14.0
2011-01-22,2504.0,2507.0,2489.0,2496.0,2500.0,2412.0,77343.0,193023427.0,10.0
2011-01-23,2578.0,2578.0,2450.0,2509.0,2560.0,2496.0,56010.0,140552350.0,15.0
2011-01-24,2549.0,2609.0,2500.0,2594.0,2609.0,2509.0,126420.0,327887658.0,30.0
2011-01-26,2689.0,2689.0,2684.0,2646.0,2684.0,2594.0,15480.0,41604052.0,7.0
2011-01-29,2652.0,2680.0,2610.0,2653.0,2610.0,2646.0,39497.0,104797382.0,22.0
2011-01-30,2650.0,2650.0,2547.0,2622.0,2547.0,2653.0,11164.0,28754039.0,5.0
2011-01-31,2520.0,2570.0,2520.0,2596.0,2570.0,2622.0,9370.0,23835090.0,6.0
2011-02-05,2531.0,2589.0,2531.0,2586.0,2589.0,2596.0,9386.0,24094674.0,4.0
2011-02-06,2589.0,2589.0,2483.0,2508.0,2483.0,2586.0,46985.0,117834211.0,16.0
2011-02-07,2500.0,2508.0,2460.0,2477.0,2460.0,2508.0,26626.0,65906243.0,11.0
2011-02-08,2576.0,2576.0,2462.0,2512.0,2495.0,2477.0,66638.0,167381188.0,18.0
2011-02-09,2510.0,2510.0,2412.0,2425.0,2412.0,2512.0,107923.0,261753406.0,32.0
2011-02-12,2420.0,2449.0,2390.0,2414.0,2427.0,2425.0,92602.0,223583995.0,24.0
2011-02-13,2410.0,2410.0,2390.0,2403.0,2397.0,2414.0,39938.0,95977160.0,12.0
2011-02-14,2395.0,2397.0,2320.0,2356.0,2360.0,2403.0,112681.0,265492847.0,33.0
2011-02-15,2390.0,2390.0,2263.0,2340.0,2263.0,2356.0,83224.0,194704521.0,35.0
2011-02-16,2300.0,2320.0,2300.0,2305.0,2300.0,2340.0,74250.0,171175000.0,10.0
2011-02-19,2323.0,2323.0,2302.0,2314.0,2302.0,2305.0,45452.0,105165147.0,13.0
2011-02-20,2380.0,2380.0,2272.0,2312.0,2319.0,2314.0,4299.0,9889737.0,4.0
2011-02-22,2319.0,2320.0,2291.0,2306.0,2318.0,2312.0,41572.0,95845438.0,11.0
2011-02-23,2300.0,2300.0,2230.0,2270.0,2230.0,2306.0,39196.0,88975471.0,18.0
2011-02-26,2310.0,2310.0,2310.0,2271.0,2310.0,2270.0,855.0,1975050.0,1.0
2011-02-27,2182.0,2270.0,2182.0,2264.0,2210.0,2271.0,3700.0,8206452.0,4.0
2011-02-28,2221.0,2297.0,2220.0,2244.0,2231.0,2264.0,15801.0,35220769.0,11.0
2011-03-01,2221.0,2221.0,2200.0,2219.0,2200.0,2244.0,20198.0,44611633.0,13.0
2011-03-02,2180.0,2219.0,2150.0,2191.0,2219.0,2219.0,26658.0,58382820.0,15.0
2011-03-05,2200.0,2278.0,2200.0,2232.0,2200.0,2191.0,48482.0,108191786.0,16.0
2011-03-06,2292.0,2292.0,2233.0,2249.0,2240.0,2232.0,50706.0,114043504.0,17.0
2011-03-07,2270.0,2279.0,2270.0,2254.0,2279.0,2249.0,6130.0,13925270.0,2.0
2011-03-08,2316.0,2316.0,2260.0,2275.0,2307.0,2254.0,56634.0,128851900.0,21.0
2011-03-09,2280.0,2320.0,2280.0,2306.0,2320.0,2275.0,24854.0,57411275.0,13.0
2011-03-12,2350.0,2362.0,2350.0,2351.0,2350.0,2306.0,85522.0,201103880.0,20.0
2011-03-13,2362.0,2390.0,2362.0,2387.0,2380.0,2351.0,41947.0,100127119.0,13.0
2011-03-14,2393.0,2430.0,2393.0,2416.0,2430.0,2387.0,28827.0,69643802.0,10.0
2011-03-15,2430.0,2448.0,2320.0,2394.0,2320.0,2416.0,41092.0,98384340.0,12.0
2011-03-16,2400.0,2430.0,2400.0,2417.0,2430.0,2394.0,64548.0,156023328.0,17.0
2011-03-19,2439.0,2439.0,2439.0,2422.0,2439.0,2417.0,6100.0,14877900.0,1.0
2011-03-27,2409.0,2420.0,2390.0,2401.0,2392.0,2422.0,38177.0,91644030.0,8.0
2011-03-28,2410.0,2410.0,2377.0,2387.0,2378.0,2401.0,90940.0,217106092.0,18.0
2011-03-29,2390.0,2390.0,2301.0,2375.0,2350.0,2387.0,17237.0,40805860.0,6.0
2011-03-30,2360.0,2360.0,2291.0,2330.0,2291.0,2375.0,64600.0,150500840.0,9.0
2011-04-03,2310.0,2310.0,2267.0,2294.0,2267.0,2330.0,23500.0,53740000.0,7.0
2011-04-04,2320.0,2385.0,2250.0,2344.0,2385.0,2294.0,159108.0,372939345.0,40.0
2011-04-05,2380.0,2416.0,2380.0,2397.0,2380.0,2344.0,95834.0,229725878.0,33.0
2011-04-06,2401.0,2490.0,2401.0,2437.0,2420.0,2397.0,170617.0,415766075.0,44.0
2011-04-09,2500.0,2534.0,2500.0,2529.0,2534.0,2437.0,68093.0,172206262.0,18.0
2011-04-10,2630.0,2630.0,2560.0,2611.0,2600.0,2529.0,110359.0,288165126.0,28.0
2011-04-11,2648.0,2680.0,2600.0,2635.0,2600.0,2611.0,84985.0,223927780.0,17.0
2011-04-12,2605.0,2605.0,2531.0,2595.0,2531.0,2635.0,12765.0,32509000.0,5.0
2011-04-13,2492.0,2492.0,2492.0,2579.0,2492.0,2595.0,4405.0,10977260.0,3.0
2011-04-17,2476.0,2476.0,2476.0,2559.0,2476.0,2579.0,5500.0,13618000.0,2.0
2011-04-18,2457.0,2457.0,2457.0,2515.0,2457.0,2559.0,12157.0,29869749.0,3.0
2011-04-20,2415.0,2415.0,2415.0,2471.0,2415.0,2515.0,12220.0,29511300.0,5.0
2011-04-23,2373.0,2460.0,2373.0,2380.0,2373.0,2471.0,65190.0,155132228.0,33.0
2011-04-24,2465.0,2465.0,2374.0,2382.0,2374.0,2380.0,2900.0,6948300.0,2.0
2011-04-25,2373.0,2373.0,2287.0,2332.0,2300.0,2382.0,23800.0,55290606.0,10.0
2011-04-26,2300.0,2300.0,2270.0,2286.0,2283.0,2332.0,39999.0,91451030.0,12.0
2011-04-27,2290.0,2295.0,2290.0,2292.0,2290.0,2286.0,36096.0,82734840.0,11.0
2011-04-30,2285.0,2287.0,2201.0,2265.0,2201.0,2292.0,37946.0,85961206.0,12.0
2011-05-01,2175.0,2200.0,2175.0,2237.0,2175.0,2265.0,8965.0,19528875.0,7.0
2011-05-02,2170.0,2228.0,2170.0,2200.0,2228.0,2237.0,85333.0,187715769.0,21.0
2011-05-03,2285.0,2285.0,2206.0,2226.0,2275.0,2200.0,11566.0,26164949.0,13.0
2011-05-04,2279.0,2300.0,2279.0,2298.0,2300.0,2226.0,30328.0,69695164.0,9.0
2011-05-08,2350.0,2350.0,2350.0,2299.0,2350.0,2298.0,457.0,1073950.0,1.0
2011-05-09,2214.0,2249.0,2214.0,2292.0,2249.0,2299.0,3474.0,7778936.0,3.0
2011-05-10,2239.0,2240.0,2221.0,2265.0,2221.0,2292.0,13202.0,29514392.0,5.0
2011-05-11,2338.0,2338.0,2223.0,2241.0,2223.0,2265.0,25000.0,55957740.0,6.0
2011-05-15,2240.0,2240.0,2210.0,2225.0,2220.0,2241.0,15801.0,34971060.0,6.0
2011-05-16,2138.0,2230.0,2138.0,2208.0,2142.0,2225.0,6003.0,12889846.0,6.0
2011-05-17,2234.0,2234.0,2158.0,2210.0,2158.0,2208.0,14626.0,32345860.0,4.0
2011-05-18,2234.0,2234.0,2188.0,2215.0,2200.0,2210.0,21003.0,46556916.0,9.0
2011-05-21,2160.0,2270.0,2160.0,2196.0,2190.0,2215.0,47878.0,105141380.0,18.0
2011-05-22,2142.0,2142.0,2142.0,2193.0,2142.0,2196.0,1500.0,3213000.0,1.0
2011-05-23,2190.0,2190.0,2160.0,2183.0,2174.0,2193.0,15562.0,33857132.0,10.0
2011-05-24,2141.0,2142.0,2110.0,2128.0,2110.0,2183.0,43377.0,92314383.0,20.0
2011-05-25,2120.0,2120.0,2043.0,2057.0,2043.0,2128.0,122604.0,252247842.0,12.0
2011-05-28,2057.0,2057.0,2057.0,2057.0,2057.0,2057.0,7616.0,15666112.0,2.0
2011-05-29,2101.0,2101.0,1999.0,2035.0,1999.0,2057.0,46134.0,93890977.0,11.0
2011-05-30,2001.0,2065.0,2001.0,2037.0,2065.0,2035.0,6310.0,12901550.0,8.0
2011-05-31,2080.0,2118.0,2080.0,2093.0,2118.0,2037.0,38060.0,79652464.0,17.0
2011-06-01,2176.0,2176.0,2176.0,2176.0,2176.0,2093.0,34654.0,75407104.0,5.0
2011-06-06,2200.0,2263.0,2200.0,2214.0,2263.0,2176.0,20652.0,46011512.0,6.0
2011-06-07,2280.0,2302.0,2280.0,2298.0,2301.0,2214.0,41628.0,95665148.0,15.0
2011-06-11,2208.0,2208.0,2207.0,2277.0,2208.0,2298.0,6500.0,14347500.0,4.0
2011-06-13,2186.0,2186.0,2186.0,2215.0,2186.0,2277.0,19000.0,41534000.0,9.0
2011-06-14,2127.0,2127.0,2127.0,2198.0,2127.0,2215.0,5365.0,11411355.0,3.0
2011-06-15,2111.0,2111.0,2111.0,2196.0,2111.0,2198.0,500.0,1055500.0,1.0
2011-06-18,2111.0,2111.0,2111.0,2157.0,2111.0,2196.0,13000.0,27443000.0,4.0
2011-06-20,2071.0,2110.0,2071.0,2098.0,2071.0,2157.0,19184.0,39732904.0,6.0
2011-06-21,2054.0,2115.0,2054.0,2093.0,2115.0,2098.0,10000.0,20847755.0,4.0
2011-06-22,2100.0,2100.0,2100.0,2094.0,2100.0,2093.0,3700.0,7770000.0,2.0
2011-06-25,2100.0,2100.0,2061.0,2092.0,2062.0,2094.0,19737.0,41280400.0,8.0
2011-06-26,2050.0,2140.0,2050.0,2079.0,2052.0,2092.0,9180.0,18838000.0,4.0
2011-06-27,2147.0,2150.0,1996.0,2016.0,1996.0,2079.0,67820.0,136706887.0,12.0
2011-06-28,2095.0,2095.0,2095.0,2037.0,2095.0,2016.0,7373.0,15446435.0,3.0
2011-07-04,2100.0,2100.0,2100.0,2100.0,2100.0,2037.0,9093.0,19095300.0,3.0
2011-07-05,2184.0,2184.0,2184.0,2184.0,2184.0,2100.0,28279.0,61761336.0,12.0
2011-07-06,2200.0,2271.0,2200.0,2245.0,2271.0,2184.0,30548.0,68574812.0,15.0
2011-07-09,2334.0,2334.0,2334.0,2334.0,2334.0,2245.0,33294.0,77708196.0,10.0
2011-07-10,2427.0,2427.0,2272.0,2350.0,2400.0,2334.0,95469.0,224373072.0,21.0
2011-07-11,2256.0,2256.0,2256.0,2312.0,2256.0,2350.0,11225.0,25323600.0,8.0
2011-07-12,2319.0,2319.0,2220.0,2317.0,2220.0,2312.0,287477.0,666093980.0,15.0
2011-07-13,2225.0,2280.0,2225.0,2268.0,2280.0,2317.0,35458.0,80427745.0,14.0
2011-07-26,1843.0,1843.0,1843.0,1917.0,1843.0,1918.0,460.0,847780.0,1.0
2011-07-30,1917.0,1920.0,1916.0,1917.0,1916.0,1917.0,14090.0,27011054.0,5.0
2011-07-31,1919.0,1919.0,1880.0,1882.0,1880.0,1917.0,49275.0,92721630.0,14.0
2011-08-01,1871.0,1890.0,1866.0,1881.0,1866.0,1882.0,3039.0,5695491.0,6.0
2011-08-02,1866.0,1866.0,1842.0,1876.0,1842.0,1881.0,9500.0,17723376.0,3.0
2011-08-06,1850.0,1850.0,1842.0,1869.0,1850.0,1876.0,5923.0,10918758.0,4.0
2011-08-07,1811.0,1811.0,1811.0,1865.0,1811.0,1869.0,2000.0,3622000.0,1.0
2011-08-08,1800.0,1800.0,1791.0,1834.0,1791.0,1865.0,12500.0,22438080.0,5.0
2011-08-09,1850.0,1870.0,1850.0,1846.0,1870.0,1834.0,18770.0,34762040.0,11.0
2011-08-10,1898.0,1919.0,1898.0,1875.0,1919.0,1846.0,13318.0,25393073.0,12.0
2011-08-13,1920.0,1940.0,1920.0,1932.0,1940.0,1875.0,49400.0,95436000.0,14.0
2011-08-14,1932.0,1932.0,1932.0,1932.0,1932.0,1932.0,383.0,739956.0,1.0
2011-08-16,1920.0,1999.0,1920.0,1926.0,1999.0,1932.0,21000.0,40399000.0,2.0
2011-08-17,1961.0,2003.0,1961.0,1985.0,2003.0,1926.0,29517.0,58602957.0,12.0
2011-08-20,2004.0,2064.0,2000.0,2055.0,2064.0,1985.0,34579.0,71066768.0,13.0
2011-08-21,2050.0,2120.0,2022.0,2077.0,2120.0,2055.0,17818.0,37237740.0,10.0
2011-08-23,2120.0,2160.0,2048.0,2113.0,2160.0,2077.0,29972.0,63342216.0,12.0
2011-08-24,2120.0,2170.0,2050.0,2113.0,2110.0,2113.0,25193.0,53223074.0,9.0
2011-08-27,2190.0,2190.0,2180.0,2119.0,2180.0,2113.0,2250.0,4920000.0,2.0
2011-08-28,2119.0,2119.0,2054.0,2058.0,2058.0,2119.0,101296.0,208468755.0,20.0
2011-08-29,2063.0,2140.0,2063.0,2106.0,2140.0,2058.0,106810.0,224940005.0,9.0
2011-08-30,2092.0,2190.0,2092.0,2182.0,2190.0,2106.0,28000.0,61101134.0,6.0
2011-09-03,2269.0,2269.0,2269.0,2269.0,2269.0,2182.0,34259.0,77733671.0,9.0
2011-09-04,2359.0,2359.0,2359.0,2359.0,2359.0,2269.0,221686.0,522957274.0,31.0
2011-09-05,2453.0,2453.0,2453.0,2378.0,2453.0,2359.0,5596.0,13726988.0,3.0
2011-09-06,2473.0,2473.0,2473.0,2397.0,2473.0,2378.0,5596.0,13838908.0,7.0
2011-09-07,2492.0,2492.0,2492.0,2492.0,2492.0,2397.0,49475.0,123291700.0,9.0
2011-09-10,2591.0,2591.0,2591.0,2591.0,2591.0,2492.0,47470.0,122994770.0,15.0
2011-09-11,2694.0,2694.0,2694.0,2694.0,2694.0,2591.0,41426.0,111601644.0,16.0
2011-09-12,2801.0,2801.0,2790.0,2801.0,2801.0,2694.0,159870.0,447724120.0,31.0
2011-09-13,2913.0,2913.0,2913.0,2913.0,2913.0,2801.0,35701.0,103997013.0,13.0
2011-09-14,3029.0,3029.0,2823.0,2967.0,2948.0,2913.0,341356.0,1012859976.0,87.0
2011-09-17,2849.0,2900.0,2849.0,2849.0,2849.0,2967.0,44962.0,128099288.0,16.0
2011-09-18,2736.0,2848.0,2736.0,2758.0,2742.0,2849.0,301412.0,831399752.0,62.0
2011-09-19,2780.0,2868.0,2780.0,2836.0,2868.0,2758.0,195664.0,554983551.0,32.0
2011-09-20,2949.0,2949.0,2949.0,2949.0,2949.0,2836.0,339997.0,1002651153.0,30.0
2011-09-21,3065.0,3065.0,2881.0,3047.0,2881.0,2949.0,212891.0,648603800.0,26.0
2011-09-25,2926.0,2926.0,2926.0,3043.0,2926.0,3047.0,1000.0,2926000.0,1.0
2011-09-26,2922.0,2922.0,2922.0,3041.0,2922.0,3043.0,510.0,1490220.0,1.0
2011-09-27,2920.0,2920.0,2920.0,3021.0,2920.0,3041.0,4550.0,13286000.0,4.0
2011-09-28,2901.0,2901.0,2901.0,2934.0,2901.0,3021.0,20209.0,58626309.0,8.0
2011-10-01,2817.0,2817.0,2817.0,2918.0,2817.0,2934.0,3780.0,10648260.0,5.0
2011-10-02,2802.0,2874.0,2802.0,2809.0,2802.0,2918.0,220965.0,620618538.0,39.0
2011-10-03,2810.0,2810.0,2701.0,2713.0,2701.0,2809.0,88577.0,240316202.0,20.0
2011-10-04,2620.0,2632.0,2620.0,2629.0,2630.0,2713.0,43115.0,113337421.0,19.0
2011-10-05,2732.0,2732.0,2641.0,2638.0,2641.0,2629.0,6100.0,16288600.0,6.0
2011-10-08,2743.0,2743.0,2743.0,2743.0,2743.0,2638.0,74793.0,205157199.0,16.0
2011-10-09,2820.0,2852.0,2820.0,2851.0,2852.0,2743.0,80423.0,229309490.0,36.0
2011-10-10,2800.0,2880.0,2737.0,2808.0,2737.0,2851.0,88658.0,248927851.0,26.0
2011-10-11,2900.0,2900.0,2698.0,2798.0,2700.0,2808.0,58406.0,163429166.0,16.0
2011-10-12,2860.0,2860.0,2687.0,2750.0,2687.0,2798.0,13753.0,37125864.0,10.0
2011-10-15,2810.0,2810.0,2642.0,2723.0,2777.0,2750.0,7799.0,20699658.0,9.0
2011-10-16,2790.0,2790.0,2616.0,2682.0,2616.0,2723.0,11200.0,29335800.0,9.0
2011-10-17,2575.0,2770.0,2575.0,2613.0,2575.0,2682.0,35448.0,92610140.0,14.0
2011-10-18,2509.0,2690.0,2509.0,2602.0,2675.0,2613.0,6400.0,16425800.0,5.0
2011-10-19,2650.0,2650.0,2498.0,2523.0,2498.0,2602.0,24818.0,62371164.0,11.0
2011-10-22,2610.0,2620.0,2610.0,2524.0,2620.0,2523.0,300.0,784000.0,3.0
2011-10-23,2600.0,2619.0,2520.0,2544.0,2520.0,2524.0,11591.0,29803759.0,8.0
2011-10-24,2570.0,2610.0,2570.0,2561.0,2610.0,2544.0,8528.0,22170172.0,6.0
2011-10-25,2610.0,2610.0,2500.0,2566.0,2520.0,2561.0,34000.0,87231700.0,10.0
2011-10-26,2579.0,2660.0,2500.0,2556.0,2630.0,2566.0,17378.0,44323040.0,8.0
2011-10-29,2639.0,2639.0,2493.0,2562.0,2587.0,2556.0,4250.0,11020186.0,4.0
2011-10-30,2480.0,2562.0,2460.0,2473.0,2460.0,2562.0,27127.0,66996874.0,16.0
2011-10-31,2376.0,2570.0,2375.0,2467.0,2456.0,2473.0,110813.0,273343062.0,37.0
2011-11-01,2564.0,2564.0,2400.0,2408.0,2400.0,2467.0,43418.0,104571700.0,19.0
2011-11-02,2503.0,2504.0,2503.0,2504.0,2504.0,2408.0,52120.0,130503480.0,19.0
2011-11-05,2604.0,2604.0,2470.0,2596.0,2560.0,2504.0,133911.0,347591311.0,21.0
2011-11-06,2493.0,2493.0,2493.0,2537.0,2493.0,2596.0,16168.0,40306824.0,9.0
2011-11-08,2438.0,2438.0,2436.0,2436.0,2436.0,2537.0,34270.0,83488720.0,10.0
2011-11-09,2340.0,2495.0,2340.0,2434.0,2452.0,2436.0,27643.0,67272685.0,8.0
2011-11-12,2524.0,2524.0,2390.0,2409.0,2390.0,2434.0,24315.0,58471350.0,8.0
2011-11-13,2314.0,2399.0,2313.0,2315.0,2320.0,2409.0,173463.0,401587460.0,35.0
2011-11-14,2398.0,2407.0,2398.0,2407.0,2407.0,2315.0,139631.0,336050349.0,27.0
2011-11-16,2450.0,2460.0,2320.0,2390.0,2320.0,2407.0,75845.0,181300100.0,26.0
2011-11-19,2297.0,2299.0,2295.0,2296.0,2298.0,2390.0,38050.0,87370350.0,15.0
2011-11-20,2295.0,2384.0,2295.0,2311.0,2360.0,2296.0,8036.0,18858220.0,7.0
2011-11-21,2359.0,2359.0,2219.0,2297.0,2330.0,2311.0,103392.0,237450200.0,27.0
2011-11-22,2358.0,2358.0,2206.0,2277.0,2206.0,2297.0,18186.0,41201637.0,18.0
2011-11-23,2205.0,2300.0,2205.0,2274.0,2287.0,2277.0,10000.0,22698000.0,9.0
2011-11-26,2300.0,2300.0,2205.0,2207.0,2210.0,2274.0,56700.0,125135815.0,49.0
2011-11-27,2280.0,2290.0,2205.0,2210.0,2205.0,2207.0,68158.0,150625940.0,34.0
2011-11-28,2205.0,2219.0,2122.0,2171.0,2211.0,2210.0,41943.0,91052393.0,17.0
2011-11-29,2210.0,2257.0,2210.0,2253.0,2257.0,2171.0,28774.0,64841140.0,15.0
2011-11-30,2205.0,2341.0,2200.0,2217.0,2200.0,2253.0,34000.0,75394600.0,10.0
2011-12-03,2299.0,2302.0,2151.0,2175.0,2151.0,2217.0,69738.0,151665390.0,21.0
2011-12-04,2261.0,2262.0,2200.0,2258.0,2262.0,2175.0,88593.0,200073966.0,29.0
2011-12-07,2299.0,2330.0,2250.0,2286.0,2328.0,2258.0,52205.0,119340791.0,31.0
2011-12-10,2299.0,2299.0,2269.0,2294.0,2269.0,2286.0,22183.0,50933227.0,3.0
2011-12-11,2298.0,2298.0,2203.0,2235.0,2203.0,2294.0,18386.0,40525408.0,13.0
2011-12-12,2153.0,2153.0,2146.0,2146.0,2146.0,2235.0,170626.0,366218128.0,45.0
2011-12-13,2221.0,2221.0,2130.0,2165.0,2130.0,2146.0,42205.0,91383350.0,25.0
2011-12-14,2229.0,2251.0,2180.0,2227.0,2251.0,2165.0,161063.0,358723534.0,27.0
2011-12-17,2316.0,2316.0,2316.0,2316.0,2316.0,2227.0,78134.0,180958344.0,13.0
2011-12-18,2408.0,2408.0,2408.0,2363.0,2408.0,2316.0,14426.0,34737808.0,11.0
2011-12-19,2457.0,2457.0,2457.0,2442.0,2457.0,2363.0,23575.0,57923775.0,11.0
2011-12-20,2539.0,2539.0,2536.0,2539.0,2539.0,2442.0,743011.0,1886351642.0,108.0
2011-12-21,2579.0,2579.0,2438.0,2454.0,2450.0,2539.0,239104.0,586729434.0,60.0
2011-12-24,2536.0,2536.0,2401.0,2497.0,2401.0,2454.0,180700.0,451253885.0,24.0
2011-12-25,2410.0,2589.0,2410.0,2565.0,2500.0,2497.0,143217.0,367305364.0,37.0
2011-12-26,2539.0,2539.0,2463.0,2465.0,2463.0,2565.0,74842.0,184493088.0,18.0
2011-12-27,2367.0,2370.0,2367.0,2367.0,2367.0,2465.0,56100.0,132794700.0,19.0
2011-12-28,2275.0,2450.0,2273.0,2291.0,2350.0,2367.0,57502.0,131746624.0,16.0
2011-12-31,2382.0,2382.0,2382.0,2354.0,2382.0,2291.0,19360.0,46115520.0,12.0
2012-01-01,2447.0,2447.0,2260.0,2270.0,2260.0,2354.0,423090.0,960522963.0,76.0
2012-01-02,2259.0,2339.0,2250.0,2268.0,2250.0,2270.0,4460.0,10074200.0,7.0
2012-01-03,2300.0,2300.0,2266.0,2267.0,2267.0,2268.0,27801.0,63024000.0,7.0
2012-01-04,2357.0,2357.0,2327.0,2281.0,2327.0,2267.0,6596.0,15351892.0,3.0
2012-01-07,2371.0,2371.0,2250.0,2281.0,2250.0,2281.0,35136.0,80149486.0,14.0
2012-01-08,2241.0,2270.0,2241.0,2277.0,2261.0,2281.0,4915.0,11085315.0,3.0
2012-01-09,2271.0,2272.0,2230.0,2271.0,2271.0,2277.0,73167.0,166144520.0,11.0
2012-01-10,2329.0,2329.0,2261.0,2294.0,2261.0,2271.0,87001.0,199570527.0,32.0
2012-01-11,2275.0,2275.0,2275.0,2291.0,2275.0,2294.0,4000.0,9100000.0,1.0
2012-01-15,2329.0,2368.0,2261.0,2283.0,2262.0,2291.0,33600.0,76692571.0,14.0
2012-01-16,2262.0,2318.0,2210.0,2250.0,2250.0,2283.0,74977.0,168714755.0,35.0
2012-01-17,2235.0,2295.0,2230.0,2234.0,2230.0,2250.0,26275.0,58670570.0,14.0
2012-01-18,2231.0,2231.0,2231.0,2233.0,2231.0,2234.0,11090.0,24741790.0,11.0
2012-01-21,2235.0,2235.0,2231.0,2233.0,2231.0,2233.0,33855.0,75585505.0,5.0
2012-01-23,2226.0,2226.0,2200.0,2205.0,2202.0,2233.0,69521.0,153272835.0,32.0
2012-01-25,2201.0,2205.0,2200.0,2202.0,2200.0,2205.0,21987.0,48398919.0,8.0
2012-01-28,2200.0,2221.0,2190.0,2203.0,2221.0,2202.0,57050.0,125662697.0,12.0
2012-01-29,2290.0,2290.0,2180.0,2198.0,2180.0,2203.0,73505.0,161559911.0,16.0
2012-01-30,2180.0,2190.0,2130.0,2164.0,2135.0,2198.0,36282.0,78522410.0,18.0
2012-01-31,2142.0,2145.0,2109.0,2125.0,2111.0,2164.0,40096.0,85194428.0,14.0
2012-03-14,1901.0,1901.0,1900.0,1901.0,1900.0,2125.0,43600.0,82862600.0,6.0
2012-03-17,1975.0,1977.0,1880.0,1960.0,1977.0,1901.0,73914.0,144896400.0,50.0
2012-03-18,2038.0,2038.0,2038.0,2038.0,2038.0,1960.0,48015.0,97854570.0,34.0
2012-03-24,2119.0,2119.0,2119.0,2102.0,2119.0,2038.0,22279.0,47209201.0,14.0
2012-03-25,2186.0,2186.0,2054.0,2173.0,2159.0,2102.0,42708.0,92783262.0,13.0
2012-03-26,2092.0,2092.0,2087.0,2089.0,2087.0,2173.0,37442.0,78225954.0,12.0
2012-03-27,2111.0,2166.0,2100.0,2105.0,2150.0,2089.0,12731.0,27040366.0,14.0
2012-03-28,2164.0,2164.0,2110.0,2121.0,2164.0,2105.0,21930.0,46616570.0,17.0
2012-04-07,2052.0,2070.0,2037.0,2038.0,2042.0,2121.0,85506.0,174239202.0,63.0
2012-04-08,2001.0,2001.0,1957.0,1963.0,1958.0,2038.0,101378.0,199053718.0,49.0
2012-04-09,1960.0,1995.0,1910.0,1953.0,1940.0,1963.0,18998.0,37019570.0,17.0
2012-04-10,1961.0,1990.0,1959.0,1960.0,1988.0,1953.0,26788.0,52524659.0,27.0
2012-04-11,1960.0,1990.0,1925.0,1956.0,1925.0,1960.0,19403.0,37925809.0,15.0
2012-04-14,2000.0,2000.0,1950.0,1954.0,1950.0,1956.0,24850.0,48562500.0,5.0
2012-04-15,2000.0,2000.0,1981.0,1992.0,1999.0,1954.0,38859.0,77400240.0,11.0
2012-04-16,2000.0,2000.0,1951.0,1979.0,1951.0,1992.0,10421.0,20408285.0,6.0
2012-04-17,1914.0,1998.0,1914.0,1972.0,1993.0,1979.0,19506.0,38398651.0,16.0
2012-04-18,1920.0,1993.0,1920.0,1982.0,1990.0,1972.0,29526.0,58511352.0,10.0
2012-04-21,1940.0,1942.0,1930.0,1942.0,1940.0,1982.0,23037.0,44541613.0,9.0
2012-04-22,1940.0,1944.0,1940.0,1942.0,1943.0,1942.0,6050.0,11756500.0,4.0
2012-04-23,1950.0,1950.0,1921.0,1933.0,1926.0,1942.0,41421.0,80056684.0,27.0
2012-04-24,1920.0,1920.0,1890.0,1927.0,1920.0,1933.0,7225.0,13811610.0,12.0
2012-04-28,1891.0,1950.0,1891.0,1924.0,1950.0,1927.0,3971.0,7578723.0,6.0
2012-04-29,1940.0,1950.0,1940.0,1933.0,1940.0,1924.0,15260.0,29607000.0,11.0
2012-04-30,1950.0,1950.0,1950.0,1933.0,1950.0,1933.0,65.0,126750.0,1.0
2012-05-01,1900.0,1900.0,1856.0,1872.0,1856.0,1933.0,25030.0,46665830.0,9.0
2012-05-05,1815.0,1815.0,1814.0,1851.0,1814.0,1872.0,10000.0,18142000.0,4.0
2012-05-06,1899.0,1899.0,1898.0,1873.0,1898.0,1851.0,12650.0,24019700.0,2.0
2012-05-07,1851.0,1894.0,1851.0,1867.0,1894.0,1873.0,11905.0,22122155.0,2.0
2012-05-08,1900.0,1941.0,1900.0,1922.0,1940.0,1867.0,21300.0,41312950.0,8.0
2012-05-09,1901.0,1950.0,1901.0,1921.0,1950.0,1922.0,2220.0,4228550.0,2.0
2012-05-12,1980.0,1980.0,1980.0,1925.0,1980.0,1921.0,2000.0,3960000.0,3.0
2012-05-13,1900.0,1960.0,1866.0,1893.0,1950.0,1925.0,28989.0,54878390.0,12.0
2012-05-15,1965.0,1965.0,1945.0,1895.0,1945.0,1893.0,813.0,1593285.0,2.0
2012-05-16,1891.0,1892.0,1886.0,1890.0,1886.0,1895.0,31005.0,58597440.0,9.0
2012-05-19,1860.0,1860.0,1830.0,1867.0,1860.0,1890.0,13801.0,25451724.0,10.0
2012-05-20,1850.0,1850.0,1824.0,1847.0,1832.0,1867.0,20467.0,37641658.0,7.0
2012-05-21,1855.0,1855.0,1855.0,1848.0,1855.0,1847.0,5000.0,9275000.0,2.0
2012-05-22,1880.0,1880.0,1849.0,1852.0,1865.0,1848.0,12979.0,24089977.0,6.0
2012-05-23,1890.0,1899.0,1871.0,1887.0,1881.0,1852.0,51174.0,96574360.0,11.0
2012-05-26,1900.0,1950.0,1895.0,1910.0,1921.0,1887.0,57400.0,109662350.0,11.0
2012-05-27,1912.0,1912.0,1910.0,1910.0,1910.0,1910.0,25500.0,48710500.0,8.0
2012-05-28,1875.0,1900.0,1875.0,1897.0,1900.0,1910.0,14055.0,26489235.0,4.0
2012-05-29,1900.0,1900.0,1880.0,1889.0,1900.0,1897.0,62353.0,117781365.0,9.0
2012-05-30,1920.0,1920.0,1900.0,1904.0,1905.0,1889.0,27095.0,51595500.0,8.0
2012-06-02,1880.0,1900.0,1880.0,1896.0,1880.0,1904.0,20355.0,38539700.0,9.0
2012-06-05,1910.0,1910.0,1900.0,1896.0,1900.0,1896.0,1350.0,2572330.0,2.0
2012-06-09,1835.0,1835.0,1833.0,1885.0,1833.0,1896.0,5000.0,9173200.0,2.0
2012-06-10,1870.0,1870.0,1830.0,1854.0,1850.0,1885.0,51742.0,95904355.0,19.0
2012-06-11,1850.0,1860.0,1800.0,1831.0,1800.0,1854.0,63880.0,116969088.0,21.0
2012-06-16,1854.0,1860.0,1854.0,1855.0,1854.0,1831.0,29000.0,53784090.0,16.0
2012-06-17,1860.0,1861.0,1860.0,1858.0,1860.0,1855.0,14820.0,27568020.0,5.0
2012-06-19,1800.0,1800.0,1787.0,1790.0,1787.0,1858.0,46329.0,82951023.0,6.0
2012-06-20,1762.0,1762.0,1759.0,1763.0,1759.0,1790.0,25300.0,44526900.0,5.0
2012-06-24,1760.0,1799.0,1750.0,1763.0,1799.0,1763.0,254.0,454036.0,3.0
2012-06-25,1740.0,1740.0,1693.0,1739.0,1693.0,1763.0,10276.0,17452236.0,8.0
2012-06-26,1670.0,1670.0,1670.0,1670.0,1670.0,1739.0,47018.0,78520060.0,18.0
2012-06-27,1604.0,1670.0,1604.0,1639.0,1670.0,1670.0,129897.0,212900406.0,27.0
2012-06-30,1610.0,1704.0,1610.0,1678.0,1704.0,1639.0,19150.0,32467400.0,12.0
2012-07-01,1745.0,1745.0,1745.0,1725.0,1745.0,1678.0,19500.0,34027500.0,9.0
2012-07-02,1794.0,1794.0,1794.0,1794.0,1794.0,1725.0,33139.0,59451366.0,5.0
2012-07-03,1865.0,1865.0,1865.0,1865.0,1865.0,1794.0,125310.0,233703150.0,10.0
2012-07-04,1810.0,1810.0,1810.0,1864.0,1810.0,1865.0,514.0,930340.0,1.0
2012-07-07,1850.0,1933.0,1850.0,1871.0,1933.0,1864.0,3000.0,5776839.0,3.0
2012-07-08,1934.0,1934.0,1934.0,1875.0,1934.0,1871.0,2000.0,3868000.0,1.0
2012-07-09,1915.0,1915.0,1910.0,1891.0,1912.0,1875.0,11833.0,22624362.0,8.0
2012-07-10,1816.0,1816.0,1816.0,1845.0,1816.0,1891.0,17050.0,30962800.0,10.0
2012-07-11,1816.0,1816.0,1816.0,1832.0,1816.0,1845.0,13000.0,23608000.0,4.0
2012-07-14,1790.0,1790.0,1759.0,1780.0,1759.0,1832.0,26254.0,46641106.0,13.0
2012-07-15,1709.0,1810.0,1709.0,1795.0,1810.0,1780.0,21660.0,38973307.0,18.0
2013-03-05,1810.0,1882.0,1810.0,1881.0,1882.0,1565.0,168597.0,317091780.0,55.0
2013-03-06,1955.0,1956.0,1955.0,1956.0,1956.0,1881.0,34697.0,67865332.0,7.0
2013-03-09,2034.0,2034.0,2034.0,2022.0,2034.0,1956.0,23634.0,48071556.0,8.0
2013-03-10,2102.0,2102.0,2102.0,2102.0,2102.0,2022.0,161844.0,340196088.0,30.0
2013-03-11,2186.0,2186.0,2183.0,2186.0,2186.0,2102.0,168672.0,368694306.0,49.0
2013-03-12,2257.0,2260.0,2190.0,2248.0,2235.0,2186.0,165137.0,371228557.0,62.0
2013-03-13,2159.0,2245.0,2159.0,2164.0,2159.0,2248.0,116134.0,251278916.0,33.0
2013-03-16,2079.0,2099.0,2078.0,2082.0,2078.0,2164.0,81506.0,169715678.0,24.0
2013-03-17,1999.0,2021.0,1999.0,2003.0,2011.0,2082.0,162362.0,325183548.0,59.0
2013-03-18,1990.0,1990.0,1970.0,1982.0,1970.0,2003.0,22414.0,44306930.0,14.0
2013-03-25,1970.0,2061.0,1970.0,2047.0,2061.0,1982.0,61784.0,126483955.0,25.0
2013-03-26,2105.0,2105.0,2047.0,2061.0,2047.0,2047.0,72752.0,149942444.0,24.0
2013-03-27,2070.0,2070.0,2021.0,2034.0,2026.0,2061.0,60944.0,123988039.0,25.0
2013-03-30,2020.0,2069.0,2019.0,2035.0,2069.0,2034.0,2483.0,5092016.0,6.0
2013-03-31,2050.0,2089.0,2032.0,2063.0,2085.0,2035.0,52965.0,109251550.0,25.0
2013-04-03,2087.0,2116.0,2041.0,2083.0,2116.0,2063.0,22869.0,47744374.0,17.0
2013-04-06,2120.0,2129.0,2073.0,2111.0,2129.0,2083.0,68733.0,145097899.0,19.0
2013-04-07,2120.0,2190.0,2110.0,2153.0,2125.0,2111.0,152288.0,327874538.0,59.0
2013-04-08,2233.0,2239.0,2195.0,2224.0,2239.0,2153.0,55030.0,122381713.0,28.0
2013-04-09,2312.0,2312.0,2250.0,2304.0,2267.0,2224.0,200261.0,461422637.0,70.0
2013-04-10,2230.0,2349.0,2220.0,2316.0,2300.0,2304.0,111170.0,257487465.0,44.0
2013-04-13,2320.0,2320.0,2224.0,2233.0,2224.0,2316.0,95444.0,213109521.0,31.0
2013-04-15,2224.0,2224.0,2162.0,2184.0,2165.0,2233.0,77440.0,169140863.0,30.0
2013-04-16,2124.0,2170.0,2120.0,2140.0,2170.0,2184.0,22577.0,48077822.0,9.0
2013-04-17,2123.0,2225.0,2123.0,2180.0,2225.0,2140.0,74323.0,162042634.0,24.0
2013-04-20,2267.0,2267.0,2267.0,2229.0,2267.0,2180.0,15725.0,35648575.0,9.0
2013-04-21,2317.0,2318.0,2281.0,2317.0,2318.0,2229.0,225234.0,521890010.0,56.0
2013-04-22,2400.0,2400.0,2340.0,2381.0,2399.0,2317.0,135923.0,323688825.0,51.0
2013-04-23,2400.0,2446.0,2400.0,2429.0,2440.0,2381.0,97381.0,236548436.0,19.0
2013-04-24,2400.0,2425.0,2332.0,2347.0,2332.0,2429.0,147742.0,346759780.0,21.0
2013-04-27,2424.0,2424.0,2300.0,2352.0,2390.0,2347.0,75961.0,178623456.0,49.0
2013-04-28,2326.0,2446.0,2326.0,2429.0,2446.0,2352.0,413140.0,1003311933.0,83.0
2013-04-29,2526.0,2526.0,2526.0,2526.0,2526.0,2429.0,157839.0,398701314.0,28.0
2013-04-30,2627.0,2627.0,2610.0,2626.0,2627.0,2526.0,426955.0,1121265424.0,97.0
2013-05-01,2731.0,2731.0,2731.0,2676.0,2731.0,2626.0,13301.0,36325031.0,8.0
2013-05-04,2783.0,2783.0,2782.0,2783.0,2783.0,2676.0,213378.0,593824423.0,45.0
2013-05-05,2894.0,2894.0,2890.0,2894.0,2894.0,2783.0,549505.0,1590233075.0,77.0
2013-05-06,3009.0,3009.0,3009.0,3009.0,3009.0,2894.0,148605.0,447152445.0,17.0
2013-05-07,3129.0,3129.0,3129.0,3129.0,3129.0,3009.0,39440.0,123407760.0,11.0
2013-05-08,3254.0,3254.0,3100.0,3247.0,3254.0,3129.0,594819.0,1931535437.0,120.0
2013-05-11,3376.0,3376.0,3376.0,3376.0,3376.0,3247.0,109389.0,369297264.0,14.0
2013-05-12,3511.0,3511.0,3511.0,3511.0,3511.0,3376.0,37480.0,131592280.0,7.0
2013-05-13,3651.0,3651.0,3651.0,3651.0,3651.0,3511.0,36529.0,133367379.0,12.0
2013-05-14,3797.0,3797.0,3670.0,3790.0,3797.0,3651.0,371960.0,1409744017.0,76.0
2013-05-15,3941.0,3941.0,3941.0,3941.0,3941.0,3790.0,219075.0,863374575.0,36.0
2013-05-18,4098.0,4098.0,4098.0,4098.0,4098.0,3941.0,165862.0,679702476.0,31.0
2013-05-19,4261.0,4261.0,4261.0,4218.0,4261.0,4098.0,20632.0,87912952.0,7.0
2013-05-20,4386.0,4386.0,4386.0,4386.0,4386.0,4218.0,38250.0,167764500.0,7.0
2013-05-21,4561.0,4561.0,4561.0,4561.0,4561.0,4386.0,37186.0,169605346.0,8.0
2013-05-22,4743.0,4743.0,4379.0,4657.0,4743.0,4561.0,1140368.0,5310333765.0,311.0
2013-05-25,4780.0,4843.0,4500.0,4753.0,4800.0,4657.0,962130.0,4573252221.0,262.0
2013-05-26,4898.0,4943.0,4898.0,4941.0,4943.0,4753.0,205641.0,1016131135.0,47.0
2013-05-27,5138.0,5138.0,4801.0,5049.0,4950.0,4941.0,330584.0,1669275685.0,174.0
2013-05-28,5050.0,5250.0,5050.0,5194.0,5250.0,5049.0,226747.0,1177814851.0,104.0
2013-05-29,5401.0,5401.0,5400.0,5401.0,5401.0,5194.0,369249.0,1994273904.0,145.0
2013-06-01,5617.0,5617.0,5617.0,5617.0,5617.0,5401.0,44149.0,247984933.0,14.0
2013-06-02,5393.0,5393.0,5393.0,5393.0,5393.0,5617.0,52651.0,283946843.0,29.0
2013-06-03,5178.0,5178.0,5178.0,5178.0,5178.0,5393.0,42098.0,217983444.0,35.0
2013-06-08,4971.0,5176.0,4971.0,4992.0,4971.0,5178.0,1001938.0,5001711407.0,283.0
2013-06-09,4798.0,5099.0,4793.0,4907.0,5000.0,4992.0,380464.0,1866839829.0,190.0
2013-06-10,5103.0,5103.0,5103.0,5103.0,5103.0,4907.0,30281.0,154523943.0,13.0
2013-06-11,5307.0,5307.0,5307.0,5307.0,5307.0,5103.0,65057.0,345257499.0,15.0
2013-06-12,5519.0,5519.0,5095.0,5418.0,5519.0,5307.0,837978.0,4540190060.0,182.0
2013-06-15,5634.0,5634.0,5310.0,5625.0,5634.0,5418.0,449582.0,2528794244.0,97.0
2013-06-16,5839.0,5850.0,5740.0,5838.0,5850.0,5625.0,392947.0,2293935541.0,166.0
2013-06-17,5917.0,6071.0,5710.0,5936.0,6071.0,5838.0,305785.0,1815064823.0,145.0
2013-06-18,6173.0,6173.0,6173.0,6173.0,6173.0,5936.0,168920.0,1042743160.0,21.0
2013-06-19,6419.0,6419.0,6419.0,6419.0,6419.0,6173.0,54072.0,347088168.0,23.0
2013-06-22,6675.0,6675.0,6675.0,6675.0,6675.0,6419.0,41455.0,276712125.0,18.0
2013-06-23,6942.0,6942.0,6720.0,6939.0,6942.0,6675.0,471213.0,3269794588.0,169.0
2013-06-25,7216.0,7216.0,7200.0,7215.0,7216.0,6939.0,222729.0,1607014691.0,52.0
2013-06-26,7503.0,7503.0,7503.0,7503.0,7503.0,7215.0,38500.0,288865500.0,13.0
2013-06-29,7803.0,7803.0,7803.0,7803.0,7803.0,7503.0,30201.0,235658403.0,12.0
2013-06-30,8115.0,8115.0,8115.0,8115.0,8115.0,7803.0,169514.0,1375606110.0,38.0
2013-07-01,8439.0,8439.0,8430.0,8439.0,8439.0,8115.0,618180.0,5216774151.0,172.0
2013-07-02,8743.0,8776.0,8114.0,8707.0,8776.0,8439.0,450501.0,3922454522.0,219.0
2013-07-03,9039.0,9055.0,8910.0,9051.0,9055.0,8707.0,277212.0,2509076479.0,144.0
2013-07-06,9413.0,9413.0,9413.0,9413.0,9413.0,9051.0,194377.0,1829670701.0,13.0
2013-07-07,9789.0,9789.0,9037.0,9756.0,9789.0,9413.0,446046.0,4351629773.0,207.0
2013-07-08,10146.0,10146.0,10140.0,10146.0,10146.0,9756.0,164170.0,1665638220.0,83.0
2013-07-09,10551.0,10551.0,10551.0,10551.0,10551.0,10146.0,51768.0,546204168.0,21.0
2013-07-10,10973.0,10973.0,10794.0,10971.0,10973.0,10551.0,775394.0,8506814727.0,343.0
2013-07-13,11409.0,11409.0,10533.0,10890.0,10533.0,10971.0,664934.0,7241249968.0,303.0
2013-07-14,10455.0,10455.0,10455.0,10694.0,10455.0,10890.0,12611.0,131848005.0,14.0
2013-07-15,10267.0,10267.0,10267.0,10591.0,10267.0,10694.0,6777.0,69579459.0,5.0
2013-07-16,10168.0,10168.0,10168.0,10284.0,10168.0,10591.0,20326.0,206674768.0,20.0
2013-07-17,9873.0,9873.0,9873.0,9873.0,9873.0,10284.0,67177.0,663238521.0,43.0
2013-07-28,8390.0,8390.0,8055.0,8063.0,8055.0,9423.0,141184.0,1138348670.0,56.0
2013-07-29,7741.0,7741.0,7741.0,7741.0,7741.0,8063.0,39381.0,304848321.0,20.0
2013-07-31,7432.0,7432.0,7432.0,7432.0,7432.0,7741.0,44270.0,329014640.0,35.0
2013-08-03,7135.0,7729.0,7135.0,7483.0,7729.0,7432.0,1447160.0,10828604575.0,660.0
2013-08-04,7782.0,7782.0,7782.0,7782.0,7782.0,7483.0,30121.0,234401622.0,17.0
2013-08-05,8093.0,8093.0,8090.0,8093.0,8093.0,7782.0,524541.0,4244955171.0,117.0
2013-08-06,8100.0,8100.0,7770.0,7826.0,7770.0,8093.0,232936.0,1822997500.0,114.0
2013-08-07,7513.0,7514.0,7513.0,7513.0,7513.0,7826.0,255937.0,1922855711.0,58.0
2013-08-11,7214.0,7513.0,7213.0,7220.0,7250.0,7513.0,1152546.0,8321314017.0,311.0
2013-08-12,7489.0,7508.0,7320.0,7458.0,7508.0,7220.0,430436.0,3210303376.0,195.0
2013-08-13,7756.0,7756.0,7160.0,7221.0,7160.0,7458.0,359254.0,2594268742.0,182.0
2013-08-14,7100.0,7100.0,6933.0,6943.0,6933.0,7221.0,65278.0,453194651.0,46.0
2013-08-17,6700.0,6715.0,6666.0,6675.0,6666.0,6943.0,56969.0,380278110.0,51.0
2013-08-18,6408.0,6650.0,6408.0,6410.0,6408.0,6675.0,345266.0,2213066511.0,130.0
2013-08-19,6154.0,6666.0,6154.0,6525.0,6666.0,6410.0,280994.0,1833555982.0,135.0
2013-08-20,6786.0,6786.0,6719.0,6775.0,6786.0,6525.0,268757.0,1820860962.0,116.0
2013-08-21,7000.0,7000.0,6504.0,6650.0,6504.0,6775.0,246838.0,1641475148.0,100.0
2013-08-24,6384.0,6384.0,6384.0,6384.0,6384.0,6650.0,35699.0,227902416.0,24.0
2013-08-25,6129.0,6639.0,6129.0,6440.0,6639.0,6384.0,336351.0,2166113596.0,140.0
2013-08-26,6201.0,6697.0,6201.0,6661.0,6697.0,6440.0,126169.0,840388917.0,54.0
2013-08-27,6820.0,6927.0,6395.0,6871.0,6895.0,6661.0,381147.0,2618852899.0,140.0
2013-08-28,6630.0,6630.0,6597.0,6600.0,6597.0,6871.0,47660.0,314577900.0,36.0
2013-08-31,6336.0,6336.0,6336.0,6336.0,6336.0,6600.0,91351.0,578799936.0,57.0
2013-09-01,6220.0,6580.0,6130.0,6417.0,6267.0,6336.0,35086.0,225138758.0,61.0
2013-09-03,6400.0,6673.0,6250.0,6607.0,6672.0,6417.0,164194.0,1084757274.0,112.0
2013-09-04,6550.0,6550.0,6343.0,6581.0,6343.0,6607.0,4766.0,30758112.0,10.0
2013-09-07,6844.0,6844.0,6340.0,6800.0,6680.0,6581.0,214978.0,1461802662.0,158.0
2013-09-08,7072.0,7072.0,6699.0,7035.0,7072.0,6800.0,356513.0,2508224419.0,151.0
2013-09-09,7316.0,7316.0,7316.0,7316.0,7316.0,7035.0,303399.0,2219667084.0,99.0
2013-09-10,7608.0,7608.0,7608.0,7608.0,7608.0,7316.0,71340.0,542754720.0,40.0
2013-09-11,7912.0,7912.0,7700.0,7909.0,7899.0,7608.0,362531.0,2867261624.0,200.0
2013-09-14,7700.0,7700.0,7593.0,7670.0,7593.0,7909.0,23212.0,176887399.0,24.0
2013-09-15,7976.0,7976.0,7364.0,7774.0,7948.0,7670.0,571610.0,4443868979.0,273.0
2013-09-16,7999.0,8000.0,7464.0,7524.0,7464.0,7774.0,225011.0,1692980034.0,115.0
2013-09-17,7224.0,7383.0,7224.0,7226.0,7224.0,7524.0,197453.0,1426732967.0,99.0
2013-09-18,6937.0,7226.0,6937.0,6956.0,7125.0,7226.0,192877.0,1341697791.0,111.0
2013-09-21,7200.0,7234.0,6800.0,7203.0,7234.0,6956.0,90776.0,653869353.0,107.0
2013-09-22,7491.0,7491.0,6915.0,7146.0,6915.0,7203.0,63158.0,451323707.0,75.0
2013-09-23,7360.0,7360.0,6861.0,6914.0,7000.0,7146.0,680725.0,4706224844.0,223.0
2013-09-24,7030.0,7190.0,6900.0,7099.0,6940.0,6914.0,158891.0,1128042110.0,98.0
2013-09-25,6943.0,7350.0,6942.0,7181.0,7200.0,7099.0,186933.0,1342313361.0,109.0
2013-09-28,7320.0,7320.0,6894.0,6915.0,6894.0,7181.0,270302.0,1869244440.0,126.0
2013-09-29,6940.0,7180.0,6940.0,7057.0,7097.0,6915.0,153852.0,1085798377.0,97.0
2013-09-30,7100.0,7200.0,6800.0,7027.0,7100.0,7057.0,90576.0,636469284.0,69.0
2013-10-01,6830.0,7080.0,6746.0,6879.0,6880.0,7027.0,97542.0,671005764.0,51.0
2013-10-02,6811.0,7154.0,6811.0,7122.0,7154.0,6879.0,225371.0,1605023055.0,91.0
2013-10-05,7406.0,7406.0,7390.0,7405.0,7406.0,7122.0,270821.0,2005485583.0,102.0
2013-10-06,7701.0,7701.0,7405.0,7691.0,7701.0,7405.0,479720.0,3689404659.0,130.0
2013-10-07,7782.0,7900.0,7384.0,7441.0,7384.0,7691.0,268434.0,1997295347.0,93.0
2013-10-08,7268.0,7268.0,7144.0,7147.0,7144.0,7441.0,179664.0,1284144317.0,75.0
2013-10-09,7000.0,7409.0,6930.0,7201.0,7000.0,7147.0,90991.0,655228956.0,70.0
2013-10-12,6980.0,7381.0,6980.0,7179.0,7000.0,7201.0,84595.0,607342842.0,65.0
2013-10-13,7010.0,7050.0,6895.0,6937.0,6901.0,7179.0,215319.0,1493596428.0,108.0
2013-10-14,6800.0,7015.0,6800.0,6931.0,6980.0,6937.0,55631.0,385554925.0,44.0
2013-10-15,6930.0,7150.0,6654.0,6797.0,6860.0,6931.0,176714.0,1201075090.0,72.0
2013-10-19,7000.0,7000.0,6651.0,6778.0,6651.0,6797.0,75361.0,510806681.0,42.0
2013-10-20,6515.0,6750.0,6507.0,6512.0,6512.0,6778.0,146241.0,952325733.0,99.0
2013-10-21,6500.0,6600.0,6440.0,6492.0,6490.0,6512.0,38708.0,251286355.0,24.0
2013-10-22,6490.0,6649.0,6302.0,6492.0,6550.0,6492.0,40120.0,260478664.0,31.0
2013-10-23,6580.0,6751.0,6520.0,6712.0,6751.0,6492.0,72862.0,489021065.0,50.0
2013-10-26,6973.0,6973.0,6800.0,6885.0,6880.0,6712.0,43093.0,296689087.0,43.0
2013-10-27,6949.0,6949.0,6610.0,6739.0,6799.0,6885.0,29212.0,196857447.0,29.0
2013-10-28,6501.0,6930.0,6470.0,6633.0,6930.0,6739.0,165888.0,1100353726.0,87.0
2013-10-29,6737.0,6869.0,6470.0,6701.0,6869.0,6633.0,75128.0,503416230.0,28.0
2013-10-30,6900.0,6969.0,6801.0,6915.0,6900.0,6701.0,67272.0,465196355.0,42.0
2013-11-02,6998.0,7100.0,6850.0,7000.0,7070.0,6915.0,67664.0,473642473.0,37.0
2013-11-03,7139.0,7139.0,7050.0,7089.0,7119.0,7000.0,69012.0,489192964.0,33.0
2013-11-04,6950.0,7170.0,6830.0,7089.0,6830.0,7089.0,109157.0,773825819.0,43.0
2013-11-05,6830.0,7190.0,6830.0,6953.0,6950.0,7089.0,106406.0,739792014.0,38.0
2013-11-06,7000.0,7000.0,6950.0,6957.0,7000.0,6953.0,61955.0,431021010.0,26.0
2013-11-09,7095.0,7095.0,6750.0,6949.0,7000.0,6957.0,6231.0,43120600.0,11.0
2013-11-10,6751.0,7000.0,6680.0,6834.0,6900.0,6949.0,19114.0,129593265.0,28.0
2013-11-12,7107.0,7107.0,7050.0,7103.0,7107.0,6834.0,92268.0,655351940.0,54.0
2013-11-16,7337.0,7337.0,7000.0,7139.0,7120.0,7103.0,25459.0,181853190.0,29.0
2013-11-17,7050.0,7150.0,7020.0,7073.0,7113.0,7139.0,17087.0,120123140.0,24.0
2013-11-18,7021.0,7053.0,7020.0,7027.0,7021.0,7073.0,73869.0,519091743.0,34.0
2013-11-19,7100.0,7100.0,7020.0,7069.0,7080.0,7027.0,27365.0,193471276.0,20.0
2013-11-20,7100.0,7110.0,7020.0,7035.0,7030.0,7069.0,43503.0,306033830.0,22.0
2013-11-23,7030.0,7100.0,7030.0,7073.0,7090.0,7035.0,72480.0,512670103.0,36.0
2013-11-24,7024.0,7210.0,7020.0,7099.0,7210.0,7073.0,147231.0,1045192451.0,62.0
2013-11-25,7183.0,7183.0,7051.0,7105.0,7100.0,7099.0,106565.0,757112884.0,29.0
2013-11-26,7021.0,7070.0,7000.0,7004.0,7070.0,7105.0,485603.0,3401135155.0,47.0
2013-11-27,7050.0,7249.0,6999.0,7014.0,7000.0,7004.0,150023.0,1052191351.0,52.0
2013-11-30,7185.0,7222.0,7000.0,7151.0,7100.0,7014.0,27920.0,199655614.0,30.0
2013-12-01,7100.0,7200.0,6883.0,7075.0,7132.0,7151.0,34382.0,243258544.0,34.0
2013-12-02,7170.0,7194.0,7000.0,7109.0,7110.0,7075.0,74270.0,527963386.0,42.0
2013-12-03,7200.0,7200.0,6913.0,6973.0,6913.0,7109.0,74991.0,522946744.0,16.0
2013-12-04,7000.0,7180.0,7000.0,7125.0,7180.0,6973.0,51078.0,363954024.0,36.0
2013-12-07,7218.0,7220.0,7010.0,7164.0,7090.0,7125.0,21916.0,157230677.0,20.0
2013-12-08,7100.0,7197.0,6921.0,7071.0,6922.0,7164.0,35564.0,251463825.0,32.0
2013-12-09,6930.0,6930.0,6789.0,6802.0,6800.0,7071.0,73321.0,498740453.0,39.0
2013-12-10,6795.0,6955.0,6795.0,6809.0,6861.0,6802.0,9603.0,65508000.0,14.0
2013-12-11,6800.0,6999.0,6560.0,6805.0,6999.0,6809.0,35193.0,239492345.0,44.0
2013-12-14,6737.0,6999.0,6737.0,6984.0,6910.0,6805.0,41482.0,289717230.0,38.0
2013-12-15,7000.0,7100.0,6911.0,7023.0,7000.0,6984.0,26957.0,189369876.0,26.0
2013-12-16,7000.0,7303.0,7000.0,7184.0,7303.0,7023.0,115965.0,833111803.0,70.0
2013-12-17,7471.0,7471.0,7471.0,7416.0,7471.0,7184.0,22640.0,169143440.0,22.0
2013-12-18,7712.0,7712.0,7712.0,7712.0,7712.0,7416.0,28801.0,222113312.0,18.0
2013-12-21,8020.0,8020.0,8020.0,7904.0,8020.0,7712.0,17439.0,139860780.0,14.0
2013-12-22,8220.0,8220.0,8220.0,8220.0,8220.0,7904.0,48920.0,402122400.0,14.0
2013-12-24,8548.0,8548.0,8548.0,8548.0,8548.0,8220.0,90517.0,773739316.0,18.0
2013-12-25,8889.0,8889.0,8889.0,8889.0,8889.0,8548.0,65659.0,583642851.0,16.0
2013-12-28,9244.0,9244.0,9244.0,9244.0,9244.0,8889.0,29378.0,271570232.0,13.0
2013-12-29,9613.0,9613.0,9613.0,9613.0,9613.0,9244.0,152783.0,1468702979.0,45.0
2013-12-30,9997.0,9997.0,9229.0,9852.0,9997.0,9613.0,488926.0,4816806669.0,254.0
2014-01-01,10240.0,10240.0,9458.0,9587.0,9458.0,9852.0,96734.0,927387307.0,56.0
2014-01-04,9204.0,9295.0,9204.0,9207.0,9204.0,9587.0,279669.0,2575033232.0,81.0
2014-01-05,9100.0,9450.0,9000.0,9267.0,9390.0,9207.0,82847.0,767774534.0,78.0
2014-01-06,9395.0,9395.0,8897.0,8998.0,9150.0,9267.0,96135.0,865006812.0,54.0
2014-01-07,9357.0,9357.0,9339.0,9353.0,9357.0,8998.0,63089.0,590094389.0,46.0
2014-01-08,9727.0,9727.0,9727.0,9727.0,9727.0,9353.0,82772.0,805123244.0,29.0
2014-01-11,10116.0,10116.0,10116.0,10116.0,10116.0,9727.0,44587.0,451042092.0,32.0
2014-01-12,10520.0,10520.0,10520.0,10381.0,10520.0,10116.0,18350.0,193042000.0,2.0
2014-01-25,9966.0,9966.0,9966.0,10328.0,9966.0,10381.0,3586.0,35738076.0,7.0
2014-01-27,9915.0,9915.0,9915.0,10310.0,9915.0,10328.0,1209.0,11987235.0,2.0
2014-01-29,9898.0,9898.0,9898.0,9948.0,9898.0,10310.0,24620.0,243688760.0,6.0
2014-02-01,9551.0,9551.0,9551.0,9551.0,9551.0,9948.0,45593.0,435458743.0,21.0
2014-02-02,9169.0,9240.0,9169.0,9177.0,9200.0,9551.0,311220.0,2855943574.0,110.0
2014-02-03,9410.0,9410.0,8810.0,8827.0,9300.0,9177.0,44682.0,394427370.0,25.0
2014-02-04,8480.0,9180.0,8480.0,9142.0,9180.0,8827.0,25699.0,235657385.0,26.0
2014-02-05,9499.0,9499.0,9000.0,9067.0,9110.0,9142.0,44819.0,406356660.0,30.0
2014-02-08,8705.0,8705.0,8705.0,8705.0,8705.0,9067.0,157498.0,1371020090.0,29.0
2014-02-09,8357.0,8900.0,8357.0,8384.0,8550.0,8705.0,50519.0,423531851.0,20.0
2014-02-10,8606.0,8606.0,8049.0,8383.0,8599.0,8384.0,440.0,3674400.0,3.0
2014-02-12,8100.0,8567.0,8100.0,8391.0,8500.0,8383.0,117011.0,981845108.0,33.0
2014-02-15,8056.0,8726.0,8056.0,8466.0,8726.0,8391.0,11065.0,94950940.0,10.0
2014-02-16,8141.0,8653.0,8141.0,8470.0,8470.0,8466.0,3475.0,29542385.0,7.0
2014-02-17,8653.0,8653.0,8132.0,8209.0,8145.0,8470.0,51950.0,426464531.0,19.0
2014-02-18,8500.0,8500.0,8199.0,8220.0,8200.0,8209.0,2320.0,19359970.0,5.0
2014-02-19,8200.0,8200.0,8200.0,8219.0,8200.0,8220.0,1068.0,8757600.0,5.0
2014-02-22,8400.0,8400.0,7891.0,8017.0,8200.0,8219.0,34602.0,277394418.0,18.0
2014-02-23,8150.0,8250.0,7710.0,8010.0,7711.0,8017.0,5299.0,42275313.0,10.0
2014-02-24,7694.0,7694.0,7691.0,7975.0,7691.0,8010.0,3118.0,23985888.0,6.0
2014-02-25,7656.0,7656.0,7656.0,7667.0,7656.0,7975.0,27000.0,206712000.0,3.0
2014-02-26,7361.0,7371.0,7361.0,7361.0,7361.0,7667.0,75725.0,557417085.0,14.0
2014-03-01,7654.0,7655.0,7067.0,7520.0,7655.0,7361.0,15379.0,117645039.0,19.0
2014-03-03,7809.0,7809.0,7220.0,7524.0,7220.0,7520.0,1810.0,13716100.0,3.0
2014-03-04,7224.0,7524.0,7224.0,7481.0,7380.0,7524.0,4944.0,36002811.0,11.0
2014-03-05,7770.0,7770.0,7182.0,7471.0,7251.0,7481.0,1461.0,10639647.0,6.0
2014-03-08,7173.0,7173.0,7173.0,7415.0,7173.0,7471.0,5275.0,37837575.0,10.0
2014-03-09,7119.0,7119.0,7119.0,7385.0,7119.0,7415.0,2824.0,20104056.0,4.0
2014-03-10,7090.0,7090.0,7090.0,7174.0,7090.0,7385.0,20005.0,141835450.0,6.0
2014-03-11,6888.0,6888.0,6888.0,7041.0,6888.0,7174.0,13014.0,89640432.0,10.0
2014-03-12,7110.0,7110.0,6800.0,7041.0,6800.0,7041.0,510.0,3592000.0,4.0
2014-03-15,6762.0,7100.0,6762.0,6773.0,7100.0,7041.0,59637.0,403908647.0,12.0
2014-03-16,6520.0,7043.0,6520.0,6923.0,7043.0,6773.0,15614.0,109943775.0,10.0
2014-03-17,7110.0,7110.0,7100.0,7048.0,7100.0,6923.0,19039.0,135301180.0,40.0
2014-03-18,7100.0,7110.0,6770.0,7051.0,7110.0,7048.0,10992.0,77562954.0,27.0
2014-03-19,7110.0,7333.0,7110.0,7258.0,7330.0,7051.0,30496.0,221338719.0,29.0
2014-03-25,7548.0,7548.0,7268.0,7268.0,7268.0,7258.0,1400.0,10455200.0,3.0
2014-03-26,7500.0,7557.0,7500.0,7485.0,7555.0,7268.0,21554.0,162725470.0,5.0
2014-03-29,7555.0,7782.0,7555.0,7495.0,7779.0,7485.0,1399.0,10765456.0,5.0
2014-03-30,7787.0,7787.0,7500.0,7511.0,7506.0,7495.0,7150.0,54026390.0,16.0
2014-03-31,7799.0,7800.0,7600.0,7540.0,7780.0,7511.0,4355.0,33524600.0,7.0
2014-04-05,7780.0,7780.0,7241.0,7424.0,7244.0,7540.0,15531.0,113869677.0,15.0
2014-04-06,7130.0,7444.0,7128.0,7389.0,7444.0,7424.0,7647.0,55801621.0,16.0
2014-04-07,7150.0,7150.0,7150.0,7373.0,7150.0,7389.0,1900.0,13585000.0,3.0
2014-04-09,7080.0,7600.0,7080.0,7380.0,7500.0,7373.0,8943.0,66143940.0,13.0
2014-04-12,7250.0,7300.0,7151.0,7375.0,7151.0,7380.0,1083.0,7853440.0,6.0
2014-04-13,7200.0,7200.0,7200.0,7369.0,7200.0,7375.0,1000.0,7200000.0,1.0
2014-04-14,7075.0,7650.0,7075.0,7250.0,7075.0,7369.0,14863.0,106193875.0,11.0
2014-04-15,6960.0,6961.0,6960.0,7189.0,6960.0,7250.0,5889.0,40988070.0,10.0
2014-04-16,7000.0,7474.0,6950.0,7193.0,6950.0,7189.0,4403.0,31765300.0,11.0
2014-04-19,6955.0,6955.0,6906.0,7189.0,6906.0,7193.0,500.0,3471816.0,2.0
2014-04-20,6902.0,7000.0,6902.0,6978.0,6902.0,7189.0,27465.0,191524430.0,12.0
2014-04-21,6700.0,6800.0,6699.0,6794.0,6737.0,6978.0,83258.0,565650311.0,46.0
2014-04-22,7065.0,7065.0,6750.0,6796.0,7000.0,6794.0,2553.0,17400549.0,6.0
2014-04-23,7030.0,7067.0,6900.0,6974.0,7067.0,6796.0,20821.0,146483289.0,18.0
2014-04-26,7200.0,7252.0,7200.0,7039.0,7252.0,6974.0,6822.0,49393770.0,11.0
2014-04-27,7320.0,7320.0,7070.0,7100.0,7170.0,7039.0,30468.0,216311880.0,13.0
2014-04-28,7170.0,7384.0,7170.0,7114.0,7350.0,7100.0,3839.0,27656760.0,6.0
2014-04-29,7180.0,7380.0,6850.0,7207.0,7350.0,7114.0,27367.0,197294860.0,9.0
2014-05-03,6919.0,7206.0,6919.0,7198.0,7206.0,7207.0,1020.0,7097560.0,4.0
2014-05-05,7190.0,7190.0,7190.0,7197.0,7190.0,7198.0,3318.0,23856420.0,4.0
2014-05-07,6910.0,7171.0,6910.0,7153.0,7171.0,7197.0,4429.0,30640930.0,9.0
2014-05-10,7169.0,7169.0,6867.0,7139.0,6867.0,7153.0,1687.0,11668283.0,2.0
2014-05-11,6854.0,6854.0,6854.0,7132.0,6854.0,7139.0,735.0,5037690.0,1.0
2014-05-12,6847.0,7099.0,6847.0,7097.0,7099.0,7132.0,3817.0,26236339.0,4.0
2014-05-14,6814.0,7100.0,6814.0,6986.0,6814.0,7097.0,11512.0,78585768.0,17.0
2014-05-17,6707.0,7089.0,6707.0,6913.0,7089.0,6986.0,7797.0,52418629.0,8.0
2014-05-18,6914.0,6914.0,6914.0,6913.0,6914.0,6913.0,141.0,974874.0,1.0
2014-05-19,6639.0,6640.0,6639.0,6887.0,6640.0,6913.0,2627.0,17442280.0,4.0
2014-05-20,7099.0,7162.0,7099.0,7129.0,7162.0,6887.0,56048.0,399577449.0,17.0
2014-06-07,7160.0,7414.0,7160.0,7396.0,7414.0,7129.0,27813.0,205749922.0,15.0
2014-06-08,7680.0,7680.0,7109.0,7392.0,7109.0,7396.0,785.0,5681865.0,3.0
2014-06-09,7108.0,7390.0,7108.0,7232.0,7390.0,7392.0,20962.0,150468796.0,7.0
2014-06-10,7107.0,7107.0,6950.0,7154.0,7000.0,7232.0,13536.0,95704590.0,6.0
2014-06-11,6870.0,7440.0,6870.0,7152.0,7440.0,7154.0,426.0,3003000.0,2.0
2014-06-14,6872.0,6872.0,6872.0,7106.0,6872.0,7152.0,4556.0,31308832.0,3.0
2014-06-15,6824.0,6824.0,6824.0,7074.0,6824.0,7106.0,3190.0,21768560.0,3.0
2014-06-16,7074.0,7074.0,6808.0,7068.0,7074.0,7074.0,2536.0,17766764.0,6.0
2014-06-18,7068.0,7068.0,6788.0,7053.0,6788.0,7068.0,1767.0,12069156.0,2.0
2014-06-21,6810.0,6810.0,6810.0,7029.0,6810.0,7053.0,2750.0,18727500.0,1.0
2014-06-22,6871.0,7000.0,6868.0,7009.0,7000.0,7029.0,3573.0,24559554.0,7.0
2014-06-23,7000.0,7000.0,7000.0,7009.0,7000.0,7009.0,639.0,4473000.0,3.0
2014-06-24,7140.0,7140.0,6990.0,7010.0,6990.0,7009.0,312.0,2202280.0,3.0
2014-06-25,6970.0,7290.0,6970.0,7051.0,7000.0,7010.0,5450.0,39349075.0,6.0
2014-06-28,6772.0,6900.0,6771.0,7021.0,6900.0,7051.0,3049.0,20650087.0,5.0
2014-06-29,6750.0,6900.0,6750.0,6897.0,6900.0,7021.0,22270.0,152875215.0,15.0
2014-06-30,7170.0,7172.0,7170.0,7116.0,7172.0,6897.0,22283.0,159812276.0,12.0
2014-07-01,7310.0,7400.0,7252.0,7390.0,7400.0,7116.0,50685.0,374552734.0,31.0
2014-07-08,6853.0,6853.0,6853.0,6751.0,6853.0,6590.0,17115.0,117289095.0,8.0
2014-07-09,6853.0,6853.0,6853.0,6752.0,6853.0,6751.0,300.0,2055900.0,1.0
2014-07-20,6500.0,6500.0,6500.0,6727.0,6500.0,6752.0,2760.0,17940000.0,3.0
2014-07-21,6800.0,6996.0,6800.0,6982.0,6996.0,6727.0,60631.0,423333440.0,6.0
2014-07-22,6750.0,6750.0,6750.0,6981.0,6750.0,6982.0,70.0,472500.0,1.0
2014-07-23,6802.0,6807.0,6802.0,6803.0,6807.0,6981.0,31454.0,213977628.0,12.0
2014-07-26,7075.0,7075.0,6650.0,6806.0,6650.0,6803.0,987.0,6791350.0,3.0
2014-07-27,6670.0,6690.0,6670.0,6686.0,6689.0,6806.0,63357.0,423598872.0,16.0
2014-07-28,6814.0,6815.0,6700.0,6694.0,6700.0,6686.0,1907.0,12979410.0,4.0
2014-08-03,6961.0,6961.0,6961.0,6730.0,6961.0,6694.0,3771.0,26249931.0,5.0
2014-08-04,6999.0,6999.0,6999.0,6740.0,6999.0,6730.0,1000.0,6999000.0,2.0
2014-08-05,7009.0,7009.0,7009.0,6906.0,7009.0,6740.0,17267.0,121024403.0,11.0
2014-08-06,7182.0,7182.0,7182.0,6924.0,7182.0,6906.0,1841.0,13222062.0,4.0
2014-08-09,7200.0,7200.0,7200.0,6932.0,7200.0,6924.0,804.0,5788800.0,3.0
2014-08-10,7209.0,7209.0,7209.0,6936.0,7209.0,6932.0,358.0,2580822.0,3.0
2014-08-11,7213.0,7213.0,7213.0,6956.0,7213.0,6936.0,2020.0,14570260.0,3.0
2014-08-12,7234.0,7234.0,7234.0,6970.0,7234.0,6956.0,1436.0,10388024.0,3.0
2014-08-13,7248.0,7248.0,7248.0,6974.0,7248.0,6970.0,436.0,3160128.0,2.0
2014-08-16,7252.0,7252.0,7252.0,7015.0,7252.0,6974.0,4128.0,29936256.0,3.0
2014-08-17,7295.0,7295.0,7295.0,7061.0,7295.0,7015.0,4617.0,33681015.0,4.0
2014-08-18,7343.0,7343.0,7343.0,7066.0,7343.0,7061.0,470.0,3451210.0,2.0
2014-08-19,7348.0,7348.0,7348.0,7136.0,7348.0,7066.0,7000.0,51436000.0,4.0
2014-08-20,7421.0,7421.0,7421.0,7151.0,7421.0,7136.0,1476.0,10953396.0,2.0
2014-08-23,7437.0,7437.0,7437.0,7170.0,7437.0,7151.0,1902.0,14145174.0,4.0
2014-08-25,7456.0,7456.0,7456.0,7175.0,7456.0,7170.0,536.0,3996416.0,1.0
2014-08-26,7462.0,7462.0,7462.0,7202.0,7462.0,7175.0,2611.0,19483282.0,2.0
2014-08-27,7490.0,7490.0,7490.0,7265.0,7490.0,7202.0,6100.0,45689000.0,4.0
2014-08-30,7555.0,7555.0,7555.0,7306.0,7555.0,7265.0,4000.0,30220000.0,8.0
2014-08-31,7598.0,7598.0,7598.0,7306.0,7598.0,7306.0,20.0,151960.0,2.0
2014-09-01,7598.0,7598.0,7598.0,7306.0,7598.0,7306.0,30.0,227940.0,3.0
2014-09-02,7598.0,7598.0,7598.0,7327.0,7598.0,7306.0,2000.0,15196000.0,1.0
2014-09-06,7620.0,7620.0,7620.0,7536.0,7620.0,7327.0,20000.0,152400000.0,1.0
2014-09-07,7837.0,7837.0,7837.0,7536.0,7837.0,7536.0,10.0,78370.0,1.0
2014-09-08,7837.0,7837.0,7837.0,7536.0,7837.0,7536.0,1.0,7837.0,1.0
2014-09-09,7837.0,7837.0,7837.0,7536.0,7837.0,7536.0,1.0,7837.0,1.0
2014-09-10,7837.0,7837.0,7837.0,7536.0,7837.0,7536.0,25.0,195925.0,3.0
2014-09-13,7837.0,7837.0,7837.0,7761.0,7837.0,7536.0,20915.0,163910855.0,3.0
2014-09-15,8071.0,8071.0,8071.0,7833.0,8071.0,7761.0,6544.0,52816624.0,3.0
2014-09-16,8146.0,8146.0,8146.0,7854.0,8146.0,7833.0,1850.0,15070100.0,1.0
2014-09-17,8168.0,8168.0,8168.0,7876.0,8168.0,7854.0,2000.0,16336000.0,1.0
2014-09-20,8191.0,8191.0,8191.0,7885.0,8191.0,7876.0,825.0,6757575.0,4.0
2014-09-21,8200.0,8200.0,8200.0,7957.0,8200.0,7885.0,6401.0,52488200.0,2.0
2014-09-23,8275.0,8275.0,8275.0,8185.0,8275.0,7957.0,20050.0,165913750.0,3.0
2014-09-24,8512.0,8512.0,8512.0,8364.0,8512.0,8185.0,15300.0,130233600.0,4.0
2014-09-27,8698.0,8698.0,8698.0,8368.0,8698.0,8364.0,310.0,2696380.0,1.0
2014-09-28,8702.0,8702.0,8702.0,8510.0,8702.0,8368.0,11918.0,103710436.0,2.0
2014-09-29,8850.0,8850.0,8850.0,8753.0,8850.0,8510.0,20000.0,177000000.0,1.0
2014-09-30,9103.0,9103.0,9103.0,8753.0,9103.0,8753.0,10.0,91030.0,2.0
2014-10-01,9103.0,9103.0,9103.0,8755.0,9103.0,8753.0,181.0,1647643.0,1.0
2014-10-04,9105.0,9105.0,9105.0,9105.0,9105.0,8755.0,42829.0,389958045.0,6.0
2014-10-06,9469.0,9469.0,9469.0,9116.0,9469.0,9105.0,831.0,7868739.0,3.0
2014-10-07,9480.0,9480.0,9480.0,9271.0,9480.0,9116.0,11905.0,112859400.0,2.0
2014-10-08,9641.0,9641.0,9641.0,9275.0,9641.0,9271.0,320.0,3085120.0,3.0
2014-10-11,9646.0,9646.0,9646.0,9541.0,9646.0,9275.0,20038.0,193286548.0,4.0
2014-10-12,9922.0,9922.0,9922.0,9679.0,9922.0,9541.0,10121.0,100420562.0,6.0
2014-10-14,10066.0,10066.0,10066.0,10066.0,10066.0,9679.0,37222.0,374676652.0,9.0
2014-10-15,10468.0,10468.0,10468.0,10131.0,10468.0,10066.0,4522.0,47336296.0,2.0
2014-10-18,10536.0,10536.0,10536.0,10318.0,10536.0,10131.0,12900.0,135914400.0,7.0
2014-10-19,10730.0,10730.0,10730.0,10730.0,10730.0,10318.0,28000.0,300440000.0,8.0
2014-10-20,11159.0,11159.0,11159.0,10761.0,11159.0,10730.0,2009.0,22418431.0,2.0
2014-10-21,11191.0,11191.0,10331.0,10576.0,10331.0,10761.0,155137.0,1640708766.0,100.0
2014-10-22,10153.0,10153.0,10153.0,10451.0,10153.0,10576.0,8261.0,83873933.0,4.0
2014-10-25,10033.0,10033.0,10033.0,10272.0,10033.0,10451.0,11991.0,120305703.0,6.0
2014-10-27,9862.0,9862.0,9862.0,10110.0,9862.0,10272.0,11070.0,109172340.0,15.0
2014-10-28,9706.0,9862.0,9706.0,9753.0,9706.0,10110.0,28000.0,273093432.0,13.0
2014-10-29,9370.0,10140.0,9363.0,9584.0,9950.0,9753.0,95990.0,920008352.0,91.0
2014-11-01,9967.0,9967.0,9850.0,9958.0,9967.0,9584.0,28565.0,284463250.0,27.0
2014-11-02,10356.0,10356.0,10356.0,10356.0,10356.0,9958.0,76528.0,792523968.0,30.0
2014-11-05,10770.0,10770.0,10000.0,10643.0,10000.0,10356.0,91200.0,970638245.0,19.0
2014-11-08,10219.0,10219.0,10218.0,10303.0,10218.0,10643.0,22403.0,228914178.0,15.0
2014-11-09,9891.0,9891.0,9891.0,10200.0,9891.0,10303.0,7016.0,69395256.0,2.0
2014-11-10,9792.0,10600.0,9792.0,9953.0,10599.0,10200.0,153868.0,1531517179.0,53.0
2014-11-11,10351.0,10351.0,10351.0,10286.0,10351.0,9953.0,23394.0,242151294.0,15.0
2014-11-12,10600.0,10600.0,9875.0,10055.0,9910.0,10286.0,20365.0,203016275.0,30.0
2014-11-15,9653.0,9661.0,9653.0,9654.0,9657.0,10055.0,38820.0,374757169.0,13.0
2014-11-16,9600.0,9999.0,9400.0,9638.0,9700.0,9654.0,3778.0,36019309.0,7.0
2014-11-17,9701.0,10023.0,9710.0,9725.0,9710.0,9638.0,14421.0,141418483.0,16.0
2014-11-18,9998.0,10110.0,9725.0,9888.0,10034.0,9725.0,63126.0,624166648.0,19.0
2014-11-19,9700.0,10240.0,9700.0,9862.0,9900.0,9888.0,28566.0,281704763.0,39.0
2014-11-22,9800.0,10231.0,9765.0,10082.0,10199.0,9862.0,60981.0,614807470.0,15.0
2014-11-23,10248.0,10400.0,9782.0,10320.0,10393.0,10082.0,39149.0,404033045.0,20.0
2014-11-24,10101.0,10440.0,9909.0,10277.0,10350.0,10320.0,62460.0,641886441.0,33.0
2014-11-25,9866.0,9866.0,9866.0,10239.0,9866.0,10277.0,2591.0,25562806.0,9.0
2014-11-26,9866.0,10248.0,9866.0,10219.0,10221.0,10239.0,2154.0,21505164.0,5.0
2014-11-29,10489.0,10489.0,9814.0,10211.0,9814.0,10219.0,4368.0,44415398.0,9.0
2014-11-30,9810.0,9810.0,9803.0,10199.0,9803.0,10211.0,800.0,7843800.0,2.0
2014-12-01,10000.0,10000.0,9792.0,9831.0,9802.0,10199.0,54797.0,538712924.0,19.0
2014-12-02,9500.0,9500.0,9438.0,9458.0,9438.0,9831.0,27907.0,263900326.0,13.0
2014-12-03,9300.0,9300.0,9080.0,9301.0,9080.0,9458.0,12490.0,113744750.0,12.0
2014-12-06,9320.0,9320.0,8929.0,9143.0,8929.0,9301.0,17150.0,155101500.0,9.0
2014-12-07,8778.0,8778.0,8778.0,9086.0,8778.0,9143.0,4370.0,38359860.0,6.0
2014-12-08,8850.0,8850.0,8723.0,9042.0,8723.0,9086.0,3435.0,29981155.0,4.0
2014-12-10,8850.0,8850.0,8681.0,9021.0,8681.0,9042.0,1725.0,15015467.0,3.0
2014-12-16,8661.0,8680.0,8661.0,8665.0,8670.0,9021.0,37000.0,320588000.0,7.0
2014-12-17,8319.0,9000.0,8319.0,8321.0,9000.0,8665.0,38145.0,317420311.0,10.0
2014-12-20,8653.0,8653.0,8653.0,8335.0,8653.0,8321.0,1173.0,10149969.0,2.0
2014-12-22,8600.0,8600.0,8600.0,8337.0,8600.0,8335.0,261.0,2244600.0,1.0
2014-12-24,8670.0,8670.0,8670.0,8343.0,8670.0,8337.0,500.0,4335000.0,1.0
2014-12-27,8676.0,8676.0,8676.0,8367.0,8676.0,8343.0,2051.0,17794476.0,2.0
2014-12-28,8701.0,8701.0,8701.0,8440.0,8701.0,8367.0,6150.0,53511150.0,5.0
2014-12-29,8450.0,8450.0,8450.0,8440.0,8450.0,8440.0,51.0,430950.0,1.0
2014-12-30,8775.0,8776.0,8775.0,8451.0,8776.0,8440.0,932.0,8179207.0,2.0
2014-12-31,8789.0,8789.0,8789.0,8545.0,8789.0,8451.0,7826.0,68782714.0,18.0
2015-01-03,8886.0,8886.0,8500.0,8591.0,8886.0,8545.0,4037.0,35775896.0,6.0
2015-01-04,8934.0,8934.0,8934.0,8681.0,8934.0,8591.0,7372.0,65861448.0,11.0
2015-01-05,8681.0,9028.0,8681.0,8696.0,9028.0,8681.0,1812.0,16154700.0,3.0
2015-01-06,9043.0,9043.0,9043.0,8908.0,9043.0,8696.0,17132.0,154924676.0,17.0
2015-01-07,9264.0,9264.0,9264.0,9113.0,9264.0,8908.0,16102.0,149168928.0,11.0
2015-01-10,9477.0,9477.0,9000.0,9439.0,9476.0,9113.0,160489.0,1514910724.0,52.0
2015-01-11,9816.0,9816.0,9750.0,9802.0,9816.0,9439.0,118068.0,1157340702.0,54.0
2015-01-12,10194.0,10194.0,10194.0,10194.0,10194.0,9802.0,32438.0,330672972.0,24.0
2015-01-13,10601.0,10601.0,9787.0,10270.0,10000.0,10194.0,81556.0,837575528.0,49.0
2015-01-14,9860.0,10000.0,9860.0,9868.0,9860.0,10270.0,27475.0,270923100.0,19.0
2015-01-17,9800.0,9800.0,9474.0,9735.0,9790.0,9868.0,17286.0,166862766.0,19.0
2015-01-18,9776.0,9776.0,9346.0,9728.0,9346.0,9735.0,833.0,7927076.0,4.0
2015-01-19,9340.0,9340.0,9339.0,9726.0,9339.0,9728.0,160.0,1494350.0,2.0
2015-01-20,9337.0,9970.0,9337.0,9448.0,9337.0,9726.0,32702.0,308959366.0,23.0
2015-01-21,9071.0,9799.0,9071.0,9265.0,9071.0,9448.0,15928.0,145367620.0,11.0
2015-01-24,8895.0,8895.0,8895.0,9230.0,8895.0,9265.0,2630.0,23393850.0,8.0
2015-01-25,8861.0,9487.0,8861.0,9139.0,8863.0,9230.0,7739.0,68884372.0,7.0
2015-01-26,8774.0,8774.0,8774.0,9119.0,8774.0,9139.0,1500.0,13161000.0,3.0
2015-01-27,9346.0,9346.0,8755.0,9087.0,8755.0,9119.0,2844.0,25042929.0,6.0
2015-01-28,9284.0,9284.0,8724.0,8807.0,8724.0,9087.0,22626.0,197749704.0,25.0
2015-01-31,9139.0,9139.0,8501.0,8563.0,8998.0,8807.0,30431.0,260594603.0,17.0
2015-02-01,8302.0,8507.0,8221.0,8242.0,8221.0,8563.0,33995.0,280185523.0,33.0
2015-02-02,8006.0,8006.0,7913.0,7988.0,7913.0,8242.0,23525.0,186780007.0,25.0
2015-02-03,7680.0,7682.0,7669.0,7673.0,7669.0,7988.0,48724.0,373842154.0,51.0
2015-02-04,7885.0,7979.0,7561.0,7783.0,7979.0,7673.0,33764.0,262769682.0,41.0
2015-02-07,8094.0,8094.0,8094.0,7861.0,8094.0,7783.0,6985.0,56536590.0,8.0
2015-02-08,8175.0,8175.0,8175.0,8097.0,8175.0,7861.0,21044.0,172034700.0,11.0
2015-02-09,8420.0,8420.0,8420.0,8135.0,8420.0,8097.0,3317.0,27929140.0,8.0
2015-02-10,8460.0,8460.0,8460.0,8206.0,8460.0,8135.0,6130.0,51859800.0,10.0
2015-02-14,8534.0,8534.0,8222.0,8510.0,8222.0,8206.0,53949.0,459084614.0,40.0
2015-02-15,8200.0,8300.0,8170.0,8309.0,8170.0,8510.0,20557.0,169299671.0,30.0
2015-02-16,8170.0,8279.0,7977.0,8046.0,7977.0,8309.0,88890.0,715183696.0,24.0
2015-02-17,8198.0,8367.0,8130.0,8127.0,8367.0,8046.0,15801.0,129390700.0,39.0
2015-02-18,8344.0,8344.0,8344.0,8128.0,8344.0,8127.0,120.0,1001280.0,1.0
2015-03-03,8350.0,8350.0,8300.0,8134.0,8337.0,8128.0,1635.0,13644670.0,6.0
2015-03-04,8300.0,8350.0,8300.0,8173.0,8349.0,8134.0,11609.0,96817810.0,12.0
2015-03-09,8440.0,8440.0,8300.0,8177.0,8350.0,8173.0,1582.0,13196400.0,4.0
2015-03-10,8349.0,8349.0,7850.0,8173.0,8150.0,8177.0,1376.0,11026450.0,5.0
2015-03-11,8200.0,8200.0,7847.0,8169.0,7847.0,8173.0,2018.0,16231665.0,4.0
2015-03-14,8200.0,8200.0,7850.0,8167.0,7851.0,8169.0,1845.0,14928436.0,5.0
2015-03-15,8158.0,8158.0,7841.0,8030.0,7841.0,8167.0,26071.0,204512365.0,39.0
2015-03-16,7710.0,7950.0,7709.0,7992.0,7900.0,8030.0,8274.0,64097407.0,13.0
2015-03-17,7674.0,7674.0,7673.0,7882.0,7673.0,7992.0,21122.0,162071745.0,15.0
2015-03-18,7567.0,8157.0,7567.0,7830.0,7800.0,7882.0,16245.0,124879655.0,11.0
2015-03-25,7550.0,7554.0,7550.0,7798.0,7550.0,7830.0,7190.0,54286040.0,8.0
2015-03-28,7700.0,7700.0,7530.0,7791.0,7530.0,7798.0,2400.0,18242000.0,2.0
2015-03-29,8000.0,8000.0,7562.0,7776.0,7562.0,7791.0,12342.0,95220175.0,10.0
2015-03-30,7609.0,7609.0,7465.0,7665.0,7465.0,7776.0,23215.0,173434260.0,28.0
2015-03-31,7380.0,7380.0,7359.0,7529.0,7359.0,7665.0,28847.0,212384729.0,24.0
2015-04-04,7830.0,7830.0,7830.0,7548.0,7830.0,7529.0,4203.0,32909490.0,6.0
2015-04-05,7849.0,7849.0,7600.0,7639.0,7630.0,7548.0,36289.0,279845527.0,14.0
2015-04-06,7450.0,7450.0,7401.0,7626.0,7401.0,7639.0,4000.0,29675932.0,5.0
2015-04-07,7500.0,7500.0,7400.0,7512.0,7400.0,7626.0,36138.0,268141200.0,8.0
2015-04-08,7400.0,7629.0,7400.0,7541.0,7600.0,7512.0,21228.0,161335000.0,4.0
2015-04-11,7300.0,7320.0,7300.0,7531.0,7320.0,7541.0,2850.0,20834000.0,5.0
2015-04-12,7744.0,7832.0,7742.0,7702.0,7832.0,7531.0,47230.0,367045580.0,32.0
2015-04-13,7832.0,7889.0,7832.0,7711.0,7832.0,7702.0,3586.0,28225658.0,5.0
2015-04-14,7650.0,7700.0,7650.0,7711.0,7700.0,7711.0,401.0,3072650.0,3.0
2015-04-15,7899.0,8019.0,7899.0,7895.0,8019.0,7711.0,40505.0,324523185.0,21.0
2015-04-18,7750.0,8100.0,7750.0,7894.0,7761.0,7895.0,5969.0,47075550.0,11.0
2015-04-19,7601.0,7601.0,7579.0,7718.0,7579.0,7894.0,36585.0,277637084.0,14.0
2015-04-20,7484.0,7484.0,7410.0,7666.0,7411.0,7718.0,13032.0,97271265.0,8.0
2015-04-21,7750.0,7750.0,7750.0,7666.0,7750.0,7666.0,100.0,775000.0,1.0
2015-04-25,7440.0,7500.0,7360.0,7579.0,7360.0,7666.0,20590.0,152198760.0,15.0
2015-04-26,7350.0,7350.0,7350.0,7572.0,7350.0,7579.0,1915.0,14075250.0,1.0
2015-04-27,7288.0,7301.0,7287.0,7561.0,7300.0,7572.0,2622.0,19133694.0,6.0
2015-04-28,7279.0,7279.0,7259.0,7550.0,7259.0,7561.0,2394.0,17383840.0,6.0
2015-04-29,7248.0,7248.0,7248.0,7436.0,7248.0,7550.0,24582.0,178170336.0,12.0
2015-05-03,7150.0,7150.0,7150.0,7434.0,7150.0,7436.0,570.0,4075500.0,1.0
2015-05-04,7200.0,7399.0,7200.0,7432.0,7399.0,7434.0,634.0,4591466.0,4.0
2015-05-05,7399.0,7521.0,7399.0,7433.0,7520.0,7432.0,2350.0,17551350.0,4.0
2015-05-06,7140.0,7202.0,7136.0,7328.0,7136.0,7433.0,23946.0,170944276.0,15.0
2015-05-09,7600.0,7600.0,7035.0,7297.0,7046.0,7328.0,9450.0,67130400.0,18.0
2015-05-10,7300.0,7300.0,7300.0,7297.0,7300.0,7297.0,200.0,1460000.0,1.0
2015-05-13,7300.0,7300.0,7200.0,7296.0,7300.0,7297.0,2135.0,15500600.0,5.0
2015-05-20,7100.0,7100.0,7052.0,7279.0,7052.0,7296.0,5000.0,35301400.0,3.0
2015-05-23,7495.0,7642.0,7495.0,7356.0,7642.0,7279.0,16111.0,122529606.0,17.0
2015-05-24,7723.0,7723.0,7723.0,7403.0,7723.0,7356.0,8774.0,67761602.0,7.0
2015-05-25,7773.0,7773.0,7773.0,7430.0,7773.0,7403.0,4991.0,38795043.0,5.0
2015-05-26,7801.0,7801.0,7801.0,7432.0,7801.0,7430.0,300.0,2340300.0,2.0
2015-05-27,7803.0,7803.0,7803.0,7467.0,7803.0,7432.0,6450.0,50329350.0,6.0
2015-05-30,7840.0,7840.0,7840.0,7468.0,7840.0,7467.0,210.0,1646400.0,1.0
2015-05-31,7841.0,7841.0,7841.0,7518.0,7841.0,7468.0,8968.0,70318088.0,10.0
2015-06-01,7893.0,7893.0,7893.0,7529.0,7893.0,7518.0,2000.0,15786000.0,1.0
2015-06-02,7905.0,7905.0,7905.0,7529.0,7905.0,7529.0,6.0,47430.0,1.0
2015-06-06,7905.0,7905.0,7905.0,7533.0,7905.0,7529.0,719.0,5683695.0,1.0
2015-06-07,7909.0,7909.0,7909.0,7534.0,7909.0,7533.0,100.0,790900.0,1.0
2015-06-08,7910.0,7910.0,7910.0,7535.0,7910.0,7534.0,99.0,783090.0,1.0
2015-06-09,7911.0,7911.0,7911.0,7543.0,7911.0,7535.0,1500.0,11866500.0,3.0
2015-06-10,7920.0,7920.0,7893.0,7626.0,7920.0,7543.0,15172.0,119950398.0,10.0
2015-06-13,8007.0,8007.0,8007.0,7672.0,8007.0,7626.0,7934.0,63527538.0,42.0
2015-06-14,8055.0,8055.0,8055.0,7701.0,8055.0,7672.0,5004.0,40307220.0,1.0
2015-06-16,8086.0,8086.0,8086.0,7703.0,8086.0,7701.0,300.0,2425800.0,1.0
2015-06-17,8088.0,8088.0,8088.0,7719.0,8088.0,7703.0,2749.0,22233912.0,8.0
2015-06-20,8104.0,8104.0,8104.0,7754.0,8104.0,7719.0,5878.0,47635312.0,8.0
2015-06-21,8141.0,8141.0,8141.0,7845.0,8141.0,7754.0,15301.0,124565441.0,8.0
2015-06-22,8237.0,8237.0,8237.0,7881.0,8237.0,7845.0,6010.0,49504370.0,6.0
2015-06-23,8275.0,8275.0,8275.0,7919.0,8275.0,7881.0,6302.0,52149050.0,12.0
2015-06-24,8314.0,8314.0,8314.0,7940.0,8314.0,7919.0,3480.0,28932720.0,2.0
2015-06-27,8337.0,8337.0,8337.0,7961.0,8337.0,7940.0,3255.0,27136935.0,7.0
2015-06-28,8359.0,8359.0,8359.0,7982.0,8359.0,7961.0,3316.0,27718444.0,3.0
2015-06-29,8381.0,8381.0,8381.0,7986.0,8381.0,7982.0,649.0,5439269.0,3.0
2015-06-30,8385.0,8385.0,8385.0,7998.0,8385.0,7986.0,1834.0,15378090.0,6.0
2015-07-01,8397.0,8397.0,8397.0,8049.0,8397.0,7998.0,8119.0,68175243.0,3.0
2015-07-04,8451.0,8451.0,8451.0,8138.0,8451.0,8049.0,13695.0,115736445.0,20.0
2015-07-05,8544.0,8544.0,8544.0,8210.0,8544.0,8138.0,11070.0,94582080.0,6.0
2015-07-06,8620.0,8620.0,8620.0,8388.0,8620.0,8210.0,27030.0,232998600.0,11.0
2015-07-07,8807.0,8807.0,8807.0,8397.0,8807.0,8388.0,1299.0,11440293.0,4.0
2015-07-11,8816.0,8816.0,8816.0,8502.0,8816.0,8397.0,14895.0,131314320.0,7.0
2015-07-26,8297.0,8297.0,8297.0,7902.0,8297.0,7902.0,26.0,215722.0,2.0
2015-07-27,8297.0,8297.0,8297.0,7908.0,8297.0,7902.0,1010.0,8379970.0,1.0
2015-07-28,8303.0,8303.0,8303.0,7908.0,8303.0,7908.0,1.0,8303.0,1.0
2015-08-01,8303.0,8303.0,8303.0,7908.0,8303.0,7908.0,50.0,415150.0,1.0
2015-08-02,8303.0,8303.0,8303.0,7908.0,8303.0,7908.0,1.0,8303.0,1.0
2015-08-04,8303.0,8303.0,8303.0,7914.0,8303.0,7908.0,1000.0,8303000.0,2.0
2015-08-05,8309.0,8309.0,8309.0,7914.0,8309.0,7914.0,1.0,8309.0,1.0
2015-08-08,8309.0,8309.0,8309.0,7914.0,8309.0,7914.0,1.0,8309.0,1.0
2015-08-09,8309.0,8309.0,8309.0,7921.0,8309.0,7914.0,1077.0,8948793.0,5.0
2015-08-10,8713.0,9148.0,8713.0,9148.0,9148.0,7921.0,109432.0,1001081501.0,23.0
2015-08-12,9590.0,9605.0,9590.0,9599.0,9605.0,9148.0,99293.0,953136935.0,58.0
2015-08-15,10078.0,10078.0,10078.0,10078.0,10078.0,9599.0,52131.0,525376218.0,13.0
2015-08-16,10581.0,10581.0,10581.0,10563.0,10581.0,10078.0,50253.0,531726993.0,12.0
2015-08-17,11091.0,11091.0,11000.0,10847.0,11091.0,10563.0,28115.0,311782594.0,31.0
2015-08-18,11389.0,11389.0,11389.0,10973.0,11389.0,10847.0,12095.0,137749955.0,10.0
2015-08-19,11521.0,11521.0,11521.0,11037.0,11521.0,10973.0,6104.0,70324184.0,6.0
2015-08-22,11588.0,11588.0,10486.0,11199.0,10500.0,11037.0,130147.0,1457541875.0,76.0
2015-08-23,10640.0,10640.0,10640.0,11074.0,10640.0,11199.0,10096.0,107421440.0,2.0
2015-08-25,10521.0,10521.0,10521.0,11025.0,10521.0,11074.0,4000.0,42084000.0,1.0
2015-08-26,10474.0,10474.0,10474.0,11001.0,10474.0,11025.0,2000.0,20948000.0,1.0
2015-08-29,10451.0,10451.0,10451.0,10880.0,10451.0,11001.0,10000.0,104510000.0,3.0
2015-09-01,10336.0,10336.0,10336.0,10868.0,10336.0,10880.0,1000.0,10336000.0,1.0
2015-09-05,10325.0,10325.0,10325.0,10854.0,10325.0,10868.0,1202.0,12410650.0,1.0
2015-09-08,10312.0,10312.0,10312.0,10849.0,10312.0,10854.0,400.0,4124800.0,1.0
2015-09-13,10307.0,10307.0,10307.0,10848.0,10307.0,10849.0,100.0,1030700.0,1.0
2015-09-15,10306.0,11000.0,10306.0,10362.0,10318.0,10848.0,384830.0,3987678576.0,88.0
2015-09-16,10880.0,10880.0,10875.0,10554.0,10880.0,10362.0,17125.0,186319500.0,17.0
2015-09-19,11081.0,11081.0,11081.0,10754.0,11081.0,10554.0,18021.0,199690701.0,8.0
2015-09-20,11291.0,11291.0,10261.0,11183.0,10900.0,10754.0,44629.0,500261619.0,21.0
2015-09-21,10800.0,10946.0,10624.0,10747.0,10946.0,11183.0,42282.0,452171863.0,24.0
2015-09-22,10220.0,10301.0,10210.0,10691.0,10300.0,10747.0,5250.0,53783650.0,10.0
2015-09-23,11000.0,11200.0,10220.0,10691.0,11160.0,10691.0,4000.0,42741200.0,8.0
2015-09-26,11190.0,11225.0,11175.0,11082.0,11225.0,10691.0,35864.0,401698900.0,33.0
2015-09-27,11224.0,11636.0,11224.0,11509.0,11636.0,11082.0,37335.0,433715661.0,42.0
2015-09-28,11699.0,12084.0,11699.0,12069.0,12084.0,11509.0,106002.0,1279289880.0,69.0
2015-09-29,12652.0,12672.0,12111.0,12660.0,12672.0,12069.0,92538.0,1171511396.0,65.0
2015-09-30,13292.0,13293.0,12890.0,13259.0,13293.0,12660.0,51305.0,680241851.0,45.0
2015-10-03,13921.0,13921.0,13921.0,13849.0,13921.0,13259.0,33610.0,467884810.0,22.0
2015-10-04,14541.0,14541.0,14541.0,14119.0,14541.0,13849.0,14697.0,213709077.0,12.0
2015-10-05,14824.0,14824.0,14541.0,14800.0,14819.0,14119.0,106387.0,1574527768.0,118.0
2015-10-06,14500.0,15490.0,14060.0,14375.0,14060.0,14800.0,67072.0,964131215.0,41.0
2015-10-07,13657.0,14799.0,13657.0,13891.0,14690.0,14375.0,109721.0,1524158588.0,52.0
2015-10-10,14585.0,14585.0,14585.0,14585.0,14585.0,13891.0,36212.0,528152020.0,36.0
2015-10-11,15300.0,15300.0,14000.0,14600.0,14500.0,14585.0,19519.0,285219571.0,25.0
2015-10-12,15299.0,15299.0,14500.0,14690.0,14778.0,14600.0,14430.0,213910224.0,12.0
2015-10-13,14690.0,14690.0,14000.0,14562.0,14000.0,14690.0,8504.0,120319230.0,11.0
2015-10-14,14020.0,14200.0,13834.0,14394.0,14110.0,14562.0,9614.0,133954550.0,22.0
2015-10-17,13675.0,13675.0,13675.0,14284.0,13675.0,14394.0,5292.0,72368100.0,11.0
2015-10-18,13990.0,14339.0,13570.0,13941.0,13570.0,14284.0,17910.0,243903600.0,13.0
2015-10-19,13250.0,13250.0,13244.0,13873.0,13244.0,13941.0,3415.0,45234770.0,4.0
2015-10-20,13180.0,14000.0,13180.0,13592.0,13182.0,13873.0,15792.0,209317117.0,14.0
2015-10-21,13170.0,13180.0,12913.0,13390.0,12913.0,13592.0,11861.0,154183876.0,13.0
2015-10-25,12913.0,12913.0,12721.0,13353.0,12721.0,13390.0,2100.0,26733300.0,5.0
2015-10-26,12686.0,12689.0,12686.0,13295.0,12689.0,13353.0,3267.0,41454588.0,5.0
2015-10-27,12631.0,13000.0,12631.0,13199.0,12631.0,13295.0,7683.0,98557156.0,7.0
2015-10-28,12540.0,12540.0,12540.0,13181.0,12540.0,13199.0,1010.0,12665400.0,4.0
2015-10-31,12522.0,12522.0,12522.0,13139.0,12522.0,13181.0,2400.0,30052800.0,5.0
2015-11-01,12522.0,13790.0,12483.0,13344.0,13680.0,13139.0,23094.0,311227441.0,33.0
2015-11-02,13000.0,13000.0,12680.0,13312.0,13000.0,13344.0,3383.0,43932815.0,9.0
2015-11-03,12750.0,12800.0,12750.0,13209.0,12750.0,13312.0,7010.0,89428100.0,10.0
2015-11-04,13208.0,13208.0,12690.0,13128.0,13205.0,13209.0,10250.0,132304825.0,11.0
2015-11-07,13490.0,13498.0,12776.0,13176.0,12776.0,13128.0,5552.0,74714668.0,10.0
2015-11-08,12691.0,12750.0,12522.0,13060.0,12522.0,13176.0,8140.0,102825840.0,20.0
2015-11-09,12440.0,12440.0,12407.0,13002.0,12407.0,13060.0,3510.0,43631300.0,7.0
2015-11-14,12352.0,12850.0,12352.0,12973.0,12850.0,13002.0,2974.0,37534448.0,9.0
2015-11-15,12433.0,12433.0,12325.0,12955.0,12356.0,12973.0,1100.0,13591500.0,4.0
2015-11-16,12550.0,12580.0,12308.0,12912.0,12308.0,12955.0,3759.0,47040670.0,9.0
2015-11-17,12267.0,12759.0,12267.0,12601.0,12700.0,12912.0,21440.0,264859876.0,17.0
2015-11-18,12965.0,13231.0,12020.0,13102.0,13231.0,12601.0,42507.0,556937024.0,35.0
2015-11-21,13620.0,13757.0,12857.0,13447.0,13699.0,13102.0,23961.0,327109991.0,32.0
2015-11-22,13100.0,13100.0,12850.0,13300.0,12850.0,13447.0,9491.0,122003600.0,4.0
2015-11-23,13000.0,13000.0,12635.0,12924.0,12675.0,13300.0,22749.0,288204088.0,11.0
2015-11-24,12350.0,12350.0,12278.0,12794.0,12278.0,12924.0,7806.0,95939668.0,9.0
2015-11-25,12155.0,12200.0,12155.0,12645.0,12155.0,12794.0,8908.0,108279750.0,17.0
2015-11-28,12013.0,12014.0,12013.0,12444.0,12013.0,12645.0,12596.0,151315898.0,17.0
2015-11-29,11822.0,11822.0,11822.0,12331.0,11822.0,12444.0,7154.0,84574588.0,5.0
2015-11-30,12331.0,12499.0,12331.0,12339.0,12499.0,12331.0,2320.0,28929780.0,7.0
2015-12-01,12000.0,12000.0,11723.0,12248.0,11723.0,12339.0,6099.0,71637752.0,11.0
2015-12-05,12000.0,12000.0,11637.0,12212.0,11637.0,12248.0,2393.0,27858620.0,6.0
2015-12-08,11637.0,11998.0,11602.0,12139.0,11998.0,12212.0,4940.0,57349870.0,4.0
2015-12-13,11540.0,11540.0,11536.0,12103.0,11536.0,12139.0,2450.0,28271200.0,4.0
2015-12-14,11498.0,11498.0,11498.0,12049.0,11498.0,12103.0,3704.0,42588592.0,7.0
2015-12-15,11449.0,11449.0,11448.0,12020.0,11448.0,12049.0,2013.0,23045324.0,2.0
2015-12-16,11419.0,11422.0,11419.0,11985.0,11422.0,12020.0,2397.0,27372213.0,9.0
2015-12-20,11387.0,11387.0,11386.0,11912.0,11386.0,11985.0,5100.0,58070600.0,6.0
2015-12-21,11800.0,11822.0,11317.0,11806.0,11317.0,11912.0,8596.0,97988362.0,9.0
2015-12-22,11216.0,11700.0,11216.0,11787.0,11700.0,11806.0,1800.0,20464400.0,6.0
2015-12-23,11198.0,11809.0,11198.0,11744.0,11199.0,11787.0,3335.0,37528265.0,6.0
2015-12-26,11700.0,12330.0,11700.0,11784.0,12000.0,11744.0,7715.0,92321366.0,18.0
2015-12-27,11195.0,12265.0,11195.0,11843.0,12265.0,11784.0,13832.0,165495410.0,25.0
2015-12-28,12300.0,12300.0,11264.0,11838.0,11264.0,11843.0,700.0,8092000.0,3.0
2015-12-30,11247.0,11590.0,11247.0,11812.0,11247.0,11838.0,2200.0,24915900.0,7.0
2016-01-02,11586.0,11960.0,11586.0,11813.0,11940.0,11812.0,1400.0,16561800.0,8.0
2016-01-03,11950.0,12403.0,11950.0,12337.0,12403.0,11813.0,38147.0,472790970.0,19.0
2016-01-04,12953.0,12953.0,12953.0,12953.0,12953.0,12337.0,55685.0,721287805.0,42.0
2016-01-05,13600.0,13600.0,13100.0,13236.0,13600.0,12953.0,19428.0,263650500.0,27.0
2016-01-06,13150.0,13400.0,12575.0,12744.0,12575.0,13236.0,49650.0,632714969.0,32.0
2016-01-09,12107.0,12211.0,12107.0,12608.0,12211.0,12744.0,9224.0,112205268.0,9.0
2016-01-10,12215.0,12608.0,12210.0,12582.0,12223.0,12608.0,360613.0,4537348239.0,17.0
2016-01-11,12578.0,12578.0,12210.0,12573.0,12210.0,12582.0,1070.0,13127260.0,3.0
2016-01-12,12211.0,12290.0,11945.0,12536.0,11950.0,12573.0,2594.0,31159229.0,8.0
2016-01-13,11910.0,12160.0,11910.0,12323.0,11910.0,12536.0,14850.0,177809730.0,21.0
2016-01-16,11707.0,11709.0,11707.0,12228.0,11707.0,12323.0,6290.0,73638130.0,17.0
2016-01-17,11707.0,11999.0,11700.0,11836.0,11700.0,12228.0,35793.0,421769290.0,10.0
2016-01-18,12190.0,12190.0,12190.0,11838.0,12190.0,11836.0,222.0,2706180.0,2.0
2016-01-19,11451.0,12199.0,11451.0,11957.0,12199.0,11838.0,15875.0,192759200.0,12.0
2016-01-20,12198.0,12550.0,12140.0,12039.0,12550.0,11957.0,12000.0,146813510.0,13.0
2016-01-23,12549.0,12640.0,12549.0,12445.0,12640.0,12039.0,28795.0,363545333.0,42.0
2016-01-24,12901.0,13067.0,12901.0,13063.0,13067.0,12445.0,54082.0,706498070.0,29.0
2016-01-25,13650.0,13716.0,13600.0,13391.0,13600.0,13063.0,22847.0,312056008.0,19.0
2016-01-26,14050.0,14060.0,13976.0,13587.0,13976.0,13391.0,12497.0,175485342.0,25.0
2016-01-27,14266.0,14266.0,14200.0,14262.0,14266.0,13587.0,68958.0,983453869.0,34.0
2016-01-30,14975.0,14975.0,14973.0,14952.0,14975.0,14262.0,33980.0,508816600.0,23.0
2016-01-31,15000.0,15000.0,14205.0,14873.0,14630.0,14952.0,7267.0,105873855.0,19.0
2016-02-01,14130.0,14400.0,14130.0,14280.0,14130.0,14873.0,28052.0,396445060.0,23.0
2016-02-02,14100.0,14349.0,14000.0,14288.0,14000.0,14280.0,6406.0,91764578.0,10.0
2016-02-03,14000.0,14259.0,14000.0,14287.0,14250.0,14288.0,330.0,4678670.0,3.0
2016-02-06,13581.0,14290.0,13581.0,14203.0,13610.0,14287.0,6759.0,93615874.0,17.0
2016-02-07,14410.0,14420.0,14200.0,14207.0,14200.0,14203.0,1811.0,25877771.0,9.0
2016-02-08,14000.0,14400.0,13602.0,14107.0,13602.0,14207.0,15365.0,214792880.0,21.0
2016-02-09,14080.0,14200.0,13625.0,14098.0,13651.0,14107.0,20478.0,288562433.0,32.0
2016-02-10,13394.0,13600.0,13394.0,13896.0,13600.0,14098.0,10147.0,135983537.0,19.0
2016-02-13,13797.0,14100.0,13203.0,13903.0,14000.0,13896.0,9975.0,138880550.0,12.0
2016-02-14,14350.0,14350.0,13500.0,13793.0,13500.0,13903.0,27660.0,380611565.0,21.0
2016-02-15,13890.0,14000.0,13500.0,13794.0,13894.0,13793.0,3746.0,51720374.0,8.0
2016-02-16,13898.0,14000.0,13699.0,13799.0,13699.0,13794.0,3519.0,48735901.0,7.0
2016-02-17,13300.0,13300.0,13110.0,13120.0,13110.0,13799.0,39601.0,519561757.0,32.0
2016-02-20,13110.0,13110.0,12464.0,13002.0,12464.0,13120.0,8433.0,106129965.0,15.0
2016-02-21,12500.0,12500.0,12495.0,12968.0,12500.0,13002.0,2600.0,32499250.0,6.0
2016-02-22,12477.0,13453.0,12477.0,12888.0,13453.0,12968.0,15310.0,195482834.0,21.0
2016-02-23,12888.0,12888.0,12560.0,12617.0,12560.0,12888.0,505007.0,6371586920.0,21.0
2016-02-24,12001.0,13247.0,12001.0,12475.0,13247.0,12617.0,1892365.0,23607412555.0,51.0
2016-02-27,13098.0,13098.0,13090.0,13098.0,13098.0,12475.0,64150.0,840236300.0,33.0
2016-02-28,13751.0,13752.0,13098.0,13215.0,13700.0,13098.0,14152.0,190058387.0,28.0
2016-02-29,13875.0,13875.0,13184.0,13263.0,13190.0,13215.0,6044.0,81778654.0,19.0
2016-03-01,13700.0,13700.0,12600.0,12604.0,12600.0,13263.0,47620.0,600216925.0,23.0
2016-03-02,12700.0,12700.0,11974.0,12419.0,11977.0,12604.0,11959.0,143309476.0,10.0
2016-03-06,12400.0,12400.0,11799.0,11800.0,11799.0,12419.0,1738333.0,20512378955.0,65.0
2016-03-07,11375.0,11375.0,11210.0,11451.0,11210.0,11800.0,26214.0,295259701.0,9.0
2016-03-08,10880.0,11998.0,10879.0,10948.0,10879.0,11451.0,36218.0,394487806.0,32.0
2016-03-09,10420.0,11495.0,10401.0,10664.0,11494.0,10948.0,26976.0,283892515.0,22.0
2016-03-12,10570.0,11197.0,10550.0,10674.0,11197.0,10664.0,10565.0,113118146.0,16.0
2016-03-14,11207.0,11207.0,10672.0,10811.0,10672.0,10674.0,13182.0,147146278.0,15.0
2016-03-15,10325.0,11351.0,10325.0,10950.0,10512.0,10811.0,12994.0,147010589.0,15.0
2016-03-16,10670.0,11497.0,10601.0,10741.0,10762.0,10950.0,45284.0,486038454.0,22.0
2016-03-26,10902.0,11278.0,10902.0,10833.0,11278.0,10741.0,8015.0,90391290.0,7.0
2016-03-27,11374.0,11374.0,11374.0,10903.0,11374.0,10833.0,6010.0,68357740.0,4.0
2016-03-28,11448.0,11448.0,11448.0,10999.0,11448.0,10903.0,8232.0,94239936.0,5.0
2016-03-29,11548.0,11548.0,11548.0,11267.0,11548.0,10999.0,22722.0,262393656.0,10.0
2016-03-30,11830.0,11830.0,11802.0,11728.0,11830.0,11267.0,38089.0,450592310.0,24.0
2016-04-02,12314.0,12314.0,12314.0,11997.0,12314.0,11728.0,19553.0,240775642.0,33.0
2016-04-03,12596.0,12596.0,12596.0,12452.0,12596.0,11997.0,32405.0,408173380.0,36.0
2016-04-04,13074.0,13074.0,12530.0,12786.0,13000.0,12452.0,27870.0,361264469.0,27.0
2016-04-05,13280.0,13280.0,13197.0,12793.0,13197.0,12786.0,691.0,9145277.0,5.0
2016-04-06,12229.0,13189.0,12160.0,12757.0,12200.0,12793.0,8734.0,110211753.0,15.0
2016-04-09,12149.0,12767.0,12120.0,12504.0,12130.0,12757.0,15783.0,191427826.0,17.0
2016-04-10,12350.0,12350.0,11879.0,11884.0,11879.0,12504.0,62637.0,744380751.0,30.0
2016-04-11,11879.0,12300.0,11879.0,11882.0,12300.0,11884.0,15891.0,188785539.0,10.0
2016-04-12,11800.0,11800.0,11800.0,11880.0,11800.0,11882.0,1000.0,11800000.0,1.0
2016-04-13,11301.0,11410.0,11301.0,11851.0,11410.0,11880.0,1991.0,22515667.0,5.0
2016-04-16,11307.0,11307.0,11259.0,11651.0,11259.0,11851.0,14675.0,165474225.0,26.0
2016-04-17,11071.0,11071.0,11069.0,11579.0,11069.0,11651.0,5205.0,57614845.0,10.0
2016-04-18,11075.0,11075.0,11001.0,11297.0,11001.0,11579.0,20746.0,228328986.0,19.0
2016-04-19,11799.0,11799.0,11799.0,11299.0,11799.0,11297.0,200.0,2359800.0,1.0
2016-04-20,11348.0,11348.0,10758.0,11297.0,10758.0,11299.0,318.0,3529604.0,2.0
2016-04-23,10861.0,10861.0,10860.0,11292.0,10860.0,11297.0,500.0,5430200.0,5.0
2016-04-24,11730.0,11730.0,11600.0,11295.0,11600.0,11292.0,387.0,4504410.0,2.0
2016-04-25,11741.0,11741.0,11741.0,11297.0,11741.0,11295.0,200.0,2348200.0,1.0
2016-04-26,11737.0,11861.0,11736.0,11489.0,11800.0,11297.0,15518.0,183799562.0,20.0
2016-04-27,11500.0,11500.0,11500.0,11489.0,11500.0,11489.0,1225.0,14087500.0,1.0
2016-04-30,11800.0,11800.0,11790.0,11504.0,11790.0,11489.0,2096.0,24712800.0,5.0
2016-05-01,11001.0,11779.0,10929.0,11073.0,10929.0,11504.0,34283.0,375616530.0,17.0
2016-05-02,10830.0,10830.0,10520.0,10566.0,10520.0,11073.0,81681.0,863069130.0,53.0
2016-05-03,11000.0,11094.0,10781.0,10640.0,11094.0,10566.0,6403.0,70888902.0,12.0
2016-05-04,11168.0,11168.0,11054.0,10647.0,11054.0,10640.0,671.0,7429134.0,6.0
2016-05-07,10400.0,11000.0,10400.0,10599.0,10530.0,10647.0,19331.0,203572756.0,20.0
2016-05-08,10602.0,11050.0,10600.0,10702.0,10740.0,10599.0,30211.0,325046010.0,19.0
2016-05-09,10800.0,10800.0,10167.0,10523.0,10560.0,10702.0,25645.0,266059351.0,20.0
2016-05-10,10210.0,10700.0,10200.0,10493.0,10500.0,10523.0,8274.0,85676800.0,11.0
2016-05-11,10301.0,10700.0,10280.0,10511.0,10700.0,10493.0,9000.0,95290479.0,8.0
2016-05-14,10800.0,10800.0,10000.0,10506.0,10000.0,10511.0,7791.0,81651710.0,17.0
2016-05-15,10700.0,10800.0,10650.0,10578.0,10700.0,10506.0,17451.0,186754556.0,14.0
2016-05-16,10700.0,11106.0,10700.0,10853.0,11106.0,10578.0,27970.0,308966918.0,16.0
2016-05-17,11395.0,11395.0,11395.0,11395.0,11395.0,10853.0,58395.0,665411025.0,10.0
2016-05-18,11500.0,11964.0,11500.0,11862.0,11964.0,11395.0,40267.0,481047732.0,39.0
2016-05-21,12455.0,12455.0,12455.0,11954.0,12455.0,11862.0,6513.0,81119415.0,8.0
2016-05-23,12551.0,12551.0,12551.0,12371.0,12551.0,11954.0,29453.0,369664603.0,10.0
2016-05-24,12980.0,12989.0,12032.0,12683.0,12469.0,12371.0,68333.0,866694636.0,56.0
2016-05-25,12250.0,12345.0,12049.0,12101.0,12049.0,12683.0,39744.0,479541662.0,27.0
2016-05-28,12500.0,12500.0,11497.0,12051.0,11610.0,12101.0,4002.0,46347875.0,10.0
2016-05-29,11600.0,11600.0,11600.0,12038.0,11600.0,12051.0,1221.0,14163600.0,2.0
2016-05-30,12300.0,12300.0,11500.0,11895.0,11556.0,12038.0,12763.0,147747178.0,16.0
2016-05-31,11401.0,12190.0,11301.0,11315.0,11400.0,11895.0,126401.0,1430211674.0,34.0
2016-06-01,10802.0,11770.0,10802.0,11267.0,11303.0,11315.0,5987.0,65755794.0,12.0
2016-06-05,11825.0,11828.0,11201.0,11273.0,11222.0,11267.0,24845.0,280173257.0,27.0
2016-06-06,11730.0,11730.0,11719.0,11275.0,11719.0,11273.0,210.0,2463090.0,3.0
2016-06-07,11817.0,11838.0,11770.0,11610.0,11838.0,11275.0,27286.0,322514308.0,25.0
2016-06-08,12100.0,12149.0,12100.0,11640.0,12100.0,11610.0,2569.0,31146390.0,9.0
2016-06-11,12102.0,12180.0,11510.0,11650.0,11800.0,11640.0,15634.0,182426245.0,25.0
2016-06-12,12134.0,12134.0,12000.0,11692.0,12000.0,11650.0,4872.0,58556619.0,11.0
2016-06-13,12089.0,12134.0,12000.0,11820.0,12100.0,11692.0,15165.0,182825220.0,13.0
2016-06-14,12100.0,12100.0,12000.0,11829.0,12100.0,11820.0,1830.0,22035000.0,7.0
2016-06-15,11365.0,11999.0,11365.0,11801.0,11969.0,11829.0,4550.0,52614514.0,16.0
2016-06-18,11800.0,12000.0,11800.0,11813.0,12000.0,11801.0,2540.0,30469310.0,3.0
2016-06-19,11999.0,12001.0,11999.0,11838.0,12000.0,11813.0,5754.0,69047657.0,5.0
2016-06-20,11400.0,12078.0,11400.0,11850.0,12000.0,11838.0,3372.0,40414129.0,16.0
2016-06-21,12070.0,12070.0,12069.0,11851.0,12069.0,11850.0,146.0,1762134.0,4.0
2016-06-22,12060.0,12443.0,12001.0,12283.0,12443.0,11851.0,81281.0,998399346.0,38.0
2016-06-25,12200.0,12200.0,12200.0,12281.0,12200.0,12283.0,1000.0,12200000.0,2.0
2016-06-26,12150.0,12830.0,12150.0,12276.0,12186.0,12281.0,2770.0,33818555.0,10.0
2016-06-28,12280.0,12450.0,12030.0,12061.0,12450.0,12276.0,46100.0,556022415.0,20.0
2016-06-29,12060.0,12250.0,12050.0,12065.0,12250.0,12061.0,2600.0,31514260.0,8.0
2016-07-02,12666.0,12666.0,12077.0,12228.0,12400.0,12065.0,78778.0,963333380.0,100.0
2016-07-11,12120.0,12120.0,12120.0,12120.0,12120.0,11628.0,1000.0,12120000.0,1.0
2016-07-12,11600.0,11600.0,11514.0,11739.0,11514.0,12120.0,26071.0,300256834.0,20.0
2016-07-13,11338.0,11338.0,11338.0,11738.0,11338.0,11739.0,100.0,1133800.0,2.0
2016-07-17,11221.0,11950.0,11174.0,11555.0,11174.0,11738.0,16141.0,181658591.0,12.0
2016-07-18,11174.0,11600.0,11000.0,11536.0,11600.0,11555.0,2620.0,29451700.0,5.0
2016-07-20,11348.0,11500.0,11348.0,11535.0,11498.0,11536.0,691.0,7931668.0,3.0
2016-07-23,11100.0,11280.0,10959.0,11095.0,11000.0,11535.0,34966.0,384251719.0,41.0
2016-07-24,10830.0,10830.0,10560.0,11077.0,10560.0,11095.0,1759.0,18749280.0,7.0
2016-07-26,10611.0,11629.0,10611.0,11078.0,10632.0,11077.0,801.0,8910832.0,4.0
2016-07-27,11050.0,11631.0,11050.0,11202.0,11631.0,11078.0,10450.0,121146690.0,11.0
2016-07-31,11206.0,11206.0,11200.0,11202.0,11200.0,11202.0,2000.0,22404876.0,7.0
2016-08-02,11055.0,11750.0,11055.0,11215.0,11600.0,11202.0,2120.0,24343720.0,11.0
2016-08-03,11055.0,11055.0,11055.0,11214.0,11055.0,11215.0,232.0,2564760.0,2.0
2016-08-06,10855.0,10855.0,10710.0,11151.0,10760.0,11214.0,6844.0,73940300.0,17.0
2016-08-07,10765.0,11180.0,10765.0,11150.0,11180.0,11151.0,1534.0,17067120.0,3.0
2016-08-08,10800.0,10800.0,10601.0,11055.0,10601.0,11150.0,10000.0,107253622.0,11.0
2016-08-09,10624.0,10624.0,10623.0,11050.0,10624.0,11055.0,481.0,5110104.0,4.0
2016-08-10,10632.0,10651.0,10632.0,11023.0,10651.0,11050.0,3000.0,31934000.0,3.0
2016-08-13,10779.0,11000.0,10675.0,10995.0,10678.0,11023.0,4295.0,46061625.0,13.0
2016-08-14,10661.0,10661.0,10446.0,10590.0,10640.0,10995.0,87695.0,928716945.0,65.0
2016-08-15,10550.0,10601.0,10550.0,10573.0,10551.0,10590.0,25200.0,266110000.0,11.0
2016-08-16,10500.0,10500.0,10500.0,10571.0,10500.0,10573.0,1433.0,15046500.0,2.0
2016-08-17,10999.0,10999.0,10800.0,10573.0,10800.0,10571.0,314.0,3420055.0,2.0
2016-08-21,10610.0,11100.0,10603.0,10575.0,11100.0,10573.0,730.0,7808300.0,3.0
2016-08-22,11103.0,11103.0,10603.0,10588.0,10603.0,10575.0,5400.0,57696504.0,6.0
2016-08-23,10610.0,10899.0,10521.0,10733.0,10521.0,10588.0,45237.0,485831318.0,17.0
2016-08-24,10623.0,11269.0,10623.0,10980.0,11269.0,10733.0,26493.0,296053371.0,24.0
2016-08-27,11289.0,11289.0,11289.0,10981.0,11289.0,10980.0,198.0,2235222.0,1.0
2016-08-28,11100.0,11399.0,11000.0,11163.0,11399.0,10981.0,59262.0,661552542.0,17.0
2016-08-29,11300.0,11390.0,11200.0,11201.0,11200.0,11163.0,13342.0,150671800.0,12.0
2016-08-31,11600.0,11600.0,11001.0,11189.0,11001.0,11201.0,4298.0,47616346.0,9.0
2016-09-03,10856.0,10856.0,10856.0,11185.0,10856.0,11189.0,482.0,5232592.0,1.0
2016-09-04,11000.0,11000.0,11000.0,11181.0,11000.0,11185.0,904.0,9944000.0,2.0
2016-09-05,11200.0,11300.0,11200.0,11182.0,11300.0,11181.0,950.0,10645000.0,2.0
2016-09-06,10857.0,10857.0,10857.0,11181.0,10857.0,11182.0,100.0,1085700.0,1.0
2016-09-07,11200.0,11399.0,11050.0,11179.0,11399.0,11181.0,6528.0,72915574.0,11.0
2016-09-10,11390.0,11600.0,11390.0,11205.0,11600.0,11179.0,3279.0,37826488.0,8.0
2016-09-11,11700.0,11765.0,11700.0,11451.0,11765.0,11205.0,19678.0,231499886.0,19.0
2016-09-13,12023.0,12023.0,12023.0,11649.0,12023.0,11451.0,15485.0,186176155.0,15.0
2016-09-14,12231.0,12231.0,12231.0,12231.0,12231.0,11649.0,1222714.0,14955014934.0,20.0
2016-09-17,12231.0,12700.0,12231.0,12478.0,12700.0,12231.0,31475.0,395054435.0,24.0
2016-09-18,12840.0,13101.0,12700.0,12801.0,13101.0,12478.0,2961658.0,37912033085.0,99.0
2016-09-19,13108.0,13108.0,12162.0,12645.0,12174.0,12801.0,14010.0,172965411.0,18.0
2016-09-21,12228.0,12236.0,12228.0,12525.0,12236.0,12645.0,11825.0,144623633.0,8.0
2016-09-24,12895.0,12897.0,12350.0,12527.0,12351.0,12525.0,2864.0,35951908.0,6.0
2016-09-25,12303.0,12303.0,12303.0,12502.0,12303.0,12527.0,4484.0,55166652.0,6.0
2016-09-26,12300.0,12865.0,12300.0,12500.0,12310.0,12502.0,625.0,7748250.0,3.0
2016-09-27,12228.0,12494.0,11880.0,12469.0,12494.0,12500.0,11215.0,138969610.0,9.0
2016-09-28,12880.0,12880.0,12880.0,12472.0,12880.0,12469.0,300.0,3864000.0,1.0
2016-10-01,12400.0,13095.0,12400.0,12746.0,13095.0,12472.0,20042.0,260959250.0,20.0
2016-10-02,13095.0,13383.0,13095.0,13247.0,13383.0,12746.0,31845.0,425976051.0,25.0
2016-10-03,13790.0,13909.0,13790.0,13693.0,13909.0,13247.0,27152.0,377564437.0,21.0
2016-10-04,13971.0,14126.0,13700.0,13708.0,14000.0,13693.0,2322.0,32396698.0,13.0
2016-10-05,13708.0,13708.0,13301.0,13693.0,13708.0,13708.0,1594.0,21255680.0,7.0
2016-10-10,13883.0,13883.0,13883.0,13693.0,13883.0,13693.0,80.0,1110640.0,1.0
2016-10-15,13500.0,13500.0,13500.0,13693.0,13500.0,13693.0,94.0,1269000.0,2.0
2016-10-16,13500.0,13500.0,13450.0,13687.0,13450.0,13693.0,1050.0,14171000.0,3.0
2016-10-17,13300.0,13500.0,13300.0,13598.0,13500.0,13687.0,8560.0,113928000.0,4.0
2016-10-19,13254.0,13254.0,13254.0,13566.0,13254.0,13598.0,3370.0,44665980.0,4.0
2016-10-22,13879.0,14244.0,13879.0,13959.0,14244.0,13566.0,27183.0,383234334.0,27.0
2016-10-23,14656.0,14656.0,14656.0,14161.0,14656.0,13959.0,10666.0,156320896.0,15.0
2016-10-24,14869.0,14869.0,14869.0,14205.0,14869.0,14161.0,2305.0,34273045.0,5.0
2016-10-25,14915.0,14915.0,14915.0,14298.0,14915.0,14205.0,4806.0,71681490.0,5.0
2016-10-26,15012.0,15012.0,15012.0,14367.0,15012.0,14298.0,3572.0,53622864.0,6.0
2016-10-29,15085.0,15085.0,15085.0,14376.0,15085.0,14367.0,422.0,6365870.0,3.0
2016-10-30,15094.0,15094.0,15094.0,14653.0,15094.0,14376.0,13441.0,202878454.0,9.0
2016-10-31,15385.0,15385.0,15385.0,14866.0,15385.0,14653.0,10130.0,155850050.0,9.0
2016-11-01,15609.0,15609.0,15609.0,15072.0,15609.0,14866.0,9650.0,150626850.0,6.0
2016-11-02,15825.0,15825.0,15825.0,15286.0,15825.0,15072.0,9876.0,156287700.0,9.0
2016-11-05,16050.0,16050.0,16050.0,15306.0,16050.0,15286.0,850.0,13642500.0,2.0
2016-11-06,16071.0,16071.0,16071.0,15345.0,16071.0,15306.0,1658.0,26645718.0,4.0
2016-11-07,16112.0,16112.0,16112.0,15356.0,16112.0,15345.0,450.0,7250400.0,2.0
2016-11-08,16123.0,16123.0,16123.0,15357.0,16123.0,15356.0,50.0,806150.0,1.0
2016-11-09,16124.0,16124.0,16124.0,15526.0,16124.0,15357.0,7190.0,115931560.0,8.0
2016-11-12,16302.0,16302.0,16302.0,15770.0,16302.0,15526.0,10108.0,164780616.0,8.0
2016-11-13,16558.0,16558.0,16558.0,15782.0,16558.0,15770.0,501.0,8295558.0,2.0
2016-11-14,16571.0,16571.0,16571.0,15857.0,16571.0,15782.0,3050.0,50541550.0,5.0
2016-11-15,16649.0,16649.0,16649.0,16649.0,16649.0,15857.0,166874.0,2778285226.0,38.0
2016-11-16,17481.0,17481.0,16680.0,17122.0,17481.0,16649.0,158278.0,2710070649.0,137.0
2016-11-19,17978.0,17978.0,17978.0,17170.0,17978.0,17122.0,1647.0,29609766.0,4.0
2016-11-21,18028.0,18028.0,18028.0,18028.0,18028.0,17170.0,31235.0,563104580.0,5.0
2016-11-22,18929.0,18929.0,18929.0,18847.0,18929.0,18028.0,26556.0,502678524.0,12.0
2016-11-23,19789.0,19789.0,19789.0,18871.0,19789.0,18847.0,729.0,14426181.0,8.0
2016-11-26,19814.0,19814.0,19201.0,19791.0,19814.0,18871.0,467437.0,9250927565.0,109.0
2016-11-27,20780.0,20780.0,20780.0,20780.0,20780.0,19791.0,352386.0,7322581080.0,99.0
2016-12-26,19744.0,20000.0,19741.0,19750.0,19741.0,20780.0,62024.0,1224945797.0,27.0
2016-12-27,18800.0,19650.0,18763.0,18792.0,18771.0,19750.0,149489.0,2809262045.0,111.0
2016-12-28,17900.0,19731.0,17900.0,19685.0,19731.0,18792.0,42470.0,836013852.0,27.0
2016-12-31,20660.0,20669.0,20000.0,20640.0,20669.0,19685.0,140695.0,2903879167.0,102.0
2017-01-01,21560.0,21570.0,20250.0,21150.0,21390.0,20640.0,38171.0,807305376.0,122.0
2017-01-02,22207.0,22207.0,20365.0,22203.0,22207.0,21150.0,105313.0,2338229642.0,72.0
2017-01-03,23313.0,23313.0,23313.0,23060.0,23313.0,22203.0,19608.0,457121304.0,19.0
2017-01-04,24213.0,24213.0,24212.0,24213.0,24213.0,23060.0,30104.0,728905952.0,30.0
2017-01-07,25423.0,25423.0,25398.0,25419.0,25423.0,24213.0,135150.0,3435381069.0,143.0
2017-01-08,26689.0,26689.0,24149.0,24321.0,24333.0,25419.0,158709.0,3860040351.0,157.0
2017-01-09,24000.0,25000.0,23111.0,23222.0,24000.0,24321.0,87409.0,2029820311.0,124.0
2017-01-11,24383.0,24383.0,24378.0,24383.0,24383.0,23222.0,113115.0,2758036198.0,69.0
2017-01-14,25200.0,25602.0,25200.0,25468.0,25602.0,24383.0,19740.0,503560814.0,32.0
2017-01-15,26741.0,26741.0,26700.0,26740.0,26741.0,25468.0,92649.0,2477441742.0,135.0
2017-01-16,28000.0,28077.0,25486.0,26509.0,26400.0,26740.0,43434.0,1151402050.0,87.0
2017-01-17,25190.0,27450.0,25190.0,25902.0,27395.0,26509.0,144146.0,3733629828.0,95.0
2017-01-18,27194.0,27197.0,27193.0,27197.0,27197.0,25902.0,58372.0,1587540598.0,60.0
2017-01-21,28550.0,28550.0,26320.0,27353.0,26750.0,27197.0,4342.0,120948907.0,20.0
2017-01-22,28299.0,28299.0,25986.0,26350.0,25987.0,27353.0,14822.0,386989452.0,56.0
2017-01-23,25033.0,25890.0,25033.0,25060.0,25888.0,26350.0,38800.0,972312955.0,61.0
2017-01-24,24372.0,26000.0,24372.0,25871.0,25200.0,25060.0,29558.0,764703490.0,24.0
2017-01-25,25950.0,25960.0,25060.0,25266.0,25070.0,25871.0,41496.0,1048440800.0,44.0
2017-01-28,26000.0,26529.0,26000.0,25702.0,26300.0,25266.0,9486.0,248293549.0,35.0
2017-01-29,26400.0,26400.0,26300.0,25878.0,26300.0,25702.0,5189.0,136860200.0,20.0
2017-01-30,27100.0,27100.0,25300.0,26165.0,25320.0,25878.0,12055.0,317647235.0,31.0
2017-01-31,25700.0,26499.0,25083.0,25772.0,26001.0,26165.0,17796.0,457864025.0,38.0
2017-02-01,26389.0,26389.0,25105.0,25587.0,25121.0,25772.0,5751.0,144546843.0,10.0
2017-02-04,25300.0,26650.0,25261.0,26193.0,26650.0,25587.0,25586.0,670176676.0,26.0
2017-02-05,26700.0,27049.0,26000.0,26563.0,26998.0,26193.0,28580.0,759173273.0,44.0
2017-02-06,26999.0,26999.0,26000.0,26465.0,26800.0,26563.0,9956.0,262543777.0,21.0
2017-02-07,26465.0,26800.0,25200.0,25274.0,26000.0,26465.0,393724.0,9950891157.0,77.0
2017-02-08,26000.0,26537.0,26000.0,25912.0,26537.0,25274.0,9993.0,265023141.0,13.0
2017-02-11,27207.0,27207.0,26010.0,26628.0,27207.0,25912.0,41454.0,1103846794.0,47.0
2017-02-12,27679.0,27959.0,27000.0,27537.0,27959.0,26628.0,14661.0,407938427.0,28.0
2017-02-13,28913.0,28913.0,28913.0,28913.0,28913.0,27537.0,36297.0,1049455161.0,53.0
2017-02-14,29887.0,29887.0,28350.0,28973.0,28860.0,28913.0,6655.0,193581871.0,19.0
2017-02-15,28010.0,29197.0,27903.0,28130.0,28996.0,28973.0,47711.0,1342098895.0,52.0
2017-02-18,28500.0,29000.0,27921.0,28187.0,28500.0,28130.0,2934.0,83546039.0,13.0
2017-02-19,28600.0,29090.0,28001.0,28452.0,28001.0,28187.0,12308.0,351636255.0,24.0
2017-02-20,27900.0,28101.0,27643.0,28106.0,27643.0,28452.0,14022.0,392800289.0,17.0
2017-02-21,28898.0,29511.0,28898.0,29463.0,29511.0,28106.0,29370.0,865335787.0,28.0
2017-02-22,30294.0,30936.0,30290.0,30834.0,30936.0,29463.0,23245.0,716747094.0,45.0
2017-02-25,32375.0,32375.0,30300.0,30889.0,30300.0,30834.0,3868.0,120156624.0,19.0
2017-02-26,29798.0,32433.0,29345.0,32152.0,32433.0,30889.0,44410.0,1427874925.0,53.0
2017-02-27,33758.0,33758.0,32504.0,33092.0,33720.0,32152.0,9911.0,333903492.0,23.0
2017-02-28,32800.0,34570.0,31490.0,32938.0,31490.0,33092.0,4415.0,143597914.0,22.0
2017-03-01,33000.0,33750.0,31292.0,33731.0,31300.0,32938.0,755354.0,25479130782.0,74.0
2017-03-04,32113.0,32113.0,32045.0,32048.0,32045.0,33731.0,40185.0,1287854759.0,43.0
2017-03-05,30446.0,32820.0,30446.0,32011.0,32199.0,32048.0,15562.0,498158033.0,20.0
2017-03-06,30411.0,31998.0,30411.0,30703.0,30411.0,32011.0,12163.0,369968343.0,12.0
2017-03-07,32010.0,32200.0,29170.0,31744.0,29170.0,30703.0,27265.0,865509073.0,35.0
2017-03-08,30160.0,30200.0,30157.0,31600.0,30157.0,31744.0,1362.0,41099439.0,7.0
2017-03-11,30020.0,30020.0,30020.0,31281.0,30020.0,31600.0,3190.0,95763800.0,9.0
2017-03-12,29717.0,29717.0,29717.0,31150.0,29717.0,31281.0,1326.0,39404742.0,8.0
2017-03-18,29593.0,29593.0,29593.0,31135.0,29593.0,31150.0,157.0,4646101.0,2.0
2017-03-25,29579.0,29579.0,29579.0,31129.0,29579.0,31135.0,66.0,1952214.0,1.0
2017-04-08,29573.0,29573.0,29573.0,31064.0,29573.0,31129.0,667.0,19725191.0,5.0
2017-04-10,29511.0,29511.0,29511.0,30909.0,29511.0,31064.0,1600.0,47217600.0,2.0
2017-04-12,29364.0,32000.0,29364.0,29418.0,29390.0,30909.0,49392.0,1452997741.0,105.0
2017-04-15,29798.0,30879.0,27948.0,29518.0,27950.0,29418.0,10301.0,304732213.0,20.0
2017-04-16,30993.0,30993.0,29500.0,30173.0,29500.0,29518.0,8574.0,264218744.0,13.0
2017-04-17,28665.0,28665.0,28665.0,30146.0,28665.0,30173.0,308.0,8828820.0,2.0
2017-04-18,28639.0,28652.0,28639.0,29928.0,28651.0,30146.0,2474.0,70872852.0,5.0
2017-04-22,28451.0,28500.0,28451.0,29694.0,28500.0,29928.0,2731.0,77829090.0,6.0
2017-04-23,28210.0,29000.0,28210.0,29632.0,28998.0,29694.0,757.0,21449650.0,12.0
2017-04-24,28151.0,28151.0,28151.0,29586.0,28151.0,29632.0,519.0,14610369.0,5.0
2017-04-29,28107.0,28109.0,28107.0,29526.0,28107.0,29586.0,690.0,19394098.0,5.0
2017-05-06,28050.0,28050.0,28050.0,29523.0,28050.0,29526.0,40.0,1122000.0,1.0
2017-05-07,28047.0,28047.0,28047.0,29520.0,28047.0,29523.0,40.0,1121880.0,1.0
2017-05-10,28044.0,28044.0,28044.0,29433.0,28044.0,29520.0,1000.0,28044000.0,2.0
2017-05-16,27962.0,27962.0,27962.0,29382.0,27962.0,29433.0,584.0,16329808.0,2.0
2017-05-17,27913.0,30790.0,27913.0,27932.0,27913.0,29382.0,27423.0,765983180.0,23.0
2017-05-21,26536.0,29299.0,26536.0,27785.0,26536.0,27932.0,3329.0,90347045.0,9.0
2017-05-22,26600.0,29174.0,26600.0,29127.0,29174.0,27785.0,37504.0,1092393980.0,34.0
2017-05-23,29798.0,30583.0,29798.0,30548.0,30583.0,29127.0,17708.0,541219119.0,25.0
2017-05-24,31000.0,32075.0,30101.0,31680.0,32073.0,30548.0,14248.0,455515361.0,33.0
2017-05-27,32075.0,32075.0,30096.0,31549.0,30096.0,31680.0,5903.0,184940910.0,12.0
2017-05-29,29972.0,29972.0,29972.0,31301.0,29972.0,31549.0,2480.0,74330560.0,6.0
2017-05-30,32069.0,32069.0,29736.0,30613.0,29736.0,31301.0,8037.0,240703917.0,18.0
2017-05-31,29083.0,31805.0,29083.0,29287.0,30000.0,30613.0,18201.0,533049304.0,19.0
2017-06-03,29280.0,30000.0,29280.0,29288.0,30000.0,29287.0,1784.0,52260000.0,2.0
2017-06-06,29999.0,30752.0,29999.0,29549.0,30752.0,29288.0,3875.0,117948066.0,15.0
2017-06-07,30000.0,30000.0,29000.0,29527.0,29000.0,29549.0,1250.0,36554200.0,5.0
2017-06-10,30999.0,30999.0,30000.0,29592.0,30995.0,29527.0,1894.0,57023780.0,7.0
2017-06-11,29900.0,29900.0,28200.0,29538.0,29399.0,29592.0,1192.0,34353399.0,10.0
2017-06-12,29897.0,29897.0,28062.0,29446.0,29790.0,29538.0,1132.0,31883110.0,9.0
2017-06-13,29400.0,29900.0,29400.0,29515.0,29900.0,29446.0,2629.0,78589935.0,8.0
2017-06-14,30918.0,30990.0,30000.0,30515.0,30990.0,29515.0,13750.0,422772735.0,21.0
2017-06-17,31000.0,31000.0,30001.0,30556.0,30999.0,30515.0,3546.0,108872787.0,7.0
2017-06-18,31000.0,31000.0,30000.0,30527.0,30000.0,30556.0,2459.0,74670100.0,5.0
2017-06-19,31000.0,31000.0,31000.0,30527.0,31000.0,30527.0,10.0,310000.0,1.0
2017-06-20,30999.0,30999.0,29200.0,29847.0,29200.0,30527.0,24061.0,718155067.0,16.0
2017-06-21,30000.0,30070.0,30000.0,29876.0,30070.0,29847.0,3050.0,91502820.0,3.0
2017-06-24,30000.0,30499.0,28383.0,30390.0,30400.0,29876.0,37365.0,1135519495.0,6.0
2017-06-25,30650.0,30650.0,30586.0,30459.0,30586.0,30390.0,4915.0,150515970.0,6.0
2017-06-28,30594.0,31981.0,30594.0,31260.0,31981.0,30459.0,11859.0,374625819.0,26.0
2017-07-01,31999.0,32000.0,29766.0,31374.0,32000.0,31260.0,4359.0,138081975.0,14.0
2017-07-02,32400.0,32400.0,32300.0,31525.0,32350.0,31374.0,2560.0,82729442.0,10.0
2017-07-03,32400.0,32400.0,31000.0,31527.0,31000.0,31525.0,147.0,4671400.0,7.0
2017-07-04,32454.0,32454.0,29955.0,31533.0,32360.0,31527.0,271.0,8638998.0,9.0
2017-07-05,32197.0,32197.0,29966.0,31536.0,32121.0,31533.0,1854.0,58506410.0,24.0
2017-07-08,30001.0,32099.0,29960.0,31736.0,32099.0,31536.0,6503.0,208254802.0,7.0
2017-07-09,31963.0,31963.0,30150.0,30155.0,30150.0,31736.0,35867.0,1081573840.0,33.0
2017-07-10,29775.0,30000.0,29775.0,30150.0,30000.0,30155.0,243.0,7249275.0,10.0
2017-07-11,29996.0,29996.0,28643.0,29501.0,28887.0,30150.0,8853.0,256622413.0,24.0
2017-07-23,28800.0,28800.0,28800.0,28800.0,28800.0,28801.0,1500.0,43200000.0,2.0
2017-07-24,28800.0,29000.0,28000.0,28713.0,28500.0,28800.0,9036.0,258725000.0,7.0
2017-07-25,29600.0,30000.0,28334.0,29992.0,29970.0,28713.0,391272.0,11735195908.0,122.0
2017-07-29,28493.0,28495.0,28493.0,29729.0,28494.0,29992.0,2931.0,83516752.0,9.0
2017-07-30,30000.0,30000.0,28243.0,28343.0,29987.0,29729.0,22061.0,625273957.0,15.0
2017-07-31,27846.0,29760.0,27000.0,28409.0,29300.0,28343.0,2640.0,75925268.0,9.0
2017-08-01,27002.0,29476.0,28999.0,29001.0,29000.0,28409.0,17478.0,506877184.0,8.0
2017-08-02,29797.0,30420.0,29797.0,30363.0,30420.0,29001.0,45432.0,1379464642.0,34.0
2017-08-06,29988.0,30000.0,29900.0,30343.0,30000.0,30363.0,863.0,25879568.0,5.0
2017-08-08,28826.0,28838.0,28826.0,29972.0,28826.0,30343.0,4044.0,116595140.0,12.0
2017-08-12,28501.0,28501.0,28474.0,29524.0,28474.0,29972.0,5000.0,142389350.0,13.0
2017-08-13,28400.0,28400.0,28048.0,29065.0,28400.0,29524.0,5732.0,161570826.0,22.0
2017-08-14,27867.0,27867.0,27612.0,28910.0,27612.0,29065.0,1790.0,49434915.0,14.0
2017-08-15,27465.0,27465.0,27465.0,28815.0,27465.0,28910.0,1100.0,30211500.0,5.0
2017-08-16,27376.0,27376.0,27376.0,28794.0,27376.0,28815.0,239.0,6542864.0,2.0
2017-08-19,27359.0,27359.0,27358.0,28788.0,27358.0,28794.0,70.0,1915097.0,2.0
2017-08-20,28580.0,30220.0,28580.0,29252.0,30220.0,28788.0,9799.0,290146609.0,17.0
2017-08-22,27950.0,27950.0,27906.0,29229.0,27906.0,29252.0,304.0,8485624.0,2.0
2017-08-26,27868.0,27900.0,27868.0,29202.0,27900.0,29229.0,345.0,9624636.0,3.0
2017-08-27,27868.0,27868.0,27742.0,29035.0,27742.0,29202.0,2000.0,55551625.0,5.0
2017-08-28,27584.0,27585.0,27584.0,28899.0,27584.0,29035.0,1604.0,44244776.0,5.0
2017-08-30,27456.0,27456.0,27455.0,28736.0,27455.0,28899.0,1930.0,52988350.0,9.0
2017-09-02,28000.0,28699.0,28000.0,28367.0,28000.0,28736.0,10104.0,283929780.0,14.0
2017-09-03,28000.0,28000.0,28000.0,28154.0,28000.0,28367.0,10100.0,282800000.0,2.0
2017-09-04,27500.0,28600.0,27500.0,28046.0,27500.0,28154.0,2879.0,79173600.0,3.0
2017-09-05,27500.0,27500.0,27500.0,27541.0,27500.0,28046.0,16078.0,442145000.0,6.0
2017-09-06,27500.0,27500.0,27500.0,27541.0,27500.0,27541.0,32.0,880000.0,1.0
2017-09-10,27500.0,28249.0,27500.0,27553.0,28249.0,27541.0,3600.0,99374500.0,4.0
2017-09-11,28240.0,28245.0,27500.0,27558.0,27500.0,27553.0,248.0,6931615.0,3.0
2017-09-12,27500.0,27500.0,27500.0,27520.0,27500.0,27558.0,11809.0,324747500.0,14.0
2017-09-13,27500.0,27550.0,27500.0,27519.0,27550.0,27520.0,1645.0,45247500.0,6.0
2017-09-16,27900.0,27900.0,27500.0,27517.0,27500.0,27519.0,1496.0,41140400.0,2.0
2017-09-17,27500.0,27500.0,27500.0,27508.0,27500.0,27517.0,9443.0,259682500.0,2.0
2017-09-18,27500.0,27500.0,27500.0,27506.0,27500.0,27508.0,5022.0,138105000.0,4.0
2017-09-19,27500.0,27700.0,27500.0,27504.0,27700.0,27506.0,114924.0,3160902041.0,32.0
2017-09-23,27300.0,27300.0,26133.0,27473.0,26133.0,27504.0,500.0,13183200.0,4.0
2017-09-24,27200.0,28789.0,27200.0,27425.0,28785.0,27473.0,7753.0,212124165.0,5.0
2017-09-26,26101.0,26101.0,26101.0,27376.0,26101.0,27425.0,678.0,17696478.0,2.0
2017-09-27,27376.0,27376.0,27376.0,27376.0,27376.0,27376.0,200.0,5475200.0,1.0
2017-10-02,27376.0,27376.0,27376.0,27376.0,27376.0,27376.0,800.0,21900800.0,1.0
2017-10-03,26045.0,26045.0,26008.0,26008.0,26008.0,27376.0,40340.0,1049171560.0,8.0
2017-10-04,26500.0,26500.0,26500.0,26010.0,26500.0,26008.0,68.0,1802000.0,1.0
2017-10-07,26500.0,26800.0,26500.0,26194.0,26800.0,26010.0,4513.0,120925900.0,5.0
2017-10-08,27000.0,27000.0,27000.0,26428.0,27000.0,26194.0,5590.0,150930000.0,7.0
2017-10-09,27749.0,27749.0,27000.0,27001.0,27000.0,26428.0,39340.0,1062206810.0,7.0
2017-10-10,27001.0,27001.0,26500.0,26751.0,26500.0,27001.0,11078.0,294312680.0,4.0
2017-10-11,27000.0,28088.0,27000.0,27979.0,28000.0,26751.0,40039.0,1120236083.0,18.0
2017-10-14,26582.0,27500.0,26581.0,27879.0,27500.0,27979.0,1445.0,38634189.0,11.0
2017-10-15,27500.0,27500.0,27500.0,27831.0,27500.0,27879.0,2240.0,61600000.0,3.0
2017-10-16,27500.0,27500.0,27500.0,27500.0,27500.0,27831.0,35380.0,972950000.0,5.0
2017-10-17,27500.0,27500.0,27500.0,27500.0,27500.0,27500.0,2177.0,59867500.0,1.0
2017-10-18,27500.0,27500.0,27500.0,27500.0,27500.0,27500.0,17000.0,467500000.0,4.0
2017-10-23,26126.0,26152.0,26125.0,27200.0,26125.0,27500.0,4001.0,104575526.0,13.0
2017-10-28,27500.0,27500.0,27500.0,27273.0,27500.0,27200.0,4450.0,122375000.0,7.0
2017-10-29,27500.0,27501.0,27500.0,27301.0,27500.0,27273.0,2231.0,61353991.0,8.0
2017-10-30,27500.0,27500.0,27500.0,27309.0,27500.0,27301.0,700.0,19250000.0,2.0
2017-10-31,27500.0,27501.0,27500.0,27371.0,27500.0,27309.0,6002.0,165055004.0,5.0
2017-11-01,28156.0,28156.0,27500.0,27392.0,27500.0,27371.0,2705.0,74428172.0,4.0
2017-11-04,27500.0,27500.0,27500.0,27401.0,27500.0,27392.0,1540.0,42350000.0,2.0
2017-11-05,27500.0,27500.0,27500.0,27402.0,27500.0,27401.0,169.0,4647500.0,2.0
2017-11-06,27500.0,27500.0,27500.0,27423.0,27500.0,27402.0,4000.0,110000000.0,2.0
2017-11-07,27500.0,27500.0,27500.0,27474.0,27500.0,27423.0,12011.0,330302500.0,6.0
2017-11-08,27500.0,27501.0,27500.0,27476.0,27500.0,27474.0,1207.0,33193190.0,6.0
2017-11-11,27500.0,28000.0,27500.0,27516.0,28000.0,27476.0,2830.0,78489800.0,5.0
2017-11-12,28000.0,28000.0,28000.0,27530.0,28000.0,27516.0,510.0,14280000.0,2.0
2017-11-14,28000.0,28000.0,28000.0,27530.0,28000.0,27530.0,2.0,56000.0,1.0
2017-11-15,28000.0,28001.0,28000.0,27662.0,28000.0,27530.0,5097.0,142716039.0,6.0
2017-11-18,28000.0,28000.0,28000.0,27709.0,28000.0,27662.0,2492.0,69776000.0,3.0
2017-11-20,28000.0,28800.0,28000.0,28003.0,28800.0,27709.0,12364.0,347916800.0,7.0
2017-11-21,28800.0,29403.0,28800.0,28079.0,29000.0,28003.0,1291.0,37530675.0,10.0
2017-11-22,29000.0,29482.0,29000.0,28162.0,29000.0,28079.0,1580.0,45858560.0,3.0
2017-11-26,29010.0,29010.0,29000.0,28400.0,29000.0,28162.0,5044.0,146278465.0,9.0
2017-11-28,29000.0,29820.0,29000.0,28515.0,29820.0,28400.0,2493.0,72845984.0,8.0
2017-11-29,29940.0,29940.0,29940.0,28696.0,29940.0,28515.0,2249.0,67335060.0,2.0
2017-12-02,30130.0,30130.0,29821.0,29047.0,30130.0,28696.0,4602.0,138176220.0,8.0
2017-12-03,30370.0,30370.0,30000.0,29092.0,30000.0,29047.0,683.0,20619500.0,4.0
2017-12-05,30546.0,30546.0,30500.0,29143.0,30500.0,29092.0,610.0,18628000.0,2.0
2017-12-09,30600.0,30600.0,29820.0,29266.0,29820.0,29143.0,3060.0,91296150.0,5.0
2017-12-11,29820.0,30642.0,29820.0,29701.0,30642.0,29266.0,12140.0,362748200.0,9.0
2017-12-12,29820.0,29990.0,29820.0,29730.0,29990.0,29701.0,4097.0,122181040.0,5.0
2017-12-13,29820.0,29820.0,29820.0,29767.0,29820.0,29730.0,7000.0,208740000.0,1.0
2017-12-16,29000.0,29000.0,29000.0,29762.0,29000.0,29767.0,100.0,2900000.0,2.0
2017-12-17,31249.0,31249.0,30000.0,29801.0,30000.0,29762.0,800.0,24465680.0,8.0
2017-12-20,29760.0,31000.0,29760.0,29904.0,31000.0,29801.0,8838.0,265109080.0,6.0
2017-12-23,30000.0,30000.0,29760.0,29761.0,29760.0,29904.0,27012.0,803902120.0,8.0
2017-12-24,29760.0,29760.0,29760.0,29761.0,29760.0,29761.0,1000.0,29760000.0,1.0
2017-12-25,29760.0,30000.0,29760.0,29762.0,29760.0,29761.0,359.0,10699680.0,4.0
2017-12-26,30000.0,30000.0,30000.0,29765.0,30000.0,29762.0,201.0,6030000.0,2.0
2017-12-30,29760.0,29761.0,29760.0,29760.0,29760.0,29765.0,60000.0,1785600050.0,7.0
2017-12-31,29760.0,29760.0,28272.0,29696.0,28272.0,29760.0,5527.0,163411460.0,4.0
2018-01-01,28450.0,28450.0,28212.0,29132.0,28212.0,29696.0,6393.0,180370380.0,11.0
2018-01-03,27676.0,27676.0,27676.0,29007.0,27676.0,29132.0,1443.0,39936468.0,7.0
2018-01-07,27585.0,30399.0,27585.0,29482.0,29500.0,29007.0,17483.0,515438295.0,13.0
2018-01-09,28015.0,28015.0,28008.0,29188.0,28008.0,29482.0,3440.0,96356120.0,7.0
2018-01-10,27750.0,27750.0,27729.0,29115.0,27729.0,29188.0,860.0,23849040.0,5.0
2018-01-13,30397.0,30397.0,30397.0,29115.0,30397.0,29115.0,1.0,30397.0,1.0
2018-01-14,30000.0,30000.0,29898.0,29621.0,30000.0,29115.0,10036.0,300889261.0,10.0
2018-01-15,28151.0,28151.0,28145.0,29458.0,28145.0,29621.0,1905.0,53625978.0,6.0
2018-01-16,29865.0,30000.0,29865.0,29987.0,30000.0,29458.0,56200.0,1685273755.0,20.0
2018-01-17,28491.0,29000.0,28491.0,29621.0,29000.0,29987.0,4559.0,130429500.0,3.0
2018-01-20,29000.0,29000.0,29000.0,29546.0,29000.0,29621.0,2038.0,59102000.0,4.0
2018-01-21,29001.0,30000.0,29000.0,29006.0,29000.0,29546.0,66822.0,1938264957.0,29.0
2018-01-22,29500.0,29500.0,29000.0,29002.0,29000.0,29006.0,32023.0,928717000.0,19.0
2018-01-23,29002.0,29002.0,29002.0,29002.0,29002.0,29002.0,500.0,14501000.0,2.0
2018-01-27,29050.0,29050.0,29050.0,29002.0,29050.0,29002.0,50.0,1452500.0,1.0
2018-01-28,28141.0,28141.0,27552.0,28868.0,27552.0,29002.0,1822.0,50539080.0,10.0
2018-01-29,28000.0,28000.0,28000.0,28860.0,28000.0,28868.0,165.0,4620000.0,3.0
2018-01-30,27425.0,27425.0,27417.0,28668.0,27417.0,28860.0,2297.0,62978313.0,13.0
2018-02-03,27900.0,27900.0,27900.0,28665.0,27900.0,28668.0,75.0,2092500.0,2.0
2018-02-04,27426.0,27426.0,27232.0,28586.0,27232.0,28665.0,1051.0,28755839.0,9.0
2018-02-05,27157.0,27157.0,27157.0,28496.0,27157.0,28586.0,1100.0,29872700.0,2.0
2018-02-06,27072.0,27072.0,27072.0,28488.0,27072.0,28496.0,100.0,2707200.0,1.0
2018-02-07,27064.0,27064.0,27064.0,28470.0,27064.0,28488.0,224.0,6062336.0,3.0
2018-02-12,27047.0,27047.0,27047.0,28468.0,27047.0,28470.0,27.0,730269.0,5.0
2018-02-14,27045.0,27045.0,27045.0,28465.0,27045.0,28468.0,40.0,1081800.0,1.0
2018-02-19,27042.0,27042.0,27042.0,28460.0,27042.0,28465.0,60.0,1622520.0,1.0
2018-02-21,27037.0,27037.0,27037.0,28317.0,27037.0,28460.0,1759.0,47558083.0,3.0
2018-02-24,26902.0,26902.0,26902.0,28305.0,26902.0,28317.0,155.0,4169810.0,2.0
2018-02-26,26890.0,26890.0,26890.0,27249.0,26890.0,28305.0,13174.0,354248860.0,10.0
2018-02-27,26500.0,26500.0,25887.0,27047.0,25887.0,27249.0,2660.0,68906970.0,8.0
2018-02-28,26000.0,26000.0,26000.0,26988.0,26000.0,27047.0,1000.0,26000000.0,3.0
2018-03-03,25700.0,25700.0,25640.0,26798.0,25640.0,26988.0,2614.0,67028960.0,8.0
2018-03-04,25460.0,25460.0,25459.0,26758.0,25459.0,26798.0,550.0,14002550.0,4.0
2018-03-05,26499.0,26499.0,26496.0,26751.0,26496.0,26758.0,513.0,13593048.0,2.0
2018-03-06,25421.0,25421.0,25421.0,26724.0,25421.0,26751.0,380.0,9659980.0,5.0
2018-03-07,25388.0,25388.0,25388.0,26722.0,25388.0,26724.0,22.0,558536.0,2.0
2018-03-10,25386.0,25386.0,25386.0,26701.0,25386.0,26722.0,300.0,7615800.0,1.0
2018-03-11,25366.0,25366.0,25366.0,26696.0,25366.0,26701.0,75.0,1902450.0,2.0
2018-03-14,25362.0,25362.0,25362.0,26689.0,25362.0,26696.0,100.0,2536200.0,1.0
2018-03-25,25355.0,25355.0,25355.0,26668.0,25355.0,26689.0,300.0,7606500.0,6.0
2018-04-03,25335.0,25335.0,25335.0,26654.0,25335.0,26668.0,200.0,5067000.0,1.0
2018-04-04,25322.0,25322.0,25322.0,26647.0,25322.0,26654.0,100.0,2532200.0,1.0
2018-04-07,25315.0,25315.0,25315.0,26644.0,25315.0,26647.0,43.0,1088545.0,1.0
2018-04-08,25312.0,25312.0,25312.0,26637.0,25312.0,26644.0,100.0,2531200.0,1.0
2018-04-09,25306.0,25306.0,25306.0,26634.0,25306.0,26637.0,43.0,1088158.0,1.0
2018-04-10,25303.0,25362.0,25303.0,25512.0,25362.0,26634.0,16000.0,405086235.0,6.0
2018-04-11,24237.0,24237.0,24237.0,25498.0,24237.0,25512.0,199.0,4823163.0,2.0
2018-04-15,24224.0,24224.0,24224.0,25435.0,24224.0,25498.0,965.0,23376160.0,3.0
2018-04-22,25330.0,25361.0,25330.0,25427.0,25361.0,25435.0,1900.0,48164200.0,4.0
2018-04-29,24156.0,24156.0,24156.0,25300.0,24156.0,25427.0,1960.0,47345760.0,3.0
2018-04-30,24035.0,25359.0,24035.0,25302.0,25359.0,25300.0,1000.0,25345760.0,2.0
2018-05-14,24037.0,24037.0,24037.0,25281.0,24037.0,25302.0,323.0,7763951.0,6.0
2018-05-15,24017.0,24017.0,24017.0,24635.0,24017.0,25281.0,10104.0,242667768.0,6.0
2018-05-19,25361.0,25361.0,25361.0,24636.0,25361.0,24635.0,40.0,1014440.0,1.0
2018-05-20,24000.0,24000.0,23405.0,24606.0,23405.0,24636.0,525.0,12332115.0,6.0
2018-05-21,24606.0,24606.0,23376.0,24596.0,23376.0,24606.0,167.0,3916156.0,4.0
2018-05-23,23367.0,23367.0,23367.0,24423.0,23367.0,24596.0,2850.0,66595950.0,3.0
2018-05-26,23202.0,23202.0,23202.0,24350.0,23202.0,24423.0,1229.0,28515258.0,4.0
2018-05-27,23133.0,23133.0,23133.0,24320.0,23133.0,24350.0,499.0,11543367.0,3.0
2018-05-30,23104.0,23104.0,23104.0,24249.0,23104.0,24320.0,1195.0,27609280.0,2.0
2018-06-03,23037.0,23037.0,23037.0,24186.0,23037.0,24249.0,1076.0,24787812.0,4.0
2018-06-09,22978.0,22978.0,22977.0,24094.0,22977.0,24186.0,1570.0,36075260.0,2.0
2018-06-10,22890.0,22890.0,22890.0,24091.0,22890.0,24094.0,50.0,1144500.0,1.0
2018-06-11,22887.0,22887.0,22887.0,23916.0,22887.0,24091.0,3000.0,68661000.0,7.0
2018-06-12,22721.0,24766.0,22721.0,23875.0,22801.0,23916.0,1283.0,29846087.0,10.0
2018-06-13,24998.0,25068.0,23875.0,23961.0,25062.0,23875.0,2889.0,70759836.0,9.0
2018-06-18,24111.0,24996.0,24111.0,24940.0,24400.0,23961.0,25811.0,643728752.0,16.0
2018-06-19,24996.0,24996.0,23693.0,24934.0,23693.0,24940.0,101.0,2394296.0,2.0
2018-06-23,23688.0,24500.0,23688.0,24688.0,24500.0,24934.0,6100.0,147163600.0,11.0
2018-06-24,23500.0,24300.0,23500.0,24440.0,23510.0,24688.0,5400.0,128351000.0,7.0
2018-06-25,23218.0,24497.0,23218.0,24341.0,24497.0,24440.0,2405.0,56797380.0,10.0
2018-06-26,23124.0,24800.0,23124.0,24122.0,24800.0,24341.0,4171.0,97138976.0,14.0
2018-06-27,24750.0,24994.0,23423.0,23922.0,23435.0,24122.0,14467.0,344955855.0,19.0
2018-06-30,23435.0,23435.0,23435.0,23919.0,23435.0,23922.0,138.0,3234030.0,1.0
2018-07-01,24900.0,24993.0,24900.0,23963.0,24993.0,23919.0,861.0,21518880.0,6.0
2018-07-02,23700.0,24993.0,23700.0,24025.0,24992.0,23963.0,2257.0,55384144.0,8.0
2018-07-03,24025.0,24990.0,24025.0,24221.0,24974.0,24025.0,8127.0,199347151.0,25.0
2018-07-04,24970.0,24977.0,24970.0,24320.0,24976.0,24221.0,2753.0,68747612.0,15.0
2018-07-07,24978.0,24978.0,24978.0,24348.0,24978.0,24320.0,864.0,21580992.0,6.0
2018-07-08,24977.0,24978.0,24977.0,24389.0,24978.0,24348.0,1322.0,33020791.0,16.0
2018-07-10,24976.0,24976.0,24976.0,24389.0,24976.0,24389.0,1.0,24976.0,1.0
2018-07-11,24899.0,24899.0,24555.0,24426.0,24899.0,24389.0,2829.0,69751457.0,11.0
2018-07-14,24976.0,24978.0,24140.0,24786.0,24970.0,24426.0,15333.0,381899016.0,45.0
2018-07-21,24000.0,25710.0,24000.0,24570.0,25710.0,24486.0,300.0,7371000.0,2.0
2018-07-22,24555.0,24560.0,24009.0,24561.0,24009.0,24570.0,1572.0,38441910.0,5.0
2018-07-23,25000.0,25000.0,23900.0,24560.0,23900.0,24561.0,212.0,5190000.0,2.0
2018-07-24,23333.0,24880.0,23333.0,24560.0,24880.0,24560.0,100.0,2449665.0,3.0
2018-07-28,24500.0,24900.0,23332.0,24569.0,24900.0,24560.0,4220.0,103833036.0,8.0
2018-07-29,24695.0,25797.0,24695.0,24632.0,25000.0,24569.0,4461.0,110886430.0,13.0
2018-07-30,23401.0,23401.0,23401.0,24632.0,23401.0,24632.0,4.0,93604.0,1.0
2018-07-31,25000.0,25797.0,25000.0,24806.0,25797.0,24632.0,3064.0,79008096.0,8.0
2018-08-01,25797.0,25797.0,23566.0,24758.0,23566.0,24806.0,810.0,19110770.0,3.0
2018-08-04,23521.0,23521.0,23521.0,24722.0,23521.0,24758.0,584.0,13736264.0,1.0
2018-08-06,23486.0,23486.0,23486.0,24357.0,23486.0,24722.0,5965.0,140093990.0,9.0
2018-08-07,25000.0,25574.0,23142.0,24654.0,23142.0,24357.0,7139.0,179883986.0,12.0
2018-08-08,23423.0,23423.0,23423.0,24654.0,23423.0,24654.0,3.0,70269.0,1.0
2018-08-12,25800.0,25886.0,25500.0,24775.0,25500.0,24654.0,2435.0,62491100.0,4.0
2018-08-13,24051.0,25800.0,24051.0,24921.0,25800.0,24775.0,5045.0,127941191.0,6.0
2018-08-14,23681.0,26167.0,23680.0,25719.0,26150.0,24921.0,27341.0,703174290.0,25.0
2018-08-15,27000.0,27000.0,26997.0,25867.0,26997.0,25719.0,2350.0,63448950.0,3.0
2018-08-18,26888.0,27160.0,26888.0,26072.0,27100.0,25867.0,3205.0,86860333.0,12.0
2018-08-19,26075.0,26075.0,26075.0,26072.0,26075.0,26072.0,150.0,3911250.0,1.0
2018-08-20,27369.0,27373.0,27369.0,26176.0,27373.0,26072.0,1550.0,42426050.0,4.0
2018-08-21,27366.0,27480.0,27366.0,26504.0,27480.0,26176.0,5000.0,137226506.0,6.0
2018-08-25,27000.0,27800.0,27000.0,26668.0,27800.0,26504.0,2408.0,66908000.0,8.0
2018-08-26,27788.0,27788.0,26901.0,26673.0,26901.0,26668.0,235.0,6357215.0,2.0
2018-08-27,28006.0,28006.0,25401.0,26546.0,25422.0,26673.0,4170.0,108839374.0,14.0
2018-08-28,25222.0,26005.0,25222.0,26460.0,26005.0,26546.0,1850.0,47480850.0,6.0
2018-08-29,26555.0,26998.0,26555.0,26505.0,26555.0,26460.0,3858.0,102928407.0,7.0
2018-09-01,26601.0,26667.0,26514.0,26516.0,26514.0,26505.0,3636.0,96584104.0,9.0
2018-09-03,25194.0,25194.0,25193.0,26393.0,25193.0,26516.0,1757.0,44264401.0,2.0
2018-09-04,25202.0,25202.0,25074.0,25181.0,25074.0,26393.0,17658.0,443180356.0,10.0
2018-09-05,23923.0,26000.0,23923.0,25241.0,26000.0,25181.0,1474.0,38247334.0,12.0
2018-09-08,26502.0,26503.0,26500.0,26503.0,26503.0,25241.0,67000.0,1775684147.0,14.0
2018-09-09,27827.0,27828.0,26502.0,27579.0,27828.0,26503.0,17140.0,475574554.0,13.0
2018-09-10,27873.0,28957.0,27873.0,28231.0,28957.0,27579.0,9419.0,272691783.0,8.0
2018-09-11,29642.0,29642.0,29150.0,28891.0,29642.0,28231.0,9388.0,278105132.0,16.0
2018-09-12,30335.0,30335.0,30335.0,30335.0,30335.0,28891.0,20050.0,608216750.0,6.0
2018-09-15,31851.0,31851.0,30556.0,30487.0,31850.0,30335.0,2031.0,64621030.0,10.0
2018-09-16,30555.0,30555.0,29777.0,30389.0,29777.0,30487.0,6293.0,189907359.0,15.0
2018-09-17,30700.0,31908.0,30700.0,31109.0,31908.0,30389.0,15541.0,486546834.0,11.0
2018-09-18,31109.0,32664.0,31109.0,31246.0,32664.0,31109.0,3702.0,117886038.0,8.0
2018-09-22,32670.0,32808.0,32670.0,32808.0,32808.0,31246.0,16474.0,540472506.0,18.0
2018-09-23,32850.0,34000.0,31168.0,31195.0,31694.0,32808.0,117434.0,3663407586.0,68.0
2018-09-24,31001.0,32754.0,31001.0,32407.0,32754.0,31195.0,18804.0,609372321.0,32.0
2018-09-25,34026.0,34027.0,34026.0,34027.0,34026.0,32407.0,27243.0,926986947.0,25.0
2018-09-26,35728.0,35728.0,35728.0,34031.0,35728.0,34027.0,36.0,1286208.0,1.0
2018-09-29,35732.0,35732.0,35732.0,35732.0,35732.0,34031.0,123337.0,4407077684.0,26.0
2018-09-30,37518.0,37518.0,37518.0,35778.0,37518.0,35732.0,381.0,14294358.0,5.0
2018-10-01,37566.0,37566.0,37566.0,36460.0,37566.0,35778.0,5601.0,210407166.0,20.0
2018-10-02,38281.0,38283.0,37701.0,37968.0,38260.0,36460.0,40474.0,1536722147.0,40.0
2018-10-03,38255.0,39866.0,36120.0,38156.0,39866.0,37968.0,11850.0,452677453.0,25.0
2018-10-06,40063.0,40063.0,38930.0,39461.0,40063.0,38156.0,36657.0,1446508599.0,32.0
2018-10-07,41434.0,41434.0,39800.0,41237.0,41434.0,39461.0,34677.0,1429965406.0,56.0
2018-10-08,43298.0,43298.0,43298.0,43298.0,43298.0,41237.0,18501.0,801056298.0,42.0
2018-10-09,45462.0,45462.0,45462.0,45462.0,45462.0,43298.0,14922.0,678383964.0,9.0
2018-10-10,47735.0,47735.0,47735.0,47735.0,47735.0,45462.0,55119.0,2631105465.0,21.0
2018-10-15,50000.0,50000.0,47500.0,47800.0,47500.0,47735.0,12399.0,592780000.0,26.0
2018-10-16,45410.0,45410.0,45410.0,45410.0,45410.0,47800.0,38562.0,1751100420.0,37.0
2018-10-17,43140.0,43140.0,43140.0,45374.0,43140.0,45410.0,225.0,9706500.0,3.0
2018-10-20,43106.0,43106.0,43106.0,45147.0,43106.0,45374.0,1401.0,60391506.0,10.0
2018-10-21,42890.0,42890.0,42890.0,44979.0,42890.0,45147.0,1039.0,44562710.0,7.0
2018-10-22,42731.0,42731.0,42731.0,44822.0,42731.0,44979.0,975.0,41662725.0,3.0
2018-10-23,42581.0,42581.0,42581.0,44814.0,42581.0,44822.0,50.0,2129050.0,1.0
2018-10-28,42574.0,42574.0,42574.0,44654.0,42574.0,44814.0,1000.0,42574000.0,2.0
2018-11-05,42422.0,42422.0,42422.0,44479.0,42422.0,44654.0,1100.0,46664200.0,3.0
2018-11-06,42256.0,42256.0,42256.0,44463.0,42256.0,44479.0,100.0,4225600.0,1.0
2018-11-10,42240.0,42240.0,42240.0,44458.0,42240.0,44463.0,30.0,1267200.0,1.0
2018-11-11,42236.0,42236.0,42236.0,44299.0,42236.0,44458.0,1000.0,42236000.0,2.0
2018-11-12,42085.0,42085.0,42085.0,44246.0,42085.0,44299.0,336.0,14140560.0,2.0
2018-11-14,42034.0,42034.0,42034.0,43824.0,42034.0,44246.0,2669.0,112188746.0,3.0
2018-11-17,41633.0,41633.0,41633.0,43749.0,41633.0,43824.0,477.0,19858941.0,1.0
2018-11-20,41562.0,41562.0,41562.0,43698.0,41562.0,43749.0,325.0,13507650.0,2.0
2018-11-24,41514.0,41514.0,41514.0,43690.0,41514.0,43698.0,50.0,2075700.0,1.0
2018-12-01,41506.0,41506.0,41506.0,43686.0,41506.0,43690.0,25.0,1037650.0,1.0
2018-12-03,41502.0,41502.0,41502.0,43682.0,41502.0,43686.0,25.0,1037550.0,1.0
2018-12-05,41498.0,41498.0,41498.0,43674.0,41498.0,43682.0,50.0,2074900.0,2.0
2018-12-12,41491.0,41491.0,41491.0,41491.0,41491.0,43674.0,269.0,11161079.0,3.0
2018-12-15,39417.0,39417.0,39417.0,41366.0,39417.0,41491.0,841.0,33149697.0,5.0
2018-12-19,39298.0,39298.0,39298.0,41362.0,39298.0,41366.0,26.0,1021748.0,1.0
2018-12-22,39294.0,39294.0,39294.0,41358.0,39294.0,41362.0,26.0,1021644.0,1.0
2018-12-23,39291.0,39291.0,39291.0,41348.0,39291.0,41358.0,67.0,2632497.0,2.0
2018-12-24,39281.0,39281.0,39281.0,41338.0,39281.0,41348.0,71.0,2788951.0,1.0
2018-12-25,39272.0,39272.0,39272.0,41272.0,39272.0,41338.0,450.0,17672400.0,2.0
2018-12-29,39209.0,39209.0,39209.0,39209.0,39209.0,41272.0,60.0,2352540.0,1.0
2018-12-30,37249.0,37249.0,37249.0,38369.0,37249.0,39209.0,5997.0,223382253.0,8.0
2018-12-31,36451.0,36451.0,36451.0,37739.0,36451.0,38369.0,4598.0,167601698.0,10.0
2019-01-01,35853.0,35853.0,35853.0,37311.0,35853.0,37739.0,3180.0,114012540.0,13.0
2019-01-02,35446.0,35446.0,35446.0,37051.0,35446.0,37311.0,1950.0,69119700.0,11.0
2019-01-05,35199.0,35199.0,35199.0,36851.0,35199.0,37051.0,1510.0,53150490.0,5.0
2019-01-06,35009.0,35009.0,35009.0,36667.0,35009.0,36851.0,1400.0,49012600.0,4.0
2019-01-07,34834.0,34834.0,34834.0,36627.0,34834.0,36667.0,303.0,10554702.0,5.0
2019-01-08,34796.0,34796.0,34796.0,36589.0,34796.0,36627.0,293.0,10195228.0,3.0
2019-01-09,34760.0,34760.0,34760.0,35697.0,34760.0,36589.0,6825.0,237237000.0,8.0
2019-01-12,33913.0,33913.0,33913.0,35633.0,33913.0,35697.0,500.0,16956500.0,8.0
2019-01-13,33852.0,33852.0,33852.0,33852.0,33852.0,35633.0,9377.0,317430204.0,12.0
2019-01-14,32160.0,32160.0,32160.0,33671.0,32160.0,33852.0,1583.0,50909280.0,9.0
2019-01-15,31988.0,31988.0,31988.0,33560.0,31988.0,33671.0,971.0,31060348.0,8.0
2019-01-16,31882.0,31882.0,31882.0,33286.0,31882.0,33560.0,2412.0,76899384.0,6.0
2019-01-19,31622.0,31622.0,31622.0,31622.0,31622.0,33286.0,43573.0,1377865406.0,32.0
2019-01-20,30042.0,33203.0,30042.0,31545.0,33203.0,31622.0,62243.0,1963440232.0,75.0
2019-01-21,33122.0,33122.0,33122.0,31831.0,33122.0,31545.0,2721.0,90124962.0,14.0
2019-01-22,33422.0,33422.0,33422.0,31989.0,33422.0,31831.0,1493.0,49899046.0,11.0
2019-01-23,33588.0,33588.0,33588.0,32887.0,33588.0,31989.0,8434.0,283281192.0,9.0
2019-01-26,34531.0,34531.0,34531.0,33801.0,34531.0,32887.0,8453.0,291890543.0,19.0
2019-01-27,35491.0,35491.0,35491.0,34306.0,35491.0,33801.0,4543.0,161235613.0,19.0
2019-01-28,36021.0,36021.0,36021.0,35093.0,36021.0,34306.0,6978.0,251354538.0,8.0
2019-01-29,36847.0,36847.0,36455.0,36831.0,36847.0,35093.0,94768.0,3490394170.0,147.0
2019-01-30,38672.0,38672.0,34990.0,36919.0,34990.0,36831.0,26943.0,994714841.0,121.0
2019-02-02,35074.0,35500.0,35074.0,35077.0,35074.0,36919.0,30153.0,1057680673.0,76.0
2019-02-03,35061.0,36197.0,33332.0,35028.0,35993.0,35077.0,826.0,28294247.0,9.0
2019-02-04,35900.0,36779.0,35900.0,36686.0,36770.0,35028.0,19834.0,727629545.0,40.0
2019-02-05,37123.0,38520.0,37000.0,38424.0,38496.0,36686.0,27145.0,1043009562.0,54.0
2019-02-06,40345.0,40345.0,38602.0,40112.0,40344.0,38424.0,43579.0,1748031988.0,73.0
2019-02-10,42117.0,42117.0,42000.0,42104.0,42117.0,40112.0,47341.0,1993254531.0,132.0
2019-02-12,41500.0,42000.0,39999.0,40173.0,39999.0,42104.0,18104.0,727293202.0,90.0
2019-02-13,38165.0,38824.0,38165.0,39084.0,38165.0,40173.0,7661.0,292520240.0,24.0
2019-02-16,38165.0,38165.0,37130.0,37146.0,37130.0,39084.0,22523.0,836643713.0,51.0
2019-02-17,38580.0,38580.0,37150.0,37793.0,38009.0,37146.0,7318.0,280890463.0,21.0
2019-02-18,38000.0,38000.0,37020.0,37778.0,37800.0,37793.0,723.0,27118020.0,9.0
2019-02-19,38623.0,38700.0,35890.0,37015.0,36100.0,37778.0,6732.0,243644776.0,19.0
2019-02-20,35166.0,37777.0,35166.0,37464.0,36050.0,37015.0,9666.0,364067595.0,26.0
2019-02-23,35751.0,39049.0,35650.0,38021.0,37990.0,37464.0,11356.0,433238700.0,22.0
2019-02-24,36500.0,37000.0,36120.0,36808.0,36120.0,38021.0,9597.0,347900927.0,33.0
2019-02-25,36120.0,38287.0,35000.0,37675.0,38275.0,36808.0,13461.0,507610975.0,30.0
2019-02-26,36026.0,36120.0,35792.0,36996.0,36120.0,37675.0,5461.0,196232896.0,17.0
2019-02-27,35155.0,37863.0,35155.0,36664.0,36060.0,36996.0,8972.0,327279179.0,39.0
2019-03-02,36060.0,38495.0,36060.0,37341.0,37250.0,36664.0,10208.0,383748982.0,15.0
2019-03-03,39200.0,39200.0,36300.0,37516.0,39013.0,37341.0,3672.0,139568857.0,17.0
2019-03-04,39390.0,39391.0,38501.0,38349.0,39391.0,37516.0,6480.0,254762730.0,17.0
2019-03-05,38500.0,39777.0,37010.0,38308.0,39777.0,38349.0,1476.0,56025700.0,11.0
2019-03-06,37510.0,40099.0,37410.0,38423.0,39000.0,38308.0,18012.0,692073738.0,28.0
2019-03-09,40000.0,40344.0,38385.0,39274.0,40344.0,38423.0,6778.0,272346940.0,22.0
2019-03-10,41237.0,41237.0,41237.0,39738.0,41237.0,39274.0,3312.0,136576944.0,20.0
2019-03-11,41724.0,41724.0,38003.0,40093.0,39000.0,39738.0,28497.0,1142517456.0,60.0
2019-03-12,39001.0,42097.0,39001.0,41906.0,42097.0,40093.0,315894.0,13237998446.0,60.0
2019-03-13,43570.0,44001.0,43570.0,43999.0,43990.0,41906.0,410041.0,18041433359.0,115.0
2019-03-26,17283.0,17283.0,17283.0,17283.0,17283.0,16460.0,613.0,10594479.0,4.0
2019-03-27,18147.0,18147.0,18147.0,18036.0,18147.0,17283.0,32596.0,591519612.0,33.0
2019-03-30,18937.0,18937.0,18937.0,18759.0,18937.0,18036.0,30023.0,568545551.0,9.0
2019-03-31,19696.0,19696.0,19696.0,19696.0,19696.0,18759.0,83348.0,1641622208.0,16.0
2019-04-06,20680.0,20680.0,20669.0,20680.0,20680.0,19696.0,591248.0,12226961897.0,154.0
2019-04-07,21714.0,21714.0,21714.0,21714.0,21714.0,20680.0,38128.0,827911392.0,31.0
2019-04-08,22799.0,22799.0,22799.0,22799.0,22799.0,21714.0,46386.0,1057554414.0,18.0
2019-04-09,23938.0,23938.0,23938.0,23938.0,23938.0,22799.0,40947.0,980189286.0,17.0
2019-04-10,25134.0,25134.0,23945.0,25053.0,25134.0,23938.0,631164.0,15812388643.0,477.0
2019-04-13,26300.0,26300.0,26300.0,26300.0,26300.0,25053.0,82136.0,2160176800.0,41.0
2019-04-16,27598.0,27598.0,26219.0,26354.0,26219.0,26300.0,36099.0,951428230.0,45.0
2019-04-17,25037.0,25037.0,25037.0,25037.0,25037.0,26354.0,47423.0,1187329651.0,46.0
2019-04-20,23786.0,23786.0,23786.0,23786.0,23786.0,25037.0,107828.0,2564796808.0,142.0
2019-04-22,23001.0,24975.0,23000.0,23585.0,23121.0,23786.0,302357.0,7130963195.0,403.0
2019-04-23,23012.0,23910.0,22607.0,23007.0,22801.0,23585.0,193138.0,4443540822.0,154.0
2019-04-24,22678.0,23777.0,22202.0,22630.0,22570.0,23007.0,73290.0,1658537523.0,103.0
2019-04-27,23555.0,23555.0,22312.0,22820.0,23270.0,22630.0,86167.0,1966314486.0,125.0
2019-04-28,23364.0,23364.0,23000.0,23164.0,23200.0,22820.0,37104.0,859585079.0,74.0
2019-04-29,22200.0,23364.0,22200.0,22565.0,22500.0,23164.0,117284.0,2646466095.0,120.0
2019-04-30,22502.0,22900.0,22006.0,22564.0,22893.0,22565.0,119555.0,2697587215.0,104.0
2019-05-01,22705.0,22800.0,21436.0,22167.0,22000.0,22564.0,204413.0,4531162560.0,284.0
2019-05-04,22899.0,23275.0,22300.0,22571.0,22965.0,22167.0,225373.0,5086915790.0,306.0
2019-05-05,22706.0,22974.0,22205.0,22510.0,22400.0,22571.0,109416.0,2462903272.0,135.0
2019-05-06,22649.0,22900.0,21385.0,21554.0,21898.0,22510.0,178727.0,3852280616.0,128.0
2019-05-11,22631.0,22631.0,20480.0,21569.0,21633.0,21554.0,119687.0,2581489531.0,177.0
2019-05-12,20491.0,21399.0,20491.0,20493.0,20492.0,21569.0,332396.0,6811945110.0,131.0
2019-05-13,20492.0,20978.0,19469.0,19801.0,20500.0,20493.0,99028.0,1960835472.0,156.0
2019-05-14,20351.0,20791.0,20200.0,20705.0,20791.0,19801.0,55980.0,1159054567.0,77.0
2019-05-15,21738.0,21738.0,19900.0,20916.0,21675.0,20705.0,171376.0,3584416101.0,141.0
2019-05-18,21801.0,21949.0,19875.0,20879.0,21550.0,20916.0,133524.0,2787912334.0,104.0
2019-05-19,21830.0,21922.0,20000.0,21566.0,21922.0,20879.0,224699.0,4845830480.0,201.0
2019-05-20,22642.0,22644.0,22014.0,22604.0,22644.0,21566.0,88359.0,1997306343.0,124.0
2019-05-21,23734.0,23734.0,22714.0,23732.0,23734.0,22604.0,202957.0,4816497422.0,179.0
2019-05-22,24580.0,24918.0,24000.0,24866.0,24917.0,23732.0,643448.0,16000167223.0,245.0
2019-05-25,24917.0,24917.0,23801.0,23965.0,23821.0,24866.0,55454.0,1328948900.0,128.0
2019-05-26,24200.0,24330.0,22801.0,23345.0,23354.0,23965.0,145490.0,3396494296.0,200.0
2019-05-28,24000.0,24000.0,22830.0,23448.0,23590.0,23345.0,124119.0,2910319764.0,158.0
2019-05-29,23710.0,24620.0,23400.0,24407.0,23400.0,23448.0,592009.0,14448976026.0,167.0
2019-06-01,24000.0,24000.0,23187.0,23300.0,23187.0,24407.0,77607.0,1808268287.0,158.0
2019-06-02,23331.0,23970.0,22401.0,22758.0,23330.0,23300.0,84649.0,1926472210.0,148.0
2019-06-03,23322.0,23322.0,22250.0,22420.0,22750.0,22758.0,44380.0,995020663.0,92.0
2019-06-08,22869.0,23541.0,22005.0,23276.0,23541.0,22420.0,64982.0,1512520885.0,127.0
2019-06-09,23895.0,23895.0,23300.0,23527.0,23533.0,23276.0,60857.0,1431812618.0,122.0
2019-06-10,23895.0,23995.0,23000.0,23812.0,23957.0,23527.0,62340.0,1484448726.0,114.0
2019-06-11,23541.0,23950.0,23541.0,23819.0,23700.0,23812.0,21233.0,505853499.0,48.0
2019-06-12,23914.0,23914.0,22630.0,23216.0,22651.0,23819.0,70405.0,1634510614.0,121.0
2019-06-15,23840.0,24376.0,22614.0,24163.0,24376.0,23216.0,163190.0,3943146330.0,123.0
2019-06-16,24999.0,25371.0,23862.0,25169.0,23862.0,24163.0,246308.0,6199236410.0,294.0
2019-06-23,25975.0,25975.0,23503.0,23514.0,23990.0,24739.0,210810.0,4957035296.0,88.0
2019-06-24,24599.0,24599.0,22500.0,23126.0,22901.0,23514.0,43263.0,1000479847.0,104.0
2019-06-25,22506.0,24000.0,22506.0,23684.0,23301.0,23126.0,43074.0,1020143392.0,61.0
2019-06-26,22621.0,23052.0,22500.0,22643.0,22511.0,23684.0,103061.0,2333631284.0,132.0
2019-06-30,22400.0,22995.0,22341.0,22539.0,22614.0,22643.0,42931.0,967602728.0,79.0
2019-07-01,22501.0,22999.0,22000.0,22274.0,22400.0,22539.0,48641.0,1083442378.0,62.0
2019-07-02,22400.0,22998.0,22000.0,22261.0,22489.0,22274.0,38747.0,862542214.0,70.0
2019-07-03,23020.0,23020.0,22263.0,22324.0,22640.0,22261.0,11893.0,267111150.0,53.0
2019-07-06,23020.0,23020.0,22475.0,22687.0,22855.0,22324.0,24686.0,564678898.0,62.0
2019-07-07,22998.0,22998.0,22423.0,22609.0,22500.0,22687.0,24771.0,559049223.0,36.0
2019-07-08,22998.0,23000.0,22011.0,22555.0,22501.0,22609.0,52244.0,1178348327.0,61.0
2019-07-09,22500.0,22750.0,22005.0,22248.0,22160.0,22555.0,57059.0,1269446700.0,97.0
2019-07-10,22999.0,22999.0,22160.0,22884.0,22879.0,22248.0,62090.0,1420854855.0,91.0
2019-07-13,22185.0,22879.0,22185.0,22502.0,22312.0,22884.0,31482.0,706146147.0,55.0
2019-07-14,22506.0,22740.0,22200.0,22538.0,22735.0,22502.0,19383.0,437505938.0,40.0
2019-07-15,22736.0,22800.0,22228.0,22570.0,22410.0,22538.0,22093.0,499120772.0,49.0
2019-07-16,22994.0,22994.0,21442.0,22232.0,21530.0,22570.0,22002.0,483952970.0,68.0
2019-07-17,22794.0,22794.0,21170.0,22088.0,22099.0,22232.0,10988.0,238890651.0,32.0
2019-07-20,21400.0,22998.0,21400.0,22428.0,22549.0,22088.0,32020.0,719974716.0,64.0
2019-07-21,22549.0,23549.0,21810.0,23495.0,23549.0,22428.0,757954.0,17808480679.0,96.0
2019-07-22,24669.0,24669.0,24669.0,24168.0,24669.0,23495.0,21443.0,528977367.0,36.0
2019-07-23,25376.0,25376.0,25376.0,25376.0,25376.0,24168.0,529880.0,13446234880.0,191.0
2019-07-24,26644.0,26644.0,26644.0,26644.0,26644.0,25376.0,80474.0,2144149256.0,40.0
2019-07-27,27976.0,27976.0,27976.0,27976.0,27976.0,26644.0,125254.0,3504105904.0,35.0
2019-07-28,29374.0,29374.0,29374.0,28762.0,29374.0,27976.0,21047.0,618234578.0,30.0
2019-07-29,30200.0,30200.0,27324.0,29575.0,28600.0,28762.0,719607.0,21282657251.0,575.0
2019-07-30,28200.0,28200.0,28097.0,28479.0,28097.0,29575.0,28467.0,800889807.0,63.0
2019-07-31,27056.0,27056.0,27056.0,27056.0,27056.0,28479.0,70870.0,1917458720.0,27.0
2019-08-03,25704.0,27999.0,25704.0,26544.0,26508.0,27056.0,327062.0,8681549302.0,328.0
2019-08-04,26700.0,27598.0,25217.0,25589.0,25780.0,26544.0,183267.0,4689643467.0,249.0
2019-08-05,25969.0,26868.0,24353.0,26592.0,26868.0,25589.0,342790.0,9115372550.0,203.0
2019-08-06,26870.0,27590.0,25263.0,26193.0,25875.0,26592.0,218756.0,5729767078.0,216.0
2019-08-07,26200.0,26200.0,24888.0,25177.0,25020.0,26193.0,109631.0,2760132788.0,169.0
2019-08-10,24891.0,25154.0,24114.0,24711.0,24979.0,25177.0,118790.0,2935393445.0,133.0
2019-08-11,24989.0,25946.0,24800.0,25767.0,25946.0,24711.0,76369.0,1967780670.0,93.0
2019-08-13,26900.0,26900.0,24979.0,25212.0,25004.0,25767.0,69454.0,1751101776.0,132.0
2019-08-14,25317.0,25890.0,25317.0,25455.0,25790.0,25212.0,64502.0,1641921203.0,79.0
2019-08-17,25805.0,26400.0,24183.0,25075.0,25151.0,25455.0,112277.0,2815389928.0,140.0
2019-08-18,24603.0,25769.0,24600.0,24896.0,24999.0,25075.0,65734.0,1636499725.0,142.0
2019-08-19,26133.0,26133.0,24933.0,25510.0,25600.0,24896.0,38255.0,975892060.0,93.0
2019-08-21,25619.0,25950.0,25000.0,25495.0,25303.0,25510.0,138681.0,3535699499.0,167.0
2019-08-24,25530.0,25989.0,25011.0,25653.0,25707.0,25495.0,123173.0,3159755880.0,153.0
2019-08-25,25700.0,26935.0,25660.0,26697.0,26935.0,25653.0,284123.0,7585281643.0,281.0
2019-08-26,28031.0,28031.0,28031.0,28031.0,28031.0,26697.0,47843.0,1341087133.0,57.0
2019-08-27,29340.0,29340.0,26800.0,28495.0,27960.0,28031.0,237463.0,6766445696.0,280.0
2019-08-28,27960.0,29919.0,27071.0,28889.0,29910.0,28495.0,583794.0,16865040902.0,616.0
2019-08-31,30333.0,30333.0,30333.0,30333.0,30333.0,28889.0,157649.0,4781967117.0,103.0
2019-09-01,31849.0,31849.0,29500.0,31323.0,31062.0,30333.0,664649.0,20818711512.0,736.0
2019-09-02,31325.0,31325.0,29757.0,29885.0,29900.0,31323.0,269185.0,8044465880.0,336.0
2019-09-03,28391.0,30998.0,28391.0,28726.0,28555.0,29885.0,242244.0,6958762504.0,282.0
2019-09-04,28500.0,28800.0,27504.0,27979.0,28100.0,28726.0,86666.0,2424828266.0,201.0
2019-09-07,29000.0,29377.0,27501.0,28579.0,29377.0,27979.0,163225.0,4664777583.0,289.0
2019-09-08,30000.0,30007.0,28542.0,29991.0,30007.0,28579.0,255843.0,7672963791.0,161.0
2019-09-11,30520.0,31000.0,30000.0,30405.0,30011.0,29991.0,169226.0,5145257336.0,338.0
2019-09-14,30780.0,30780.0,28895.0,29422.0,29490.0,30405.0,146049.0,4297086520.0,294.0
2019-09-15,29790.0,29790.0,27951.0,28566.0,28800.0,29422.0,107459.0,3069643712.0,187.0
2019-09-16,29000.0,29994.0,27510.0,29360.0,28460.0,28566.0,224025.0,6577400023.0,245.0
2019-09-17,29300.0,30827.0,28502.0,29908.0,30480.0,29360.0,110668.0,3309897428.0,164.0
2019-09-18,30300.0,30300.0,28501.0,28626.0,28517.0,29908.0,78738.0,2253961308.0,117.0
2019-09-21,29979.0,29985.0,28521.0,29436.0,28828.0,28626.0,82449.0,2426977729.0,174.0
2019-09-22,30900.0,30900.0,28851.0,29762.0,30297.0,29436.0,46364.0,1379870779.0,134.0
2019-09-23,30000.0,30906.0,30000.0,30216.0,30205.0,29762.0,140879.0,4256865322.0,211.0
2019-09-24,31694.0,31694.0,29762.0,30141.0,29960.0,30216.0,65498.0,1974159600.0,145.0
2019-09-25,30898.0,30898.0,29709.0,30078.0,30040.0,30141.0,73441.0,2208932570.0,132.0
2019-09-28,31197.0,31581.0,30051.0,31179.0,31581.0,30078.0,178950.0,5579448682.0,224.0
2019-09-29,32737.0,32737.0,32737.0,32737.0,32737.0,31179.0,196672.0,6438451264.0,144.0
2019-09-30,34373.0,34373.0,32900.0,34165.0,34300.0,32737.0,503525.0,17203104035.0,420.0
2019-10-01,34650.0,34650.0,32457.0,32730.0,32457.0,34165.0,290685.0,9513975143.0,388.0
2019-10-02,31094.0,34000.0,31094.0,32807.0,32947.0,32730.0,144416.0,4737848906.0,215.0
2019-10-05,33000.0,33800.0,32000.0,32644.0,32350.0,32807.0,63739.0,2080701177.0,183.0
2019-10-06,33084.0,33888.0,31200.0,32448.0,33000.0,32644.0,120765.0,3918626205.0,209.0
2019-10-07,34060.0,34070.0,34049.0,34068.0,34070.0,32448.0,290976.0,9912847288.0,136.0
2019-10-08,35771.0,35771.0,35771.0,35771.0,35771.0,34068.0,139468.0,4988909828.0,142.0
2019-10-09,37559.0,37559.0,37559.0,37559.0,37559.0,35771.0,105627.0,3967244493.0,92.0
2019-10-12,39436.0,39436.0,39436.0,39436.0,39436.0,37559.0,51154.0,2017309144.0,54.0
2019-10-13,41407.0,41407.0,41407.0,41407.0,41407.0,39436.0,78310.0,3242582170.0,85.0
2019-10-14,43477.0,43477.0,39337.0,41273.0,39337.0,41407.0,1112496.0,45915609359.0,1623.0
2019-10-15,39345.0,40998.0,39210.0,39952.0,39210.0,41273.0,158051.0,6314406867.0,207.0
2019-10-16,37955.0,37955.0,37955.0,37955.0,37955.0,39952.0,41803.0,1586632865.0,53.0
2019-10-20,36058.0,36058.0,36058.0,37556.0,36058.0,37955.0,7868.0,283704344.0,16.0
2019-10-21,35679.0,38000.0,35679.0,35954.0,36808.0,37556.0,610653.0,21955208947.0,398.0
2019-10-22,37751.0,37751.0,34157.0,36933.0,37334.0,35954.0,189661.0,7004706005.0,281.0
2019-10-23,35087.0,36100.0,35087.0,35131.0,35498.0,36933.0,140031.0,4919398490.0,198.0
2019-10-26,33378.0,34000.0,33375.0,33682.0,33375.0,35131.0,31827.0,1063902934.0,125.0
2019-10-28,31998.0,34994.0,31998.0,33497.0,34850.0,33682.0,117394.0,3932405697.0,217.0
2019-10-30,34999.0,35171.0,32811.0,34753.0,35171.0,33497.0,105786.0,3676432321.0,148.0
2019-11-02,36490.0,36490.0,34022.0,36091.0,36490.0,34753.0,61944.0,2235647067.0,102.0
2019-11-03,37890.0,37895.0,34505.0,37119.0,37895.0,36091.0,109422.0,4061649873.0,169.0
2019-11-04,38974.0,38974.0,38974.0,38844.0,38974.0,37119.0,34810.0,1356684940.0,54.0
2019-11-05,40786.0,40786.0,37381.0,40744.0,40786.0,38844.0,168502.0,6865483664.0,136.0
2019-11-09,42781.0,42781.0,38707.0,40500.0,40000.0,40744.0,173445.0,7024527076.0,295.0
2019-11-10,38710.0,39999.0,38475.0,38486.0,38476.0,40500.0,150020.0,5773668369.0,173.0
2019-11-11,36564.0,40410.0,36562.0,39751.0,40410.0,38486.0,132190.0,5254748846.0,137.0
2019-11-12,41738.0,41738.0,41738.0,41738.0,41738.0,39751.0,137726.0,5748407788.0,90.0
2019-11-13,43800.0,43824.0,42500.0,43768.0,43824.0,41738.0,157221.0,6881209602.0,129.0
2019-11-16,45956.0,45956.0,45956.0,45646.0,45956.0,43768.0,32124.0,1476290544.0,55.0
2019-11-17,47928.0,47928.0,43410.0,47520.0,47898.0,45646.0,478257.0,22726991300.0,420.0
2019-11-18,46300.0,47000.0,45144.0,45204.0,45144.0,47520.0,270577.0,12231062284.0,288.0
2019-11-19,45146.0,45146.0,42944.0,43166.0,43485.0,45204.0,225836.0,9748480646.0,352.0
2019-11-20,42500.0,44395.0,42001.0,43417.0,43700.0,43166.0,137765.0,5981337495.0,246.0
2019-11-23,44443.0,45587.0,44019.0,45569.0,45587.0,43417.0,1349979.0,61516768191.0,224.0
2019-11-24,47180.0,47180.0,44700.0,46330.0,45950.0,45569.0,112246.0,5200373695.0,261.0
2019-11-25,47100.0,47100.0,45950.0,46571.0,46447.0,46330.0,172099.0,8014740007.0,268.0
2019-11-26,47169.0,47169.0,44243.0,44738.0,44990.0,46571.0,145571.0,6512598401.0,333.0
2019-11-27,45547.0,46899.0,43002.0,45711.0,45698.0,44738.0,54112.0,2473527944.0,145.0
2019-11-30,46452.0,47144.0,44211.0,46120.0,46000.0,45711.0,92869.0,4283108908.0,156.0
2019-12-01,46120.0,46120.0,43850.0,44747.0,44799.0,46120.0,50921.0,2278583608.0,173.0
2019-12-02,43814.0,44850.0,43001.0,43969.0,44599.0,44747.0,63347.0,2785313095.0,116.0
2019-12-03,44771.0,44858.0,43302.0,44153.0,44600.0,43969.0,78144.0,3450286575.0,119.0
2019-12-04,43200.0,46360.0,43200.0,45767.0,46360.0,44153.0,150678.0,6896059041.0,194.0
2019-12-07,48010.0,48055.0,46200.0,47991.0,48055.0,45767.0,136128.0,6532868094.0,207.0
2019-12-08,50390.0,50390.0,49006.0,50359.0,50390.0,47991.0,321654.0,16198117964.0,297.0
2019-12-09,51000.0,52866.0,47903.0,51093.0,51967.0,50359.0,193925.0,9908225569.0,344.0
2019-12-10,53638.0,53647.0,48600.0,52575.0,50000.0,51093.0,250379.0,13163745852.0,368.0
2019-12-11,49947.0,55140.0,49947.0,53403.0,52300.0,52575.0,170466.0,9103339398.0,298.0
2019-12-14,52000.0,53523.0,51032.0,52600.0,51480.0,53403.0,266196.0,14001987871.0,349.0
2019-12-15,51596.0,53439.0,50249.0,53044.0,51300.0,52600.0,305144.0,16186179415.0,208.0
2019-12-16,50922.0,52525.0,50392.0,50448.0,50392.0,53044.0,220733.0,11135514201.0,313.0
2019-12-17,48501.0,51198.0,47930.0,48835.0,48201.0,50448.0,171097.0,8355581251.0,388.0
2019-12-18,47500.0,50299.0,46394.0,46621.0,46395.0,48835.0,524762.0,24465103821.0,792.0
2019-12-21,47490.0,48952.0,44500.0,47711.0,47700.0,46621.0,399873.0,19078372725.0,803.0
2019-12-22,48870.0,50096.0,47720.0,49694.0,50096.0,47711.0,206410.0,10257431916.0,312.0
2019-12-23,52178.0,52178.0,47210.0,49701.0,49000.0,49694.0,138850.0,6900998558.0,435.0
2019-12-24,49699.0,49699.0,47216.0,47692.0,47500.0,49701.0,184613.0,8804486719.0,372.0
2019-12-25,48840.0,48850.0,45308.0,46709.0,47690.0,47692.0,290534.0,13570469158.0,454.0
2019-12-28,48500.0,48500.0,47500.0,48045.0,48049.0,46709.0,82753.0,3975866543.0,193.0
2019-12-29,48000.0,50440.0,47504.0,49106.0,48500.0,48045.0,181177.0,8896920405.0,396.0
2019-12-30,51000.0,51000.0,48503.0,49706.0,49380.0,49106.0,206000.0,10239432015.0,608.0
2019-12-31,48900.0,50150.0,47400.0,48061.0,48600.0,49706.0,117779.0,5660625863.0,297.0
2020-01-01,47500.0,49499.0,47500.0,48617.0,48299.0,48061.0,65604.0,3189447471.0,178.0
2020-01-04,46187.0,48000.0,46187.0,46311.0,46187.0,48617.0,158381.0,7334861506.0,244.0
2020-01-05,44010.0,47880.0,44010.0,45828.0,45345.0,46311.0,64109.0,2937979730.0,142.0
2020-01-07,45999.0,46500.0,43537.0,43872.0,43537.0,45828.0,51038.0,2239117672.0,107.0
2020-01-08,42995.0,42995.0,42995.0,43536.0,42995.0,43872.0,14345.0,616763275.0,25.0
2020-01-11,44406.0,44406.0,44406.0,43920.0,44406.0,43536.0,16519.0,733542714.0,34.0
2020-01-12,46116.0,46116.0,46116.0,44649.0,46116.0,43920.0,12430.0,573221880.0,41.0
2020-01-13,46881.0,46881.0,46881.0,46881.0,46881.0,44649.0,45371.0,2127037851.0,38.0
2020-01-14,44888.0,48500.0,44888.0,46979.0,47022.0,46881.0,64847.0,3046440170.0,162.0
2020-01-15,48435.0,48435.0,44701.0,46486.0,46899.0,46979.0,65072.0,3024967143.0,196.0
2020-01-18,47260.0,48807.0,47260.0,48513.0,48807.0,46486.0,153525.0,7447929362.0,291.0
2020-01-19,50410.0,50410.0,48514.0,49443.0,49550.0,48513.0,77608.0,3837176910.0,252.0
2020-01-20,49990.0,49990.0,48006.0,48959.0,48600.0,49443.0,57066.0,2793918396.0,201.0
2020-01-21,49500.0,49500.0,47601.0,47894.0,47755.0,48959.0,57222.0,2740564396.0,189.0
2020-01-22,49700.0,49700.0,46400.0,47768.0,48800.0,47894.0,34887.0,1666177868.0,131.0
2020-01-25,50000.0,50156.0,50000.0,50132.0,50156.0,47768.0,63235.0,3170073148.0,104.0
2020-01-26,52494.0,52638.0,52002.0,52615.0,52002.0,50132.0,347302.0,18273341874.0,481.0
2020-01-27,53375.0,53375.0,50000.0,51288.0,51250.0,52615.0,136331.0,6992080915.0,285.0
2020-01-28,51270.0,51280.0,49600.0,50388.0,50120.0,51288.0,100203.0,5049048677.0,290.0
2020-02-01,50121.0,51698.0,50121.0,51287.0,51698.0,50388.0,154468.0,7922272246.0,390.0
2020-02-02,51700.0,53851.0,48800.0,53626.0,53851.0,51287.0,922709.0,49481513395.0,391.0
2020-02-03,56299.0,56307.0,55000.0,56175.0,56307.0,53626.0,147208.0,8269461480.0,248.0
2020-02-04,58800.0,58800.0,53367.0,54533.0,54800.0,56175.0,312172.0,17023693259.0,483.0
2020-02-05,54999.0,57259.0,52700.0,55916.0,57258.0,54533.0,342121.0,19129943892.0,575.0
2020-02-08,58703.0,58711.0,55922.0,57947.0,58711.0,55916.0,200387.0,11611822179.0,332.0
2020-02-09,60790.0,60790.0,55050.0,57300.0,57999.0,57947.0,127939.0,7330966796.0,267.0
2020-02-10,57999.0,60165.0,57999.0,59423.0,59505.0,57300.0,201113.0,11950766987.0,314.0
2020-02-12,62365.0,62394.0,59423.0,62134.0,62394.0,59423.0,164900.0,10245948735.0,297.0
2020-02-15,65240.0,65240.0,62394.0,64641.0,65240.0,62134.0,179027.0,11572510189.0,338.0
2020-02-16,67873.0,67873.0,67873.0,67873.0,67873.0,64641.0,37423.0,2540011279.0,95.0
2020-02-17,71266.0,71266.0,71266.0,71266.0,71266.0,67873.0,37970.0,2705970020.0,123.0
2020-02-18,74828.0,74829.0,67703.0,74317.0,74744.0,71266.0,910274.0,67649126171.0,903.0
2020-02-19,77979.0,78032.0,72000.0,76319.0,78032.0,74317.0,236118.0,18020380163.0,366.0
2020-02-24,80134.0,80134.0,80134.0,80134.0,80134.0,76319.0,37423.0,2998854682.0,22.0
2020-02-25,84140.0,84140.0,84130.0,84140.0,84140.0,80134.0,5856276.0,492747060576.0,678.0
2020-02-26,88347.0,88347.0,88347.0,88347.0,88347.0,84140.0,5825140.0,514633643580.0,958.0
2020-02-29,88300.0,88300.0,83930.0,84783.0,86000.0,88347.0,1043203.0,88445988987.0,940.0
2020-03-01,85642.0,88888.0,85000.0,86855.0,87000.0,84783.0,836601.0,72663325566.0,676.0
2020-03-02,88900.0,88900.0,83000.0,85106.0,85250.0,86855.0,2133638.0,181585850769.0,1178.0
2020-03-03,85400.0,88500.0,80851.0,87152.0,87000.0,85106.0,2024278.0,176419084995.0,1064.0
2020-03-04,88800.0,89900.0,85001.0,88099.0,89021.0,87152.0,665823.0,58658234818.0,690.0
2020-03-07,84008.0,89025.0,83695.0,86421.0,86445.0,88099.0,513993.0,44329699069.0,436.0
2020-03-09,82200.0,86421.0,82100.0,85695.0,82100.0,86421.0,97031.0,7973528697.0,160.0
2020-03-10,81411.0,84100.0,81411.0,83645.0,81411.0,85695.0,272321.0,22172866834.0,300.0
2020-03-11,79463.0,85500.0,79463.0,82167.0,80890.0,83645.0,409236.0,33391821870.0,430.0
2020-03-14,80890.0,84000.0,78059.0,81010.0,78059.0,82167.0,241174.0,19112338784.0,316.0
2020-03-15,76960.0,80400.0,76960.0,80028.0,80110.0,81010.0,234283.0,18381874288.0,242.0
2020-03-16,81850.0,84000.0,81500.0,80650.0,83432.0,80028.0,121103.0,10070062232.0,221.0
2020-03-17,84670.0,84670.0,80100.0,81957.0,84471.0,80650.0,360667.0,29883189260.0,216.0
2020-03-18,84687.0,86054.0,80000.0,84950.0,86054.0,81957.0,452102.0,38874418926.0,233.0
2020-03-24,88647.0,89197.0,85000.0,86246.0,89197.0,84950.0,202701.0,17982248382.0,264.0
2020-03-25,90558.0,90558.0,89000.0,88263.0,90558.0,86246.0,275867.0,24979813459.0,230.0
2020-03-28,92676.0,92676.0,92676.0,90089.0,92676.0,88263.0,234386.0,21721956936.0,128.0
2020-03-29,94593.0,94593.0,86001.0,92311.0,92000.0,90089.0,402247.0,37496963763.0,579.0
2020-03-30,94000.0,96926.0,87800.0,93035.0,96900.0,92311.0,497351.0,46321146702.0,427.0
2020-04-04,97686.0,97686.0,92031.0,93741.0,96490.0,93035.0,99781.0,9662497992.0,351.0
2020-04-05,98426.0,98426.0,90001.0,93649.0,91358.0,93741.0,151731.0,14173825389.0,366.0
2020-04-06,89001.0,92400.0,89001.0,92757.0,90800.0,93649.0,173152.0,15736126194.0,350.0
2020-04-07,88203.0,91925.0,88201.0,90466.0,91000.0,92757.0,529762.0,47907824647.0,510.0
2020-04-08,91980.0,93999.0,88010.0,90836.0,90706.0,90466.0,186834.0,17100806409.0,314.0
2020-04-11,90800.0,93999.0,86295.0,90639.0,90003.0,90836.0,230439.0,20823512091.0,300.0
2020-04-12,87160.0,91000.0,87160.0,90385.0,90000.0,90639.0,402888.0,36377671734.0,336.0
2020-04-13,88204.0,91850.0,86000.0,90000.0,87020.0,90385.0,225699.0,20188060736.0,253.0
2020-04-14,85500.0,90895.0,85500.0,89841.0,90449.0,90000.0,109915.0,9804593149.0,298.0
2020-04-15,87203.0,94333.0,87203.0,92661.0,93499.0,89841.0,740689.0,68632740049.0,453.0
2020-04-18,97249.0,97294.0,93600.0,93608.0,94000.0,92661.0,160242.0,15358944813.0,521.0
2020-04-19,97287.0,97287.0,88928.0,90887.0,90000.0,93608.0,679719.0,61777826768.0,611.0
2020-04-20,91999.0,91999.0,86343.0,89824.0,90000.0,90887.0,274770.0,24399411981.0,2519.0
2020-04-21,90000.0,93998.0,88001.0,92428.0,92190.0,89824.0,701126.0,64803506719.0,651.0
2020-04-22,92300.0,97049.0,92300.0,96933.0,97049.0,92428.0,658378.0,63818469604.0,675.0
2020-04-25,101779.0,101779.0,99455.0,98935.0,101779.0,96933.0,217038.0,22070933673.0,369.0
2020-04-26,103867.0,103881.0,93989.0,102040.0,103881.0,98935.0,927665.0,94658502285.0,1144.0
2020-04-27,105000.0,105000.0,99000.0,102890.0,103800.0,102040.0,388148.0,40044980550.0,730.0
2020-04-28,107142.0,108034.0,99300.0,104788.0,108034.0,102890.0,339293.0,35888681232.0,476.0
2020-04-29,110000.0,110027.0,103000.0,108817.0,110027.0,104788.0,457334.0,50001263405.0,534.0
2020-05-02,114250.0,114257.0,110335.0,111202.0,114257.0,108817.0,205289.0,23434965813.0,346.0
2020-05-03,116749.0,116762.0,114539.0,116684.0,116762.0,111202.0,454411.0,53050131044.0,412.0
2020-05-04,119000.0,122470.0,110850.0,116766.0,113999.0,116684.0,532232.0,62146426635.0,579.0
2020-05-05,112486.0,117899.0,110928.0,111838.0,115979.0,116766.0,1047292.0,117127010526.0,441.0
2020-05-06,106248.0,117429.0,106247.0,114462.0,117429.0,111838.0,303023.0,35095140682.0,428.0
2020-05-09,120185.0,120185.0,109029.0,118454.0,118950.0,114462.0,329625.0,39473291080.0,374.0
2020-05-10,124365.0,124376.0,113001.0,121331.0,124200.0,118454.0,280940.0,34535430007.0,463.0
2020-05-11,127397.0,127397.0,121000.0,121933.0,126999.0,121331.0,149677.0,18423364828.0,236.0
2020-05-12,122000.0,127000.0,115837.0,120710.0,115837.0,121933.0,100258.0,11690407137.0,221.0
2020-05-13,114675.0,126745.0,114675.0,121230.0,117004.0,120710.0,73644.0,9116543233.0,255.0
2020-05-16,123000.0,123000.0,115169.0,120379.0,116998.0,121230.0,71190.0,8279275788.0,152.0
2020-05-17,114400.0,118899.0,114400.0,119919.0,115000.0,120379.0,34280.0,3936804209.0,129.0
2020-05-18,118000.0,125910.0,115000.0,120090.0,120511.0,119919.0,103042.0,12427160551.0,280.0
2020-05-19,124870.0,126094.0,119965.0,123291.0,126094.0,120090.0,249880.0,31328301942.0,295.0
2020-05-20,129455.0,129455.0,119839.0,123421.0,122801.0,123291.0,111719.0,13827438893.0,257.0
2020-05-23,120501.0,121500.0,117250.0,122696.0,117250.0,123421.0,60801.0,7210602003.0,213.0
2020-05-26,116562.0,117250.0,116562.0,122127.0,116562.0,122696.0,37555.0,4377512148.0,141.0
2020-05-27,116021.0,126499.0,116021.0,120668.0,117777.0,122127.0,197734.0,23557403086.0,212.0
2020-05-30,120000.0,126701.0,120000.0,124150.0,125700.0,120668.0,473145.0,58740724265.0,368.0
2020-05-31,126000.0,130250.0,124803.0,127626.0,130250.0,124150.0,443183.0,56561868354.0,474.0
2020-06-01,133999.0,133999.0,124621.0,128048.0,127631.0,127626.0,75872.0,9858080338.0,288.0
2020-06-02,130699.0,130699.0,121646.0,123810.0,122254.0,128048.0,388973.0,48051300645.0,587.0
2020-06-06,125789.0,130000.0,120501.0,125912.0,130000.0,123810.0,1520475.0,191446477758.0,717.0
2020-06-07,132207.0,132207.0,125915.0,130437.0,132207.0,125912.0,322664.0,42454609631.0,582.0
2020-06-08,123916.0,136958.0,123916.0,132509.0,127170.0,130437.0,309771.0,41242561377.0,571.0
2020-06-09,125884.0,130000.0,125884.0,126343.0,125884.0,132509.0,381367.0,48044547550.0,412.0
2020-06-10,121100.0,132600.0,121100.0,126444.0,125000.0,126343.0,179973.0,22778917412.0,414.0
2020-06-13,120400.0,131500.0,120400.0,126670.0,128900.0,126444.0,195435.0,24800024140.0,371.0
2020-06-14,132440.0,132440.0,120340.0,122100.0,122800.0,126670.0,1491864.0,182154922440.0,598.0
2020-06-15,123500.0,128200.0,120500.0,124250.0,128200.0,122100.0,243194.0,30544007880.0,425.0
2020-06-16,128900.0,130460.0,122840.0,125650.0,127950.0,124250.0,138574.0,17773351570.0,372.0
2020-06-20,131000.0,131930.0,126000.0,126980.0,131930.0,125650.0,123240.0,16012736040.0,308.0
2020-06-21,133320.0,133320.0,126900.0,128360.0,133320.0,126980.0,90036.0,11983311090.0,285.0
2020-06-22,134770.0,134770.0,130010.0,130350.0,134770.0,128360.0,124045.0,16716099330.0,138.0
2020-06-23,136860.0,136860.0,130350.0,132940.0,130500.0,130350.0,163163.0,22297692210.0,211.0
2020-06-24,128010.0,137000.0,126700.0,132980.0,133990.0,132940.0,70771.0,9425559000.0,176.0
2020-06-27,133400.0,134010.0,126340.0,130870.0,126340.0,132980.0,182804.0,23516247480.0,341.0
2020-06-28,129500.0,130000.0,124330.0,128110.0,128900.0,130870.0,211456.0,26637114940.0,303.0
2020-06-29,127100.0,134510.0,121750.0,127610.0,134510.0,128110.0,705042.0,89966900190.0,360.0
2020-07-04,133990.0,133990.0,130000.0,131260.0,133990.0,127610.0,231589.0,30984215990.0,195.0
2020-07-05,137800.0,137800.0,126920.0,130370.0,127780.0,131260.0,205430.0,26615976620.0,428.0
2020-07-06,127990.0,133000.0,124020.0,129200.0,129400.0,130370.0,312652.0,40302985230.0,544.0
2020-07-07,129400.0,129400.0,122800.0,128330.0,125980.0,129200.0,84371.0,10559654430.0,284.0
2020-07-08,122730.0,130500.0,121920.0,125930.0,121920.0,128330.0,296414.0,37099598570.0,429.0
2020-07-11,121920.0,132220.0,120010.0,127480.0,129120.0,125930.0,145158.0,18896709750.0,268.0
2020-07-12,131000.0,133850.0,128120.0,131090.0,133820.0,127480.0,244986.0,32665103920.0,314.0
2020-07-13,136400.0,136400.0,125000.0,131620.0,129060.0,131090.0,124525.0,16534686720.0,193.0
2020-07-14,128500.0,131620.0,125040.0,131200.0,125790.0,131620.0,37556.0,4777792180.0,188.0
2020-07-15,125950.0,134870.0,124640.0,126000.0,124640.0,131200.0,372280.0,46777602110.0,256.0
2020-07-21,128000.0,132000.0,122610.0,125190.0,124500.0,124790.0,66967.0,8517283570.0,305.0
2020-07-22,125380.0,125380.0,118940.0,124080.0,119010.0,125190.0,79308.0,9488523420.0,240.0
2020-07-25,119990.0,130280.0,119990.0,127680.0,125730.0,124080.0,298837.0,38530791440.0,357.0
2020-07-26,127680.0,127680.0,122400.0,127090.0,123000.0,127680.0,58993.0,7295474380.0,157.0
2020-07-27,128080.0,128080.0,120740.0,126660.0,121050.0,127090.0,77855.0,9721256330.0,270.0
2020-07-28,121010.0,126470.0,121010.0,126010.0,122100.0,126660.0,79783.0,9842033570.0,216.0
2020-07-29,124900.0,124900.0,119710.0,123310.0,119710.0,126010.0,296078.0,36222538980.0,294.0
2020-08-01,119500.0,125000.0,119500.0,123400.0,121000.0,123310.0,114334.0,14136280870.0,189.0
2020-08-02,129570.0,129570.0,117230.0,122620.0,121400.0,123400.0,145238.0,17606436390.0,370.0
2020-08-03,122600.0,122600.0,119000.0,122190.0,122010.0,122620.0,74474.0,8955741410.0,144.0
2020-08-04,123990.0,125890.0,122000.0,122470.0,123200.0,122190.0,58301.0,7236574500.0,352.0
2020-08-05,125000.0,125000.0,117260.0,122190.0,121000.0,122470.0,40395.0,4834143470.0,125.0
2020-08-09,118250.0,121000.0,116090.0,121480.0,118800.0,122190.0,79330.0,9404579310.0,227.0
2020-08-10,121750.0,121750.0,115410.0,119930.0,115410.0,121480.0,105548.0,12186895440.0,194.0
2020-08-11,113990.0,114900.0,113940.0,119540.0,113960.0,119930.0,26774.0,3051987500.0,124.0
2020-08-12,113590.0,116500.0,113570.0,119250.0,113570.0,119540.0,19743.0,2242868190.0,100.0
2020-08-15,113330.0,113340.0,113290.0,119120.0,113290.0,119250.0,9453.0,1070996950.0,61.0
2020-08-16,113170.0,113170.0,113170.0,119040.0,113170.0,119120.0,5449.0,616663330.0,43.0
2020-08-17,113090.0,116960.0,113090.0,118860.0,113090.0,119040.0,12705.0,1437214360.0,60.0
2020-08-18,112920.0,116960.0,112920.0,117500.0,112920.0,118860.0,101738.0,11521098130.0,199.0
2020-08-19,111630.0,114000.0,111630.0,117060.0,111630.0,117500.0,33481.0,3748500390.0,82.0
2020-08-22,111210.0,111210.0,111210.0,117000.0,111210.0,117060.0,4131.0,459408510.0,27.0
2020-08-23,111150.0,111150.0,111150.0,116920.0,111150.0,117000.0,5579.0,620105850.0,9.0
2020-08-24,111080.0,111080.0,111080.0,116900.0,111080.0,116920.0,1413.0,156956040.0,6.0
2020-08-25,111060.0,114970.0,111060.0,113730.0,111060.0,116900.0,232697.0,25846667460.0,134.0
2020-08-26,108050.0,113660.0,108050.0,113290.0,109540.0,113730.0,48695.0,5350088470.0,183.0
2020-08-31,108100.0,110000.0,107630.0,113080.0,107630.0,113290.0,16863.0,1818035170.0,76.0
2020-09-01,107430.0,107430.0,107430.0,113060.0,107430.0,113080.0,1608.0,172747440.0,10.0
2020-09-02,107410.0,107410.0,107410.0,113040.0,107410.0,113060.0,1482.0,159181620.0,6.0
2020-09-05,107390.0,107420.0,107390.0,112360.0,107420.0,113040.0,53391.0,5733685930.0,78.0
2020-09-06,106750.0,110000.0,106750.0,111890.0,106750.0,112360.0,37227.0,3974327820.0,26.0
2020-09-07,106300.0,106300.0,106300.0,111880.0,106300.0,111890.0,699.0,74303700.0,5.0
2020-09-08,106290.0,106290.0,106290.0,111870.0,106290.0,111880.0,976.0,103739040.0,4.0
2020-09-09,106280.0,106280.0,106280.0,111800.0,106280.0,111870.0,5920.0,629177600.0,10.0
2020-09-12,106210.0,106210.0,106210.0,111740.0,106210.0,111800.0,4471.0,474864910.0,13.0
2020-09-13,106160.0,106160.0,106160.0,111700.0,106160.0,111740.0,3326.0,353088160.0,9.0
2020-09-14,106120.0,106120.0,106120.0,111700.0,106120.0,111700.0,50.0,5306000.0,1.0
2020-09-15,106120.0,107990.0,106120.0,110990.0,106120.0,111700.0,57453.0,6099268310.0,157.0
2020-09-16,105450.0,110000.0,105450.0,110540.0,105450.0,110990.0,38925.0,4119089960.0,122.0
2020-09-19,105020.0,105020.0,105020.0,110480.0,105020.0,110540.0,4640.0,487292800.0,7.0
2020-09-20,104960.0,104960.0,104960.0,110480.0,104960.0,110480.0,52.0,5457920.0,1.0
2020-09-21,104960.0,104960.0,104960.0,110480.0,104960.0,110480.0,50.0,5248000.0,1.0
2020-09-22,104960.0,104960.0,104960.0,110450.0,104960.0,110480.0,2400.0,251904000.0,3.0
2020-09-23,104930.0,104930.0,104930.0,110400.0,104930.0,110450.0,4031.0,422972830.0,24.0
2020-09-26,104880.0,104880.0,104880.0,110380.0,104880.0,110400.0,1538.0,161305440.0,13.0
2020-09-27,104870.0,104870.0,104870.0,110370.0,104870.0,110380.0,475.0,49813250.0,1.0
2020-09-28,104860.0,104860.0,104860.0,110370.0,104860.0,110370.0,48.0,5033280.0,1.0
2020-09-30,104860.0,104860.0,104860.0,110350.0,104860.0,110370.0,1562.0,163791320.0,5.0
2020-10-03,104840.0,104840.0,104840.0,110340.0,104840.0,110350.0,550.0,57662000.0,6.0
2020-10-04,104830.0,104830.0,104830.0,110340.0,104830.0,110340.0,203.0,21280490.0,3.0
2020-10-05,104830.0,104830.0,104830.0,110300.0,104830.0,110340.0,3065.0,321303950.0,17.0
2020-10-06,104790.0,104790.0,104790.0,110020.0,104790.0,110300.0,23400.0,2452086000.0,60.0
2020-10-07,104520.0,104520.0,104520.0,109930.0,104520.0,110020.0,7809.0,816196680.0,32.0
2020-10-10,104440.0,104440.0,104440.0,109750.0,104440.0,109930.0,14932.0,1559498080.0,47.0
2020-10-11,104270.0,113990.0,104270.0,108940.0,105000.0,109750.0,170909.0,18387755710.0,352.0
2020-10-12,103500.0,111200.0,103500.0,108200.0,107730.0,108940.0,69271.0,7207884910.0,252.0
2020-10-21,50150.0,52650.0,47650.0,49940.0,47650.0,50150.0,41920.0,2004578840.0,100.0
2020-10-24,47450.0,47450.0,47450.0,49900.0,47450.0,49940.0,15721.0,745961450.0,22.0
2020-10-26,47410.0,47410.0,47410.0,49880.0,47410.0,49900.0,7115.0,337322150.0,39.0
2020-10-27,47390.0,47390.0,47390.0,49860.0,47390.0,49880.0,10025.0,475084750.0,33.0
2020-10-28,47370.0,47390.0,47370.0,49740.0,47370.0,49860.0,48149.0,2280820270.0,56.0
2020-10-31,47400.0,49720.0,47270.0,49700.0,49580.0,49740.0,29580.0,1429602610.0,84.0
2020-11-01,49700.0,49700.0,47220.0,49670.0,48380.0,49700.0,12943.0,614217310.0,73.0
2020-11-02,52000.0,52000.0,47190.0,49630.0,47190.0,49670.0,17114.0,813879270.0,77.0
2020-11-04,47150.0,47170.0,47150.0,49580.0,47150.0,49630.0,21480.0,1012787100.0,37.0
2020-11-07,47110.0,47110.0,47110.0,49580.0,47110.0,49580.0,1217.0,57332870.0,12.0
2020-11-08,47110.0,47110.0,47110.0,49580.0,47110.0,49580.0,120.0,5653200.0,1.0
2020-11-09,47110.0,47110.0,47110.0,49550.0,47110.0,49580.0,11857.0,558583270.0,10.0
2020-11-10,47080.0,49980.0,47080.0,49370.0,47080.0,49550.0,76968.0,3633979810.0,76.0
2020-11-11,46910.0,50000.0,46910.0,48910.0,47790.0,49370.0,203726.0,9594614710.0,151.0
2020-11-14,49390.0,50000.0,48280.0,48950.0,50000.0,48910.0,80767.0,3987722410.0,138.0
2020-11-15,51300.0,51300.0,47080.0,48920.0,47470.0,48950.0,53926.0,2606076960.0,102.0
2020-11-16,46480.0,47920.0,46480.0,48890.0,46520.0,48920.0,13059.0,610785410.0,61.0
2020-11-17,46930.0,47990.0,46450.0,48600.0,46450.0,48890.0,125245.0,5822548650.0,78.0
2020-11-18,48850.0,48870.0,46170.0,48330.0,46170.0,48600.0,162397.0,7617613960.0,252.0
2020-11-21,46200.0,48330.0,46200.0,48260.0,46200.0,48330.0,65313.0,3079197310.0,102.0
2020-11-22,47970.0,47970.0,45850.0,48130.0,47280.0,48260.0,80578.0,3755744300.0,88.0
2020-11-23,47300.0,50530.0,46500.0,49070.0,50530.0,48130.0,535064.0,26722211130.0,448.0
2020-11-24,51520.0,51520.0,47200.0,50980.0,51520.0,49070.0,869597.0,44643132050.0,571.0
2020-11-25,53520.0,53520.0,50890.0,51250.0,51350.0,50980.0,473157.0,24400854360.0,444.0
2020-11-28,51250.0,53520.0,48700.0,51540.0,52000.0,51250.0,428257.0,22235540010.0,450.0
2020-11-29,53000.0,54110.0,51540.0,53220.0,54110.0,51540.0,1011138.0,53808575800.0,570.0
2020-11-30,55880.0,55880.0,55200.0,54060.0,55880.0,53220.0,309436.0,17289871370.0,128.0
2020-12-01,56760.0,56760.0,55140.0,55360.0,56760.0,54060.0,480361.0,27238871230.0,267.0
2020-12-02,58120.0,58120.0,55910.0,56230.0,58110.0,55360.0,318477.0,18475284060.0,334.0
2020-12-05,59040.0,59040.0,58900.0,57060.0,59040.0,56230.0,263009.0,15525675990.0,248.0
2020-12-06,59910.0,59910.0,59500.0,57750.0,59910.0,57060.0,215289.0,12897759810.0,205.0
2020-12-07,60630.0,60630.0,54880.0,58180.0,57000.0,57750.0,660570.0,38531255760.0,865.0
2020-12-08,55410.0,61080.0,55410.0,59560.0,61080.0,58180.0,664244.0,39868743090.0,706.0
2020-12-09,62530.0,62530.0,62530.0,60540.0,62530.0,59560.0,294666.0,18425464980.0,228.0
2020-12-12,63560.0,63560.0,63560.0,61210.0,63560.0,60540.0,181902.0,11561691120.0,70.0
2020-12-13,64270.0,64270.0,64270.0,61850.0,64270.0,61210.0,171568.0,11026675360.0,130.0
2020-12-14,64940.0,64940.0,64940.0,64370.0,64940.0,61850.0,673764.0,43754234160.0,320.0
2020-12-15,65760.0,67580.0,61160.0,66300.0,67580.0,64370.0,587659.0,39420619320.0,483.0
2020-12-16,69610.0,69610.0,69610.0,66790.0,69610.0,66300.0,122985.0,8560985850.0,101.0
2020-12-19,70120.0,70120.0,70120.0,67730.0,70120.0,66790.0,211188.0,14808502560.0,126.0
2020-12-20,71110.0,71110.0,70120.0,70330.0,71110.0,67730.0,577209.0,41044503600.0,517.0
2020-12-21,73840.0,73840.0,73840.0,71360.0,73840.0,70330.0,220134.0,16254694560.0,96.0
2020-12-22,74920.0,74920.0,74920.0,74370.0,74920.0,71360.0,632098.0,47356782160.0,328.0
2020-12-23,78080.0,78080.0,78080.0,78080.0,78080.0,74370.0,2818438.0,220063639040.0,417.0
2020-12-26,81980.0,81980.0,81980.0,79290.0,81980.0,78080.0,197895.0,16223432100.0,119.0
2020-12-27,83250.0,83250.0,75330.0,81730.0,83250.0,79290.0,1456338.0,119023431590.0,1337.0
2020-12-28,85810.0,85810.0,81730.0,85700.0,85810.0,81730.0,733974.0,62902475350.0,762.0
2020-12-29,89980.0,89980.0,86000.0,89740.0,89970.0,85700.0,650528.0,58381529090.0,587.0
2021-01-03,94220.0,94220.0,92500.0,94070.0,94220.0,89740.0,539126.0,50795672820.0,641.0
2021-01-04,98760.0,98770.0,89370.0,94250.0,89370.0,94070.0,3646279.0,343661938070.0,5661.0
2021-01-05,89540.0,98490.0,89540.0,93190.0,95100.0,94250.0,4018463.0,374497864100.0,6200.0
2021-01-06,96990.0,96990.0,88540.0,90400.0,88540.0,93190.0,1237365.0,111853558560.0,2449.0
2021-01-09,88540.0,88550.0,85880.0,86110.0,85880.0,90400.0,872658.0,75142396250.0,1177.0
2021-01-10,81810.0,86110.0,81810.0,82450.0,81810.0,86110.0,657650.0,54220858640.0,925.0
2021-01-11,78330.0,86570.0,78330.0,84560.0,86570.0,82450.0,1791378.0,151483326300.0,2111.0
2021-01-12,88750.0,88750.0,80340.0,81740.0,80340.0,84560.0,763557.0,62411174980.0,1045.0
2021-01-13,77660.0,82000.0,77660.0,77850.0,77660.0,81740.0,594350.0,46271517580.0,582.0
2021-01-16,73960.0,73960.0,73960.0,77700.0,73960.0,77850.0,25426.0,1880506960.0,62.0
2021-01-18,73820.0,73820.0,73820.0,77690.0,73820.0,77700.0,1564.0,115454480.0,15.0
2021-01-19,73810.0,73810.0,73810.0,76690.0,73810.0,77690.0,164815.0,12164995150.0,188.0
2021-01-20,72860.0,80520.0,72860.0,77370.0,74330.0,76690.0,2516881.0,194743406080.0,2734.0
2021-01-23,73670.0,81230.0,73510.0,77710.0,81230.0,77370.0,1951343.0,151637876800.0,2472.0
2021-01-24,81590.0,81590.0,81230.0,80600.0,81590.0,77710.0,481402.0,39277423690.0,574.0
2021-01-25,84630.0,84630.0,80720.0,84520.0,84630.0,80600.0,642836.0,54348274010.0,364.0
2021-01-26,88740.0,88740.0,88740.0,87360.0,88740.0,84520.0,434562.0,38563031880.0,351.0
2021-01-27,91720.0,91720.0,91720.0,89110.0,91720.0,87360.0,258765.0,23733925800.0,163.0
2021-01-30,93560.0,93560.0,89110.0,93530.0,93560.0,89110.0,2280255.0,213263879350.0,944.0
2021-01-31,98200.0,98200.0,98200.0,96830.0,98200.0,93530.0,395981.0,38885334200.0,266.0
2021-02-01,101670.0,101670.0,101670.0,97870.0,101670.0,96830.0,120235.0,12224292450.0,163.0
2021-02-02,102760.0,102760.0,102760.0,100490.0,102760.0,97870.0,300828.0,30913085280.0,137.0
2021-02-03,105510.0,105510.0,105510.0,104020.0,105510.0,100490.0,394755.0,41650600050.0,171.0
2021-02-06,109220.0,109220.0,105000.0,108770.0,109220.0,104020.0,3700282.0,402494273660.0,3378.0
2021-02-07,113600.0,114200.0,109880.0,112970.0,114200.0,108770.0,866183.0,97849203690.0,1230.0
2021-02-08,118610.0,118610.0,118610.0,116270.0,118610.0,112970.0,281408.0,33377802880.0,239.0
2021-02-15,123240.0,123240.0,123240.0,122760.0,123240.0,116270.0,400714.0,49383993360.0,284.0
2021-02-16,130120.0,130120.0,126010.0,129730.0,130120.0,122760.0,2303834.0,298878143280.0,1994.0
2021-02-17,134320.0,137510.0,127140.0,131720.0,127140.0,129730.0,3821790.0,503418153670.0,4857.0
2021-02-20,129090.0,129090.0,129090.0,130150.0,129090.0,131720.0,226286.0,29211259740.0,185.0
2021-02-21,127550.0,127550.0,127550.0,128960.0,127550.0,130150.0,173800.0,22168190000.0,48.0
2021-02-22,126390.0,126390.0,126390.0,128200.0,126390.0,128960.0,111515.0,14094380850.0,18.0
2021-02-23,125640.0,125640.0,125640.0,125720.0,125640.0,128200.0,367488.0,46171192320.0,344.0
2021-02-24,123210.0,123210.0,123210.0,123720.0,123210.0,125720.0,301736.0,37176892560.0,295.0
2021-02-27,121250.0,121250.0,121250.0,123650.0,121250.0,123720.0,11937.0,1447361250.0,6.0
2021-02-28,121180.0,121180.0,121180.0,123650.0,121180.0,123650.0,548.0,66406640.0,3.0
2021-03-01,121180.0,121180.0,121180.0,123640.0,121180.0,123650.0,877.0,106274860.0,2.0
2021-03-02,121170.0,121170.0,121170.0,123630.0,121170.0,123640.0,1033.0,125168610.0,5.0
2021-03-03,121160.0,121160.0,121160.0,123270.0,121160.0,123630.0,58208.0,7052481280.0,38.0
2021-03-06,120810.0,120810.0,120810.0,123260.0,120810.0,123270.0,1926.0,232680060.0,5.0
2021-03-07,120800.0,120800.0,120800.0,123260.0,120800.0,123260.0,221.0,26696800.0,3.0
2021-03-08,120800.0,120800.0,120800.0,123250.0,120800.0,123260.0,1984.0,239667200.0,9.0
2021-03-09,120790.0,120790.0,120790.0,122750.0,120790.0,123250.0,82690.0,9988125100.0,148.0
2021-03-10,120300.0,120300.0,120300.0,122740.0,120300.0,122750.0,1181.0,142074300.0,6.0
2021-03-13,120290.0,120290.0,120290.0,122670.0,120290.0,122740.0,11462.0,1378763980.0,6.0
2021-03-14,120220.0,120220.0,120220.0,122660.0,120220.0,122670.0,886.0,106514920.0,6.0
2021-03-15,120210.0,120210.0,120210.0,122660.0,120210.0,122660.0,372.0,44718120.0,4.0
2021-03-16,117760.0,117760.0,117760.0,122150.0,117760.0,122660.0,42404.0,4993495040.0,101.0
2021-03-17,119710.0,119710.0,119710.0,122100.0,119710.0,122150.0,8067.0,965700570.0,42.0
2021-03-27,119660.0,119660.0,119660.0,122080.0,119660.0,122100.0,3930.0,470263800.0,22.0
2021-03-28,119640.0,119640.0,119640.0,122020.0,119640.0,122080.0,9976.0,1193528640.0,32.0
2021-03-30,119580.0,119580.0,119580.0,122000.0,119580.0,122020.0,2925.0,349771500.0,13.0
2021-03-31,119560.0,119560.0,119560.0,122000.0,119560.0,122000.0,445.0,53204200.0,7.0
2021-04-03,119560.0,119560.0,119560.0,122000.0,119560.0,122000.0,620.0,74127200.0,2.0
2021-04-04,119560.0,119560.0,119560.0,121990.0,119560.0,122000.0,1351.0,161525560.0,7.0
2021-04-05,119560.0,119560.0,119560.0,121990.0,119560.0,121990.0,728.0,87039680.0,5.0
2021-04-06,119560.0,119560.0,119560.0,121980.0,119560.0,121990.0,2422.0,289574320.0,12.0
2021-04-10,119550.0,119550.0,119550.0,121980.0,119550.0,121980.0,50.0,5977500.0,1.0
2021-04-17,119550.0,119550.0,119550.0,121980.0,119550.0,121980.0,400.0,47820000.0,1.0
2021-04-27,118330.0,118330.0,118330.0,121980.0,118330.0,121980.0,93.0,11004690.0,2.0
2021-05-01,118330.0,118330.0,118330.0,121980.0,118330.0,121980.0,50.0,5916500.0,2.0
2021-05-03,118330.0,118330.0,118330.0,121980.0,118330.0,121980.0,185.0,21891050.0,2.0
2021-05-05,118330.0,118330.0,118330.0,121980.0,118330.0,121980.0,43.0,5088190.0,1.0
2021-05-11,118330.0,118330.0,118330.0,121970.0,118330.0,121980.0,800.0,94664000.0,2.0
2021-05-12,118320.0,118320.0,118320.0,121970.0,118320.0,121970.0,163.0,19286160.0,2.0
2021-05-16,115880.0,115880.0,115880.0,121970.0,115880.0,121970.0,44.0,5098720.0,1.0
2021-05-18,115880.0,115880.0,115880.0,121890.0,115880.0,121970.0,1530.0,177296400.0,2.0
2021-05-22,115800.0,115800.0,115800.0,121890.0,115800.0,121890.0,86.0,9958800.0,1.0
2021-05-23,115800.0,115800.0,115800.0,121880.0,115800.0,121890.0,105.0,12159000.0,1.0
2021-05-24,115790.0,115790.0,115790.0,121870.0,115790.0,121880.0,104.0,12042160.0,2.0
2021-05-25,115780.0,115780.0,115780.0,121870.0,115780.0,121870.0,42.0,4862760.0,1.0
2021-05-26,115780.0,115780.0,115780.0,121870.0,115780.0,121870.0,42.0,4862760.0,1.0
2021-05-29,115780.0,115780.0,115780.0,121760.0,115780.0,121870.0,2161.0,250200580.0,7.0
2021-05-30,115680.0,115680.0,115680.0,121670.0,115680.0,121760.0,1904.0,220254720.0,6.0
2021-05-31,115590.0,115590.0,115590.0,121640.0,115590.0,121670.0,547.0,63227730.0,2.0
2021-06-01,115560.0,115560.0,115560.0,121640.0,115560.0,121640.0,100.0,11556000.0,2.0
2021-06-02,115560.0,115560.0,115560.0,121630.0,115560.0,121640.0,175.0,20223000.0,2.0
2021-06-07,115550.0,115550.0,115550.0,121620.0,115550.0,121630.0,146.0,16870300.0,1.0
2021-06-08,109460.0,109460.0,109460.0,121200.0,109460.0,121620.0,4277.0,468160420.0,35.0
2021-06-12,115140.0,115140.0,115140.0,121190.0,115140.0,121200.0,144.0,16580160.0,3.0
2021-06-14,115140.0,115140.0,115140.0,120610.0,115140.0,121190.0,11924.0,1372929360.0,5.0
2021-06-15,114580.0,114580.0,114580.0,120610.0,114580.0,120610.0,70.0,8020600.0,1.0
2021-06-16,114580.0,114580.0,114580.0,120600.0,114580.0,120610.0,140.0,16041200.0,2.0
2021-06-19,114570.0,114570.0,114570.0,120590.0,114570.0,120600.0,240.0,27496800.0,1.0
2021-06-22,114570.0,114570.0,114570.0,120590.0,114570.0,120590.0,50.0,5728500.0,1.0
2021-06-23,114570.0,114570.0,114570.0,120530.0,114570.0,120590.0,1338.0,153294660.0,8.0
2021-06-26,114510.0,114510.0,114510.0,120410.0,114510.0,120530.0,2572.0,294519720.0,5.0
2021-06-27,114390.0,114390.0,114390.0,120380.0,114390.0,120410.0,554.0,63372060.0,7.0
2021-06-28,108350.0,108350.0,108350.0,118960.0,108350.0,120380.0,14675.0,1590036250.0,33.0
2021-06-29,113020.0,113020.0,113020.0,118890.0,113020.0,118960.0,1528.0,172694560.0,5.0
2021-06-30,112950.0,112950.0,112950.0,118880.0,112950.0,118890.0,225.0,25413750.0,4.0
2021-07-03,112940.0,112940.0,112940.0,118870.0,112940.0,118880.0,232.0,26202080.0,5.0
2021-07-04,112930.0,112930.0,112930.0,118870.0,112930.0,118870.0,45.0,5081850.0,1.0
2021-07-05,112930.0,112930.0,112930.0,118860.0,112930.0,118870.0,287.0,32410910.0,3.0
2021-07-06,112920.0,112920.0,112920.0,118840.0,112920.0,118860.0,400.0,45168000.0,5.0
2021-07-10,106960.0,106960.0,106960.0,107640.0,106960.0,118840.0,118994.0,12727598240.0,140.0
2021-07-11,102260.0,102260.0,102260.0,107560.0,102260.0,107640.0,1978.0,202270280.0,12.0
2021-07-12,102190.0,102190.0,102190.0,107540.0,102190.0,107560.0,529.0,54058510.0,9.0
2021-07-13,102170.0,102170.0,102170.0,107490.0,102170.0,107540.0,1252.0,127916840.0,9.0
2021-07-14,102120.0,102120.0,102120.0,107470.0,102120.0,107490.0,545.0,55655400.0,3.0
2021-07-17,102100.0,102100.0,102100.0,107450.0,102100.0,107470.0,627.0,64016700.0,8.0
2021-07-27,70000.0,73500.0,66500.0,69880.0,67960.0,107040.0,3870579.0,270477870480.0,3060.0
2021-07-28,67950.0,73000.0,66510.0,70590.0,72380.0,69880.0,1467760.0,103609100710.0,2074.0
2021-07-31,73500.0,74110.0,71210.0,74010.0,74100.0,70590.0,2084122.0,154236917330.0,1683.0
2021-08-01,76300.0,77690.0,70310.0,72510.0,70310.0,74010.0,1666383.0,120822303520.0,1736.0
2021-08-02,70000.0,71000.0,68890.0,69750.0,68890.0,72510.0,177614.0,12292209680.0,191.0
2021-08-03,66270.0,68890.0,66270.0,66610.0,66270.0,69750.0,605406.0,40328659540.0,819.0
2021-08-04,63500.0,65400.0,63280.0,63330.0,63280.0,66610.0,658957.0,41734964920.0,574.0
2021-08-07,61220.0,63210.0,60170.0,60690.0,61160.0,63330.0,1119479.0,67942173140.0,1691.0
2021-08-08,60050.0,63720.0,60050.0,63410.0,63720.0,60690.0,959878.0,60864830010.0,751.0
2021-08-09,66300.0,66580.0,63850.0,66120.0,66580.0,63410.0,454697.0,30065458490.0,591.0
2021-08-10,69350.0,69420.0,64000.0,67940.0,67300.0,66120.0,1573693.0,106909221720.0,1799.0
2021-08-11,68400.0,68400.0,64550.0,65110.0,65100.0,67940.0,1044904.0,68037523120.0,1485.0
2021-08-14,66310.0,66310.0,62010.0,63310.0,62800.0,65110.0,693951.0,43932104720.0,766.0
2021-08-15,62800.0,65900.0,62800.0,64330.0,65200.0,63310.0,449923.0,28942131840.0,648.0
2021-08-22,65300.0,67540.0,63000.0,67350.0,67540.0,64330.0,887841.0,59798826930.0,865.0
2021-08-23,67700.0,70590.0,67540.0,69410.0,70480.0,67350.0,606743.0,42111997450.0,862.0
2021-08-24,70480.0,71500.0,67090.0,68840.0,68110.0,69410.0,695290.0,47864066480.0,1222.0
2021-08-25,70000.0,70000.0,65400.0,67370.0,68750.0,68840.0,1315224.0,88609651210.0,1640.0
2021-08-28,69900.0,70730.0,69000.0,70540.0,70300.0,67370.0,1058122.0,74639250180.0,1142.0
2021-08-29,72990.0,72990.0,67130.0,70150.0,70000.0,70540.0,664190.0,46591110200.0,1121.0
2021-08-30,66790.0,69950.0,66650.0,66990.0,66650.0,70150.0,398523.0,26697568610.0,450.0
2021-08-31,63950.0,66600.0,63650.0,64120.0,63650.0,66990.0,1169702.0,75005398360.0,1091.0
2021-09-01,64110.0,67320.0,64050.0,66680.0,67320.0,64120.0,1494245.0,99630791250.0,969.0
2021-09-04,69900.0,69900.0,65000.0,67220.0,66900.0,66680.0,484257.0,32549508250.0,890.0
2021-09-05,65500.0,68900.0,64700.0,66900.0,66000.0,67220.0,622936.0,41671786390.0,759.0
2021-09-06,67000.0,70240.0,67000.0,70080.0,70240.0,66900.0,2057583.0,144201067640.0,1002.0
2021-09-07,72250.0,73580.0,70100.0,73270.0,73580.0,70080.0,1692156.0,123985130300.0,1757.0
2021-09-08,73580.0,76000.0,70340.0,72400.0,70900.0,73270.0,708303.0,51282677310.0,1315.0
2021-09-11,72400.0,73990.0,68780.0,69440.0,68780.0,72400.0,1152650.0,80043962350.0,1219.0
2021-09-12,66000.0,68780.0,65970.0,66150.0,65970.0,69440.0,281983.0,18652033600.0,390.0
2021-09-13,63000.0,65760.0,62850.0,62940.0,62850.0,66150.0,910879.0,57331435760.0,1017.0
2021-09-14,60190.0,65290.0,60190.0,63440.0,63450.0,62940.0,590149.0,37437001590.0,610.0
2021-09-15,63440.0,63440.0,60510.0,61440.0,60940.0,63440.0,574635.0,35306491910.0,726.0
2021-09-18,61500.0,63890.0,58370.0,59570.0,58370.0,61440.0,440802.0,26260468950.0,449.0
2021-09-19,56600.0,59000.0,56600.0,56770.0,56600.0,59570.0,595650.0,33815773740.0,508.0
2021-09-20,54010.0,56500.0,53940.0,54120.0,53940.0,56770.0,927162.0,50176477950.0,938.0
2021-09-21,53000.0,53940.0,51420.0,51680.0,51420.0,54120.0,456777.0,23606168110.0,408.0
2021-09-22,49600.0,52500.0,49100.0,49790.0,50830.0,51680.0,874300.0,43531258030.0,778.0
2021-09-25,49700.0,52270.0,49700.0,52170.0,52270.0,49790.0,820442.0,42805635220.0,520.0
2021-09-26,54000.0,54000.0,49580.0,51010.0,50020.0,52170.0,655101.0,33418726710.0,697.0
2021-09-28,53560.0,53560.0,53560.0,53300.0,53560.0,51010.0,270387.0,14481927720.0,115.0
2021-09-29,55960.0,55960.0,55960.0,55400.0,55960.0,53300.0,238150.0,13326874000.0,78.0
2021-10-02,58170.0,58170.0,52630.0,56140.0,54000.0,55400.0,1964894.0,110302885500.0,1581.0
2021-10-03,54680.0,54680.0,53340.0,53440.0,53340.0,56140.0,1068189.0,57081747700.0,875.0
2021-10-04,52010.0,54950.0,52010.0,53360.0,52970.0,53440.0,231717.0,12360176950.0,403.0
2021-10-06,53480.0,54770.0,52020.0,53840.0,53510.0,53360.0,416996.0,22449872110.0,459.0
2021-10-09,55480.0,56530.0,53370.0,56040.0,56040.0,53840.0,963403.0,53987609250.0,878.0
2021-10-10,54000.0,56000.0,53240.0,53950.0,53240.0,56040.0,404637.0,21829711210.0,455.0
2021-10-11,54000.0,55490.0,52340.0,53600.0,52470.0,53950.0,510005.0,27338211720.0,547.0
2021-10-12,52200.0,52200.0,50920.0,51840.0,50920.0,53600.0,192703.0,9839903760.0,232.0
2021-10-13,49350.0,50710.0,49250.0,50670.0,49250.0,51840.0,142386.0,7054332100.0,162.0
2021-10-16,48250.0,53200.0,48250.0,52470.0,53200.0,50670.0,843116.0,44234223020.0,503.0
2021-10-17,54200.0,54200.0,49850.0,51320.0,49850.0,52470.0,214993.0,10940345410.0,362.0
2021-10-18,49150.0,51890.0,48760.0,48970.0,50000.0,51320.0,452419.0,22153702510.0,427.0
2021-10-19,50850.0,50850.0,48100.0,49280.0,49290.0,48970.0,157642.0,7810506080.0,217.0
2021-10-20,48540.0,50450.0,47050.0,48300.0,48100.0,49280.0,259597.0,12501643150.0,333.0
2021-10-23,46520.0,48390.0,45890.0,45910.0,45890.0,48300.0,474854.0,21800327020.0,322.0
2021-10-25,43680.0,46560.0,43650.0,44850.0,43750.0,45910.0,225078.0,10004871300.0,275.0
2021-10-26,46800.0,47090.0,45110.0,46500.0,47090.0,44850.0,268252.0,12542774830.0,297.0
2021-10-27,48820.0,48820.0,46620.0,47780.0,46950.0,46500.0,401413.0,19178661300.0,401.0
2021-10-30,45560.0,47400.0,45400.0,46080.0,45400.0,47780.0,272933.0,12507780400.0,337.0
2021-10-31,45240.0,45240.0,43780.0,45480.0,43780.0,46080.0,92491.0,4073850820.0,127.0
2021-11-01,43300.0,45950.0,43210.0,43560.0,43210.0,45480.0,356243.0,15518275440.0,339.0
2021-11-02,42760.0,44400.0,41390.0,42440.0,41830.0,43560.0,299738.0,12705238960.0,367.0
2021-11-03,42490.0,43990.0,41600.0,42610.0,43200.0,42440.0,351814.0,14991510250.0,373.0
2021-11-06,43490.0,44670.0,43200.0,43640.0,44100.0,42610.0,281243.0,12346125020.0,413.0
2021-11-07,43640.0,45820.0,41900.0,44760.0,44700.0,43640.0,374442.0,16758955680.0,424.0
2021-11-08,45690.0,45800.0,43760.0,44910.0,44920.0,44760.0,184540.0,8313918360.0,195.0
2021-11-09,44910.0,46430.0,44120.0,45080.0,45170.0,44910.0,250838.0,11325090120.0,296.0
2021-11-10,45000.0,47330.0,44300.0,46690.0,47330.0,45080.0,811851.0,37907212080.0,448.0
2021-11-13,47540.0,47540.0,44370.0,46580.0,46420.0,46690.0,443272.0,20646719050.0,453.0
2021-11-14,46580.0,47480.0,45060.0,45660.0,45390.0,46580.0,810393.0,37001426490.0,607.0
2021-12-22,9780.0,9780.0,9780.0,9550.0,9780.0,9320.0,788105.0,7707666900.0,75.0
2021-12-25,10020.0,10020.0,10020.0,9670.0,10020.0,9550.0,392655.0,3934403100.0,88.0
2021-12-26,10150.0,10150.0,10150.0,9710.0,10150.0,9670.0,142041.0,1441716150.0,59.0
2021-12-27,10190.0,10190.0,10190.0,9790.0,10190.0,9710.0,258529.0,2634410510.0,75.0
2021-12-28,10270.0,10270.0,10270.0,10090.0,10270.0,9790.0,985676.0,10122892520.0,63.0
2021-12-29,10590.0,10590.0,10590.0,10540.0,10590.0,10090.0,1415756.0,14992856040.0,98.0
2022-01-01,11060.0,11060.0,10020.0,10460.0,10100.0,10540.0,9512668.0,99484516800.0,1272.0
2022-01-02,9970.0,10230.0,9940.0,9980.0,10170.0,10460.0,4028257.0,40211029990.0,781.0
2022-01-03,10170.0,10190.0,9790.0,9960.0,9840.0,9980.0,1170529.0,11651640990.0,390.0
2022-01-04,9890.0,10090.0,9470.0,9610.0,9470.0,9960.0,1169972.0,11160056430.0,349.0
2022-01-05,9250.0,9330.0,9130.0,9160.0,9170.0,9610.0,2632758.0,24103680880.0,391.0
2022-01-08,9130.0,9610.0,9120.0,9600.0,9610.0,9160.0,2189248.0,21008391330.0,510.0
2022-01-09,9640.0,9880.0,9120.0,9290.0,9160.0,9600.0,1272951.0,11711239200.0,306.0
2022-01-10,9160.0,9310.0,8880.0,9120.0,9200.0,9290.0,1038842.0,9380601740.0,251.0
2022-01-11,9370.0,9460.0,8780.0,9030.0,9050.0,9120.0,1031551.0,9263356770.0,262.0
2022-01-12,8900.0,9180.0,8900.0,9050.0,9090.0,9030.0,1111321.0,10070476450.0,231.0
2022-01-15,8930.0,8930.0,8600.0,8730.0,8600.0,9050.0,1440958.0,12516234080.0,281.0
2022-01-16,8510.0,8510.0,8300.0,8500.0,8480.0,8730.0,940307.0,7829627800.0,199.0
2022-01-17,8590.0,8600.0,8080.0,8220.0,8080.0,8500.0,1381253.0,11271562540.0,366.0
2022-01-18,7860.0,8070.0,7840.0,8100.0,7890.0,8220.0,676840.0,5356961890.0,160.0
2022-01-19,8030.0,8080.0,7840.0,8060.0,7880.0,8100.0,376175.0,2983753630.0,119.0
2022-01-22,7890.0,8350.0,7890.0,8100.0,7940.0,8060.0,925074.0,7525397300.0,263.0
2022-01-23,7900.0,8190.0,7700.0,8070.0,7870.0,8100.0,223250.0,1754461820.0,87.0
2022-01-24,7720.0,7900.0,7670.0,7750.0,7670.0,8070.0,1566333.0,12047332480.0,180.0
2022-01-25,7400.0,7790.0,7370.0,7450.0,7370.0,7750.0,1516281.0,11191428290.0,165.0
2022-01-26,7540.0,7700.0,7100.0,7390.0,7380.0,7450.0,722984.0,5272302890.0,183.0
2022-01-29,7690.0,7750.0,7460.0,7620.0,7750.0,7390.0,1386670.0,10708659740.0,143.0
2022-01-30,7690.0,7820.0,7330.0,7580.0,7560.0,7620.0,1178566.0,8892699360.0,186.0
2022-01-31,7470.0,7950.0,7400.0,7770.0,7950.0,7580.0,1364645.0,10732888290.0,170.0
2022-02-01,7780.0,8100.0,7780.0,7900.0,8010.0,7770.0,1090541.0,8727253580.0,167.0
2022-02-02,7940.0,8100.0,7860.0,7930.0,8010.0,7900.0,589627.0,4728943830.0,177.0
2022-02-05,8150.0,8320.0,7940.0,8010.0,8090.0,7930.0,664180.0,5418398020.0,208.0
2022-02-06,8030.0,8070.0,7680.0,8000.0,8030.0,8010.0,1408934.0,11258247700.0,208.0
2022-02-07,8010.0,8180.0,7880.0,8010.0,8020.0,8000.0,515437.0,4145246370.0,158.0
2022-02-08,7900.0,8170.0,7900.0,8010.0,8050.0,8010.0,373751.0,2997206820.0,79.0
2022-02-09,8010.0,8150.0,7900.0,8030.0,8100.0,8010.0,575113.0,4643646630.0,188.0
2022-02-12,7940.0,8160.0,7940.0,8050.0,8100.0,8030.0,973725.0,7864548880.0,207.0
2022-02-13,8030.0,8150.0,8000.0,8060.0,8100.0,8050.0,761909.0,6152051370.0,158.0
2022-02-14,8000.0,8150.0,7990.0,8050.0,8040.0,8060.0,507101.0,4073217350.0,98.0
2022-02-16,7800.0,8130.0,7800.0,8040.0,8030.0,8050.0,544942.0,4368688070.0,124.0
2022-02-19,8010.0,8150.0,7990.0,8050.0,8080.0,8040.0,570840.0,4603542620.0,111.0
2022-02-20,8100.0,8100.0,7940.0,8050.0,8100.0,8050.0,389508.0,3132714330.0,86.0
2022-02-21,8130.0,8450.0,8130.0,8270.0,8450.0,8050.0,1167542.0,9801622910.0,199.0
2022-02-22,8590.0,8680.0,8370.0,8400.0,8680.0,8270.0,645629.0,5578950300.0,133.0
2022-02-23,8820.0,8820.0,8820.0,8470.0,8820.0,8400.0,304691.0,2687374620.0,52.0
2022-02-26,8890.0,8890.0,8890.0,8550.0,8890.0,8470.0,349279.0,3105090310.0,58.0
2022-02-27,8970.0,8970.0,8970.0,8600.0,8970.0,8550.0,207842.0,1864342740.0,20.0
2022-02-28,9030.0,9030.0,9030.0,8610.0,9030.0,8600.0,47866.0,432229980.0,21.0
2022-03-02,9040.0,9040.0,9040.0,8740.0,9040.0,8610.0,553099.0,5000014960.0,43.0
2022-03-05,9170.0,9170.0,9170.0,8840.0,9170.0,8740.0,409436.0,3754528120.0,41.0
2022-03-06,9280.0,9280.0,9280.0,9220.0,9280.0,8840.0,1469215.0,13634315200.0,48.0
2022-03-07,9680.0,9680.0,9080.0,9620.0,9680.0,9220.0,6112903.0,58810959030.0,954.0
2022-03-08,9790.0,9960.0,9290.0,9670.0,9790.0,9620.0,1866331.0,18052558480.0,410.0
2022-03-09,9850.0,9900.0,9190.0,9510.0,9400.0,9670.0,1435638.0,13603472310.0,331.0
2022-03-12,9100.0,9820.0,9040.0,9290.0,9040.0,9510.0,965980.0,8843345270.0,242.0
2022-03-13,8920.0,9320.0,8830.0,8890.0,8990.0,9290.0,2341583.0,20813388110.0,334.0
2022-03-14,9180.0,9210.0,8600.0,8830.0,8620.0,8890.0,562379.0,4911942700.0,169.0
2022-03-15,8530.0,8960.0,8530.0,8780.0,8640.0,8830.0,423702.0,3667696580.0,107.0
2022-03-16,8980.0,9000.0,8580.0,8750.0,8860.0,8780.0,544546.0,4734538470.0,164.0
2022-03-19,8950.0,9130.0,8800.0,8820.0,9050.0,8750.0,407810.0,3694333220.0,140.0
2022-03-26,9050.0,9050.0,8380.0,8490.0,8540.0,8820.0,2633018.0,22354435370.0,314.0
2022-03-27,8550.0,8800.0,8500.0,8540.0,8780.0,8490.0,369235.0,3213042160.0,168.0
2022-03-28,8720.0,8960.0,8620.0,8700.0,8960.0,8540.0,702852.0,6272841290.0,182.0
2022-03-29,9030.0,9130.0,8780.0,8820.0,9080.0,8700.0,628835.0,5680346190.0,212.0
2022-03-30,9010.0,9070.0,8820.0,8850.0,8830.0,8820.0,465913.0,4152067180.0,142.0
2022-04-03,8750.0,9010.0,8600.0,8870.0,8950.0,8850.0,807351.0,7185930060.0,287.0
2022-04-04,9020.0,9090.0,8870.0,8960.0,9000.0,8870.0,1050901.0,9469782960.0,284.0
2022-04-05,9140.0,9400.0,9010.0,9120.0,9400.0,8960.0,1000588.0,9244420520.0,215.0
2022-04-06,9570.0,9570.0,9190.0,9530.0,9450.0,9120.0,1602450.0,15305166000.0,226.0
2022-04-09,9160.0,10000.0,9160.0,9670.0,9810.0,9530.0,1150189.0,11182043470.0,337.0
2022-04-10,9960.0,10080.0,9500.0,9670.0,9600.0,9670.0,1663189.0,16086784680.0,391.0
2022-04-11,9680.0,9800.0,9410.0,9620.0,9710.0,9670.0,1457039.0,14007568410.0,262.0
2022-04-12,9570.0,9570.0,9150.0,9530.0,9320.0,9620.0,465479.0,4331086310.0,175.0
2022-04-13,9080.0,9500.0,9060.0,9370.0,9250.0,9530.0,1017661.0,9449848480.0,255.0
2022-04-16,9580.0,9830.0,9100.0,9720.0,9830.0,9370.0,1658918.0,16120865890.0,367.0
2022-04-17,10050.0,10200.0,10050.0,10180.0,10200.0,9720.0,1826897.0,18595962980.0,276.0
2022-04-18,10590.0,10680.0,10100.0,10650.0,10550.0,10180.0,3311819.0,35260997310.0,497.0
2022-04-19,10870.0,11180.0,10150.0,11070.0,11180.0,10650.0,3597431.0,39831883210.0,508.0
2022-04-20,11150.0,11590.0,10520.0,10880.0,10900.0,11070.0,2131608.0,23191319560.0,544.0
2022-04-24,10650.0,10820.0,10340.0,10430.0,10390.0,10880.0,1736516.0,18112093560.0,355.0
2022-04-25,10420.0,10800.0,10010.0,10450.0,10410.0,10430.0,834257.0,8733396570.0,256.0
2022-04-26,10800.0,10970.0,10540.0,10740.0,10970.0,10450.0,824619.0,9023393450.0,138.0
2022-04-27,11270.0,11270.0,11270.0,11270.0,11270.0,10740.0,1589732.0,17916279640.0,194.0
2022-04-30,11570.0,11830.0,11290.0,11670.0,11830.0,11270.0,1420543.0,16571421020.0,381.0
2022-05-01,12130.0,12250.0,11700.0,12220.0,12240.0,11670.0,3458681.0,42277276630.0,715.0
2022-05-02,12600.0,12600.0,11610.0,11850.0,12040.0,12220.0,7545726.0,89398170630.0,1385.0
2022-05-07,12300.0,12370.0,11270.0,11820.0,12000.0,11850.0,3264154.0,38589421490.0,709.0
2022-05-08,12300.0,12300.0,11660.0,11880.0,11990.0,11820.0,1404014.0,16683181500.0,407.0
2022-05-09,12000.0,12040.0,11290.0,11530.0,11520.0,11880.0,2501507.0,28844161580.0,466.0
2022-05-10,11510.0,12100.0,11060.0,11980.0,12100.0,11530.0,2440290.0,29235279720.0,517.0
2022-05-11,12010.0,12570.0,12010.0,12560.0,12570.0,11980.0,1910437.0,23989361440.0,265.0
2022-05-14,13170.0,13180.0,12790.0,13170.0,13180.0,12560.0,2710037.0,35690728470.0,413.0
2022-05-15,13820.0,13820.0,12520.0,13540.0,13350.0,13170.0,5359651.0,72583998960.0,987.0
2022-05-18,13510.0,13510.0,12840.0,13170.0,12840.0,13540.0,1883981.0,24814190020.0,338.0
2022-05-22,13140.0,13140.0,12490.0,12590.0,12760.0,13170.0,1398057.0,17603804490.0,402.0
2022-05-23,12950.0,12950.0,11970.0,12050.0,11970.0,12590.0,2667353.0,32145919270.0,403.0
2022-05-24,11970.0,12140.0,11530.0,11890.0,12010.0,12050.0,1595636.0,18974084530.0,325.0
2022-05-25,12280.0,12480.0,11920.0,12220.0,12330.0,11890.0,962795.0,11821917000.0,251.0
2022-05-28,12780.0,12830.0,11950.0,12690.0,12830.0,12220.0,3377588.0,42853099580.0,613.0
2022-05-29,12900.0,13290.0,12290.0,12730.0,12980.0,12690.0,1479382.0,18836784260.0,390.0
2022-05-30,12960.0,13140.0,12780.0,12820.0,12830.0,12730.0,813943.0,10476567300.0,405.0
2022-05-31,12990.0,13110.0,12500.0,12770.0,12550.0,12820.0,650463.0,8281184250.0,212.0
2022-06-01,12600.0,12970.0,12210.0,12600.0,12550.0,12770.0,1549324.0,19529130770.0,349.0
2022-06-06,12480.0,12480.0,11970.0,12110.0,11970.0,12600.0,994465.0,11951040560.0,248.0
2022-06-07,11530.0,12710.0,11530.0,12280.0,12370.0,12110.0,756561.0,9362011580.0,216.0
2022-06-08,12600.0,12600.0,11900.0,12200.0,12380.0,12280.0,559513.0,6779768820.0,154.0
2022-06-11,11800.0,12460.0,11750.0,12230.0,12420.0,12200.0,722402.0,8847734230.0,217.0
2022-06-12,11730.0,12580.0,11650.0,12180.0,12250.0,12230.0,729515.0,8858583890.0,208.0
2022-06-13,11770.0,12590.0,11770.0,12190.0,12000.0,12180.0,1518397.0,18507316990.0,290.0
2022-06-14,11860.0,12310.0,11850.0,12210.0,12110.0,12190.0,796740.0,9736854190.0,176.0
2022-06-15,12080.0,12370.0,11860.0,12170.0,12190.0,12210.0,509485.0,6168946530.0,273.0
2022-06-18,12240.0,12240.0,11580.0,11930.0,11900.0,12170.0,631789.0,7392576580.0,165.0
2022-06-19,11900.0,12510.0,11730.0,12000.0,12110.0,11930.0,1006673.0,12094290960.0,228.0
2022-06-20,12400.0,12470.0,11820.0,12100.0,11820.0,12000.0,779320.0,9470459090.0,277.0
2022-06-21,11990.0,11990.0,11730.0,12050.0,11810.0,12100.0,260070.0,3082610160.0,99.0
2022-06-22,11610.0,12050.0,11610.0,11960.0,11700.0,12050.0,765407.0,9107549900.0,176.0
2022-06-25,12550.0,12550.0,12550.0,12550.0,12550.0,11960.0,1636928.0,20543446400.0,108.0
2022-06-26,13170.0,13170.0,13170.0,13170.0,13170.0,12550.0,1717591.0,22620673470.0,146.0
2022-06-27,13820.0,13820.0,13310.0,13810.0,13820.0,13170.0,18054374.0,249300455670.0,1312.0
2022-06-28,14490.0,14500.0,13860.0,14490.0,14500.0,13810.0,3997455.0,57929057780.0,258.0
2022-06-29,15150.0,15210.0,14710.0,15080.0,14950.0,14490.0,11824413.0,178300747330.0,1933.0
2022-07-02,15710.0,15710.0,14330.0,14600.0,14330.0,15080.0,7524371.0,109843006890.0,844.0
2022-07-03,14390.0,15330.0,14100.0,15220.0,15010.0,14600.0,8932384.0,135950028960.0,1045.0
2022-07-04,15330.0,15490.0,14500.0,14990.0,14760.0,15220.0,4251157.0,63705053650.0,816.0
2022-07-05,14640.0,14790.0,14250.0,14280.0,14250.0,14990.0,3686645.0,52648087100.0,369.0
2022-07-06,14280.0,14280.0,13570.0,13590.0,13580.0,14280.0,3005588.0,40837433140.0,461.0
2022-07-09,13150.0,13730.0,12920.0,13040.0,12920.0,13590.0,2866538.0,37375253720.0,462.0
2022-07-11,13300.0,13300.0,12390.0,12480.0,12390.0,13040.0,2477102.0,30904451380.0,426.0
2022-07-12,12010.0,12990.0,11910.0,12430.0,12280.0,12480.0,840400.0,10432461900.0,258.0
2022-07-17,12420.0,12790.0,11820.0,12210.0,11900.0,12430.0,626586.0,7526360230.0,240.0
2022-07-24,12200.0,12200.0,11590.0,12000.0,11590.0,12110.0,380697.0,4474320690.0,55.0
2022-07-25,11400.0,11400.0,11400.0,11920.0,11400.0,12000.0,156050.0,1778970000.0,33.0
2022-07-26,11330.0,11330.0,11330.0,11330.0,11330.0,11920.0,1535291.0,17394847030.0,122.0
2022-07-27,10900.0,11680.0,10840.0,11350.0,11590.0,11330.0,790931.0,8990586870.0,201.0
2022-07-30,11350.0,11540.0,10870.0,11300.0,11100.0,11350.0,279731.0,3106624850.0,163.0
2022-07-31,11540.0,11550.0,10770.0,11170.0,11000.0,11300.0,444928.0,4858763250.0,174.0
2022-08-01,11000.0,11400.0,10620.0,10690.0,10790.0,11170.0,1926042.0,20590295730.0,262.0
2022-08-02,10300.0,11000.0,10160.0,10340.0,10290.0,10690.0,1008170.0,10315055400.0,224.0
2022-08-03,10000.0,10490.0,10000.0,10360.0,10400.0,10340.0,551316.0,5722069710.0,123.0
2022-08-06,10400.0,10590.0,10000.0,10390.0,10530.0,10360.0,305706.0,3216016020.0,108.0
2022-08-09,10600.0,10740.0,10250.0,10420.0,10570.0,10390.0,540822.0,5658988750.0,157.0
2022-08-10,10690.0,10690.0,10470.0,10430.0,10520.0,10420.0,224101.0,2355402330.0,74.0
2022-08-13,10750.0,10950.0,10730.0,10930.0,10950.0,10430.0,1463245.0,15990620800.0,186.0
2022-08-14,11450.0,11450.0,10700.0,10910.0,10780.0,10930.0,350914.0,3807790070.0,116.0
2022-08-15,10660.0,10970.0,10660.0,10880.0,10890.0,10910.0,871431.0,9461191460.0,161.0
2022-08-16,10520.0,11120.0,10520.0,10890.0,10890.0,10880.0,601335.0,6559828860.0,149.0
2022-08-17,10950.0,11400.0,10900.0,10970.0,10960.0,10890.0,690306.0,7636902180.0,200.0
2022-08-20,10990.0,11280.0,10650.0,10960.0,10880.0,10970.0,144482.0,1576991810.0,65.0
2022-08-21,11000.0,11440.0,10590.0,11110.0,11000.0,10960.0,1447042.0,16078478680.0,242.0
2022-08-22,11400.0,11400.0,10900.0,11090.0,11000.0,11110.0,596036.0,6592198170.0,141.0
2022-08-23,11330.0,11640.0,11100.0,11570.0,11640.0,11090.0,3001016.0,34725562490.0,312.0
2022-08-24,12030.0,12030.0,11240.0,11490.0,11600.0,11570.0,1434516.0,16486442910.0,281.0
2022-08-27,11410.0,11800.0,11410.0,11670.0,11720.0,11490.0,1667134.0,19455404630.0,353.0
2022-08-28,11450.0,11870.0,11450.0,11650.0,11620.0,11670.0,411834.0,4777087540.0,136.0
2022-08-29,11510.0,11650.0,11170.0,11490.0,11350.0,11650.0,656361.0,7442012360.0,260.0
2022-08-31,11200.0,11900.0,11200.0,11580.0,11850.0,11490.0,509292.0,5966928520.0,213.0
2022-09-03,11580.0,11900.0,11270.0,11510.0,11310.0,11580.0,555466.0,6347311950.0,200.0
2022-09-04,11500.0,11500.0,11020.0,11350.0,11280.0,11510.0,606607.0,6778069320.0,167.0
2022-09-05,11590.0,11590.0,11010.0,11230.0,11260.0,11350.0,759147.0,8465508350.0,235.0
2022-09-06,11060.0,11190.0,10960.0,11200.0,11010.0,11230.0,284653.0,3153050490.0,98.0
2022-09-13,11530.0,11530.0,11000.0,11100.0,11160.0,11200.0,1284045.0,14252323600.0,112.0
2022-09-14,11120.0,11120.0,10550.0,10610.0,10550.0,11100.0,2069717.0,21956835950.0,270.0
2022-09-18,10480.0,10480.0,10080.0,10090.0,10080.0,10610.0,2387894.0,24087184330.0,280.0
2022-09-19,9910.0,10490.0,9630.0,10080.0,9920.0,10090.0,590438.0,5940603240.0,166.0
2022-09-20,9680.0,10270.0,9680.0,10010.0,9760.0,10080.0,395198.0,3882970760.0,112.0
2022-09-21,9670.0,10220.0,9640.0,10000.0,10090.0,10010.0,422200.0,4218560650.0,128.0
2022-09-24,9850.0,10000.0,9500.0,9690.0,9500.0,10000.0,1002436.0,9553266780.0,112.0
2022-09-26,9270.0,9920.0,9270.0,9740.0,9850.0,9690.0,570040.0,5592055350.0,96.0
2022-09-28,9850.0,10120.0,9850.0,9820.0,9900.0,9740.0,542328.0,5403843180.0,87.0
2022-10-01,9410.0,9940.0,9330.0,9640.0,9330.0,9820.0,867071.0,8240283510.0,143.0
2022-10-02,9220.0,9600.0,9200.0,9470.0,9320.0,9640.0,913510.0,8551490500.0,94.0
2022-10-03,9300.0,9560.0,9290.0,9460.0,9480.0,9470.0,162070.0,1524257260.0,70.0
2022-10-04,9480.0,9730.0,9470.0,9500.0,9730.0,9460.0,366658.0,3522285530.0,131.0
2022-10-08,9270.0,9860.0,9270.0,9530.0,9820.0,9500.0,267574.0,2594223520.0,50.0
2022-10-09,9940.0,10000.0,9540.0,9890.0,10000.0,9530.0,2534880.0,25067499950.0,313.0
2022-10-10,10040.0,10120.0,9800.0,9880.0,9890.0,9890.0,497591.0,4912780520.0,127.0
2022-10-11,9870.0,10100.0,9580.0,9900.0,9990.0,9880.0,255851.0,2557776700.0,71.0
2022-10-12,9920.0,10050.0,9850.0,9900.0,9920.0,9900.0,340823.0,3380416310.0,52.0
2022-10-15,10020.0,10020.0,9700.0,9890.0,9900.0,9900.0,552779.0,5452719240.0,82.0
2022-10-16,9850.0,10080.0,9850.0,9890.0,10050.0,9890.0,535826.0,5296501440.0,81.0
2022-10-17,9690.0,10000.0,9670.0,9890.0,9990.0,9890.0,119562.0,1183304120.0,38.0
2022-10-18,9950.0,10080.0,9790.0,9900.0,9900.0,9890.0,198248.0,1976892350.0,67.0
2022-10-19,9900.0,10040.0,9900.0,9910.0,9920.0,9900.0,233885.0,2326154300.0,52.0
2022-10-22,9950.0,10300.0,9900.0,9920.0,9970.0,9910.0,128957.0,1297079720.0,56.0
2022-10-23,9990.0,10210.0,9900.0,9950.0,9980.0,9920.0,260278.0,2629554300.0,71.0
2022-10-24,9790.0,10280.0,9790.0,10010.0,10180.0,9950.0,564544.0,5712975450.0,125.0
2022-10-25,9850.0,10090.0,9580.0,9960.0,9700.0,10010.0,350708.0,3430997150.0,132.0
2022-10-26,9910.0,9910.0,9470.0,9540.0,9470.0,9960.0,1351329.0,12818445450.0,130.0
2022-10-29,9560.0,9570.0,9110.0,9460.0,9200.0,9540.0,383491.0,3540243010.0,79.0
2022-10-30,9260.0,9550.0,9250.0,9460.0,9510.0,9460.0,278001.0,2622397470.0,42.0
2022-10-31,9340.0,9730.0,9340.0,9480.0,9730.0,9460.0,289669.0,2770016680.0,101.0
2022-11-01,9640.0,9800.0,9550.0,9500.0,9590.0,9480.0,176671.0,1704937070.0,46.0
2022-11-02,9560.0,9810.0,9530.0,9520.0,9670.0,9500.0,207520.0,2003472880.0,39.0
2022-11-05,9800.0,9990.0,9650.0,9620.0,9730.0,9520.0,517938.0,5096140970.0,97.0
2022-11-06,9740.0,10090.0,9700.0,9690.0,9900.0,9620.0,383328.0,3797107420.0,77.0
2022-11-07,9900.0,10170.0,9900.0,9870.0,10110.0,9690.0,670520.0,6779174340.0,121.0
2022-11-08,10250.0,10360.0,9960.0,10000.0,10020.0,9870.0,672338.0,6837136990.0,111.0
2022-11-09,10010.0,10500.0,10000.0,10320.0,10500.0,10000.0,1379538.0,14297464810.0,142.0
2022-11-12,10680.0,10830.0,10520.0,10660.0,10650.0,10320.0,1182594.0,12697285890.0,184.0
2022-11-13,10800.0,10890.0,10510.0,10680.0,10670.0,10660.0,339953.0,3646331340.0,85.0
2022-11-14,10490.0,10680.0,10420.0,10630.0,10450.0,10680.0,429416.0,4510029150.0,69.0
2022-11-15,10450.0,10920.0,10370.0,10590.0,10370.0,10630.0,716324.0,7553616100.0,96.0
2022-11-16,10600.0,10850.0,10500.0,10630.0,10610.0,10590.0,762510.0,8127849030.0,81.0
2022-11-19,10740.0,10740.0,10300.0,10580.0,10480.0,10630.0,409233.0,4273474110.0,44.0
2022-11-20,10880.0,11100.0,10640.0,10780.0,11090.0,10580.0,859084.0,9375427750.0,127.0
2022-11-21,11000.0,11120.0,10780.0,10820.0,11000.0,10780.0,973442.0,10549917280.0,97.0
2022-11-22,11060.0,11250.0,10830.0,10850.0,11150.0,10820.0,265458.0,2920579350.0,56.0
2022-11-23,11280.0,11300.0,10880.0,10970.0,11250.0,10850.0,455496.0,5113453360.0,101.0
2022-11-26,11320.0,11320.0,11110.0,11010.0,11280.0,10970.0,216047.0,2425515350.0,49.0
2022-11-27,11460.0,11460.0,11010.0,11070.0,11300.0,11010.0,332213.0,3738548310.0,70.0
2022-11-28,11400.0,11570.0,11300.0,11360.0,11500.0,11070.0,927889.0,10667644070.0,125.0
2022-11-29,11720.0,11800.0,11520.0,11570.0,11750.0,11360.0,935685.0,10910085450.0,137.0
2022-11-30,11560.0,12030.0,11560.0,11690.0,11700.0,11570.0,627725.0,7428191640.0,86.0
2022-12-03,11690.0,12100.0,11690.0,11810.0,11910.0,11690.0,590692.0,7054308910.0,136.0
2022-12-04,11550.0,12150.0,11550.0,11870.0,11850.0,11810.0,574662.0,6857396850.0,108.0
2022-12-05,11900.0,12130.0,11720.0,11900.0,11940.0,11870.0,390530.0,4668837900.0,124.0
2022-12-06,11930.0,12200.0,11920.0,11910.0,12000.0,11900.0,66277.0,797001550.0,49.0
2022-12-07,12190.0,12190.0,11520.0,11860.0,11610.0,11910.0,702990.0,8304825830.0,136.0
2022-12-10,11510.0,11660.0,11350.0,11740.0,11550.0,11860.0,361312.0,4136928170.0,131.0
2022-12-11,11300.0,11690.0,11300.0,11640.0,11430.0,11740.0,481354.0,5529813680.0,107.0
2022-12-12,11260.0,11990.0,11260.0,11700.0,11820.0,11640.0,1258708.0,14725787420.0,232.0
2022-12-21,6460.0,6460.0,6460.0,6460.0,6460.0,6160.0,2492588.0,16102118480.0,46.0
2022-12-24,6780.0,6780.0,6780.0,6780.0,6780.0,6460.0,2728594.0,18499867320.0,74.0
2022-12-25,7110.0,7110.0,7110.0,7110.0,7110.0,6780.0,2290273.0,16283841030.0,56.0
2022-12-26,7460.0,7460.0,7150.0,7410.0,7460.0,7110.0,22703380.0,168175352850.0,1537.0
2022-12-28,7500.0,7780.0,7470.0,7660.0,7650.0,7410.0,4909225.0,37596631970.0,736.0
2022-12-31,7750.0,7770.0,7280.0,7430.0,7600.0,7660.0,3062180.0,22761167820.0,513.0
2023-01-01,7350.0,7580.0,7100.0,7390.0,7240.0,7430.0,741869.0,5442605090.0,233.0
2023-01-02,7540.0,7750.0,7200.0,7430.0,7740.0,7390.0,5879804.0,43658337890.0,818.0
2023-01-03,7740.0,7800.0,7570.0,7780.0,7790.0,7430.0,7351588.0,57220143850.0,856.0
2023-01-04,7780.0,7860.0,7450.0,7600.0,7560.0,7780.0,1885256.0,14314613410.0,390.0
2023-01-07,7490.0,7980.0,7490.0,7930.0,7980.0,7600.0,5514022.0,43714601670.0,766.0
2023-01-08,8090.0,8300.0,7930.0,8060.0,8070.0,7930.0,2874898.0,23173959290.0,597.0
2023-01-09,8250.0,8250.0,7800.0,8030.0,8070.0,8060.0,2285495.0,18349365560.0,521.0
2023-01-10,8030.0,8240.0,7810.0,8020.0,7860.0,8030.0,3068754.0,24616473690.0,628.0
2023-01-11,7860.0,8190.0,7700.0,7870.0,7830.0,8020.0,2956563.0,23278488760.0,433.0
2023-01-14,7530.0,8000.0,7520.0,7760.0,7800.0,7870.0,2358410.0,18312761440.0,400.0
2023-01-16,7900.0,8040.0,7850.0,7940.0,7910.0,7760.0,1940989.0,15413769780.0,336.0
2023-01-17,7870.0,7870.0,7580.0,7750.0,7790.0,7940.0,3037484.0,23526456800.0,442.0
2023-01-18,7610.0,7900.0,7610.0,7780.0,7850.0,7750.0,1267765.0,9876633830.0,241.0
2023-01-21,7600.0,7880.0,7540.0,7720.0,7700.0,7780.0,1530896.0,11789255980.0,238.0
2023-01-22,7420.0,8100.0,7420.0,7860.0,8100.0,7720.0,2385278.0,18758233800.0,298.0
2023-01-23,8140.0,8250.0,8100.0,8240.0,8250.0,7860.0,11247681.0,92733186580.0,643.0
2023-01-24,8600.0,8650.0,8350.0,8610.0,8650.0,8240.0,1875496.0,16164856230.0,224.0
2023-01-25,9040.0,9040.0,9040.0,8970.0,9040.0,8610.0,1608282.0,14538869280.0,133.0
2023-01-28,9070.0,9410.0,8720.0,9200.0,9150.0,8970.0,17632328.0,162254470730.0,1892.0
2023-01-29,8800.0,9000.0,8740.0,8750.0,8740.0,9200.0,4363926.0,38167140020.0,289.0
2023-01-30,8340.0,8500.0,8320.0,8350.0,8390.0,8750.0,7050635.0,58880081410.0,610.0
2023-01-31,8250.0,8550.0,8100.0,8280.0,8350.0,8350.0,1672986.0,13844491220.0,313.0
2023-02-01,8320.0,8630.0,8050.0,8290.0,8240.0,8280.0,1119085.0,9275778280.0,229.0
2023-02-05,8150.0,8290.0,7880.0,7910.0,7910.0,8290.0,3944695.0,31202194710.0,355.0
2023-02-06,7930.0,8100.0,7700.0,7900.0,7850.0,7910.0,1663487.0,13147792040.0,245.0
2023-02-07,7800.0,8150.0,7800.0,7920.0,7830.0,7900.0,1220073.0,9681304710.0,254.0
2023-02-08,8070.0,8070.0,7790.0,7920.0,7950.0,7920.0,751288.0,5948591870.0,146.0
2023-02-12,7750.0,7900.0,7690.0,7890.0,7800.0,7920.0,371884.0,2883226640.0,117.0
2023-02-13,7950.0,8150.0,7790.0,7890.0,7800.0,7890.0,1089256.0,8587391880.0,213.0
2023-02-14,8060.0,8060.0,7580.0,7830.0,7700.0,7890.0,625645.0,4826539390.0,139.0
2023-02-15,7620.0,7730.0,7530.0,7790.0,7550.0,7830.0,361664.0,2749318530.0,129.0
2023-02-19,7540.0,7650.0,7540.0,7720.0,7560.0,7790.0,617696.0,4676741340.0,132.0
2023-02-20,7760.0,8100.0,7720.0,8040.0,8100.0,7720.0,2232375.0,17945927190.0,255.0
2023-02-21,8160.0,8440.0,8110.0,8420.0,8440.0,8040.0,3917506.0,32970051390.0,214.0
2023-02-22,8790.0,8790.0,8100.0,8480.0,8740.0,8420.0,2521666.0,21389213830.0,283.0
2023-02-25,8900.0,8900.0,8900.0,8900.0,8900.0,8480.0,2498796.0,22239284400.0,89.0
2023-02-26,9340.0,9340.0,9300.0,9340.0,9340.0,8900.0,5963094.0,55694177920.0,257.0
2023-02-27,8970.0,9800.0,8970.0,9590.0,9580.0,9340.0,5288575.0,50699183210.0,533.0
2023-02-28,9120.0,9660.0,9120.0,9420.0,9560.0,9590.0,1559290.0,14661030580.0,282.0
2023-03-01,9560.0,9670.0,9170.0,9540.0,9620.0,9420.0,2209881.0,21072102790.0,239.0
2023-03-04,9760.0,9760.0,9280.0,9490.0,9660.0,9540.0,1637259.0,15539969460.0,360.0
2023-03-05,9470.0,9780.0,9470.0,9560.0,9620.0,9490.0,604486.0,5844223980.0,116.0
2023-03-06,9470.0,9650.0,9090.0,9290.0,9400.0,9560.0,4128138.0,38345418780.0,1557.0
2023-03-07,9380.0,9380.0,9000.0,9120.0,9100.0,9290.0,1770770.0,16144534720.0,275.0
2023-03-11,8960.0,9300.0,8670.0,8830.0,9000.0,9120.0,2993601.0,26433207720.0,426.0
2023-03-12,8790.0,8860.0,8600.0,8790.0,8710.0,8830.0,832318.0,7277517160.0,139.0
2023-03-13,8990.0,8990.0,8610.0,8780.0,8700.0,8790.0,844547.0,7407814280.0,139.0
2023-03-14,8890.0,8890.0,8600.0,8680.0,8650.0,8780.0,1291754.0,11179132970.0,218.0
2023-03-15,8630.0,8900.0,8630.0,8720.0,8900.0,8680.0,556840.0,4899459470.0,189.0
2023-03-18,9140.0,9150.0,9000.0,9130.0,9150.0,8720.0,3636905.0,33220451660.0,264.0
2023-03-19,9120.0,9500.0,9120.0,9220.0,9120.0,9130.0,918257.0,8544845340.0,146.0
2023-03-25,9290.0,9400.0,9000.0,9230.0,9200.0,9220.0,519140.0,4809064650.0,92.0
2023-03-26,9080.0,9200.0,9000.0,9160.0,9000.0,9230.0,780636.0,7097398880.0,166.0
2023-03-27,9220.0,9220.0,8930.0,9020.0,9150.0,9160.0,2040118.0,18402480310.0,294.0
2023-03-28,9190.0,9470.0,9190.0,9420.0,9470.0,9020.0,2737775.0,25782944550.0,223.0
2023-03-29,9890.0,9890.0,9890.0,9760.0,9890.0,9420.0,1173192.0,11602868880.0,71.0
2023-04-03,10240.0,10240.0,10240.0,10170.0,10240.0,9760.0,1314117.0,13456558080.0,60.0
2023-04-04,10670.0,10670.0,10670.0,10650.0,10670.0,10170.0,1473182.0,15718851940.0,58.0
2023-04-05,11180.0,11180.0,11180.0,11050.0,11180.0,10650.0,1154012.0,12901854160.0,41.0
2023-04-08,11600.0,11600.0,11600.0,11600.0,11600.0,11050.0,1992501.0,23113011600.0,66.0
2023-04-09,12180.0,12180.0,12180.0,12180.0,12180.0,11600.0,2817645.0,34318916100.0,90.0
2023-04-10,12380.0,12780.0,11850.0,12540.0,12500.0,12180.0,21282419.0,266936720490.0,1485.0
2023-04-11,12150.0,13160.0,11960.0,13030.0,13160.0,12540.0,3959012.0,51584812940.0,357.0
2023-04-17,13680.0,13680.0,13110.0,13630.0,13470.0,13030.0,8024245.0,109374597050.0,556.0
2023-04-18,13640.0,13660.0,12950.0,13030.0,12950.0,13630.0,23564005.0,307150990740.0,3428.0
2023-04-19,12950.0,13270.0,12560.0,12800.0,13050.0,13030.0,6351696.0,81314036230.0,1486.0
2023-04-24,13360.0,13360.0,12730.0,12870.0,12900.0,12800.0,2507521.0,32279048160.0,526.0
2023-04-25,13080.0,13400.0,12850.0,13090.0,12900.0,12870.0,3174751.0,41559974320.0,477.0
2023-04-26,12650.0,13200.0,12610.0,12810.0,12810.0,13090.0,1903737.0,24391748550.0,376.0
2023-04-29,12560.0,13170.0,12560.0,13020.0,12900.0,12810.0,3512068.0,45719713950.0,441.0
2023-04-30,13000.0,13500.0,12780.0,13260.0,13240.0,13020.0,5757916.0,76362723580.0,760.0
2023-05-01,13200.0,13920.0,13200.0,13900.0,13920.0,13260.0,16077994.0,223462570690.0,877.0
2023-05-02,14490.0,14590.0,14250.0,14580.0,14590.0,13900.0,13772190.0,200778344500.0,503.0
2023-05-03,15300.0,15300.0,15300.0,15300.0,15300.0,14580.0,4136630.0,63290439000.0,238.0
2023-05-06,16060.0,16060.0,16060.0,16060.0,16060.0,15300.0,6403924.0,102847019440.0,303.0
2023-05-07,16860.0,16860.0,15260.0,16190.0,15660.0,16060.0,32771075.0,530446704670.0,1894.0
2023-05-08,15700.0,15990.0,15390.0,15400.0,15390.0,16190.0,9047867.0,139381944290.0,500.0
2023-05-09,14710.0,16170.0,14710.0,16110.0,16170.0,15400.0,9975186.0,160685470360.0,594.0
2023-05-10,16910.0,16910.0,15310.0,16220.0,16100.0,16110.0,8964691.0,145386014980.0,998.0
2023-05-13,16230.0,16230.0,15410.0,15430.0,15410.0,16220.0,4558149.0,70337660570.0,442.0
2023-05-14,15400.0,16200.0,15400.0,16150.0,16200.0,15430.0,3884836.0,62744043940.0,486.0
2023-05-15,16770.0,16770.0,15350.0,15530.0,15350.0,16150.0,6649774.0,103250808980.0,584.0
2023-05-17,15400.0,15910.0,15400.0,15590.0,15600.0,15530.0,553137.0,8649045460.0,124.0
2023-05-20,15100.0,15100.0,14820.0,14820.0,14820.0,15590.0,4986657.0,73924819980.0,334.0
2023-05-21,14220.0,15490.0,14220.0,14920.0,14900.0,14820.0,737493.0,11028443750.0,294.0
2023-05-22,15160.0,15580.0,14570.0,14800.0,14600.0,14920.0,1987589.0,29411050820.0,399.0
2023-05-23,15440.0,15440.0,14300.0,14690.0,14410.0,14800.0,3396965.0,49915385910.0,871.0
2023-05-24,14680.0,15080.0,14260.0,14480.0,14260.0,14690.0,1732847.0,25087986170.0,357.0
2023-05-27,14980.0,14980.0,13820.0,14050.0,13860.0,14480.0,2202645.0,30945285220.0,667.0
2023-05-28,13900.0,13900.0,13350.0,13370.0,13350.0,14050.0,2466690.0,32973784710.0,311.0
2023-05-29,13790.0,13790.0,13240.0,13380.0,13350.0,13370.0,1105558.0,14789405140.0,269.0
2023-05-30,14000.0,14000.0,13100.0,13320.0,13200.0,13380.0,1314917.0,17512881480.0,431.0
2023-05-31,13440.0,13440.0,12670.0,13090.0,12920.0,13320.0,1110436.0,14531922090.0,414.0
2023-06-03,13380.0,13380.0,12440.0,12960.0,12800.0,13090.0,583359.0,7486554510.0,173.0
2023-06-06,13500.0,13500.0,12750.0,12910.0,13030.0,12960.0,906915.0,11696077960.0,207.0
2023-06-07,12830.0,13090.0,12600.0,12840.0,12900.0,12910.0,1302196.0,16718131330.0,202.0
2023-06-10,12650.0,12650.0,12200.0,12470.0,12210.0,12840.0,737395.0,9038243260.0,237.0
2023-06-11,12440.0,12450.0,11850.0,11940.0,12050.0,12470.0,1930530.0,23046853590.0,306.0
2023-06-14,12530.0,12530.0,12130.0,12310.0,12340.0,11940.0,1308505.0,16106244160.0,196.0
2023-06-17,12860.0,12860.0,11750.0,11970.0,11760.0,12310.0,1641184.0,19648294870.0,258.0
2023-06-18,11730.0,11800.0,11380.0,11410.0,11720.0,11970.0,3625587.0,41380488290.0,313.0
2023-06-19,11770.0,11870.0,11100.0,11610.0,11530.0,11410.0,1008769.0,11759828620.0,198.0
2023-06-20,11300.0,11860.0,11300.0,11560.0,11400.0,11610.0,506591.0,5818886280.0,187.0
2023-06-21,11490.0,12000.0,11350.0,11670.0,11790.0,11560.0,1192759.0,13927270470.0,234.0
2023-06-24,12000.0,12250.0,11810.0,12180.0,12250.0,11670.0,2282415.0,27802266670.0,409.0
2023-06-25,12710.0,12780.0,12310.0,12530.0,12680.0,12180.0,1479224.0,18537527460.0,267.0
2023-06-26,12520.0,13000.0,12000.0,12700.0,12820.0,12530.0,1256826.0,15962034310.0,274.0
2023-06-27,13200.0,13200.0,12400.0,12680.0,12640.0,12700.0,347679.0,4390259250.0,158.0
2023-06-28,13040.0,13040.0,12230.0,12580.0,12370.0,12680.0,379738.0,4692550390.0,134.0
2023-07-01,12350.0,12550.0,11960.0,12000.0,11960.0,12580.0,1963420.0,23568454130.0,355.0
2023-07-02,12200.0,12200.0,11770.0,11900.0,11950.0,12000.0,1009209.0,11994442480.0,211.0
2023-07-03,12140.0,12140.0,11880.0,11940.0,12140.0,11900.0,502566.0,6031104240.0,172.0
2023-07-04,12200.0,12370.0,12000.0,12070.0,12040.0,11940.0,633068.0,7709960110.0,159.0
2023-07-05,12050.0,12670.0,12050.0,12620.0,12670.0,12070.0,1151764.0,14557571870.0,164.0
2023-07-08,13250.0,13250.0,13030.0,13230.0,13250.0,12620.0,4928067.0,65209578780.0,504.0
2023-07-09,13690.0,13690.0,12800.0,13240.0,12990.0,13230.0,1421452.0,18818833200.0,279.0
2023-07-10,12650.0,12960.0,12590.0,12970.0,12610.0,13240.0,607871.0,7726426060.0,158.0
2023-07-11,12950.0,12950.0,12330.0,12380.0,12330.0,12970.0,1913732.0,23698710980.0,232.0
2023-07-12,12540.0,12540.0,11770.0,11820.0,12090.0,12380.0,2131766.0,25189354930.0,185.0
2023-07-15,12000.0,12120.0,11340.0,11810.0,11360.0,11820.0,918702.0,10848736870.0,201.0
2023-07-22,11100.0,11700.0,10940.0,11370.0,11280.0,11510.0,740006.0,8336779840.0,393.0
2023-07-23,10830.0,11650.0,10830.0,11400.0,11650.0,11370.0,502594.0,5758518480.0,85.0
2023-07-24,11530.0,11970.0,11270.0,11940.0,11970.0,11400.0,5320398.0,63523638970.0,267.0
2023-07-25,12080.0,12350.0,11840.0,11970.0,11910.0,11940.0,1988495.0,23810713750.0,195.0
2023-07-26,11470.0,12340.0,11470.0,12080.0,12200.0,11970.0,818012.0,9933979290.0,144.0
2023-07-29,12090.0,12420.0,12080.0,12280.0,12250.0,12080.0,1423897.0,17482553950.0,103.0
2023-07-30,12780.0,12780.0,11760.0,12080.0,12020.0,12280.0,2036177.0,24605028030.0,142.0
2023-07-31,12180.0,12190.0,11610.0,12020.0,11870.0,12080.0,476920.0,5688533180.0,163.0
2023-08-01,11870.0,12480.0,11870.0,12320.0,12340.0,12020.0,948338.0,11766306210.0,107.0
2023-08-05,12310.0,12700.0,12100.0,12430.0,12390.0,12320.0,807564.0,10080672300.0,210.0
2023-08-06,12890.0,12890.0,12260.0,12440.0,12260.0,12430.0,1069210.0,13296808000.0,272.0
2023-08-07,12350.0,12570.0,12100.0,12410.0,12340.0,12440.0,489692.0,6056629590.0,203.0
2023-08-08,12300.0,12430.0,12170.0,12350.0,12180.0,12410.0,503324.0,6171278610.0,130.0
2023-08-09,12250.0,12340.0,12040.0,12260.0,12090.0,12350.0,563703.0,6849878830.0,196.0
2023-08-12,11800.0,12000.0,11650.0,11670.0,11650.0,12260.0,1205909.0,14063254830.0,131.0
2023-08-13,11990.0,11990.0,11450.0,11700.0,11770.0,11670.0,678800.0,7964370910.0,109.0
2023-08-14,11430.0,12000.0,11430.0,11700.0,11670.0,11700.0,167617.0,1966895450.0,55.0
2023-08-15,11780.0,11780.0,11120.0,11650.0,11690.0,11700.0,227276.0,2595957410.0,72.0
2023-08-16,11700.0,11700.0,11370.0,11650.0,11370.0,11650.0,28515.0,326854860.0,25.0
2023-08-19,11340.0,12230.0,11070.0,11580.0,12150.0,11650.0,7019554.0,81290162840.0,656.0
2023-08-20,12150.0,12150.0,11770.0,11940.0,11900.0,11580.0,3196085.0,38162982630.0,540.0
2023-08-21,11710.0,12030.0,11350.0,11510.0,11350.0,11940.0,2898552.0,33375229660.0,878.0
2023-08-22,11180.0,11470.0,11010.0,11270.0,11130.0,11510.0,938395.0,10492756050.0,428.0
2023-08-23,11050.0,11490.0,10850.0,11310.0,11420.0,11270.0,1130424.0,12791047320.0,291.0
2023-08-26,11520.0,11650.0,11100.0,11400.0,11590.0,11310.0,778065.0,8924383650.0,254.0
2023-08-27,11800.0,11800.0,11270.0,11510.0,11500.0,11400.0,863678.0,9994897210.0,243.0
2023-08-30,11980.0,12000.0,11770.0,11670.0,11840.0,11510.0,558621.0,6639510240.0,75.0
2023-09-02,12030.0,12030.0,11250.0,11620.0,11290.0,11670.0,400575.0,4613265540.0,126.0
2023-09-03,11580.0,12130.0,11260.0,11670.0,11630.0,11620.0,958436.0,11197075550.0,182.0
2023-09-04,11250.0,11990.0,11200.0,11450.0,11370.0,11670.0,991157.0,11278147490.0,163.0
2023-09-05,11440.0,11750.0,11080.0,11360.0,11660.0,11450.0,3250561.0,36913605350.0,516.0
2023-09-09,11600.0,11600.0,11110.0,11400.0,11220.0,11360.0,897639.0,10249757110.0,196.0
2023-09-10,11150.0,11540.0,11140.0,11380.0,11400.0,11400.0,449123.0,5087093110.0,98.0
2023-09-11,11540.0,11540.0,11110.0,11320.0,11110.0,11380.0,410010.0,4587774520.0,154.0
2023-09-12,11130.0,11370.0,11090.0,11280.0,11090.0,11320.0,843211.0,9490731140.0,177.0
2023-09-13,11360.0,11360.0,11100.0,11270.0,11170.0,11280.0,182156.0,2041649410.0,134.0
2023-09-17,11150.0,11320.0,11130.0,11240.0,11270.0,11270.0,551070.0,6174054350.0,151.0
2023-09-18,11380.0,11380.0,11110.0,11230.0,11170.0,11240.0,334989.0,3746760800.0,104.0
2023-09-19,11160.0,11330.0,11110.0,11230.0,11280.0,11230.0,275753.0,3099360020.0,62.0
2023-09-20,11130.0,11400.0,11120.0,11230.0,11170.0,11230.0,220842.0,2485489100.0,71.0
2023-09-23,11170.0,11370.0,11150.0,11240.0,11310.0,11230.0,193711.0,2184982570.0,88.0
2023-09-25,11170.0,11250.0,11010.0,11200.0,11100.0,11240.0,412408.0,4585340750.0,122.0
2023-09-26,11320.0,11320.0,10800.0,10980.0,11080.0,11200.0,956273.0,10414307050.0,258.0
2023-09-27,11150.0,11150.0,10860.0,10960.0,10900.0,10980.0,414232.0,4523259060.0,105.0
2023-09-30,11030.0,11030.0,10740.0,10930.0,10740.0,10960.0,267783.0,2898282270.0,174.0
2023-10-01,10710.0,10710.0,10500.0,10820.0,10580.0,10930.0,381284.0,4017714750.0,111.0
2023-10-02,10500.0,11020.0,10450.0,10850.0,10800.0,10820.0,561301.0,6116525770.0,81.0
2023-10-04,10800.0,11000.0,10720.0,10850.0,10730.0,10850.0,185623.0,2007309600.0,80.0
2023-10-07,11080.0,11080.0,10510.0,10790.0,10520.0,10850.0,373621.0,3964505000.0,89.0
2023-10-08,10480.0,10480.0,10260.0,10640.0,10260.0,10790.0,408279.0,4196209770.0,85.0
2023-10-09,10280.0,10500.0,10110.0,10500.0,10190.0,10640.0,611181.0,6313370730.0,98.0
2023-10-10,10590.0,10590.0,10110.0,10470.0,10400.0,10500.0,158752.0,1626775630.0,62.0
2023-10-11,10200.0,10840.0,10200.0,10500.0,10700.0,10470.0,212955.0,2276736550.0,52.0
2023-10-14,10710.0,10720.0,10160.0,10490.0,10350.0,10500.0,239733.0,2502907200.0,44.0
2023-10-15,10630.0,10630.0,10350.0,10480.0,10590.0,10490.0,76882.0,797886600.0,10.0
2023-10-16,10480.0,10890.0,10480.0,10580.0,10550.0,10480.0,718991.0,7684635390.0,82.0
2023-10-17,10880.0,11010.0,10680.0,10940.0,10800.0,10580.0,2609882.0,28547421610.0,253.0
2023-10-18,10640.0,11000.0,10400.0,10810.0,10620.0,10940.0,714923.0,7632230500.0,305.0
2023-10-21,10810.0,10990.0,10750.0,10810.0,10750.0,10810.0,218981.0,2363539130.0,142.0
2023-10-22,10910.0,10910.0,10650.0,10810.0,10650.0,10810.0,390395.0,4213240220.0,217.0
2023-10-23,10450.0,11030.0,10270.0,10370.0,10270.0,10810.0,1791658.0,18585264760.0,693.0
2023-10-24,10000.0,10150.0,9860.0,10260.0,10150.0,10370.0,325352.0,3224505280.0,102.0
2023-10-25,9970.0,10140.0,9760.0,10170.0,10140.0,10260.0,338512.0,3347525810.0,100.0
2023-10-28,9750.0,9760.0,9670.0,9930.0,9670.0,10170.0,728933.0,7052805210.0,85.0
2023-10-29,9440.0,9990.0,9440.0,9930.0,9990.0,9930.0,111014.0,1097166620.0,41.0
2023-10-30,10150.0,10150.0,9630.0,9900.0,9750.0,9930.0,319329.0,3130634550.0,71.0
2023-10-31,10000.0,10000.0,9680.0,9890.0,9740.0,9900.0,66053.0,644531530.0,41.0
2023-11-01,9640.0,9800.0,9440.0,9850.0,9690.0,9890.0,214747.0,2063766780.0,54.0
2023-11-04,9790.0,10130.0,9780.0,9850.0,9830.0,9850.0,299193.0,2947329520.0,76.0
2023-11-05,9560.0,9900.0,9560.0,9830.0,9850.0,9850.0,246027.0,2396192060.0,42.0
2023-11-06,9580.0,9850.0,9580.0,9830.0,9800.0,9830.0,80425.0,788424410.0,41.0
2023-11-07,9690.0,10100.0,9690.0,9930.0,9900.0,9830.0,1149765.0,11460177560.0,144.0
2023-11-11,10390.0,10390.0,9800.0,10080.0,9800.0,9930.0,1166193.0,11806794730.0,173.0
2023-11-12,9800.0,10170.0,9800.0,10060.0,10090.0,10080.0,1253849.0,12605380540.0,149.0
2023-11-13,10140.0,10400.0,9840.0,10170.0,10270.0,10060.0,1448812.0,14746754610.0,213.0
2023-11-14,10110.0,10300.0,9970.0,10150.0,10100.0,10170.0,388390.0,3922828080.0,109.0
2023-11-15,10480.0,10480.0,10070.0,10160.0,10220.0,10150.0,467579.0,4760811710.0,106.0
2023-11-18,10490.0,10490.0,10000.0,10160.0,10040.0,10160.0,314266.0,3198057040.0,96.0
2023-11-19,10190.0,10190.0,9850.0,10130.0,9920.0,10160.0,235517.0,2350396320.0,110.0
2023-11-20,9830.0,10060.0,9800.0,10070.0,9850.0,10130.0,315056.0,3105584930.0,80.0
2023-11-21,9750.0,10010.0,9750.0,10050.0,9800.0,10070.0,212632.0,2104458680.0,70.0
2023-11-22,10380.0,10380.0,9800.0,10030.0,10010.0,10050.0,331334.0,3301467140.0,75.0
2023-11-25,10090.0,10090.0,9530.0,9650.0,9650.0,10030.0,2525682.0,24369663280.0,380.0
2023-11-26,9510.0,9730.0,9510.0,9650.0,9620.0,9650.0,507283.0,4899666580.0,112.0
2023-11-27,9840.0,10130.0,9810.0,10130.0,10130.0,9650.0,12212142.0,123695228540.0,535.0
2023-11-28,10350.0,10350.0,10000.0,10190.0,10090.0,10130.0,1685135.0,17168037820.0,294.0
2023-11-29,10200.0,10240.0,9880.0,10160.0,10160.0,10190.0,1245145.0,12637841650.0,244.0
2023-12-02,10240.0,10660.0,10100.0,10460.0,10370.0,10160.0,4633820.0,48463544190.0,482.0
2023-12-03,10670.0,10790.0,10550.0,10680.0,10620.0,10460.0,2895328.0,30929307320.0,420.0
2023-12-04,10610.0,10810.0,10360.0,10640.0,10610.0,10680.0,2209049.0,23507375030.0,489.0
2023-12-05,10310.0,10640.0,10300.0,10550.0,10450.0,10640.0,971995.0,10210038230.0,257.0
2023-12-06,10440.0,10660.0,10390.0,10490.0,10410.0,10550.0,811667.0,8474895370.0,161.0
2023-12-09,10310.0,10650.0,10310.0,10460.0,10330.0,10490.0,2282895.0,23886360300.0,344.0
2023-12-10,10740.0,10740.0,10360.0,10470.0,10450.0,10460.0,900075.0,9425798490.0,168.0
2023-12-11,10470.0,10640.0,10390.0,10450.0,10410.0,10470.0,1029190.0,10749815470.0,174.0
2023-12-12,10360.0,10550.0,10270.0,10410.0,10340.0,10450.0,609790.0,6319776030.0,168.0
2023-12-13,10410.0,10500.0,10160.0,10280.0,10450.0,10410.0,3392763.0,34864712010.0,613.0
2023-12-25,6400.0,6400.0,6400.0,6400.0,6400.0,6100.0,9645496.0,61731174400.0,169.0
2023-12-26,6590.0,6640.0,6390.0,6540.0,6460.0,6400.0,12728261.0,83247671270.0,1222.0
2023-12-27,6570.0,6570.0,6330.0,6470.0,6470.0,6540.0,2653560.0,17168018940.0,394.0
2023-12-30,6410.0,6560.0,6380.0,6470.0,6380.0,6470.0,1393485.0,9011396990.0,201.0
2023-12-31,6410.0,6500.0,6380.0,6440.0,6380.0,6470.0,1589193.0,10222740270.0,187.0
2024-01-01,6340.0,6460.0,6330.0,6420.0,6330.0,6440.0,683240.0,4352213430.0,155.0
2024-01-02,6330.0,6440.0,6300.0,6410.0,6300.0,6420.0,473617.0,3011384380.0,141.0
2024-01-03,6400.0,6500.0,6250.0,6370.0,6270.0,6410.0,823445.0,5194108140.0,202.0
2024-01-06,6350.0,6550.0,6350.0,6380.0,6450.0,6370.0,404663.0,2608474530.0,83.0
2024-01-07,6350.0,6520.0,6300.0,6370.0,6320.0,6380.0,2364897.0,15054619130.0,206.0
2024-01-08,6510.0,6520.0,6290.0,6330.0,6300.0,6370.0,2064692.0,13059527380.0,193.0
2024-01-09,6260.0,6320.0,6150.0,6260.0,6170.0,6330.0,1376558.0,8539151430.0,382.0
2024-01-10,6180.0,6300.0,6100.0,6180.0,6300.0,6260.0,5717521.0,35331199290.0,405.0
2024-01-13,6440.0,6480.0,6430.0,6480.0,6480.0,6180.0,22562208.0,146180411330.0,869.0
2024-01-14,6500.0,6750.0,6490.0,6630.0,6680.0,6480.0,7470921.0,49543271390.0,697.0
2024-01-15,6560.0,6680.0,6300.0,6410.0,6370.0,6630.0,4644004.0,29760008090.0,533.0
2024-01-16,6210.0,6550.0,6150.0,6250.0,6350.0,6410.0,2939703.0,18383591760.0,502.0
2024-01-17,6160.0,6350.0,6160.0,6260.0,6220.0,6250.0,1820350.0,11391903180.0,226.0
2024-01-20,6220.0,6350.0,6050.0,6120.0,6050.0,6260.0,3698529.0,22642337460.0,526.0
2024-01-21,6020.0,6420.0,6020.0,6370.0,6420.0,6120.0,6925661.0,44131275340.0,345.0
2024-01-22,6620.0,6640.0,6060.0,6310.0,6210.0,6370.0,7328893.0,46243755390.0,598.0
2024-01-23,6080.0,6210.0,6000.0,6030.0,6090.0,6310.0,8090229.0,48810950070.0,875.0
2024-01-24,6080.0,6180.0,6040.0,6050.0,6110.0,6030.0,531515.0,3241239610.0,96.0
2024-01-27,6100.0,6200.0,6050.0,6070.0,6100.0,6050.0,1012007.0,6162814660.0,148.0
2024-01-28,6070.0,6190.0,6050.0,6080.0,6050.0,6070.0,913871.0,5569686940.0,161.0
2024-01-29,6090.0,6100.0,5980.0,6060.0,6080.0,6080.0,1049493.0,6326843620.0,209.0
2024-01-30,6190.0,6190.0,5890.0,6000.0,5900.0,6060.0,1415581.0,8434242150.0,378.0
2024-02-05,6290.0,6300.0,6070.0,6290.0,6300.0,6000.0,6952826.0,43707726220.0,542.0
2024-02-06,6330.0,6600.0,6300.0,6570.0,6590.0,6290.0,9685021.0,63600727840.0,660.0
2024-02-07,6600.0,6730.0,6330.0,6500.0,6520.0,6570.0,4714892.0,30630358080.0,825.0
2024-02-10,6280.0,6530.0,6280.0,6480.0,6500.0,6500.0,908032.0,5854150290.0,195.0
2024-02-12,6300.0,6580.0,6300.0,6480.0,6480.0,6480.0,1491460.0,9656438920.0,185.0
2024-02-13,6360.0,6570.0,6360.0,6440.0,6390.0,6480.0,1210729.0,7759974330.0,122.0
2024-02-14,6370.0,6500.0,6340.0,6390.0,6400.0,6440.0,1567213.0,9986965930.0,208.0
2024-02-17,6480.0,6480.0,6280.0,6340.0,6290.0,6390.0,2063599.0,13058674390.0,205.0
2024-02-18,6300.0,6440.0,6300.0,6350.0,6300.0,6340.0,558515.0,3556389290.0,104.0
2024-02-19,6350.0,6480.0,6310.0,6370.0,6410.0,6350.0,1403328.0,8958930750.0,170.0
2024-02-20,6460.0,6460.0,6240.0,6360.0,6360.0,6370.0,299507.0,1891373170.0,62.0
2024-02-21,6320.0,6400.0,6280.0,6350.0,6320.0,6360.0,582115.0,3674024520.0,94.0
2024-02-24,6560.0,6560.0,6200.0,6330.0,6210.0,6350.0,419832.0,2617281970.0,93.0
2024-02-26,6100.0,6190.0,6020.0,6070.0,6020.0,6330.0,2088120.0,12605436050.0,296.0
2024-02-27,6000.0,6120.0,5870.0,6040.0,6000.0,6070.0,668679.0,3995589660.0,107.0
2024-02-28,6080.0,6080.0,5890.0,6020.0,5900.0,6040.0,842426.0,5039679050.0,158.0
2024-03-02,6000.0,6270.0,6000.0,6070.0,6150.0,6020.0,1026695.0,6303605120.0,113.0
2024-03-03,6280.0,6370.0,6130.0,6140.0,6140.0,6070.0,1337172.0,8300797380.0,155.0
2024-03-04,6160.0,6270.0,6000.0,6120.0,6120.0,6140.0,906118.0,5504187650.0,131.0
2024-03-05,6020.0,6270.0,6020.0,6140.0,6170.0,6120.0,2215441.0,13613243240.0,120.0
2024-03-06,6270.0,6380.0,6160.0,6210.0,6240.0,6140.0,1686281.0,10538927270.0,176.0
2024-03-09,6380.0,6420.0,6250.0,6270.0,6350.0,6210.0,852524.0,5429310820.0,115.0
2024-03-10,6270.0,6420.0,6240.0,6270.0,6240.0,6270.0,649475.0,4082795240.0,81.0
2024-03-11,6370.0,6370.0,6130.0,6270.0,6300.0,6270.0,2137003.0,13396514410.0,138.0
2024-03-12,6390.0,6390.0,6210.0,6290.0,6330.0,6270.0,2718982.0,17100172270.0,124.0
2024-03-13,6400.0,6470.0,6280.0,6380.0,6420.0,6290.0,3808298.0,24315125980.0,173.0
2024-03-16,6300.0,6640.0,6280.0,6480.0,6630.0,6380.0,3690445.0,23929858110.0,206.0
2024-03-17,6660.0,6800.0,6590.0,6670.0,6800.0,6480.0,1758748.0,11839634470.0,212.0
2024-03-26,7000.0,7000.0,6900.0,6990.0,6990.0,6670.0,5398906.0,37760969840.0,279.0
2024-03-27,7050.0,7050.0,6800.0,6880.0,6860.0,6990.0,2185292.0,15026627120.0,347.0
2024-03-30,7000.0,7000.0,6800.0,6870.0,6890.0,6880.0,766432.0,5251543240.0,139.0
2024-04-02,6770.0,6800.0,6530.0,6590.0,6540.0,6870.0,3980208.0,26246381290.0,730.0
2024-04-03,6590.0,6820.0,6550.0,6690.0,6800.0,6590.0,1817881.0,12205043820.0,188.0
2024-04-06,6660.0,6700.0,6360.0,6510.0,6490.0,6690.0,1512782.0,9711455400.0,197.0
2024-04-07,6700.0,6700.0,6470.0,6510.0,6490.0,6510.0,1060491.0,6896267770.0,210.0
2024-04-08,6510.0,6750.0,6510.0,6590.0,6600.0,6510.0,1417934.0,9408078520.0,142.0
2024-04-09,6370.0,6770.0,6370.0,6600.0,6590.0,6590.0,454959.0,3025016830.0,280.0
2024-04-13,6700.0,6700.0,6270.0,6440.0,6270.0,6600.0,1763180.0,11263388330.0,627.0
2024-04-14,6380.0,6380.0,6380.0,6410.0,6380.0,6440.0,1142173.0,7287063740.0,59.0
2024-04-15,6380.0,6470.0,6380.0,6420.0,6460.0,6410.0,304424.0,1965108960.0,48.0
2024-04-16,6360.0,6460.0,6360.0,6390.0,6400.0,6420.0,1438928.0,9158694010.0,64.0
2024-04-17,6340.0,6450.0,6340.0,6410.0,6450.0,6390.0,744741.0,4799165540.0,75.0
2024-04-20,6430.0,6630.0,6180.0,6430.0,6550.0,6410.0,1101044.0,7095160530.0,132.0
2024-04-24,6750.0,6750.0,6510.0,6500.0,6670.0,6430.0,1107219.0,7283861870.0,104.0
2024-04-27,6710.0,6710.0,6380.0,6520.0,6590.0,6500.0,547358.0,3606127670.0,87.0
2024-04-28,6520.0,6520.0,6370.0,6490.0,6500.0,6520.0,1539824.0,9975398090.0,153.0
2024-04-29,6650.0,6650.0,6450.0,6500.0,6490.0,6490.0,1268075.0,8243813410.0,69.0
2024-04-30,6400.0,6480.0,6260.0,6480.0,6400.0,6500.0,249477.0,1573807070.0,55.0
2024-05-01,6400.0,6610.0,6280.0,6530.0,6600.0,6480.0,1660970.0,10881586030.0,173.0
2024-05-05,6620.0,6620.0,6440.0,6540.0,6600.0,6530.0,625228.0,4111458360.0,74.0
2024-05-06,6320.0,6510.0,6260.0,6520.0,6460.0,6540.0,304012.0,1936027830.0,71.0
2024-05-07,6400.0,6560.0,6290.0,6510.0,6400.0,6520.0,193018.0,1233841880.0,31.0
2024-05-08,6300.0,6440.0,6220.0,6460.0,6290.0,6510.0,656969.0,4164136410.0,52.0
2024-05-11,6460.0,6500.0,6310.0,6450.0,6320.0,6460.0,914761.0,5885697580.0,145.0
2024-05-12,6380.0,6390.0,6200.0,6440.0,6350.0,6450.0,291749.0,1853084010.0,49.0
2024-05-13,6200.0,6260.0,6120.0,6160.0,6120.0,6440.0,2036300.0,12473924470.0,164.0
2024-05-14,6250.0,6300.0,5860.0,6120.0,6000.0,6160.0,1042807.0,6329501830.0,67.0
2024-05-15,6210.0,6210.0,5820.0,6080.0,6110.0,6120.0,391359.0,2312316210.0,93.0
2024-05-18,6210.0,6300.0,6130.0,6100.0,6130.0,6080.0,413777.0,2574716660.0,75.0
2024-05-19,6250.0,6250.0,5890.0,6080.0,6140.0,6100.0,426978.0,2560917710.0,117.0
2024-05-21,6150.0,6200.0,6080.0,6180.0,6200.0,6080.0,2239938.0,13866897480.0,107.0
2024-05-25,6270.0,6300.0,6100.0,6260.0,6140.0,6180.0,1993505.0,12520790350.0,186.0
2024-05-26,6280.0,6280.0,6140.0,6230.0,6140.0,6260.0,614596.0,3774072700.0,47.0
2024-05-27,6140.0,6280.0,6110.0,6180.0,6280.0,6230.0,1172482.0,7180168040.0,84.0
2024-05-28,6270.0,6300.0,6270.0,6200.0,6300.0,6180.0,453847.0,2857575860.0,61.0
2024-05-29,6300.0,6320.0,6240.0,6220.0,6320.0,6200.0,497893.0,3134903110.0,55.0
2024-06-01,6330.0,6330.0,6160.0,6230.0,6290.0,6220.0,425350.0,2667273970.0,29.0
2024-06-02,6330.0,6330.0,6110.0,6210.0,6190.0,6230.0,401252.0,2455333240.0,43.0
2024-06-05,6110.0,6290.0,6090.0,6180.0,6110.0,6210.0,562622.0,3427875890.0,60.0
2024-06-08,6060.0,6110.0,6060.0,6170.0,6090.0,6180.0,217125.0,1315997500.0,24.0
2024-06-09,6050.0,6180.0,6050.0,6160.0,6180.0,6170.0,428131.0,2606178240.0,71.0
2024-06-10,6150.0,6250.0,6040.0,6120.0,6170.0,6160.0,1129504.0,6864981970.0,64.0
2024-06-11,6210.0,6210.0,6080.0,6130.0,6150.0,6120.0,901930.0,5540216230.0,152.0
2024-06-12,6110.0,6150.0,6070.0,6120.0,6120.0,6130.0,481931.0,2933651270.0,89.0
2024-06-15,6120.0,6210.0,6060.0,6120.0,6120.0,6120.0,289749.0,1763303580.0,81.0
2024-06-16,6120.0,6120.0,6020.0,6110.0,6020.0,6120.0,450439.0,2722082530.0,170.0
2024-06-18,6170.0,6220.0,6140.0,6130.0,6150.0,6110.0,971294.0,5987067430.0,317.0
2024-06-19,6240.0,6240.0,6180.0,6140.0,6240.0,6130.0,213568.0,1326506370.0,82.0
2024-06-22,6240.0,6260.0,6170.0,6150.0,6240.0,6140.0,453514.0,2821134460.0,125.0
2024-06-23,6210.0,6250.0,6180.0,6160.0,6240.0,6150.0,337184.0,2094765710.0,87.0
2024-06-24,6250.0,6280.0,6220.0,6180.0,6280.0,6160.0,611752.0,3828407500.0,79.0
2024-06-26,6300.0,6300.0,6260.0,6210.0,6300.0,6180.0,779467.0,4901427940.0,58.0
2024-06-29,6300.0,6560.0,6290.0,6220.0,6320.0,6210.0,103614.0,656854250.0,18.0
2024-06-30,6200.0,6220.0,5950.0,6200.0,5950.0,6220.0,292601.0,1770518120.0,39.0
2024-07-01,6360.0,6440.0,6150.0,6200.0,6440.0,6200.0,173237.0,1083162810.0,35.0
2024-07-02,6460.0,6460.0,6300.0,6210.0,6300.0,6200.0,184781.0,1176742460.0,50.0
2024-07-03,6450.0,6550.0,6380.0,6470.0,6550.0,6210.0,2195324.0,14266827540.0,152.0
2024-07-06,6680.0,6850.0,6680.0,6600.0,6850.0,6470.0,798926.0,5471386460.0,74.0
2024-07-07,6990.0,6990.0,6630.0,6660.0,6830.0,6600.0,502150.0,3463740780.0,125.0
2024-07-08,6830.0,7000.0,6630.0,6730.0,6970.0,6660.0,532158.0,3697914780.0,119.0
2024-07-09,7050.0,7050.0,6750.0,6740.0,6820.0,6730.0,145763.0,999405290.0,72.0
2024-07-10,6850.0,6880.0,6550.0,6740.0,6650.0,6740.0,1369733.0,9226903730.0,49.0
2024-07-13,6650.0,6670.0,6450.0,6690.0,6450.0,6740.0,515337.0,3354346340.0,95.0
2024-07-14,6410.0,6920.0,6360.0,6620.0,6630.0,6690.0,865303.0,5631255800.0,93.0
2024-07-17,6550.0,6770.0,6520.0,6650.0,6770.0,6620.0,804271.0,5394226890.0,231.0
2024-07-23,6250.0,6250.0,5900.0,5980.0,6140.0,5900.0,1164503.0,7081042640.0,163.0
2024-07-24,6050.0,6320.0,6050.0,6020.0,6260.0,5980.0,369242.0,2315778890.0,131.0
2024-07-27,6110.0,6290.0,6100.0,6100.0,6230.0,6020.0,1242543.0,7671814040.0,291.0
2024-07-29,6280.0,6280.0,6070.0,6150.0,6190.0,6100.0,1799803.0,11111907200.0,128.0
2024-07-30,6150.0,6260.0,6070.0,6150.0,6260.0,6150.0,443013.0,2732886840.0,117.0
2024-07-31,6070.0,6070.0,5790.0,6030.0,5970.0,6150.0,1004344.0,5890039220.0,121.0
2024-08-03,5850.0,6030.0,5680.0,5840.0,5680.0,6030.0,1724501.0,9922657430.0,410.0
2024-08-04,5790.0,5890.0,5790.0,5850.0,5890.0,5840.0,504440.0,2965102230.0,71.0
2024-08-05,5900.0,5900.0,5850.0,5850.0,5860.0,5850.0,76897.0,450895410.0,32.0
2024-08-06,5870.0,5870.0,5820.0,5850.0,5840.0,5850.0,638615.0,3732650010.0,232.0
2024-08-10,5900.0,5900.0,5890.0,5870.0,5900.0,5850.0,1285612.0,7583485990.0,44.0
2024-08-11,5900.0,5920.0,5820.0,5870.0,5840.0,5870.0,260977.0,1522586380.0,45.0
2024-08-12,5820.0,5920.0,5820.0,5880.0,5890.0,5870.0,416849.0,2460149580.0,83.0
2024-08-13,5850.0,5860.0,5830.0,5880.0,5830.0,5880.0,228838.0,1335104760.0,52.0
2024-08-14,5930.0,5930.0,5920.0,5890.0,5930.0,5880.0,436686.0,2589477980.0,28.0
2024-08-17,5840.0,6000.0,5840.0,5910.0,6000.0,5890.0,527372.0,3163759160.0,47.0
2024-08-18,6020.0,6020.0,5870.0,5940.0,6020.0,5910.0,830752.0,4998786190.0,43.0
2024-08-19,6050.0,6050.0,5840.0,5990.0,5900.0,5940.0,1457956.0,8796378640.0,64.0
2024-08-20,5890.0,6080.0,5880.0,5980.0,5900.0,5990.0,386050.0,2284494140.0,53.0
2024-08-21,6080.0,6080.0,5900.0,5980.0,5940.0,5980.0,96516.0,573344250.0,22.0
2024-08-24,6000.0,6090.0,6000.0,5990.0,6090.0,5980.0,217235.0,1317250340.0,45.0
2024-08-26,6100.0,6100.0,5990.0,6000.0,6100.0,5990.0,671512.0,4059612670.0,265.0
2024-08-27,6120.0,6120.0,6100.0,6030.0,6110.0,6000.0,570004.0,3487567080.0,162.0
2024-08-28,6150.0,6150.0,6150.0,6040.0,6150.0,6030.0,194175.0,1194176250.0,24.0
2024-08-31,6160.0,6160.0,6150.0,6050.0,6160.0,6040.0,241225.0,1485757120.0,33.0
2024-09-01,6170.0,6170.0,6150.0,6070.0,6150.0,6050.0,497646.0,3069248950.0,91.0
2024-09-03,6180.0,6190.0,6120.0,6170.0,6190.0,6070.0,2099497.0,12992044170.0,133.0
2024-09-07,6200.0,6350.0,6200.0,6220.0,6350.0,6170.0,750791.0,4763228340.0,116.0
2024-09-08,6380.0,6400.0,6380.0,6310.0,6400.0,6220.0,1187199.0,7596183320.0,80.0
2024-09-09,6430.0,6490.0,6430.0,6430.0,6490.0,6310.0,1558492.0,10114422830.0,61.0
2024-09-10,6620.0,6620.0,6610.0,6520.0,6620.0,6430.0,1161060.0,7686207200.0,73.0
2024-09-11,6710.0,6710.0,6710.0,6590.0,6710.0,6520.0,903386.0,6061720060.0,80.0
2024-09-14,6780.0,6780.0,6760.0,6770.0,6780.0,6590.0,2107805.0,14289177990.0,129.0
2024-09-15,6950.0,6950.0,6680.0,6780.0,6870.0,6770.0,503128.0,3426310410.0,383.0
2024-09-16,6860.0,6920.0,6840.0,6800.0,6870.0,6780.0,598043.0,4105460020.0,78.0
2024-09-17,6880.0,7000.0,6880.0,6930.0,7000.0,6800.0,1684358.0,11754347880.0,119.0
2024-09-18,6930.0,7130.0,6930.0,7050.0,7130.0,6930.0,1414815.0,10086919540.0,76.0
2024-09-22,7210.0,7260.0,7210.0,7150.0,7260.0,7050.0,1010133.0,7332400180.0,80.0
2024-09-23,7250.0,7360.0,7250.0,7230.0,7360.0,7150.0,775511.0,5704486270.0,135.0
2024-09-24,7380.0,7440.0,7380.0,7360.0,7380.0,7230.0,1334154.0,9924235760.0,82.0
2024-09-25,7490.0,7500.0,7220.0,7360.0,7230.0,7360.0,1448669.0,10664294870.0,192.0
2024-09-28,7290.0,7300.0,7290.0,7290.0,7290.0,7360.0,2401987.0,17511272220.0,137.0
2024-09-29,7220.0,7360.0,7220.0,7320.0,7360.0,7290.0,1493165.0,10941661270.0,108.0
2024-09-30,7390.0,7390.0,7390.0,7380.0,7390.0,7320.0,1804019.0,13331700410.0,95.0
2024-10-01,7450.0,7450.0,7310.0,7380.0,7310.0,7380.0,1912852.0,14114189240.0,382.0
2024-10-02,7310.0,7320.0,7310.0,7310.0,7310.0,7380.0,3384386.0,24739931660.0,207.0
2024-10-05,7290.0,7310.0,7240.0,7270.0,7240.0,7310.0,1463928.0,10609034870.0,167.0
2024-10-06,7200.0,7200.0,7200.0,7270.0,7200.0,7270.0,64608.0,465177600.0,19.0
2024-10-07,7200.0,7340.0,7200.0,7270.0,7260.0,7270.0,931466.0,6773998070.0,481.0
2024-10-08,7330.0,7330.0,7240.0,7270.0,7300.0,7270.0,515829.0,3755317520.0,345.0
2024-10-09,7330.0,7330.0,7280.0,7280.0,7300.0,7270.0,834069.0,6090697460.0,216.0
2024-10-12,7380.0,7450.0,7230.0,7310.0,7280.0,7280.0,577146.0,4270381330.0,99.0
2024-10-13,7140.0,7380.0,7100.0,7260.0,7300.0,7310.0,1169524.0,8444013280.0,954.0
2024-10-14,7450.0,7450.0,7050.0,7160.0,7050.0,7260.0,1071739.0,7578861750.0,102.0
2024-10-15,6950.0,7060.0,6950.0,7100.0,6950.0,7160.0,664341.0,4625528860.0,91.0
2024-10-16,6900.0,7150.0,6890.0,6990.0,6910.0,7100.0,1151689.0,7942023160.0,127.0
2024-10-19,6910.0,6910.0,6790.0,6920.0,6790.0,6990.0,772878.0,5252624400.0,73.0
2024-10-20,6740.0,6740.0,6720.0,6870.0,6720.0,6920.0,527061.0,3545563420.0,42.0
2024-10-21,7070.0,7070.0,6910.0,6970.0,6930.0,6870.0,1409576.0,9900416910.0,263.0
2024-10-22,7160.0,7160.0,6820.0,6970.0,7060.0,6970.0,2040737.0,14214264980.0,91.0
2024-10-23,6970.0,6970.0,6820.0,6950.0,6880.0,6970.0,364650.0,2496275440.0,71.0
2024-10-26,7150.0,7150.0,7150.0,7030.0,7150.0,6950.0,912837.0,6526784550.0,100.0
2024-10-27,7240.0,7240.0,7240.0,7050.0,7240.0,7030.0,237000.0,1715880000.0,9.0
2024-10-28,7260.0,7260.0,7250.0,7220.0,7260.0,7050.0,1708075.0,12400614500.0,94.0
2024-10-29,7430.0,7430.0,7010.0,7300.0,7330.0,7220.0,1075674.0,7933920640.0,156.0
2024-10-30,7390.0,7500.0,7230.0,7330.0,7430.0,7300.0,672841.0,4985288240.0,91.0
2024-11-02,7140.0,7540.0,7140.0,7340.0,7390.0,7330.0,570697.0,4210557730.0,111.0
2024-11-03,7510.0,7510.0,7120.0,7260.0,7210.0,7340.0,823922.0,5878532860.0,92.0
2024-11-04,7330.0,7330.0,7060.0,7220.0,7210.0,7260.0,1210787.0,8707531590.0,77.0
2024-11-05,7100.0,7290.0,7010.0,7210.0,7050.0,7220.0,227473.0,1614849890.0,62.0
2024-11-06,7000.0,7180.0,7000.0,7020.0,7130.0,7210.0,2351239.0,16494404330.0,102.0
2024-11-09,7200.0,7230.0,7020.0,7060.0,7230.0,7020.0,472538.0,3398728790.0,81.0
2024-11-10,7270.0,7270.0,7270.0,7110.0,7270.0,7060.0,518342.0,3768346340.0,25.0
2024-11-11,7320.0,7320.0,7320.0,7270.0,7320.0,7110.0,1668819.0,12215755080.0,35.0
2024-11-12,7480.0,7480.0,7350.0,7340.0,7480.0,7270.0,731155.0,5466716080.0,71.0
2024-11-13,7560.0,7560.0,7550.0,7380.0,7560.0,7340.0,367060.0,2774953600.0,42.0
2024-11-16,7600.0,7600.0,7600.0,7480.0,7600.0,7380.0,878994.0,6680354400.0,43.0
2024-11-17,7700.0,7700.0,7700.0,7520.0,7700.0,7480.0,374153.0,2880978100.0,36.0
2024-11-18,7740.0,7740.0,7740.0,7690.0,7740.0,7520.0,1583048.0,12252791520.0,35.0
2024-11-19,7920.0,7920.0,7880.0,7920.0,7920.0,7690.0,3801197.0,30101467440.0,185.0
2024-11-20,8130.0,8150.0,8000.0,8050.0,8140.0,7920.0,1284130.0,10435989830.0,238.0
2024-11-23,8150.0,8250.0,7910.0,8070.0,8050.0,8050.0,565424.0,4587203520.0,203.0
2024-11-24,7950.0,8190.0,7910.0,8040.0,8130.0,8070.0,1684876.0,13542682000.0,301.0
2024-11-25,8180.0,8220.0,8100.0,8090.0,8120.0,8040.0,798423.0,6512870310.0,162.0
2024-11-26,8240.0,8250.0,7850.0,7940.0,7850.0,8090.0,4049307.0,32146561090.0,343.0
2024-11-27,7950.0,7950.0,7710.0,7750.0,7800.0,7940.0,1667831.0,12890105950.0,310.0
2024-11-30,7700.0,7800.0,7520.0,7550.0,7520.0,7750.0,3585245.0,27054708770.0,344.0
2024-12-01,7520.0,7750.0,7330.0,7390.0,7530.0,7550.0,5018814.0,37084704490.0,507.0
2024-12-02,7600.0,7610.0,7590.0,7440.0,7610.0,7390.0,478753.0,3642920570.0,68.0
2024-12-03,7660.0,7660.0,7550.0,7590.0,7660.0,7440.0,1318057.0,10092007220.0,117.0
2024-12-04,7810.0,7810.0,7550.0,7790.0,7810.0,7590.0,2243028.0,17481974850.0,134.0
2024-12-07,8020.0,8020.0,7810.0,8000.0,8020.0,7790.0,5618592.0,44946739950.0,379.0
2024-12-08,8190.0,8240.0,7940.0,8200.0,8240.0,8000.0,2920924.0,23949723040.0,240.0
2024-12-09,8440.0,8440.0,8390.0,8440.0,8440.0,8200.0,4465615.0,37686645090.0,213.0
2024-12-10,8690.0,8690.0,8500.0,8670.0,8690.0,8440.0,4516894.0,39166407490.0,305.0
2024-12-11,8700.0,8900.0,8410.0,8620.0,8790.0,8670.0,1489912.0,12830467750.0,254.0
2024-12-14,8870.0,8870.0,8790.0,8840.0,8870.0,8620.0,1604786.0,14209420120.0,102.0
2024-12-15,9100.0,9100.0,8690.0,9080.0,8900.0,8840.0,4000357.0,36320338300.0,228.0
2024-12-16,8830.0,9080.0,8810.0,8880.0,8810.0,9080.0,1810525.0,16078006760.0,237.0
2024-12-17,8880.0,8880.0,8620.0,8710.0,8620.0,8880.0,1558282.0,13549781300.0,1178.0
2024-12-18,8690.0,8750.0,8450.0,8520.0,8700.0,8710.0,1793186.0,15279367970.0,2262.0
2024-12-21,8770.0,8770.0,8770.0,8560.0,8770.0,8520.0,294355.0,2581493350.0,42.0
2024-12-22,8810.0,8810.0,8540.0,8730.0,8810.0,8560.0,1294463.0,11384836180.0,313.0
2024-12-23,8730.0,8990.0,8730.0,8990.0,8990.0,8730.0,4716145.0,42387887110.0,112.0
2024-12-24,9250.0,9250.0,9080.0,9220.0,9250.0,8990.0,2915120.0,26875471970.0,233.0
2024-12-25,9480.0,9490.0,8950.0,9140.0,9210.0,9220.0,1383716.0,12611633810.0,789.0
2024-12-28,9410.0,9410.0,9020.0,9300.0,9290.0,9140.0,2309992.0,21483219310.0,336.0
2024-12-29,9260.0,9290.0,9040.0,9250.0,9230.0,9300.0,774746.0,7120325820.0,556.0
2024-12-30,9300.0,9300.0,8980.0,9110.0,8980.0,9250.0,1100883.0,9952027630.0,1125.0
2024-12-31,9060.0,9200.0,8890.0,9100.0,9000.0,9110.0,818000.0,7431072660.0,640.0
2025-01-01,9230.0,9350.0,8950.0,9130.0,9350.0,9100.0,1913225.0,17464086900.0,633.0
2025-01-04,9390.0,9400.0,9230.0,9400.0,9400.0,9130.0,2766046.0,25988969480.0,107.0
2025-01-05,9490.0,9490.0,9310.0,9390.0,9460.0,9400.0,975618.0,9161345070.0,178.0
2025-01-06,9500.0,9670.0,9500.0,9670.0,9670.0,9390.0,1861155.0,17994437860.0,155.0
2025-01-07,9720.0,9960.0,9720.0,9930.0,9960.0,9670.0,3094277.0,30724579600.0,178.0
2025-01-08,10220.0,10220.0,9950.0,10000.0,9990.0,9930.0,913925.0,9197014690.0,154.0
2025-01-11,10110.0,10110.0,9770.0,9940.0,9880.0,10000.0,757424.0,7481813190.0,761.0
2025-01-12,9700.0,9930.0,9650.0,9660.0,9650.0,9940.0,2553409.0,24660632670.0,557.0
2025-01-13,9920.0,9920.0,9460.0,9620.0,9680.0,9660.0,649829.0,6221174280.0,288.0
2025-01-15,9890.0,9890.0,9350.0,9610.0,9470.0,9620.0,145408.0,1383215120.0,68.0
2025-01-18,9340.0,9610.0,9330.0,9450.0,9510.0,9610.0,1170837.0,10999437130.0,892.0
2025-01-19,9500.0,9680.0,9490.0,9480.0,9590.0,9450.0,372549.0,3567034780.0,95.0
2025-01-20,9760.0,9760.0,9480.0,9700.0,9500.0,9480.0,3940884.0,38245575050.0,347.0
2025-01-21,9720.0,9830.0,9660.0,9730.0,9700.0,9700.0,1073116.0,10463524890.0,229.0
2025-01-22,9860.0,10020.0,9690.0,9840.0,9860.0,9730.0,2514495.0,24741829590.0,236.0
2025-01-25,9800.0,10050.0,9800.0,9840.0,9820.0,9840.0,455995.0,4487006710.0,126.0
2025-01-26,9840.0,10020.0,9550.0,9610.0,9550.0,9840.0,2173468.0,20884113150.0,1191.0
2025-01-27,9620.0,9690.0,9530.0,9600.0,9550.0,9610.0,329361.0,3153272110.0,285.0
2025-01-29,9730.0,9730.0,9560.0,9600.0,9620.0,9600.0,1187374.0,11396736450.0,506.0
2025-02-01,9600.0,9840.0,9390.0,9480.0,9430.0,9600.0,1078198.0,10165737950.0,926.0
2025-02-02,9750.0,9750.0,9360.0,9460.0,9570.0,9480.0,1104494.0,10444978170.0,488.0
2025-02-03,9270.0,9640.0,9270.0,9460.0,9460.0,9460.0,943848.0,8928217720.0,465.0
2025-02-04,9620.0,9620.0,9420.0,9470.0,9450.0,9460.0,917533.0,8689006540.0,276.0
2025-02-05,9730.0,9730.0,9190.0,9290.0,9210.0,9470.0,2930604.0,27215554010.0,1794.0
2025-02-09,9080.0,9470.0,9020.0,9100.0,9070.0,9290.0,2787375.0,25352420760.0,1666.0
2025-02-11,9240.0,9240.0,8830.0,8850.0,8830.0,9100.0,3510877.0,31055761680.0,909.0
2025-02-15,8590.0,8650.0,8590.0,8590.0,8590.0,8850.0,2163427.0,18588346550.0,608.0
2025-02-16,8580.0,8580.0,8340.0,8460.0,8380.0,8590.0,1103122.0,9260656160.0,317.0
2025-02-17,8450.0,8650.0,8330.0,8450.0,8630.0,8460.0,1068835.0,9018865490.0,619.0
2025-02-18,8640.0,8700.0,8620.0,8500.0,8700.0,8450.0,399733.0,3469854780.0,99.0
2025-02-19,8600.0,8750.0,8510.0,8510.0,8740.0,8500.0,100884.0,872598570.0,44.0
2025-02-23,8750.0,8760.0,8750.0,8540.0,8760.0,8510.0,182044.0,1594693250.0,20.0
2025-02-24,8790.0,8790.0,8790.0,8790.0,8790.0,8540.0,3121895.0,27441457050.0,44.0
2025-02-25,9050.0,9050.0,9050.0,8960.0,9050.0,8790.0,1176933.0,10651243650.0,64.0
2025-02-26,9220.0,9220.0,9050.0,9200.0,9220.0,8960.0,1867440.0,17182802220.0,130.0
2025-03-01,9440.0,9470.0,9190.0,9390.0,9290.0,9200.0,1294435.0,12216577910.0,166.0
2025-03-02,9640.0,9670.0,9390.0,9560.0,9670.0,9390.0,1252230.0,12037954760.0,147.0
2025-03-03,9300.0,9350.0,9280.0,9380.0,9280.0,9560.0,1089859.0,10117549450.0,133.0
2025-03-04,9620.0,9620.0,9320.0,9390.0,9390.0,9380.0,239280.0,2255785410.0,185.0
2025-03-05,9390.0,9560.0,9130.0,9240.0,9340.0,9390.0,1836959.0,16969028390.0,448.0
2025-03-08,9230.0,9450.0,8970.0,9030.0,8970.0,9240.0,1413800.0,12718328640.0,289.0
2025-03-09,8760.0,8970.0,8760.0,8760.0,8760.0,9030.0,2212455.0,19383229230.0,130.0
2025-03-10,8510.0,9020.0,8510.0,8890.0,9020.0,8760.0,1070491.0,9594563720.0,126.0
2025-03-11,9150.0,9150.0,8660.0,8820.0,8750.0,8890.0,1091448.0,9589760300.0,331.0
2025-03-12,8900.0,9080.0,8900.0,8930.0,9080.0,8820.0,723825.0,6561289130.0,95.0
2025-03-15,9160.0,9190.0,9160.0,9140.0,9190.0,8930.0,1334222.0,12261424430.0,69.0
2025-03-16,9410.0,9410.0,9090.0,9170.0,9090.0,9140.0,705482.0,6490932290.0,585.0
2025-03-17,9390.0,9390.0,8900.0,9100.0,8900.0,9170.0,856898.0,7735250100.0,1184.0
2025-03-18,9030.0,9060.0,8830.0,9010.0,8830.0,9100.0,733147.0,6515121840.0,1103.0
2025-03-25,9000.0,9260.0,9000.0,9020.0,9260.0,9010.0,127417.0,1166794530.0,81.0
2025-03-26,9250.0,9280.0,8800.0,8970.0,8950.0,9020.0,3111828.0,27926392240.0,575.0
2025-03-29,9030.0,9180.0,8910.0,8970.0,8980.0,8970.0,558223.0,5009956050.0,391.0
2025-03-30,9030.0,9170.0,8820.0,8940.0,8930.0,8970.0,971632.0,8671051600.0,835.0
2025-04-05,9170.0,9170.0,8800.0,8940.0,8870.0,8940.0,1159575.0,10359495180.0,888.0
2025-04-06,9140.0,9140.0,8750.0,8870.0,8790.0,8940.0,946557.0,8351439730.0,561.0
2025-04-07,8880.0,8970.0,8720.0,8860.0,8820.0,8870.0,480903.0,4243065630.0,369.0
2025-04-08,9120.0,9120.0,9000.0,8920.0,9110.0,8860.0,440805.0,4011496360.0,100.0
2025-04-09,9040.0,9040.0,8660.0,8720.0,8660.0,8920.0,1586813.0,13825418660.0,678.0
2025-04-12,8930.0,8960.0,8730.0,8750.0,8820.0,8720.0,416207.0,3688140680.0,186.0
2025-04-13,9010.0,9010.0,9010.0,8950.0,9010.0,8750.0,1327013.0,11956387130.0,89.0
2025-04-14,9210.0,9210.0,9210.0,8980.0,9210.0,8950.0,223445.0,2057928450.0,50.0
2025-04-15,9240.0,9240.0,9060.0,9220.0,9140.0,8980.0,2103649.0,19405713120.0,207.0
2025-04-16,9220.0,9480.0,9210.0,9420.0,9400.0,9220.0,1742231.0,16416693550.0,138.0
2025-04-19,9480.0,9700.0,9430.0,9670.0,9600.0,9420.0,4728278.0,45735954860.0,222.0
2025-04-20,9920.0,9960.0,9920.0,9960.0,9960.0,9670.0,7632156.0,76015971770.0,204.0
2025-04-21,10250.0,10250.0,9960.0,10240.0,9960.0,9960.0,4072185.0,41696824720.0,235.0
2025-04-22,10440.0,10480.0,10140.0,10350.0,10450.0,10240.0,2271028.0,23495724740.0,433.0
2025-04-23,10540.0,10570.0,10320.0,10490.0,10560.0,10350.0,1261816.0,13283234020.0,202.0
2025-04-26,10760.0,10800.0,10470.0,10740.0,10800.0,10490.0,2030394.0,21798234810.0,235.0
2025-04-27,10800.0,11000.0,10800.0,10900.0,10960.0,10740.0,2113142.0,23041712690.0,243.0
2025-04-28,10960.0,11200.0,10880.0,10990.0,10970.0,10900.0,1781232.0,19584354700.0,257.0
2025-04-29,11250.0,11250.0,10670.0,10790.0,10920.0,10990.0,5304724.0,57244139290.0,797.0
2025-04-30,11040.0,11060.0,10890.0,11000.0,11030.0,10790.0,2422188.0,26648819670.0,278.0
2025-05-03,10670.0,10930.0,10670.0,10670.0,10670.0,11000.0,3156730.0,33682643350.0,1705.0
2025-05-04,10410.0,10840.0,10410.0,10600.0,10600.0,10670.0,2783615.0,29519361180.0,536.0
2025-05-05,10870.0,10870.0,10610.0,10750.0,10820.0,10600.0,1409165.0,15147171300.0,112.0
2025-05-06,11000.0,11070.0,10770.0,11060.0,11070.0,10750.0,4671401.0,51684415010.0,273.0
2025-05-07,11330.0,11390.0,11330.0,11390.0,11390.0,11060.0,4733075.0,53908094080.0,138.0
2025-05-10,11730.0,11730.0,11210.0,11550.0,11380.0,11390.0,4906650.0,56692391020.0,499.0
2025-05-11,11650.0,11650.0,11210.0,11320.0,11210.0,11550.0,1246138.0,14096034980.0,664.0
2025-05-12,11540.0,11650.0,11540.0,11650.0,11650.0,11320.0,6693571.0,77978625280.0,135.0
2025-05-13,11990.0,11990.0,11990.0,11990.0,11990.0,11650.0,3791761.0,45463214390.0,85.0
2025-05-14,12300.0,12300.0,11870.0,12050.0,12270.0,11990.0,973981.0,11753407860.0,264.0
2025-05-17,12340.0,12390.0,12000.0,12070.0,12080.0,12050.0,4010630.0,48406424640.0,220.0
2025-05-18,12350.0,12350.0,12030.0,12100.0,12170.0,12070.0,994242.0,12040773500.0,103.0
2025-05-19,12240.0,12240.0,11950.0,12020.0,12040.0,12100.0,1339289.0,16099712020.0,242.0
2025-05-20,11700.0,12000.0,11660.0,11670.0,11660.0,12020.0,6137993.0,71644848040.0,1341.0
2025-05-21,11450.0,11720.0,11370.0,11530.0,11370.0,11670.0,941321.0,10807074920.0,822.0
2025-05-24,11760.0,11760.0,11190.0,11320.0,11330.0,11530.0,2332247.0,26400228150.0,731.0
2025-05-25,11340.0,11360.0,10990.0,11160.0,10990.0,11320.0,2273979.0,25375469690.0,1144.0
2025-05-26,11160.0,11160.0,10880.0,11000.0,10880.0,11160.0,1257079.0,13820893080.0,849.0
2025-05-27,11000.0,11280.0,10800.0,10930.0,10910.0,11000.0,954750.0,10406957900.0,266.0
2025-05-28,10940.0,11080.0,10680.0,10850.0,10990.0,10930.0,2185628.0,23714766960.0,627.0
2025-05-31,11050.0,11170.0,11000.0,11160.0,11160.0,10850.0,3127914.0,34909454220.0,201.0
2025-06-03,11490.0,11490.0,10860.0,11160.0,11000.0,11160.0,39819.0,438628960.0,16.0
2025-06-07,11090.0,11100.0,10830.0,10860.0,10850.0,11160.0,3706767.0,40247753670.0,1757.0
2025-06-08,11000.0,11100.0,10760.0,10850.0,10970.0,10860.0,1391957.0,15103389100.0,522.0
2025-06-09,11100.0,11100.0,10560.0,10720.0,10600.0,10850.0,2482072.0,26606242740.0,576.0
2025-06-10,11000.0,11040.0,10920.0,11010.0,11040.0,10720.0,2321975.0,25561863750.0,106.0
2025-06-11,11190.0,11340.0,11130.0,11160.0,11340.0,11010.0,634063.0,7185372750.0,77.0
2025-06-28,10830.0,10830.0,10830.0,10970.0,10830.0,11160.0,778542.0,8431609860.0,26.0
2025-06-29,10650.0,10650.0,10650.0,10720.0,10650.0,10970.0,1036414.0,11037809100.0,30.0
2025-06-30,10400.0,10800.0,10400.0,10400.0,10580.0,10720.0,8053805.0,83783880560.0,593.0
2025-07-01,10090.0,10090.0,10090.0,10390.0,10090.0,10400.0,60767.0,613139030.0,14.0
2025-07-02,10080.0,10570.0,10080.0,10270.0,10520.0,10390.0,1955790.0,20085783960.0,491.0
2025-07-07,10570.0,10570.0,10110.0,10420.0,10110.0,10270.0,1599289.0,16665047080.0,426.0
2025-07-08,10260.0,10260.0,10110.0,10340.0,10110.0,10420.0,422101.0,4278983990.0,53.0
2025-07-09,10030.0,10400.0,10030.0,10040.0,10400.0,10340.0,1699619.0,17071895890.0,442.0
2025-07-12,10340.0,10340.0,10150.0,10160.0,10340.0,10040.0,924974.0,9465071400.0,104.0
2025-07-13,10300.0,10460.0,10260.0,10410.0,10460.0,10160.0,1699516.0,17684417250.0,325.0
2025-07-14,10700.0,10700.0,10330.0,10430.0,10410.0,10410.0,811430.0,8475927910.0,463.0
2025-07-15,10590.0,10720.0,10470.0,10550.0,10640.0,10430.0,1317947.0,13920629930.0,402.0
2025-07-16,10650.0,10860.0,10650.0,10810.0,10860.0,10550.0,1993136.0,21542718330.0,137.0
2025-07-19,11090.0,11130.0,11090.0,11130.0,11130.0,10810.0,1930236.0,21483307200.0,86.0
2025-07-20,11460.0,11460.0,11130.0,11450.0,11460.0,11130.0,5244706.0,60042210450.0,242.0
2025-07-27,10140.0,10760.0,10140.0,10590.0,10470.0,10450.0,2042821.0,21632982860.0,199.0
2025-07-28,10290.0,10750.0,10280.0,10290.0,10280.0,10590.0,1454513.0,14960361730.0,107.0
2025-07-29,9990.0,9990.0,9990.0,10240.0,9990.0,10290.0,250020.0,2497699800.0,28.0
2025-07-30,9940.0,9950.0,9940.0,9940.0,9950.0,10240.0,5363488.0,53313127160.0,177.0
2025-08-02,10190.0,10190.0,9650.0,9720.0,9650.0,9940.0,4376080.0,42552363400.0,311.0
2025-08-03,9720.0,9990.0,9700.0,9920.0,9720.0,9720.0,2235192.0,22168651800.0,221.0
2025-08-04,9980.0,10190.0,9670.0,10010.0,9870.0,9920.0,1439458.0,14416778740.0,136.0
2025-08-05,10010.0,10210.0,9890.0,9960.0,9900.0,10010.0,1917212.0,19094376290.0,161.0
2025-08-06,10020.0,10020.0,9720.0,9950.0,9850.0,9960.0,67626.0,664556520.0,43.0
2025-08-09,10190.0,10240.0,9730.0,10010.0,9950.0,9950.0,2183424.0,21851638460.0,87.0
2025-08-10,9770.0,10250.0,9710.0,9960.0,9800.0,10010.0,1096063.0,10901127980.0,83.0
2025-08-11,10210.0,10210.0,9790.0,9960.0,9900.0,9960.0,70970.0,711933980.0,18.0
2025-08-12,10140.0,10140.0,9670.0,9670.0,9850.0,9960.0,2467980.0,23873454450.0,107.0
2025-08-13,9440.0,9440.0,9380.0,9600.0,9380.0,9670.0,351519.0,3297620950.0,46.0
2025-08-16,9320.0,9790.0,9320.0,9440.0,9680.0,9600.0,1622984.0,15317949250.0,434.0
2025-08-17,9710.0,9720.0,9650.0,9720.0,9720.0,9440.0,2625272.0,25517550530.0,99.0
2025-08-18,10000.0,10000.0,9700.0,9720.0,9710.0,9720.0,669952.0,6509452490.0,77.0
2025-08-19,9920.0,9920.0,9670.0,9720.0,9750.0,9720.0,1258945.0,12229624650.0,150.0
2025-08-20,9810.0,9850.0,9730.0,9740.0,9790.0,9720.0,407247.0,3982143740.0,90.0
2025-08-23,9830.0,10020.0,9690.0,9800.0,9930.0,9740.0,1597813.0,15652418530.0,176.0
2025-08-25,10080.0,10080.0,9690.0,9750.0,9700.0,9800.0,1539803.0,15008400950.0,315.0
2025-08-26,9790.0,9860.0,9690.0,9720.0,9850.0,9750.0,2317656.0,22538352660.0,310.0
2025-08-27,9560.0,9970.0,9440.0,9710.0,9680.0,9720.0,228714.0,2206272240.0,77.0
2025-08-30,9430.0,9460.0,9420.0,9610.0,9460.0,9710.0,575319.0,5428350560.0,67.0
2025-08-31,9620.0,9880.0,9500.0,9620.0,9620.0,9610.0,491229.0,4736690750.0,78.0
2025-09-02,9650.0,9900.0,9640.0,9870.0,9900.0,9620.0,1533068.0,15132637860.0,106.0
2025-09-03,10070.0,10150.0,9880.0,9910.0,10140.0,9870.0,304472.0,3071330890.0,36.0
2025-09-06,10200.0,10200.0,9820.0,9860.0,9820.0,9910.0,1595595.0,15731638700.0,187.0
2025-09-07,9860.0,10000.0,9830.0,9860.0,9970.0,9860.0,91070.0,900677080.0,48.0
2025-09-08,9870.0,10150.0,9870.0,10140.0,10030.0,9860.0,5352931.0,54276740650.0,135.0
2025-09-09,10230.0,10290.0,10010.0,10120.0,10210.0,10140.0,577163.0,5825896650.0,177.0
2025-09-13,10410.0,10410.0,10090.0,10190.0,10300.0,10120.0,704565.0,7231956860.0,58.0
2025-09-14,10190.0,10450.0,10150.0,10210.0,10430.0,10190.0,663815.0,6796939550.0,162.0
2025-09-15,10470.0,10490.0,10200.0,10220.0,10200.0,10210.0,318088.0,3266377330.0,103.0
2025-09-16,10240.0,10400.0,10160.0,10220.0,10170.0,10220.0,200593.0,2049240290.0,61.0
2025-09-17,10220.0,10230.0,10000.0,10140.0,10000.0,10220.0,838830.0,8449702490.0,324.0
2025-09-20,9840.0,9840.0,9840.0,10100.0,9840.0,10140.0,175024.0,1722236160.0,24.0
2025-09-21,9960.0,10260.0,9960.0,10090.0,10130.0,10100.0,677462.0,6821821850.0,406.0
2025-09-22,10350.0,10370.0,10140.0,10120.0,10210.0,10090.0,347309.0,3547433780.0,54.0
2025-09-23,10230.0,10350.0,9970.0,10100.0,10000.0,10120.0,765552.0,7712010540.0,180.0
2025-09-24,9820.0,10130.0,9800.0,9990.0,9990.0,10100.0,770976.0,7631255090.0,325.0
2025-09-27,10220.0,10280.0,9990.0,10270.0,10280.0,9990.0,2425856.0,24921013900.0,133.0
2025-09-28,10400.0,10570.0,10340.0,10570.0,10570.0,10270.0,5887530.0,62201923340.0,219.0
2025-09-29,10880.0,10880.0,10660.0,10850.0,10870.0,10570.0,4307989.0,46760089170.0,323.0
2025-09-30,10580.0,10950.0,10530.0,10580.0,10530.0,10850.0,2276615.0,24091864500.0,712.0
2025-10-01,10580.0,10740.0,10370.0,10520.0,10370.0,10580.0,968961.0,10168728780.0,1186.0
2025-10-04,10520.0,10770.0,10480.0,10540.0,10680.0,10520.0,6043304.0,63705667310.0,502.0
2025-10-05,10770.0,10770.0,10330.0,10440.0,10400.0,10540.0,1216327.0,12678245060.0,382.0
2025-10-06,10500.0,10550.0,10130.0,10200.0,10130.0,10440.0,4159141.0,42433208540.0,2234.0
2025-10-07,10250.0,10390.0,9980.0,10170.0,10190.0,10200.0,2474685.0,25173807400.0,782.0
2025-10-08,9980.0,10240.0,9980.0,10080.0,10010.0,10170.0,2828283.0,28520657430.0,557.0
2025-10-11,10340.0,10340.0,10000.0,10040.0,10000.0,10080.0,1197482.0,12003672350.0,186.0
2025-10-12,10270.0,10270.0,10010.0,10120.0,10100.0,10040.0,7854514.0,79520563310.0,481.0
2025-10-13,10310.0,10380.0,10140.0,10230.0,10300.0,10120.0,1067257.0,10963402600.0,124.0
2025-10-14,10400.0,10530.0,10230.0,10350.0,10330.0,10230.0,1007081.0,10477409890.0,166.0
2025-10-15,10360.0,10490.0,10320.0,10370.0,10480.0,10350.0,817445.0,8485098430.0,190.0
2025-10-18,10530.0,10680.0,10530.0,10680.0,10680.0,10370.0,4520986.0,48282901380.0,143.0
2025-10-19,11000.0,11000.0,10930.0,11000.0,10930.0,10680.0,4428582.0,48713852570.0,170.0
2025-10-20,11110.0,11170.0,10950.0,11020.0,10950.0,11000.0,1203746.0,13267029450.0,264.0
2025-10-21,11090.0,11350.0,11090.0,11240.0,11350.0,11020.0,2938768.0,33031826530.0,361.0
2025-10-22,11530.0,11570.0,11530.0,11570.0,11570.0,11240.0,2369627.0,27416197740.0,97.0
2025-10-27,11910.0,11910.0,11910.0,11910.0,11910.0,11570.0,1498540.0,17847611400.0,52.0
2025-10-28,12260.0,12260.0,12260.0,12260.0,12260.0,11910.0,4339044.0,53196679440.0,140.0
2025-10-29,12590.0,12620.0,12300.0,12600.0,12620.0,12260.0,8505310.0,107184633900.0,357.0
2025-11-01,12970.0,12970.0,12460.0,12570.0,12460.0,12600.0,2082923.0,26171952240.0,500.0
2025-11-02,12920.0,12920.0,12540.0,12650.0,12740.0,12570.0,1092291.0,13830528220.0,210.0
2025-11-03,12510.0,13020.0,12510.0,13010.0,13020.0,12650.0,3417936.0,44462775940.0,182.0
2025-11-04,13010.0,13400.0,12990.0,13390.0,13290.0,13010.0,3648784.0,48853529470.0,223.0
2025-11-05,13690.0,13790.0,13360.0,13560.0,13790.0,13390.0,6195875.0,84032713770.0,578.0
2025-11-08,13960.0,13960.0,13670.0,13900.0,13960.0,13560.0,1801240.0,25045348880.0,173.0
2025-11-09,14310.0,14310.0,13830.0,13950.0,14030.0,13900.0,2195326.0,30623766940.0,324.0
2025-11-10,14290.0,14300.0,14010.0,14130.0,14150.0,13950.0,2155739.0,30464091150.0,216.0
2025-11-11,14200.0,14310.0,14100.0,14200.0,14130.0,14130.0,1171520.0,16637153020.0,383.0
2025-11-12,14290.0,14540.0,14190.0,14240.0,14510.0,14200.0,412394.0,5909979120.0,182.0
2025-11-15,14510.0,14620.0,14240.0,14350.0,14550.0,14240.0,1024797.0,14738626730.0,555.0
2025-11-16,14650.0,14780.0,14400.0,14580.0,14630.0,14350.0,2036793.0,29703874100.0,305.0
2025-11-17,14970.0,15010.0,14500.0,14760.0,14580.0,14580.0,1614655.0,23838126020.0,422.0
2025-11-18,14870.0,15190.0,14770.0,14870.0,14840.0,14760.0,797955.0,11912846400.0,473.0
2025-11-19,15130.0,15130.0,14860.0,14940.0,15010.0,14870.0,1012006.0,15136625970.0,405.0
2025-11-22,15380.0,15380.0,15150.0,15160.0,15210.0,14940.0,847513.0,12942635610.0,186.0
2025-11-23,15410.0,15600.0,15250.0,15260.0,15400.0,15160.0,559861.0,8611988630.0,236.0
2025-11-25,15550.0,15700.0,15400.0,15390.0,15500.0,15260.0,523083.0,8150167300.0,157.0
2025-11-26,15710.0,15710.0,15210.0,15310.0,15210.0,15390.0,1675309.0,25652154450.0,987.0
2025-11-29,15400.0,15530.0,15020.0,15210.0,15240.0,15310.0,1626139.0,24737213090.0,1320.0
2025-11-30,15200.0,15490.0,15100.0,15220.0,15160.0,15210.0,769426.0,11710975300.0,427.0
2025-12-01,15350.0,15530.0,15000.0,15160.0,15060.0,15220.0,1722171.0,26116380850.0,653.0
2025-12-02,15540.0,15540.0,14960.0,15090.0,15170.0,15160.0,1891694.0,28551912210.0,1168.0
2025-12-03,15100.0,15100.0,14880.0,14990.0,14890.0,15090.0,1692701.0,25380862300.0,606.0
2025-12-06,15060.0,15430.0,14960.0,15050.0,15070.0,14990.0,6638348.0,99908131430.0,485.0
2025-12-07,15080.0,15400.0,14600.0,14810.0,14600.0,15050.0,2040576.0,30228213340.0,217.0
2025-12-08,14950.0,14950.0,14690.0,14780.0,14700.0,14810.0,1638340.0,24211434830.0,459.0
2025-12-09,14780.0,14980.0,14450.0,14670.0,14630.0,14780.0,912740.0,13353626030.0,353.0
2025-12-10,14960.0,14960.0,14310.0,14490.0,14480.0,14670.0,1296316.0,18784160280.0,579.0
2025-12-13,14560.0,14560.0,14240.0,14300.0,14240.0,14490.0,1669115.0,23876332720.0,380.0
2025-12-14,14370.0,14530.0,14310.0,14380.0,14370.0,14300.0,1470890.0,21148872530.0,198.0
2025-12-15,14690.0,14690.0,13950.0,14100.0,13950.0,14380.0,4044100.0,57007015830.0,952.0
2025-12-16,14400.0,14400.0,13720.0,14020.0,13720.0,14100.0,1842522.0,25832668390.0,565.0
2025-12-17,14250.0,14250.0,13670.0,13860.0,13850.0,14020.0,1068689.0,14780181450.0,566.0
2025-12-20,13990.0,14270.0,13960.0,14230.0,14270.0,13860.0,8741204.0,124430837560.0,431.0
2025-12-21,14650.0,14650.0,14610.0,14650.0,14650.0,14230.0,2446854.0,35844944130.0,123.0
2025-12-22,15080.0,15080.0,15000.0,15080.0,15080.0,14650.0,6526474.0,98415336930.0,285.0
2025-12-23,15520.0,15530.0,15390.0,15530.0,15530.0,15080.0,4427521.0,68741563130.0,313.0
2025-12-24,15990.0,15990.0,15990.0,15990.0,15990.0,15530.0,4628808.0,74014639920.0,139.0
2025-12-27,16460.0,16460.0,16400.0,16460.0,16460.0,15990.0,6443857.0,106062884220.0,299.0
2025-12-28,16770.0,16950.0,16500.0,16840.0,16950.0,16460.0,6521031.0,109844756760.0,555.0
2025-12-29,17320.0,17320.0,16340.0,16370.0,16340.0,16840.0,2604096.0,42631154050.0,283.0
2025-12-30,15970.0,15970.0,15880.0,15900.0,15880.0,16370.0,3141713.0,49955235680.0,642.0
2025-12-31,15430.0,16070.0,15430.0,15510.0,16040.0,15900.0,5992338.0,92921400490.0,1620.0
2026-01-04,15930.0,15970.0,15050.0,15320.0,15420.0,15510.0,1385455.0,21224046900.0,221.0
2026-01-05,15450.0,15770.0,15450.0,15770.0,15770.0,15320.0,1564263.0,24668103560.0,106.0
2026-01-06,16240.0,16240.0,16240.0,16240.0,16240.0,15770.0,1730473.0,28102881520.0,75.0
2026-01-07,16720.0,16720.0,15800.0,16660.0,16650.0,16240.0,6240552.0,103942444810.0,430.0
2026-01-19,10970.0,10970.0,10970.0,10970.0,10970.0,10660.0,960376.0,10535324720.0,34.0
2026-01-20,11290.0,11290.0,11290.0,11290.0,11290.0,10970.0,3292443.0,37171681470.0,155.0
2026-01-21,11620.0,11620.0,11290.0,11600.0,11620.0,11290.0,7421061.0,86072660470.0,432.0
2026-01-24,11690.0,11690.0,11260.0,11260.0,11260.0,11600.0,7152147.0,80534190600.0,264.0
2026-01-25,10930.0,10930.0,10930.0,10930.0,10930.0,11260.0,1302467.0,14235964310.0,54.0
2026-01-26,10610.0,10610.0,10610.0,10610.0,10610.0,10930.0,135503.0,1437686830.0,37.0
2026-01-27,10300.0,10300.0,10300.0,10300.0,10300.0,10610.0,858044.0,8837853200.0,42.0
2026-01-28,10000.0,10250.0,10000.0,10000.0,10000.0,10300.0,5900308.0,59023938880.0,332.0
2026-01-31,10300.0,10300.0,9700.0,9710.0,9700.0,10000.0,1769245.0,17181761970.0,119.0
2026-02-01,9470.0,9700.0,9420.0,9440.0,9420.0,9710.0,2578609.0,24330941660.0,208.0
2026-02-02,9440.0,9690.0,9300.0,9390.0,9300.0,9440.0,4388911.0,41226386180.0,257.0
2026-02-03,9640.0,9670.0,9120.0,9280.0,9120.0,9390.0,7229456.0,67102138830.0,488.0
2026-02-07,9330.0,9550.0,9330.0,9510.0,9550.0,9280.0,2207180.0,20990037650.0,89.0
2026-02-08,9780.0,9790.0,9230.0,9490.0,9230.0,9510.0,1795046.0,17030008070.0,207.0
2026-02-09,9600.0,9680.0,9210.0,9220.0,9210.0,9490.0,811625.0,7482446550.0,65.0
2026-02-10,9130.0,9450.0,8950.0,8980.0,9260.0,9220.0,899030.0,8073147840.0,131.0
2026-02-14,9240.0,9240.0,8720.0,8880.0,8720.0,8980.0,453320.0,4024326220.0,131.0
2026-02-15,9040.0,9040.0,8620.0,8630.0,8620.0,8880.0,1907916.0,16467653200.0,146.0
2026-02-16,8380.0,8540.0,8380.0,8380.0,8400.0,8630.0,4904381.0,41107780680.0,316.0
2026-02-17,8250.0,8490.0,8140.0,8260.0,8290.0,8380.0,1044570.0,8632587970.0,120.0
2026-02-18,8300.0,8300.0,8020.0,8030.0,8020.0,8260.0,3132225.0,25161772930.0,260.0
2026-02-21,7790.0,7800.0,7790.0,7790.0,7790.0,8030.0,3639132.0,28348845970.0,134.0
2026-02-22,7560.0,7590.0,7560.0,7560.0,7560.0,7790.0,665306.0,5029828860.0,109.0
2026-02-23,7770.0,7780.0,7380.0,7500.0,7770.0,7560.0,2217830.0,16635048220.0,517.0
2026-02-24,7720.0,7720.0,7540.0,7670.0,7630.0,7500.0,900099.0,6903467480.0,176.0
2026-02-25,7890.0,7900.0,7890.0,7900.0,7900.0,7670.0,1473821.0,11643074120.0,57.0
2026-05-19,8270.0,8510.0,8270.0,8410.0,8510.0,7900.0,7979341.0,67142873630.0,133.0
2026-05-20,8660.0,8660.0,8660.0,8660.0,8660.0,8410.0,4136001.0,35817768660.0,55.0
2026-05-23,8910.0,8910.0,8910.0,8910.0,8910.0,8660.0,5066925.0,45146301750.0,73.0
2026-05-24,9170.0,9170.0,9170.0,9170.0,9170.0,8910.0,5025995.0,46088374150.0,65.0
2026-05-25,9440.0,9440.0,9440.0,9440.0,9440.0,9170.0,2607681.0,24616508640.0,48.0
2026-05-26,9720.0,9720.0,9720.0,9720.0,9720.0,9440.0,5316632.0,51677663040.0,73.0
2026-05-30,10010.0,10010.0,10010.0,10010.0,10010.0,9720.0,6128585.0,61347135850.0,86.0
2026-05-31,10310.0,10310.0,10310.0,10310.0,10310.0,10010.0,5005183.0,51603436730.0,67.0
2026-06-01,10610.0,10610.0,10610.0,10610.0,10610.0,10310.0,19388295.0,205709809950.0,233.0
2026-06-02,10920.0,10920.0,10920.0,10920.0,10920.0,10610.0,9471104.0,103424455680.0,161.0
2026-06-03,11240.0,11240.0,11240.0,11240.0,11240.0,10920.0,4710150.0,52942086000.0,77.0
2026-06-06,11570.0,11570.0,11570.0,11570.0,11570.0,11240.0,527941.0,6108277370.0,26.0
2026-06-07,11910.0,11910.0,11910.0,11910.0,11910.0,11570.0,564974.0,6728840340.0,33.0
2026-06-08,12260.0,12260.0,12260.0,12260.0,12260.0,11910.0,13102949.0,160642154740.0,358.0
2026-06-09,12620.0,12620.0,12620.0,12620.0,12620.0,12260.0,500.0,6310000.0,1.0
2026-06-14,12990.0,12990.0,12990.0,12990.0,12990.0,12620.0,436420.0,5669095800.0,18.0
2026-06-15,13370.0,13370.0,13370.0,13370.0,13370.0,12990.0,411700.0,5504429000.0,21.0
2026-06-16,13770.0,13770.0,13770.0,13770.0,13770.0,13370.0,450056.0,6197271120.0,33.0
2026-06-17,14180.0,14180.0,14180.0,14180.0,14180.0,13770.0,501018.0,7104435240.0,41.0
2026-06-20,14600.0,14600.0,14600.0,14600.0,14600.0,14180.0,880377.0,12853504200.0,52.0
2026-06-21,15030.0,15030.0,14170.0,14670.0,14490.0,14600.0,44588470.0,654149906600.0,2413.0
2026-06-22,14470.0,15110.0,14230.0,14760.0,15110.0,14670.0,22757637.0,335833988690.0,2053.0
2026-06-23,15200.0,15200.0,15200.0,15200.0,15200.0,14760.0,2332817.0,35458818400.0,67.0
2026-06-27,15650.0,15650.0,15650.0,15650.0,15650.0,15200.0,10610520.0,166054638000.0,248.0
2026-06-28,16110.0,16110.0,16110.0,16110.0,16110.0,15650.0,8459134.0,136276648740.0,230.0
2026-06-29,16590.0,16590.0,16590.0,16590.0,16590.0,16110.0,7931123.0,131577330570.0,158.0
2026-06-30,17080.0,17080.0,17080.0,17080.0,17080.0,16590.0,783454.0,13381394320.0,36.0
2026-07-01,17590.0,17590.0,17590.0,17590.0,17590.0,17080.0,5937549.0,104441486910.0,154.0
2026-07-07,18110.0,18110.0,18110.0,18110.0,18110.0,17590.0,527145.0,9546595950.0,25.0
2026-07-08,18650.0,18650.0,18310.0,18630.0,18650.0,18110.0,32880498.0,612553049110.0,1118.0
2026-07-11,19180.0,19180.0,18080.0,18680.0,19180.0,18630.0,44292312.0,827520670470.0,2543.0
2026-07-12,18120.0,18120.0,18120.0,18120.0,18120.0,18680.0,1806270.0,32729612400.0,235.0
2026-07-13,17580.0,18660.0,17580.0,18190.0,18660.0,18120.0,28388732.0,516451792190.0,1665.0
2026-07-14,18020.0,18730.0,17650.0,18510.0,18730.0,18190.0,23238211.0,430162486040.0,1188.0
2026-07-15,19060.0,19060.0,19060.0,19060.0,19060.0,18510.0,3687529.0,70284302740.0,152.0
2026-07-18,18900.0,18900.0,18490.0,18530.0,18490.0,19060.0,5033239.0,93290143900.0,417.0
2026-07-25,17160.0,17660.0,16700.0,17210.0,17370.0,17680.0,14425596.0,248193231290.0,1099.0
2026-07-26,17670.0,17720.0,17670.0,17720.0,17720.0,17210.0,5471049.0,96942997680.0,222.0
2026-07-27,18240.0,18240.0,17190.0,17460.0,17190.0,17720.0,8941814.0,156088095100.0,1196.0
2026-07-28,16940.0,16940.0,16940.0,16940.0,16940.0,17460.0,5910527.0,100124327380.0,835.0
2026-07-29,16440.0,16440.0,16440.0,16440.0,16440.0,16940.0,3120155.0,51295348200.0,244.0
2026-08-01,15950.0,16930.0,15950.0,16350.0,16930.0,16440.0,17845424.0,291755758350.0,1246.0
2026-08-02,16840.0,16840.0,16840.0,16840.0,16840.0,16350.0,1126513.0,18970478920.0,64.0
2026-08-03,17340.0,17340.0,17300.0,17340.0,17340.0,16840.0,8728942.0,151354840170.0,431.0
2026-08-05,17850.0,17860.0,17330.0,17850.0,17860.0,17340.0,14410199.0,257181752980.0,905.0
2026-08-08,18380.0,18380.0,18370.0,18380.0,18380.0,17850.0,20899755.0,384134552280.0,775.0
2026-08-09,18850.0,18850.0,17830.0,17930.0,17830.0,18380.0,12842578.0,230295380650.0,847.0
2026-08-10,17400.0,17690.0,17400.0,17430.0,17400.0,17930.0,4845083.0,84448637000.0,558.0
2026-08-11,17430.0,17700.0,16910.0,17010.0,16980.0,17430.0,11571183.0,196779282050.0,1267.0
2026-08-15,16550.0,17500.0,16500.0,17150.0,17470.0,17010.0,3766182.0,64574759120.0,573.0
2026-08-16,17660.0,17660.0,17660.0,17660.0,17660.0,17150.0,2492440.0,44016490400.0,127.0
2026-08-17,18180.0,18180.0,18010.0,18180.0,18180.0,17660.0,3858075.0,70139270910.0,233.0
2026-08-18,18310.0,18310.0,17650.0,18020.0,17900.0,18180.0,5334948.0,96118097620.0,465.0
2026-08-19,18440.0,18440.0,17600.0,17920.0,17600.0,18020.0,4262324.0,76375367660.0,415.0
2026-08-22,18390.0,18450.0,18190.0,18390.0,18450.0,17920.0,2857515.0,52553963880.0,418.0
2026-08-23,18460.0,18930.0,17840.0,18060.0,17840.0,18390.0,6068793.0,109631603900.0,725.0
2026-08-24,17520.0,18490.0,17520.0,17730.0,17520.0,18060.0,4242172.0,75221540680.0,546.0
2026-08-25,18190.0,18190.0,17430.0,17750.0,17900.0,17730.0,5970803.0,105971181870.0,677.0
2026-08-26,18260.0,18280.0,17870.0,18230.0,18280.0,17750.0,2786525.0,50790705820.0,268.0
2026-08-29,18770.0,18770.0,17950.0,18390.0,18290.0,18230.0,10903395.0,200464308330.0,783.0
2026-08-31,17840.0,18240.0,17840.0,17850.0,17840.0,18390.0,6143565.0,109634205250.0,590.0
2026-09-01,17370.0,18370.0,17320.0,17790.0,17330.0,17850.0,9132726.0,162516448590.0,796.0
2026-09-02,17260.0,18000.0,17260.0,17300.0,17260.0,17790.0,3855258.0,66699553740.0,367.0
