date,open,high,low,close,last,yesterday,volume,value,trades
2016-08-14,5300.0,5300.0,5300.0,5300.0,5300.0,1000.0,7000000.0,37100000000.0,17653.0
2016-08-15,5565.0,5565.0,5565.0,5565.0,5565.0,5300.0,6810.0,37897650.0,34.0
2016-08-16,5843.0,5843.0,5843.0,5843.0,5843.0,5565.0,13205.0,77156815.0,66.0
2016-08-17,6135.0,6135.0,6135.0,6135.0,6135.0,5843.0,18463.0,113270505.0,101.0
2016-08-20,6441.0,6441.0,6441.0,6441.0,6441.0,6135.0,17431.0,112273071.0,95.0
2016-08-21,6763.0,6763.0,6763.0,6763.0,6763.0,6441.0,29862.0,201956706.0,142.0
2016-08-22,7101.0,7101.0,7101.0,7101.0,7101.0,6763.0,21926.0,155696526.0,120.0
2016-08-23,7456.0,7456.0,7456.0,7456.0,7456.0,7101.0,78355.0,584214880.0,147.0
2016-08-24,7828.0,7828.0,7828.0,7828.0,7828.0,7456.0,59245.0,463769860.0,201.0
2016-08-27,8219.0,8219.0,8219.0,8219.0,8219.0,7828.0,569103.0,4677457557.0,334.0
2016-08-28,8629.0,8629.0,8629.0,8629.0,8629.0,8219.0,163538.0,1411169402.0,479.0
2016-08-29,9060.0,9060.0,9060.0,9060.0,9060.0,8629.0,627401.0,5684253060.0,565.0
2016-08-30,9513.0,9513.0,9513.0,9513.0,9513.0,9060.0,458323.0,4360026699.0,1353.0
2016-08-31,9988.0,9988.0,9705.0,9962.0,9850.0,9513.0,7635660.0,76067586177.0,15201.0
2016-09-03,9464.0,9550.0,9464.0,9465.0,9464.0,9962.0,478210.0,4526144398.0,638.0
2016-09-04,8992.0,8992.0,8992.0,8992.0,8992.0,9465.0,257530.0,2315709760.0,125.0
2016-09-05,8543.0,8543.0,8543.0,8543.0,8543.0,8992.0,13050.0,111486150.0,23.0
2016-09-06,8470.0,8970.0,8460.0,8741.0,8970.0,8543.0,3071620.0,26849023317.0,6270.0
2016-09-07,8990.0,9170.0,8760.0,8979.0,8890.0,8741.0,921974.0,8277968674.0,1329.0
2016-09-10,8700.0,8750.0,8531.0,8555.0,8550.0,8979.0,1364767.0,11676009681.0,1060.0
2016-09-11,8661.0,8700.0,8462.0,8570.0,8500.0,8555.0,369441.0,3166094153.0,433.0
2016-09-13,8301.0,8649.0,8250.0,8459.0,8369.0,8570.0,682086.0,5769883103.0,556.0
2016-09-14,8400.0,8400.0,8037.0,8074.0,8037.0,8459.0,693539.0,5599868498.0,609.0
2016-09-17,7900.0,8350.0,7780.0,8096.0,8200.0,8074.0,435247.0,3523895492.0,474.0
2016-09-18,8380.0,8500.0,8336.0,8491.0,8500.0,8096.0,1299527.0,11033935203.0,699.0
2016-09-19,8700.0,8880.0,8500.0,8630.0,8537.0,8491.0,256020.0,2209435895.0,402.0
2016-09-21,8700.0,8700.0,8451.0,8548.0,8520.0,8630.0,249490.0,2132742490.0,403.0
2016-09-24,8670.0,8695.0,8550.0,8591.0,8552.0,8548.0,268410.0,2305812248.0,273.0
2016-09-25,8570.0,8600.0,8301.0,8420.0,8328.0,8591.0,352943.0,2971848052.0,297.0
2016-09-26,8311.0,8450.0,8311.0,8370.0,8350.0,8420.0,156248.0,1307772256.0,180.0
2016-09-27,8400.0,8468.0,8050.0,8162.0,8200.0,8370.0,393900.0,3214953875.0,310.0
2016-09-28,8190.0,8294.0,8000.0,8096.0,8050.0,8162.0,580746.0,4701689301.0,436.0
2016-10-01,8053.0,8280.0,8053.0,8123.0,8126.0,8096.0,567199.0,4607469701.0,334.0
2016-10-02,8101.0,8529.0,8100.0,8434.0,8529.0,8123.0,595178.0,5019506860.0,595.0
2016-10-03,8550.0,8800.0,8477.0,8666.0,8670.0,8434.0,614854.0,5328522082.0,575.0
2016-10-04,8670.0,8799.0,8233.0,8439.0,8420.0,8666.0,327808.0,2766445199.0,286.0
2016-10-05,8420.0,8448.0,8120.0,8226.0,8379.0,8439.0,253980.0,2089322969.0,290.0
2016-10-08,8379.0,8472.0,8151.0,8346.0,8289.0,8226.0,91485.0,763534144.0,151.0
2016-10-09,8224.0,8420.0,8161.0,8207.0,8170.0,8346.0,154807.0,1270492211.0,165.0
2016-10-10,8152.0,8500.0,8152.0,8379.0,8440.0,8207.0,194689.0,1631343318.0,259.0
2016-10-15,8405.0,8790.0,8379.0,8690.0,8701.0,8379.0,840139.0,7300535683.0,617.0
2016-10-16,8650.0,8792.0,8401.0,8574.0,8401.0,8690.0,203623.0,1745806758.0,199.0
2016-10-17,8252.0,8600.0,8252.0,8377.0,8300.0,8574.0,151206.0,1266632425.0,169.0
2016-10-18,8251.0,8500.0,8251.0,8340.0,8300.0,8377.0,333466.0,2781234191.0,257.0
2016-10-19,8475.0,8757.0,8300.0,8656.0,8757.0,8340.0,1001973.0,8673431006.0,674.0
2016-10-22,8780.0,9088.0,8780.0,9061.0,9088.0,8656.0,952748.0,8632677626.0,470.0
2016-10-23,9299.0,9389.0,8608.0,8861.0,8700.0,9061.0,640560.0,5676164178.0,416.0
2016-10-24,8693.0,9150.0,8693.0,9020.0,8996.0,8861.0,480774.0,4336776955.0,351.0
2016-10-25,9141.0,9141.0,8759.0,8907.0,8800.0,9020.0,299770.0,2670096593.0,283.0
2016-10-26,8621.0,8900.0,8600.0,8713.0,8650.0,8907.0,590571.0,5145695044.0,361.0
2016-10-29,8600.0,8851.0,8501.0,8672.0,8501.0,8713.0,186186.0,1614646786.0,172.0
2016-10-30,8505.0,8900.0,8505.0,8727.0,8650.0,8672.0,372942.0,3254511173.0,230.0
2016-10-31,8700.0,8750.0,8591.0,8660.0,8612.0,8727.0,307068.0,2659144735.0,215.0
2016-11-01,8700.0,8700.0,8400.0,8537.0,8411.0,8660.0,167901.0,1433400167.0,133.0
2016-11-02,8608.0,8608.0,8180.0,8319.0,8180.0,8537.0,268415.0,2232982060.0,218.0
2016-11-05,8499.0,8499.0,8103.0,8184.0,8120.0,8319.0,414374.0,3391067460.0,257.0
2016-11-06,8130.0,8393.0,8130.0,8296.0,8300.0,8184.0,81033.0,672210307.0,85.0
2016-11-07,8231.0,8710.0,8231.0,8491.0,8660.0,8296.0,332642.0,2824411064.0,225.0
2016-11-08,8360.0,8679.0,8360.0,8564.0,8510.0,8491.0,157426.0,1348119891.0,124.0
2016-11-09,8247.0,8520.0,8136.0,8162.0,8203.0,8564.0,382162.0,3119357645.0,209.0
2016-11-12,8430.0,8448.0,8150.0,8283.0,8150.0,8162.0,85857.0,711131959.0,77.0
2016-11-13,8357.0,8549.0,8163.0,8395.0,8433.0,8283.0,160363.0,1346255446.0,118.0
2016-11-14,8280.0,8790.0,8280.0,8640.0,8790.0,8395.0,539889.0,4664623235.0,350.0
2016-11-15,8797.0,8915.0,8700.0,8774.0,8780.0,8640.0,653753.0,5736124875.0,369.0
2016-11-16,8886.0,8886.0,8626.0,8779.0,8722.0,8774.0,184515.0,1619875343.0,157.0
2016-11-19,8640.0,8700.0,8370.0,8523.0,8440.0,8779.0,145634.0,1241285557.0,103.0
2016-11-21,8789.0,8789.0,8500.0,8629.0,8610.0,8523.0,120608.0,1040765422.0,73.0
2016-11-22,8697.0,8814.0,8610.0,8743.0,8633.0,8629.0,169872.0,1485273434.0,117.0
2016-11-23,8698.0,8700.0,8414.0,8563.0,8414.0,8743.0,104495.0,894805090.0,82.0
2016-11-26,8421.0,8539.0,8270.0,8388.0,8341.0,8563.0,127974.0,1073426654.0,115.0
2016-11-27,8262.0,8557.0,8262.0,8337.0,8300.0,8388.0,81504.0,679470886.0,64.0
2016-11-29,8421.0,8600.0,8267.0,8453.0,8311.0,8337.0,103536.0,875139004.0,69.0
2016-12-03,8410.0,8410.0,8130.0,8158.0,8162.0,8453.0,170130.0,1387838366.0,147.0
2016-12-04,8150.0,8448.0,8140.0,8173.0,8200.0,8158.0,211677.0,1729998818.0,120.0
2016-12-05,8270.0,8434.0,8201.0,8340.0,8226.0,8173.0,44765.0,373344756.0,52.0
2016-12-06,8240.0,8379.0,8162.0,8208.0,8190.0,8340.0,364177.0,2989163234.0,163.0
2016-12-07,8381.0,8381.0,8158.0,8177.0,8160.0,8208.0,188737.0,1543211553.0,111.0
2016-12-10,8163.0,8260.0,8160.0,8197.0,8249.0,8177.0,44869.0,367789125.0,42.0
2016-12-11,8210.0,8263.0,8120.0,8180.0,8170.0,8197.0,57232.0,468181578.0,54.0
2016-12-12,8101.0,8283.0,8091.0,8171.0,8091.0,8180.0,142117.0,1161265534.0,81.0
2016-12-13,8101.0,8210.0,7980.0,8038.0,8000.0,8171.0,205401.0,1651012782.0,114.0
2016-12-14,8065.0,8300.0,8020.0,8245.0,8278.0,8038.0,303236.0,2500212215.0,174.0
2016-12-18,8283.0,8400.0,8070.0,8207.0,8250.0,8245.0,100232.0,822634864.0,56.0
2016-12-19,8170.0,8190.0,8000.0,8042.0,8000.0,8207.0,118619.0,953941086.0,69.0
2016-12-20,7641.0,8219.0,7640.0,7781.0,7640.0,8042.0,285406.0,2220633611.0,131.0
2016-12-21,7992.0,8100.0,7700.0,7968.0,8100.0,7781.0,128394.0,1023054513.0,78.0
2016-12-24,8100.0,8100.0,7804.0,7955.0,7900.0,7968.0,27832.0,221392957.0,37.0
2016-12-25,7998.0,7998.0,7831.0,7877.0,7850.0,7955.0,39627.0,312144520.0,35.0
2016-12-26,7975.0,7975.0,7670.0,7713.0,7670.0,7877.0,29560.0,228001399.0,53.0
2016-12-27,7665.0,7790.0,7401.0,7500.0,7550.0,7713.0,134591.0,1009365252.0,99.0
2016-12-28,7600.0,7600.0,7300.0,7459.0,7470.0,7500.0,46249.0,344956236.0,57.0
2016-12-31,7470.0,7497.0,7300.0,7403.0,7350.0,7459.0,176394.0,1305876911.0,66.0
2017-01-01,7539.0,7540.0,7303.0,7381.0,7311.0,7403.0,196234.0,1448345847.0,100.0
2017-01-02,7484.0,7484.0,7200.0,7261.0,7210.0,7381.0,57554.0,417916522.0,53.0
2017-01-03,7440.0,7445.0,7285.0,7395.0,7433.0,7261.0,79940.0,591133043.0,55.0
2017-01-04,7300.0,7730.0,7300.0,7482.0,7499.0,7395.0,66365.0,496509855.0,40.0
2017-01-07,7402.0,7490.0,7152.0,7260.0,7410.0,7482.0,161902.0,1175362684.0,51.0
2017-01-08,7215.0,7388.0,7083.0,7312.0,7370.0,7260.0,75834.0,554503731.0,73.0
2017-01-09,7368.0,7368.0,7140.0,7250.0,7360.0,7312.0,40232.0,291666568.0,43.0
2017-01-11,7300.0,7358.0,7200.0,7298.0,7200.0,7250.0,22182.0,161881809.0,24.0
2017-01-14,7350.0,7662.0,7344.0,7510.0,7630.0,7298.0,105377.0,791344950.0,66.0
2017-01-15,7850.0,7880.0,7600.0,7780.0,7700.0,7510.0,74057.0,576150839.0,70.0
2017-01-16,7885.0,8043.0,7691.0,7855.0,7750.0,7780.0,55722.0,437685426.0,44.0
2017-01-17,7849.0,7849.0,7473.0,7539.0,7480.0,7855.0,29837.0,224947661.0,36.0
2017-01-18,7467.0,7468.0,7255.0,7381.0,7316.0,7539.0,18877.0,139330501.0,24.0
2017-01-21,7300.0,7563.0,7120.0,7203.0,7245.0,7381.0,200446.0,1443854241.0,99.0
2017-01-22,7380.0,7380.0,7065.0,7205.0,7330.0,7203.0,170688.0,1229777350.0,89.0
2017-01-23,7327.0,7400.0,7101.0,7275.0,7231.0,7205.0,62592.0,455353717.0,67.0
2017-01-24,7436.0,7637.0,7311.0,7476.0,7498.0,7275.0,34361.0,256889776.0,76.0
2017-01-25,7500.0,7849.0,7301.0,7709.0,7849.0,7476.0,302012.0,2328164186.0,178.0
2017-01-28,8094.0,8094.0,8094.0,8094.0,8094.0,7709.0,48181.0,389977014.0,38.0
2017-01-29,8498.0,8498.0,8498.0,8498.0,8498.0,8094.0,127544.0,1083868912.0,37.0
2017-01-30,8500.0,8720.0,8150.0,8487.0,8430.0,8498.0,1247564.0,10588015122.0,443.0
2017-01-31,8430.0,8589.0,8266.0,8464.0,8497.0,8487.0,279611.0,2366504296.0,206.0
2017-02-01,8569.0,8569.0,8250.0,8348.0,8256.0,8464.0,137147.0,1144911105.0,52.0
2017-02-04,8150.0,8163.0,7931.0,7991.0,7931.0,8348.0,237476.0,1897696969.0,123.0
2017-02-05,8048.0,8140.0,7842.0,7956.0,7842.0,7991.0,110992.0,883069713.0,72.0
2017-02-06,8100.0,8100.0,7803.0,7880.0,7987.0,7956.0,137183.0,1081026147.0,55.0
2017-02-07,8090.0,8098.0,7800.0,7878.0,8000.0,7880.0,194078.0,1528893514.0,72.0
2017-02-08,8050.0,8140.0,7485.0,7682.0,7750.0,7878.0,248511.0,1908948235.0,139.0
2017-02-11,7968.0,7970.0,7600.0,7768.0,7756.0,7682.0,268565.0,2086270892.0,156.0
2017-02-12,7889.0,7889.0,7552.0,7724.0,7600.0,7768.0,111238.0,859167313.0,64.0
2017-02-13,7849.0,7849.0,7603.0,7671.0,7660.0,7724.0,85181.0,653381582.0,71.0
2017-02-14,7660.0,7849.0,7660.0,7802.0,7849.0,7671.0,114677.0,894710977.0,92.0
2017-02-15,7900.0,8192.0,7752.0,8140.0,8192.0,7802.0,535962.0,4362562545.0,304.0
2017-02-18,8300.0,8540.0,8200.0,8469.0,8483.0,8140.0,381513.0,3230946111.0,238.0
2017-02-19,8454.0,8721.0,8046.0,8174.0,8065.0,8469.0,345491.0,2823929963.0,247.0
2017-02-20,8224.0,8224.0,8040.0,8122.0,8148.0,8174.0,55407.0,450037881.0,57.0
2017-02-21,8146.0,8520.0,8012.0,8338.0,8499.0,8122.0,563459.0,4698111025.0,311.0
2017-02-22,8450.0,8754.0,8450.0,8663.0,8750.0,8338.0,1141554.0,9889605221.0,660.0
2017-02-25,9011.0,9096.0,8821.0,9058.0,9096.0,8663.0,1194655.0,10820744277.0,562.0
2017-02-26,9160.0,9427.0,8900.0,9124.0,9000.0,9058.0,698938.0,6377163563.0,431.0
2017-02-27,8902.0,9100.0,8732.0,8930.0,8840.0,9124.0,235143.0,2099728505.0,211.0
2017-02-28,8833.0,8998.0,8668.0,8849.0,8967.0,8930.0,185714.0,1643301625.0,122.0
2017-03-01,8900.0,9291.0,8900.0,9225.0,9220.0,8849.0,902389.0,8324520603.0,469.0
2017-03-04,9340.0,9340.0,8764.0,8780.0,8899.0,9225.0,515887.0,4529333400.0,225.0
2017-03-05,8780.0,9000.0,8400.0,8553.0,8510.0,8780.0,283714.0,2426507652.0,192.0
2017-03-06,8800.0,8900.0,8570.0,8809.0,8714.0,8553.0,190233.0,1675813643.0,132.0
2017-03-07,8870.0,8891.0,8611.0,8808.0,8889.0,8809.0,220085.0,1938616833.0,110.0
2017-03-08,8899.0,8900.0,8405.0,8746.0,8541.0,8808.0,166029.0,1452089698.0,100.0
2017-03-11,8660.0,8700.0,8350.0,8486.0,8350.0,8746.0,146256.0,1241178929.0,113.0
2017-03-12,8350.0,8910.0,8350.0,8801.0,8910.0,8486.0,249366.0,2194773203.0,152.0
2017-03-13,9092.0,9238.0,9000.0,9165.0,9123.0,8801.0,583335.0,5346434743.0,258.0
2017-03-14,9232.0,9400.0,9115.0,9286.0,9290.0,9165.0,182081.0,1690854437.0,192.0
2017-03-15,9360.0,9360.0,8950.0,9021.0,8950.0,9286.0,97370.0,878358552.0,65.0
2017-03-18,9220.0,9220.0,8750.0,8909.0,9000.0,9021.0,128009.0,1140429919.0,56.0
2017-03-25,9132.0,9132.0,8720.0,8995.0,9002.0,8909.0,22851.0,205541749.0,49.0
2017-03-26,8871.0,9080.0,8763.0,8800.0,8781.0,8995.0,43888.0,386234677.0,52.0
2017-03-27,9029.0,9029.0,8770.0,8813.0,8773.0,8800.0,76742.0,676303098.0,59.0
2017-03-28,8750.0,8986.0,8750.0,8892.0,8950.0,8813.0,138318.0,1229974767.0,95.0
2017-03-29,8995.0,8995.0,8744.0,8790.0,8804.0,8892.0,113246.0,995469729.0,62.0
2017-04-03,8800.0,8940.0,8736.0,8788.0,8810.0,8790.0,43639.0,383482566.0,50.0
2017-04-04,8989.0,9000.0,8760.0,8891.0,8871.0,8788.0,127978.0,1137862922.0,110.0
2017-04-05,9190.0,9190.0,8870.0,9002.0,9020.0,8891.0,101278.0,911696599.0,49.0
2017-04-08,8833.0,9015.0,8800.0,8951.0,9000.0,9002.0,196479.0,1758724285.0,107.0
2017-04-09,9187.0,9225.0,9030.0,9149.0,9186.0,8951.0,755985.0,6916423649.0,319.0
2017-04-10,9210.0,9377.0,8950.0,9264.0,9340.0,9149.0,278854.0,2583370399.0,165.0
2017-04-12,9379.0,9727.0,9130.0,9537.0,9727.0,9264.0,644631.0,6147694988.0,238.0
2017-04-15,10000.0,10013.0,9800.0,9966.0,10013.0,9537.0,650650.0,6484095716.0,233.0
2017-04-16,10000.0,10464.0,10000.0,10421.0,10253.0,9966.0,752650.0,7843672067.0,265.0
2017-04-17,10150.0,10498.0,9900.0,9948.0,10050.0,10421.0,403679.0,4015808519.0,197.0
2017-04-18,10330.0,10330.0,9650.0,9797.0,9800.0,9948.0,91864.0,900084370.0,63.0
2017-04-19,9750.0,9999.0,9500.0,9706.0,9970.0,9797.0,269286.0,2613673585.0,137.0
2017-04-22,10190.0,10190.0,9900.0,10108.0,10143.0,9706.0,222762.0,2251577303.0,132.0
2017-04-23,10240.0,10240.0,9605.0,9753.0,9700.0,10108.0,147687.0,1440408782.0,114.0
2017-04-24,9450.0,10093.0,9412.0,9458.0,9460.0,9753.0,127274.0,1203774915.0,63.0
2017-04-26,9696.0,9899.0,9430.0,9632.0,9701.0,9458.0,308710.0,2973556626.0,152.0
2017-05-01,9700.0,10113.0,9700.0,10045.0,10107.0,9632.0,631407.0,6342616337.0,193.0
2017-05-02,10149.0,10430.0,9600.0,9978.0,9740.0,10045.0,180259.0,1798608345.0,89.0
2017-05-03,9999.0,9999.0,9541.0,9728.0,9968.0,9978.0,195114.0,1897975457.0,91.0
2017-05-06,9466.0,9829.0,9466.0,9730.0,9679.0,9728.0,83943.0,816737836.0,52.0
2017-05-07,9730.0,10085.0,9730.0,9913.0,9800.0,9730.0,309836.0,3071251374.0,146.0
2017-05-08,10350.0,10408.0,10150.0,10389.0,10408.0,9913.0,1167699.0,12131035312.0,429.0
2017-05-09,10520.0,10699.0,9870.0,10013.0,9870.0,10389.0,707711.0,7086039461.0,293.0
2017-05-10,10170.0,10170.0,9751.0,9922.0,10000.0,10013.0,84108.0,834544660.0,38.0
2017-05-13,9790.0,9950.0,9761.0,9823.0,9800.0,9922.0,108249.0,1063276142.0,35.0
2017-05-14,9823.0,10200.0,9772.0,9978.0,10000.0,9823.0,204179.0,2037324138.0,64.0
2017-05-15,10199.0,10200.0,9780.0,9956.0,9998.0,9978.0,476076.0,4739585869.0,97.0
2017-05-16,9801.0,9935.0,9600.0,9753.0,9650.0,9956.0,124718.0,1216416065.0,66.0
2017-05-17,9502.0,9989.0,9502.0,9760.0,9762.0,9753.0,112292.0,1096025240.0,42.0
2017-05-20,10188.0,10188.0,9550.0,9690.0,9610.0,9760.0,49631.0,480931343.0,47.0
2017-05-21,9519.0,9760.0,9517.0,9519.0,9760.0,9690.0,48588.0,462511107.0,19.0
2017-05-31,9500.0,9550.0,9381.0,9507.0,9550.0,9519.0,625375.0,5945703999.0,62.0
2017-06-03,9300.0,9467.0,9189.0,9350.0,9311.0,9507.0,317840.0,2971722480.0,125.0
2017-06-06,8922.0,9700.0,8922.0,9505.0,9461.0,9350.0,215069.0,2044127097.0,101.0
2017-06-07,9461.0,9685.0,9030.0,9256.0,9300.0,9505.0,103776.0,960540224.0,56.0
2017-06-10,9200.0,9466.0,8860.0,9125.0,8880.0,9256.0,168837.0,1540628020.0,46.0
2017-06-11,8900.0,9200.0,8820.0,8996.0,9176.0,9125.0,261751.0,2354697262.0,86.0
2017-06-12,9000.0,9200.0,9000.0,9123.0,9200.0,8996.0,327668.0,2989352472.0,107.0
2017-06-13,9297.0,9297.0,9000.0,9056.0,9200.0,9123.0,23956.0,216934000.0,7.0
2017-06-14,9000.0,9006.0,9000.0,9001.0,9000.0,9056.0,63332.0,570040683.0,28.0
2017-06-17,9451.0,9451.0,8606.0,9033.0,9000.0,9001.0,49382.0,446060876.0,12.0
2017-06-18,9299.0,9299.0,9000.0,9008.0,9000.0,9033.0,104770.0,943752411.0,16.0
2017-06-19,9249.0,9250.0,8990.0,9000.0,9000.0,9008.0,61582.0,554248544.0,26.0
2017-06-20,9000.0,9050.0,8999.0,9000.0,9000.0,9000.0,83477.0,751302215.0,15.0
2017-06-21,9000.0,9037.0,9000.0,9002.0,9000.0,9000.0,48775.0,439053150.0,30.0
2017-06-24,9200.0,9200.0,8678.0,9100.0,9000.0,9002.0,4558.0,41479900.0,7.0
2017-06-25,9000.0,9387.0,9000.0,9241.0,9335.0,9100.0,18677.0,172601962.0,30.0
2017-06-28,9387.0,9700.0,9387.0,9640.0,9700.0,9241.0,73875.0,712129473.0,52.0
2017-07-01,9718.0,10050.0,9450.0,9706.0,9500.0,9640.0,27088.0,262922650.0,28.0
2017-07-02,9788.0,9970.0,9221.0,9603.0,9300.0,9706.0,60670.0,582632337.0,42.0
2017-07-03,9455.0,9850.0,9455.0,9648.0,9770.0,9603.0,120748.0,1165017804.0,85.0
2017-07-04,9500.0,9769.0,9500.0,9667.0,9694.0,9648.0,33533.0,324173546.0,27.0
2017-07-05,9425.0,9425.0,9250.0,9322.0,9300.0,9667.0,21042.0,196144122.0,21.0
2017-07-08,9620.0,9693.0,9300.0,9474.0,9304.0,9322.0,103411.0,979719284.0,55.0
2017-07-09,9301.0,9560.0,9001.0,9098.0,9290.0,9474.0,351114.0,3194564400.0,122.0
2017-07-10,9390.0,9552.0,9390.0,9537.0,9552.0,9098.0,422341.0,4027938933.0,96.0
2017-07-11,9118.0,9250.0,9111.0,9155.0,9115.0,9537.0,14694.0,134525139.0,24.0
2017-07-12,9249.0,9553.0,9249.0,9490.0,9280.0,9155.0,27894.0,264703005.0,37.0
2017-07-23,9200.0,9200.0,9200.0,9034.0,9200.0,9010.0,3580.0,32936000.0,3.0
2017-07-24,9050.0,9060.0,9001.0,9045.0,9002.0,9034.0,28176.0,254861502.0,20.0
2017-07-25,9002.0,9100.0,8910.0,8998.0,8910.0,9045.0,58088.0,522675265.0,26.0
2017-07-26,9049.0,9049.0,8549.0,8685.0,8892.0,8998.0,129252.0,1122507279.0,40.0
2017-07-30,8700.0,9119.0,8700.0,9078.0,8835.0,8685.0,22684.0,205921302.0,32.0
2017-07-31,9020.0,9020.0,8900.0,8916.0,8900.0,9078.0,33600.0,299592000.0,14.0
2017-08-01,8916.0,8916.0,8915.0,8915.0,8915.0,8916.0,6029.0,53748825.0,8.0
2017-08-02,8712.0,9093.0,8712.0,9076.0,9069.0,8915.0,2100.0,19058749.0,11.0
2017-08-06,9000.0,9000.0,8999.0,9000.0,8999.0,9076.0,18000.0,161994000.0,3.0
2017-08-07,8550.0,8662.0,8550.0,8651.0,8650.0,9000.0,25721.0,222509810.0,20.0
2017-08-08,9030.0,9030.0,8610.0,8942.0,8610.0,8651.0,12598.0,112650456.0,18.0
2017-08-09,9078.0,9097.0,8495.0,8990.0,9090.0,8942.0,100193.0,900726790.0,57.0
2017-08-12,8571.0,9198.0,8552.0,9007.0,9001.0,8990.0,84458.0,760731162.0,59.0
2017-08-13,9120.0,9120.0,8901.0,9062.0,8905.0,9007.0,7095.0,64297325.0,7.0
2017-08-14,8683.0,9152.0,8682.0,9076.0,9133.0,9062.0,4426.0,40169800.0,16.0
2017-08-15,9110.0,9110.0,8763.0,8899.0,8900.0,9076.0,25222.0,224443648.0,13.0
2017-08-16,9105.0,9105.0,8709.0,8720.0,8725.0,8899.0,12785.0,111487030.0,11.0
2017-08-19,8367.0,8750.0,8367.0,8593.0,8750.0,8720.0,14311.0,122979808.0,14.0
2017-08-21,8988.0,8988.0,8502.0,8704.0,8950.0,8593.0,24188.0,210524181.0,17.0
2017-08-22,8340.0,9100.0,8340.0,8967.0,9000.0,8704.0,105066.0,942179216.0,75.0
2017-08-23,9320.0,9320.0,8651.0,9085.0,8810.0,8967.0,66408.0,603291259.0,48.0
2017-08-26,8773.0,8950.0,8631.0,8663.0,8631.0,9085.0,169636.0,1469620594.0,61.0
2017-08-27,8555.0,8777.0,8550.0,8716.0,8700.0,8663.0,24597.0,214379041.0,31.0
2017-08-28,8590.0,8731.0,8352.0,8468.0,8352.0,8716.0,40932.0,346611973.0,65.0
2017-08-29,8400.0,8678.0,8400.0,8429.0,8659.0,8468.0,17776.0,149835258.0,33.0
2017-08-30,8053.0,8560.0,8053.0,8338.0,8493.0,8429.0,22032.0,183694887.0,32.0
2017-09-02,8600.0,8600.0,8350.0,8456.0,8530.0,8338.0,9176.0,77589660.0,16.0
2017-09-03,8540.0,8540.0,8061.0,8150.0,8110.0,8456.0,39340.0,320636392.0,34.0
2017-09-04,8101.0,8280.0,8050.0,8097.0,8050.0,8150.0,53949.0,436836441.0,56.0
2017-09-06,8466.0,8466.0,7693.0,7818.0,7914.0,8097.0,22260.0,174033320.0,21.0
2017-09-10,8198.0,8198.0,7428.0,7530.0,7621.0,7818.0,160563.0,1209075442.0,102.0
2017-09-11,7172.0,7700.0,7172.0,7493.0,7326.0,7530.0,31801.0,238280520.0,38.0
2017-09-12,7331.0,7867.0,7331.0,7648.0,7853.0,7493.0,59771.0,457134125.0,65.0
2017-09-13,7500.0,8030.0,7500.0,7957.0,8030.0,7648.0,65169.0,518527979.0,79.0
2017-09-16,8036.0,8198.0,7900.0,8121.0,8190.0,7957.0,17943.0,145707756.0,44.0
2017-09-17,8200.0,8200.0,8000.0,8150.0,8183.0,8121.0,60121.0,489981933.0,26.0
2017-09-18,7865.0,8350.0,7865.0,8030.0,8150.0,8150.0,22619.0,181624125.0,31.0
2017-09-19,8100.0,8190.0,7771.0,8082.0,8100.0,8030.0,23419.0,189261436.0,54.0
2017-09-20,8000.0,8100.0,8000.0,8034.0,8100.0,8082.0,1526.0,12260500.0,3.0
2017-09-23,8200.0,8200.0,7900.0,8024.0,8199.0,8034.0,8344.0,66952875.0,16.0
2017-09-24,8199.0,8199.0,8060.0,8169.0,8195.0,8024.0,2764.0,22578078.0,12.0
2017-09-25,8101.0,8199.0,8011.0,8099.0,8186.0,8169.0,21516.0,174256849.0,29.0
2017-09-26,8199.0,8199.0,8150.0,8193.0,8191.0,8099.0,9462.0,77525050.0,16.0
2017-09-27,8250.0,8500.0,8200.0,8348.0,8485.0,8193.0,79752.0,665785024.0,70.0
2017-10-02,8733.0,8733.0,8005.0,8374.0,8497.0,8348.0,10413.0,87203031.0,15.0
2017-10-03,8100.0,8299.0,8002.0,8084.0,8193.0,8374.0,17372.0,140441713.0,35.0
2017-10-04,8441.0,8441.0,7712.0,8156.0,7712.0,8084.0,15890.0,129598499.0,34.0
2017-10-07,8349.0,8349.0,8000.0,8117.0,8250.0,8156.0,6655.0,54017261.0,19.0
2017-10-08,7806.0,7806.0,7712.0,7728.0,7712.0,8117.0,40824.0,315498683.0,32.0
2017-10-09,8114.0,8114.0,7900.0,8078.0,7900.0,7728.0,16258.0,131335660.0,16.0
2017-10-10,7821.0,8290.0,7821.0,7999.0,7830.0,8078.0,12770.0,102143900.0,28.0
2017-10-11,8050.0,8289.0,7900.0,7933.0,7900.0,7999.0,16950.0,134459477.0,10.0
2017-10-14,8006.0,8205.0,7537.0,7633.0,7580.0,7933.0,106444.0,812528229.0,38.0
2017-10-15,7899.0,8012.0,7760.0,7844.0,8007.0,7633.0,10484.0,82237181.0,26.0
2017-10-16,8000.0,8199.0,7845.0,8034.0,7915.0,7844.0,27566.0,221478383.0,38.0
2017-10-17,7850.0,8330.0,7850.0,8149.0,8104.0,8034.0,57073.0,465077058.0,45.0
2017-10-18,8150.0,8333.0,8000.0,8041.0,8011.0,8149.0,50549.0,406443380.0,49.0
2017-10-21,8300.0,8386.0,8102.0,8293.0,8337.0,8041.0,15372.0,127476879.0,34.0
2017-10-22,8436.0,8436.0,8200.0,8368.0,8425.0,8293.0,29674.0,248306805.0,28.0
2017-10-23,8509.0,8699.0,8390.0,8521.0,8639.0,8368.0,50914.0,433845390.0,52.0
2017-10-24,8670.0,8670.0,8430.0,8620.0,8597.0,8521.0,12598.0,108600129.0,15.0
2017-10-25,8512.0,8698.0,8511.0,8623.0,8620.0,8620.0,55188.0,475882062.0,40.0
2017-10-28,8678.0,8678.0,8401.0,8612.0,8450.0,8623.0,45942.0,395647627.0,24.0
2017-10-29,8678.0,8678.0,8500.0,8548.0,8589.0,8612.0,16595.0,141853082.0,13.0
2017-10-30,8521.0,8750.0,8521.0,8649.0,8560.0,8548.0,82831.0,716369025.0,44.0
2017-10-31,8700.0,8975.0,8649.0,8840.0,8975.0,8649.0,154697.0,1367523209.0,34.0
2017-11-01,9000.0,9280.0,8905.0,9157.0,9078.0,8840.0,144019.0,1318740406.0,52.0
2017-11-04,9250.0,9350.0,8801.0,9189.0,9039.0,9157.0,244872.0,2250084480.0,56.0
2017-11-05,9017.0,9017.0,8750.0,8784.0,8888.0,9189.0,18734.0,164557032.0,20.0
2017-11-06,8990.0,8990.0,8660.0,8745.0,8979.0,8784.0,4415.0,38626610.0,11.0
2017-11-07,8979.0,8982.0,8730.0,8811.0,8745.0,8745.0,27077.0,238584680.0,23.0
2017-11-08,8770.0,9050.0,8770.0,8835.0,9028.0,8811.0,21061.0,186073375.0,22.0
2017-11-11,9039.0,9039.0,8775.0,8812.0,8775.0,8835.0,20263.0,178555367.0,10.0
2017-11-12,8820.0,9046.0,8700.0,8904.0,8888.0,8812.0,103320.0,919950109.0,44.0
2017-11-13,8952.0,9032.0,8650.0,8968.0,9011.0,8904.0,9403.0,84323748.0,13.0
2017-11-14,8720.0,9020.0,8720.0,8910.0,8901.0,8968.0,5061.0,45092949.0,14.0
2017-11-15,8801.0,8950.0,8553.0,8902.0,8950.0,8910.0,14418.0,128351854.0,16.0
2017-11-18,8950.0,9045.0,8920.0,8968.0,8989.0,8902.0,158118.0,1417980680.0,28.0
2017-11-20,8800.0,9044.0,8800.0,8916.0,8924.0,8968.0,115625.0,1030916401.0,21.0
2017-11-21,8800.0,9100.0,8800.0,8995.0,9028.0,8916.0,80312.0,722439773.0,46.0
2017-11-22,8899.0,9145.0,8899.0,8978.0,9051.0,8995.0,173369.0,1556441253.0,21.0
2017-11-25,8870.0,9148.0,8870.0,9051.0,9069.0,8978.0,254890.0,2306928735.0,30.0
2017-11-26,8910.0,8910.0,8800.0,8871.0,8820.0,9051.0,6155.0,54599000.0,9.0
2017-11-29,8750.0,8751.0,8429.0,8541.0,8450.0,8871.0,12344.0,105433827.0,20.0
2017-12-02,8949.0,8964.0,8949.0,8956.0,8964.0,8541.0,11105.0,99452025.0,6.0
2017-12-03,8899.0,8899.0,8509.0,8574.0,8510.0,8956.0,21515.0,184475710.0,24.0
2017-12-09,8799.0,8950.0,8461.0,8655.0,8500.0,8574.0,33339.0,288551631.0,9.0
2017-12-10,8400.0,8589.0,8251.0,8378.0,8589.0,8655.0,12640.0,105897618.0,17.0
2017-12-12,8500.0,8590.0,8255.0,8422.0,8360.0,8378.0,79081.0,666011693.0,24.0
2017-12-13,8360.0,8360.0,8251.0,8281.0,8251.0,8422.0,550.0,4554400.0,3.0
2017-12-16,8100.0,8100.0,7900.0,7953.0,8000.0,8281.0,47754.0,379789736.0,19.0
2017-12-17,8200.0,8297.0,8000.0,8049.0,8254.0,7953.0,52212.0,420259082.0,28.0
2017-12-18,7701.0,8324.0,7701.0,7823.0,8000.0,8049.0,61200.0,478781685.0,29.0
2017-12-19,7800.0,8050.0,7752.0,7872.0,7993.0,7823.0,9686.0,76243840.0,16.0
2017-12-20,7771.0,8185.0,7771.0,7868.0,8185.0,7872.0,1304.0,10259240.0,2.0
2017-12-23,8160.0,8160.0,8000.0,8123.0,8139.0,7868.0,43743.0,355330408.0,20.0
2017-12-24,8130.0,8159.0,8130.0,8144.0,8159.0,8123.0,260.0,2117570.0,2.0
2017-12-25,8130.0,8130.0,7853.0,7864.0,7860.0,8144.0,32200.0,253211362.0,17.0
2017-12-26,8000.0,8100.0,7882.0,8028.0,8000.0,7864.0,150949.0,1211803586.0,31.0
2017-12-27,8000.0,8000.0,7999.0,7999.0,7999.0,8028.0,10370.0,82950000.0,6.0
2017-12-31,7830.0,7830.0,7606.0,7732.0,7700.0,7999.0,14208.0,109862998.0,19.0
2018-01-01,8080.0,8080.0,7610.0,8010.0,8077.0,7732.0,6201.0,49672828.0,18.0
2018-01-02,8075.0,8410.0,8020.0,8232.0,8400.0,8010.0,78621.0,647179842.0,54.0
2018-01-03,8643.0,8643.0,8320.0,8519.0,8450.0,8232.0,94279.0,803125557.0,72.0
2018-01-06,8559.0,8560.0,8130.0,8265.0,8440.0,8519.0,44528.0,368018824.0,35.0
2018-01-07,8101.0,8429.0,8101.0,8120.0,8102.0,8265.0,26270.0,213314687.0,19.0
2018-01-08,8150.0,8150.0,8150.0,8150.0,8150.0,8120.0,9593.0,78182950.0,11.0
2018-01-09,8150.0,8230.0,7821.0,8073.0,7821.0,8150.0,22197.0,179185580.0,28.0
2018-01-10,8200.0,8200.0,7875.0,8016.0,7901.0,8073.0,6239.0,50010030.0,9.0
2018-01-13,8000.0,8017.0,7901.0,7978.0,7901.0,8016.0,66176.0,527972919.0,26.0
2018-01-14,8050.0,8125.0,7925.0,8029.0,7930.0,7978.0,72243.0,580056853.0,27.0
2018-01-15,7811.0,8130.0,7810.0,7919.0,8130.0,8029.0,22674.0,179549770.0,11.0
2018-01-16,8000.0,8250.0,8000.0,8112.0,8250.0,7919.0,28033.0,227406899.0,36.0
2018-01-17,8110.0,8235.0,8100.0,8128.0,8100.0,8112.0,37951.0,308451777.0,36.0
2018-01-20,8001.0,8294.0,7810.0,8098.0,8000.0,8128.0,46413.0,375856805.0,41.0
2018-01-21,8000.0,8250.0,8000.0,8018.0,8000.0,8098.0,43015.0,344892494.0,31.0
2018-01-22,7960.0,7990.0,7830.0,7878.0,7990.0,8018.0,44492.0,350496823.0,38.0
2018-01-23,7994.0,8000.0,7690.0,7789.0,7970.0,7878.0,180241.0,1403842709.0,110.0
2018-01-24,7990.0,8178.0,7872.0,8143.0,8178.0,7789.0,232654.0,1894575303.0,86.0
2018-01-27,8245.0,8480.0,8000.0,8280.0,8170.0,8143.0,30667.0,253912836.0,39.0
2018-01-28,8135.0,8238.0,8000.0,8031.0,8031.0,8280.0,36005.0,289163223.0,30.0
2018-01-29,8031.0,8050.0,7950.0,7974.0,7950.0,8031.0,24302.0,193787172.0,29.0
2018-01-30,7960.0,7960.0,7762.0,7787.0,8000.0,7974.0,55631.0,433214493.0,29.0
2018-01-31,7785.0,8100.0,7785.0,8044.0,8090.0,7786.0,6773.0,54481910.0,11.0
2018-02-03,7878.0,7950.0,7718.0,7809.0,7950.0,8044.0,14677.0,114613163.0,11.0
2018-02-04,7800.0,7999.0,7800.0,7826.0,7901.0,7809.0,11188.0,87556672.0,14.0
2018-02-05,7739.0,7900.0,7435.0,7549.0,7700.0,7826.0,255698.0,1930263343.0,169.0
2018-02-06,7335.0,7585.0,7335.0,7407.0,7584.0,7549.0,74822.0,554218206.0,59.0
2018-02-07,7364.0,7768.0,7364.0,7598.0,7600.0,7407.0,73042.0,554991552.0,109.0
2018-02-10,7577.0,7600.0,7422.0,7498.0,7457.0,7598.0,16785.0,125855447.0,22.0
2018-02-12,7365.0,7686.0,7365.0,7465.0,7579.0,7498.0,19362.0,144531480.0,26.0
2018-02-13,7200.0,7768.0,7200.0,7501.0,7339.0,7465.0,105322.0,790063628.0,60.0
2018-02-14,7860.0,7860.0,7230.0,7768.0,7780.0,7501.0,35653.0,276957564.0,39.0
2018-02-17,7633.0,7633.0,7550.0,7618.0,7550.0,7768.0,50056.0,381324746.0,18.0
2018-02-18,7590.0,7617.0,7240.0,7466.0,7423.0,7618.0,101102.0,754870242.0,31.0
2018-02-19,7305.0,7530.0,7305.0,7485.0,7500.0,7466.0,4150.0,31061706.0,10.0
2018-02-21,7350.0,7480.0,7301.0,7319.0,7308.0,7485.0,110831.0,811145045.0,61.0
2018-02-24,7262.0,7584.0,7200.0,7269.0,7340.0,7319.0,25665.0,186558199.0,21.0
2018-02-25,7205.0,7501.0,7205.0,7469.0,7402.0,7269.0,14304.0,106835203.0,16.0
2018-02-26,7400.0,7566.0,7400.0,7469.0,7400.0,7469.0,13061.0,97548261.0,10.0
2018-02-27,7400.0,7470.0,7310.0,7320.0,7310.0,7469.0,40907.0,299457680.0,13.0
2018-02-28,7225.0,7486.0,7200.0,7315.0,7434.0,7320.0,22864.0,167249242.0,39.0
2018-03-03,7420.0,7446.0,7350.0,7440.0,7430.0,7315.0,11694.0,87007190.0,19.0
2018-03-04,7440.0,7440.0,7150.0,7254.0,7347.0,7440.0,35603.0,258271573.0,46.0
2018-03-05,7300.0,7376.0,7201.0,7267.0,7300.0,7254.0,47842.0,347677495.0,18.0
2018-03-06,7391.0,7392.0,7102.0,7162.0,7243.0,7267.0,37360.0,267572415.0,27.0
2018-03-07,7269.0,7270.0,6880.0,7075.0,7167.0,7162.0,44713.0,316335022.0,34.0
2018-03-10,7290.0,7310.0,7082.0,7108.0,7273.0,7075.0,19138.0,136041668.0,24.0
2018-03-11,7396.0,7396.0,6855.0,7057.0,7100.0,7108.0,27232.0,192177342.0,38.0
2018-03-12,7174.0,7174.0,6801.0,7055.0,7003.0,7057.0,10584.0,74670022.0,19.0
2018-03-13,6790.0,7389.0,6790.0,7086.0,7100.0,7055.0,12078.0,85583072.0,21.0
2018-03-14,7099.0,7200.0,6900.0,6938.0,6900.0,7086.0,41481.0,287792350.0,34.0
2018-03-17,7255.0,7284.0,7010.0,7245.0,7283.0,6938.0,29642.0,214752409.0,46.0
2018-03-18,7380.0,7498.0,7000.0,7248.0,7200.0,7245.0,114055.0,826637979.0,83.0
2018-03-19,7470.0,7610.0,7300.0,7514.0,7525.0,7248.0,65528.0,492399362.0,61.0
2018-03-26,7200.0,7540.0,7161.0,7309.0,7300.0,7514.0,16895.0,123479319.0,18.0
2018-03-27,7488.0,7488.0,7200.0,7238.0,7200.0,7309.0,1150.0,8323200.0,2.0
2018-03-28,7446.0,7446.0,7200.0,7390.0,7200.0,7238.0,2000.0,14779200.0,4.0
2018-04-03,7390.0,7390.0,7021.0,7074.0,7100.0,7390.0,180982.0,1280308583.0,133.0
2018-04-04,7174.0,7174.0,7000.0,7024.0,7150.0,7074.0,15887.0,111585163.0,65.0
2018-04-07,7130.0,7152.0,6963.0,7028.0,7120.0,7024.0,8642.0,60738560.0,27.0
2018-04-08,6944.0,7130.0,6801.0,6825.0,6801.0,7028.0,18233.0,124445019.0,41.0
2018-04-09,6940.0,6990.0,6484.0,6544.0,6484.0,6825.0,75214.0,492170558.0,95.0
2018-04-10,6800.0,6855.0,6350.0,6724.0,6770.0,6544.0,3077.0,20690088.0,28.0
2018-04-11,6871.0,6871.0,6388.0,6508.0,6388.0,6724.0,38910.0,253220556.0,111.0
2018-04-15,6388.0,6390.0,6186.0,6213.0,6190.0,6508.0,16949.0,105306463.0,33.0
2018-04-16,6183.0,6183.0,6000.0,6088.0,6000.0,6213.0,4932.0,30025316.0,9.0
2018-04-17,5903.0,6000.0,5784.0,5831.0,5805.0,6088.0,49344.0,287739629.0,80.0
2018-04-18,5601.0,5845.0,5600.0,5754.0,5845.0,5831.0,30428.0,175068768.0,51.0
2018-04-21,5626.0,6041.0,5626.0,6029.0,6041.0,5754.0,32293.0,194710389.0,67.0
2018-04-22,6121.0,6330.0,6010.0,6311.0,6330.0,6029.0,44784.0,282652194.0,64.0
2018-04-23,6330.0,6392.0,6040.0,6329.0,6350.0,6311.0,14618.0,92517072.0,29.0
2018-04-24,6350.0,6369.0,6100.0,6231.0,6181.0,6329.0,11585.0,72182214.0,58.0
2018-04-25,6111.0,6180.0,6056.0,6115.0,6110.0,6231.0,4581.0,28011624.0,26.0
2018-04-28,6299.0,6299.0,6015.0,6162.0,6034.0,6115.0,5641.0,34758640.0,12.0
2018-04-29,6200.0,6260.0,6065.0,6127.0,6090.0,6162.0,3127.0,19158130.0,7.0
2018-04-30,6040.0,6040.0,5821.0,5873.0,5821.0,6127.0,33668.0,197732405.0,41.0
2018-05-01,6050.0,6126.0,5800.0,5915.0,5800.0,5873.0,5890.0,34841337.0,15.0
2018-05-05,5812.0,5812.0,5620.0,5657.0,5620.0,5915.0,63105.0,357006164.0,43.0
2018-05-06,5540.0,5540.0,5375.0,5391.0,5375.0,5657.0,60838.0,328007385.0,50.0
2018-05-07,5131.0,5399.0,5122.0,5147.0,5225.0,5391.0,132899.0,684005389.0,89.0
2018-05-08,5398.0,5404.0,5398.0,5404.0,5404.0,5147.0,26659.0,144057138.0,31.0
2018-05-09,5411.0,5411.0,5134.0,5191.0,5160.0,5404.0,35546.0,184507216.0,39.0
2018-05-12,5165.0,5449.0,5001.0,5338.0,5235.0,5191.0,8860.0,47296011.0,29.0
2018-05-13,5594.0,5604.0,5296.0,5600.0,5604.0,5338.0,75104.0,420604782.0,23.0
2018-05-14,5646.0,5880.0,5646.0,5879.0,5880.0,5600.0,71936.0,422920949.0,48.0
2018-05-15,6000.0,6171.0,5789.0,5935.0,6049.0,5879.0,19255.0,114283719.0,28.0
2018-05-16,5718.0,6068.0,5718.0,5934.0,5765.0,5935.0,32635.0,193664019.0,37.0
2018-05-19,5850.0,6000.0,5850.0,5952.0,6000.0,5934.0,52097.0,310068303.0,32.0
2018-05-20,6097.0,6097.0,5880.0,6006.0,6000.0,5952.0,13703.0,82301060.0,8.0
2018-05-21,6099.0,6099.0,5900.0,6032.0,6049.0,6006.0,10462.0,63108033.0,14.0
2018-05-22,6095.0,6096.0,5776.0,5821.0,5790.0,6032.0,16933.0,98559549.0,15.0
2018-05-23,5776.0,5890.0,5776.0,5780.0,5776.0,5821.0,12829.0,74152655.0,18.0
2018-05-26,5800.0,5940.0,5755.0,5822.0,5792.0,5780.0,5681.0,33072735.0,11.0
2018-05-27,5940.0,6113.0,5740.0,6062.0,6113.0,5822.0,97741.0,592537585.0,72.0
2018-05-28,6329.0,6329.0,5850.0,6200.0,6060.0,6062.0,48098.0,298217790.0,24.0
2018-05-29,6010.0,6010.0,5911.0,5936.0,5950.0,6200.0,15234.0,90432085.0,10.0
2018-05-30,5900.0,5998.0,5890.0,5970.0,5890.0,5936.0,6916.0,41285558.0,5.0
2018-06-02,5793.0,5950.0,5770.0,5793.0,5804.0,5970.0,26045.0,150875393.0,19.0
2018-06-03,5759.0,5950.0,5700.0,5740.0,5773.0,5793.0,69012.0,396098894.0,61.0
2018-06-09,5997.0,6000.0,5881.0,5968.0,5886.0,5740.0,39801.0,237550122.0,29.0
2018-06-10,6000.0,6050.0,5900.0,6027.0,5907.0,5968.0,62429.0,376230318.0,50.0
2018-06-11,6000.0,6000.0,5778.0,5867.0,5958.0,6027.0,92116.0,540462599.0,58.0
2018-06-18,5320.0,5320.0,5320.0,5320.0,5320.0,5067.0,10686.0,56849520.0,8.0
2018-06-19,5586.0,5586.0,5586.0,5586.0,5586.0,5320.0,10012.0,55927032.0,8.0
2018-06-20,5865.0,5865.0,5700.0,5863.0,5865.0,5586.0,120753.0,707989107.0,39.0
2018-06-23,6147.0,6149.0,5918.0,5964.0,5920.0,5863.0,208803.0,1245315176.0,68.0
2018-06-24,5742.0,6250.0,5742.0,6072.0,6122.0,5964.0,149680.0,908914881.0,50.0
2018-06-25,6270.0,6375.0,6270.0,6373.0,6375.0,6072.0,161889.0,1031663924.0,89.0
2018-06-26,6370.0,6370.0,6100.0,6103.0,6110.0,6373.0,32276.0,196973600.0,26.0
2018-06-27,6100.0,6100.0,6000.0,6052.0,6000.0,6103.0,13352.0,80804523.0,14.0
2018-06-30,6248.0,6344.0,6150.0,6214.0,6160.0,6052.0,45184.0,280758839.0,23.0
2018-07-01,6003.0,6010.0,5961.0,5988.0,6000.0,6214.0,37564.0,224933404.0,18.0
2018-07-02,5800.0,6100.0,5701.0,5922.0,6078.0,5988.0,5532.0,32763046.0,13.0
2018-07-03,5950.0,6050.0,5950.0,5986.0,6050.0,5922.0,26045.0,155904758.0,26.0
2018-07-04,5801.0,6000.0,5801.0,5830.0,5900.0,5986.0,20853.0,121575544.0,18.0
2018-07-07,5822.0,6090.0,5822.0,6060.0,5999.0,5830.0,6617.0,40101007.0,8.0
2018-07-08,5902.0,5960.0,5850.0,5897.0,5850.0,6060.0,9070.0,53489000.0,12.0
2018-07-10,5688.0,5688.0,5603.0,5628.0,5603.0,5897.0,89770.0,505254019.0,76.0
2018-07-11,5539.0,5540.0,5347.0,5409.0,5389.0,5628.0,55920.0,302464206.0,60.0
2018-07-14,5503.0,5679.0,5503.0,5675.0,5679.0,5409.0,14687.0,83354673.0,18.0
2018-07-15,5899.0,5930.0,5770.0,5874.0,5891.0,5675.0,42831.0,251583119.0,31.0
2018-07-16,5958.0,5958.0,5603.0,5659.0,5650.0,5874.0,13559.0,76727823.0,21.0
2018-07-17,5560.0,5938.0,5560.0,5645.0,5619.0,5659.0,10801.0,60976460.0,6.0
2018-07-18,5880.0,5700.0,5487.0,5664.0,5700.0,5645.0,8729.0,49436741.0,9.0
2018-07-21,5501.0,5887.0,5480.0,5664.0,5547.0,5664.0,16920.0,95841524.0,16.0
2018-07-23,5788.0,5788.0,5462.0,5499.0,5462.0,5664.0,3499.0,19240990.0,13.0
2018-07-24,5490.0,5648.0,5444.0,5461.0,5444.0,5499.0,7469.0,40791795.0,11.0
2018-07-25,5600.0,5600.0,5453.0,5543.0,5550.0,5461.0,25700.0,142467197.0,28.0
2018-07-28,5799.0,5820.0,5735.0,5806.0,5820.0,5543.0,88265.0,512470306.0,56.0
2018-07-29,6086.0,6086.0,5806.0,5985.0,5806.0,5806.0,100096.0,599064000.0,52.0
2018-07-30,5712.0,6020.0,5702.0,5747.0,5820.0,5985.0,50611.0,290882562.0,33.0
2018-07-31,5900.0,6034.0,5900.0,6003.0,6034.0,5747.0,46477.0,278999101.0,29.0
2018-08-01,6090.0,6150.0,5703.0,5755.0,5704.0,6003.0,86546.0,498069039.0,49.0
2018-08-04,5999.0,5999.0,5756.0,5861.0,5780.0,5755.0,28245.0,165531848.0,23.0
2018-08-05,5810.0,5855.0,5700.0,5814.0,5840.0,5861.0,22759.0,132314086.0,20.0
2018-08-06,5800.0,5800.0,5650.0,5670.0,5650.0,5814.0,11591.0,65724704.0,12.0
2018-08-07,5790.0,5800.0,5444.0,5492.0,5560.0,5670.0,15778.0,86657170.0,11.0
2018-08-08,5400.0,5729.0,5331.0,5558.0,5720.0,5492.0,94502.0,525284456.0,61.0
2018-08-11,5602.0,5835.0,5602.0,5831.0,5835.0,5558.0,179101.0,1044412598.0,52.0
2018-08-12,5845.0,6010.0,5802.0,5888.0,5830.0,5831.0,63890.0,376154029.0,29.0
2018-08-13,5710.0,5800.0,5710.0,5756.0,5730.0,5888.0,14352.0,82612853.0,9.0
2018-08-14,5652.0,5743.0,5630.0,5663.0,5660.0,5756.0,38969.0,220696562.0,20.0
2018-08-15,5660.0,5750.0,5620.0,5639.0,5625.0,5663.0,87175.0,491613412.0,42.0
2018-08-18,5800.0,5920.0,5800.0,5910.0,5920.0,5639.0,118164.0,698313160.0,61.0
2018-08-19,5941.0,6150.0,5941.0,6087.0,6090.0,5910.0,120893.0,735824450.0,51.0
2018-08-21,6390.0,6391.0,6100.0,6326.0,6360.0,6087.0,72018.0,455610816.0,38.0
2018-08-25,6150.0,6642.0,6150.0,6492.0,6642.0,6326.0,205346.0,1333169345.0,104.0
2018-08-26,6816.0,6816.0,6810.0,6816.0,6816.0,6492.0,89995.0,613386930.0,44.0
2018-08-27,7155.0,7155.0,6860.0,7052.0,7100.0,6816.0,213071.0,1502522918.0,64.0
2018-08-28,7320.0,7320.0,6750.0,6944.0,7000.0,7052.0,107490.0,746391941.0,55.0
2018-08-29,7050.0,7050.0,6611.0,6786.0,6869.0,6944.0,40840.0,277142633.0,28.0
2018-09-01,6453.0,7118.0,6453.0,6929.0,7000.0,6786.0,116001.0,803791146.0,76.0
2018-09-02,6800.0,6900.0,6672.0,6751.0,6900.0,6929.0,48257.0,325789884.0,20.0
2018-09-03,7085.0,7088.0,6751.0,6821.0,7088.0,6751.0,1261896.0,8607227728.0,146.0
2018-09-04,7162.0,7162.0,7162.0,7162.0,7162.0,6821.0,1007477.0,7215550274.0,51.0
2018-09-05,7520.0,7520.0,7520.0,7520.0,7520.0,7162.0,19502.0,146655040.0,7.0
2018-09-08,7896.0,7896.0,7896.0,7896.0,7896.0,7520.0,1526939.0,12056710344.0,75.0
2018-09-09,8200.0,8200.0,8000.0,8200.0,8000.0,7896.0,329672.0,2703283200.0,27.0
2018-09-10,7998.0,8397.0,7599.0,8324.0,8397.0,8200.0,3234345.0,26923872747.0,255.0
2018-09-11,8740.0,8740.0,8250.0,8689.0,8740.0,8324.0,568149.0,4936739744.0,124.0
2018-09-12,9100.0,9119.0,8350.0,8601.0,8400.0,8689.0,627254.0,5394997834.0,170.0
2018-09-15,8890.0,8890.0,8171.0,8346.0,8171.0,8601.0,398253.0,3323821821.0,171.0
2018-09-16,8320.0,8380.0,7930.0,8080.0,8034.0,8346.0,239559.0,1935637977.0,104.0
2018-09-17,8389.0,8389.0,7955.0,8237.0,8191.0,8080.0,213493.0,1758623323.0,87.0
2018-09-18,8375.0,8375.0,8120.0,8230.0,8370.0,8237.0,170340.0,1401914072.0,80.0
2018-09-22,8200.0,8640.0,8200.0,8557.0,8626.0,8230.0,116522.0,997021880.0,99.0
2018-09-23,8640.0,8890.0,8510.0,8732.0,8700.0,8557.0,259398.0,2264953843.0,103.0
2018-09-24,8501.0,8820.0,8501.0,8677.0,8651.0,8732.0,114401.0,992673333.0,90.0
2018-10-08,3802.0,3992.0,3614.0,3906.0,3992.0,3559.0,297423.0,1161715093.0,83.0
2018-10-09,4101.0,4101.0,4101.0,4101.0,4101.0,3906.0,21407.0,87790107.0,3.0
2018-10-24,4306.0,4521.0,4306.0,4398.0,4521.0,4101.0,177456.0,780456681.0,89.0
2018-10-27,4617.0,4617.0,4360.0,4570.0,4365.0,4398.0,1753583.0,8014371479.0,369.0
2018-10-28,4342.0,4590.0,4342.0,4396.0,4342.0,4570.0,97459.0,428455172.0,54.0
2018-10-29,4177.0,4490.0,4177.0,4196.0,4177.0,4396.0,1097289.0,4604138559.0,230.0
2018-10-31,4050.0,4210.0,4050.0,4166.0,4190.0,4196.0,728996.0,3037232756.0,131.0
2018-11-03,4211.0,4332.0,4100.0,4255.0,4325.0,4166.0,179834.0,765176971.0,101.0
2018-11-04,4467.0,4467.0,4412.0,4465.0,4467.0,4255.0,2310078.0,10314076877.0,463.0
2018-11-05,4243.0,4568.0,4242.0,4363.0,4350.0,4465.0,719212.0,3137649713.0,215.0
2018-11-06,4390.0,4390.0,4165.0,4219.0,4195.0,4363.0,269249.0,1135932134.0,131.0
2018-11-10,4150.0,4380.0,4010.0,4115.0,4150.0,4219.0,430087.0,1769607806.0,163.0
2018-11-11,4005.0,4220.0,4005.0,4049.0,4100.0,4115.0,88684.0,359098838.0,51.0
2018-11-12,4100.0,4140.0,4010.0,4073.0,4140.0,4049.0,273751.0,1114882589.0,110.0
2018-11-13,4200.0,4276.0,4200.0,4259.0,4276.0,4073.0,251679.0,1071886086.0,75.0
2018-11-14,4400.0,4444.0,4151.0,4373.0,4399.0,4259.0,548614.0,2399177056.0,201.0
2018-11-17,4539.0,4539.0,4160.0,4330.0,4210.0,4373.0,201414.0,872117126.0,117.0
2018-11-18,4300.0,4300.0,4114.0,4135.0,4114.0,4330.0,200710.0,829932506.0,60.0
2018-11-19,4070.0,4290.0,4070.0,4156.0,4141.0,4135.0,165823.0,689082564.0,82.0
2018-11-20,4141.0,4141.0,3950.0,4000.0,4060.0,4156.0,285024.0,1139984953.0,110.0
2018-11-21,4150.0,4150.0,4100.0,4119.0,4100.0,4000.0,72739.0,299627445.0,33.0
2018-11-24,4155.0,4195.0,3916.0,4033.0,4016.0,4119.0,210855.0,850430979.0,93.0
2018-11-26,4149.0,4149.0,3832.0,3885.0,3861.0,4033.0,1438715.0,5588896667.0,209.0
2018-11-27,3861.0,4079.0,3861.0,4010.0,4030.0,3885.0,536371.0,2150651808.0,138.0
2018-11-28,4050.0,4145.0,3831.0,3936.0,3925.0,4010.0,385542.0,1517614128.0,87.0
2018-12-01,3831.0,3850.0,3740.0,3750.0,3740.0,3936.0,366335.0,1373670053.0,103.0
2018-12-02,3755.0,3915.0,3750.0,3773.0,3780.0,3750.0,297075.0,1120784459.0,68.0
2018-12-03,3885.0,3889.0,3801.0,3838.0,3835.0,3773.0,115896.0,444830452.0,57.0
2018-12-04,3835.0,3837.0,3681.0,3768.0,3770.0,3838.0,140934.0,530992111.0,81.0
2018-12-05,3770.0,3783.0,3681.0,3727.0,3681.0,3768.0,135595.0,505373772.0,71.0
2018-12-08,3867.0,3900.0,3790.0,3824.0,3866.0,3727.0,214446.0,820112887.0,112.0
2018-12-09,3940.0,3940.0,3633.0,3669.0,3750.0,3824.0,941885.0,3455635270.0,218.0
2018-12-10,3663.0,3780.0,3661.0,3700.0,3666.0,3669.0,723938.0,2678326318.0,135.0
2018-12-12,3885.0,3885.0,3790.0,3820.0,3800.0,3700.0,336142.0,1283918341.0,98.0
2018-12-15,3844.0,3879.0,3629.0,3735.0,3751.0,3820.0,468766.0,1750855032.0,117.0
2018-12-16,3650.0,3748.0,3588.0,3675.0,3658.0,3735.0,214490.0,788185490.0,58.0
2018-12-17,3615.0,3858.0,3614.0,3801.0,3858.0,3675.0,338149.0,1285201813.0,100.0
2018-12-18,3900.0,3991.0,3881.0,3952.0,3991.0,3801.0,279798.0,1105771847.0,78.0
2018-12-19,4149.0,4149.0,3950.0,4119.0,4070.0,3952.0,1308252.0,5388657718.0,305.0
2018-12-22,4100.0,4100.0,3921.0,4042.0,4010.0,4119.0,416022.0,1681538061.0,169.0
2018-12-23,3922.0,4100.0,3900.0,3999.0,4000.0,4042.0,275632.0,1102251613.0,147.0
2018-12-24,4100.0,4150.0,3931.0,4030.0,3931.0,3999.0,287880.0,1160128929.0,155.0
2018-12-25,4110.0,4110.0,3930.0,4012.0,4030.0,4030.0,461647.0,1851930783.0,125.0
2018-12-26,4070.0,4070.0,3910.0,3963.0,3941.0,4012.0,398114.0,1577864852.0,136.0
2018-12-29,3901.0,4048.0,3901.0,4001.0,4015.0,3963.0,180990.0,724205621.0,70.0
2018-12-30,4000.0,4088.0,4000.0,4072.0,4088.0,4001.0,114491.0,466171927.0,109.0
2018-12-31,4011.0,4090.0,4005.0,4045.0,4068.0,4072.0,49371.0,199704741.0,51.0
2019-01-01,4087.0,4161.0,4000.0,4075.0,4119.0,4045.0,406516.0,1656385049.0,167.0
2019-01-02,4119.0,4278.0,4119.0,4261.0,4278.0,4075.0,1097658.0,4676876117.0,235.0
2019-01-05,4468.0,4468.0,4226.0,4321.0,4262.0,4261.0,468830.0,2025614108.0,170.0
2019-01-06,4241.0,4499.0,4240.0,4410.0,4440.0,4321.0,262920.0,1159414897.0,139.0
2019-01-07,4499.0,4537.0,4331.0,4477.0,4470.0,4410.0,192669.0,862543454.0,140.0
2019-01-08,4449.0,4450.0,4254.0,4296.0,4299.0,4477.0,338046.0,1452181967.0,141.0
2019-01-09,4082.0,4450.0,4082.0,4305.0,4399.0,4296.0,452581.0,1948210987.0,139.0
2019-01-12,4470.0,4520.0,4460.0,4515.0,4520.0,4305.0,208941.0,943395980.0,58.0
2019-01-13,4740.0,4740.0,4740.0,4740.0,4740.0,4515.0,199177.0,944098980.0,21.0
2019-01-14,4900.0,4977.0,4762.0,4896.0,4819.0,4740.0,1121442.0,5490064276.0,250.0
2019-01-15,4895.0,4895.0,4652.0,4793.0,4700.0,4896.0,354105.0,1697370803.0,138.0
2019-01-16,4652.0,4652.0,4554.0,4565.0,4605.0,4793.0,1076012.0,4912018436.0,287.0
2019-01-19,4404.0,4700.0,4404.0,4644.0,4660.0,4565.0,403229.0,1872789175.0,130.0
2019-01-20,4673.0,4724.0,4560.0,4609.0,4600.0,4644.0,266893.0,1230156830.0,92.0
2019-01-21,4380.0,4450.0,4379.0,4388.0,4379.0,4609.0,434438.0,1906243575.0,107.0
2019-01-22,4171.0,4600.0,4171.0,4445.0,4449.0,4388.0,129009.0,573479821.0,61.0
2019-01-23,4405.0,4556.0,4403.0,4482.0,4470.0,4445.0,169734.0,760827687.0,81.0
2019-01-26,4485.0,4706.0,4485.0,4666.0,4611.0,4482.0,423425.0,1975671904.0,182.0
2019-01-27,4550.0,4749.0,4500.0,4541.0,4505.0,4666.0,119909.0,544539650.0,81.0
2019-01-28,4450.0,4564.0,4420.0,4455.0,4450.0,4541.0,85029.0,378833079.0,79.0
2019-01-29,4459.0,4600.0,4233.0,4439.0,4233.0,4455.0,138329.0,613996808.0,59.0
2019-01-30,4228.0,4499.0,4227.0,4297.0,4281.0,4439.0,132171.0,567978368.0,42.0
2019-02-02,4261.0,4346.0,4173.0,4276.0,4317.0,4297.0,143798.0,614815645.0,52.0
2019-02-03,4330.0,4330.0,4152.0,4213.0,4210.0,4276.0,126880.0,534602553.0,69.0
2019-02-04,4320.0,4418.0,4191.0,4262.0,4230.0,4213.0,164965.0,703063260.0,72.0
2019-02-05,4200.0,4347.0,4200.0,4309.0,4329.0,4262.0,177219.0,763653254.0,61.0
2019-02-06,4250.0,4338.0,4230.0,4299.0,4300.0,4309.0,175167.0,753071908.0,57.0
2019-02-10,4256.0,4513.0,4256.0,4500.0,4513.0,4299.0,771055.0,3469671957.0,149.0
2019-02-12,4540.0,4660.0,4470.0,4545.0,4554.0,4500.0,261643.0,1189163026.0,104.0
2019-02-13,4491.0,4545.0,4325.0,4455.0,4490.0,4545.0,111628.0,497252297.0,50.0
2019-02-16,4370.0,4500.0,4350.0,4392.0,4356.0,4455.0,128035.0,562304773.0,70.0
2019-02-17,4322.0,4369.0,4260.0,4315.0,4300.0,4392.0,162763.0,702249520.0,62.0
2019-02-18,4360.0,4488.0,4200.0,4396.0,4351.0,4315.0,102780.0,451781890.0,57.0
2019-02-19,4361.0,4598.0,4360.0,4508.0,4519.0,4396.0,257390.0,1160304684.0,126.0
2019-02-20,4695.0,4695.0,4430.0,4519.0,4430.0,4508.0,168503.0,761539393.0,79.0
2019-02-23,4405.0,4500.0,4294.0,4369.0,4345.0,4519.0,306305.0,1338303385.0,107.0
2019-02-24,4479.0,4479.0,4313.0,4339.0,4323.0,4369.0,183125.0,794504455.0,87.0
2019-02-25,4467.0,4467.0,4339.0,4402.0,4352.0,4339.0,154727.0,681141128.0,55.0
2019-02-26,4300.0,4591.0,4260.0,4489.0,4500.0,4402.0,278713.0,1251257114.0,127.0
2019-02-27,4685.0,4685.0,4560.0,4617.0,4640.0,4489.0,264564.0,1221573801.0,98.0
2019-03-02,4660.0,4768.0,4660.0,4680.0,4708.0,4617.0,400695.0,1875407763.0,120.0
2019-03-03,4720.0,4914.0,4690.0,4820.0,4914.0,4680.0,504999.0,2434281920.0,204.0
2019-03-04,5030.0,5061.0,4942.0,5037.0,5061.0,4820.0,278650.0,1403509336.0,94.0
2019-03-05,5288.0,5288.0,5288.0,5288.0,5288.0,5037.0,217684.0,1151112992.0,26.0
2019-03-06,5552.0,5552.0,5400.0,5544.0,5552.0,5288.0,1782718.0,9883825447.0,234.0
2019-03-09,5821.0,5821.0,5460.0,5754.0,5821.0,5544.0,1552793.0,8934476509.0,370.0
2019-03-10,5999.0,6041.0,5822.0,6023.0,6041.0,5754.0,554275.0,3338273347.0,146.0
2019-03-11,6324.0,6324.0,6154.0,6317.0,6324.0,6023.0,304821.0,1925498106.0,72.0
2019-03-12,6632.0,6632.0,6405.0,6628.0,6630.0,6317.0,1432116.0,9492696203.0,259.0
2019-03-13,6396.0,6500.0,6297.0,6309.0,6297.0,6628.0,839632.0,5296887937.0,239.0
2019-03-16,5994.0,5994.0,5695.0,5765.0,5695.0,6309.0,1353289.0,7802176605.0,272.0
2019-03-17,5551.0,5844.0,5502.0,5595.0,5710.0,5765.0,1149981.0,6433765788.0,413.0
2019-03-18,5650.0,5874.0,5650.0,5864.0,5874.0,5595.0,572475.0,3356876950.0,162.0
2019-03-19,5995.0,6157.0,5995.0,6146.0,6157.0,5864.0,348898.0,2144456253.0,154.0
2019-03-25,6164.0,6453.0,6164.0,6404.0,6453.0,6146.0,201549.0,1290743149.0,62.0
2019-03-26,6724.0,6724.0,6724.0,6724.0,6724.0,6404.0,11709.0,78731316.0,19.0
2019-03-27,7060.0,7060.0,6800.0,7001.0,7060.0,6724.0,2344538.0,16414793425.0,455.0
2019-03-30,7351.0,7351.0,7351.0,7351.0,7351.0,7001.0,51396.0,377811996.0,45.0
2019-03-31,7718.0,7718.0,7718.0,7718.0,7718.0,7351.0,731045.0,5642205310.0,111.0
2019-04-06,8103.0,8103.0,8103.0,8103.0,8103.0,7718.0,22304.0,180729312.0,15.0
2019-04-07,8508.0,8508.0,7698.0,8408.0,8507.0,8103.0,1807663.0,15199306198.0,621.0
2019-04-08,8800.0,8800.0,8800.0,8800.0,8800.0,8408.0,111380.0,980144000.0,16.0
2019-04-10,9240.0,9240.0,9201.0,9240.0,9240.0,8800.0,593525.0,5483921800.0,121.0
2019-04-13,9400.0,9702.0,9000.0,9562.0,9677.0,9240.0,2170569.0,20755117826.0,589.0
2019-04-14,9887.0,9887.0,9084.0,9218.0,9084.0,9562.0,537483.0,4954613162.0,342.0
2019-04-15,8758.0,9200.0,8758.0,8866.0,8758.0,9218.0,1723537.0,15281400075.0,576.0
2019-04-16,8423.0,8555.0,8423.0,8425.0,8423.0,8866.0,1277366.0,10761598391.0,319.0
2019-04-17,8004.0,8339.0,8004.0,8009.0,8004.0,8425.0,749237.0,6000761676.0,224.0
2019-04-20,7622.0,8409.0,7622.0,8328.0,8409.0,8009.0,381592.0,3177862655.0,153.0
2019-04-22,8744.0,8744.0,8478.0,8720.0,8744.0,8328.0,1242988.0,10838814168.0,284.0
2019-04-23,9156.0,9156.0,8700.0,9017.0,8960.0,8720.0,754291.0,6801443431.0,321.0
2019-04-24,8900.0,8950.0,8567.0,8638.0,8567.0,9017.0,513516.0,4435709596.0,320.0
2019-04-27,8566.0,8838.0,8207.0,8374.0,8553.0,8638.0,693956.0,5811177541.0,439.0
2019-04-28,8760.0,8760.0,8450.0,8593.0,8627.0,8374.0,141947.0,1219804395.0,87.0
2019-04-29,8700.0,8700.0,8501.0,8591.0,8510.0,8593.0,254067.0,2182763412.0,194.0
2019-04-30,8740.0,8740.0,8220.0,8438.0,8320.0,8591.0,232693.0,1963523951.0,166.0
2019-05-01,8172.0,8477.0,8171.0,8320.0,8344.0,8438.0,396023.0,3295071729.0,202.0
2019-05-04,8345.0,8736.0,8345.0,8721.0,8736.0,8320.0,570377.0,4974161536.0,250.0
2019-05-05,8500.0,9000.0,8400.0,8673.0,8449.0,8721.0,360218.0,3124349338.0,192.0
2019-05-06,8880.0,8880.0,8240.0,8328.0,8395.0,8673.0,339408.0,2826742066.0,163.0
2019-05-07,8020.0,8315.0,7912.0,7943.0,7912.0,8328.0,268851.0,2135454604.0,151.0
2019-05-12,7950.0,8347.0,7950.0,8232.0,8347.0,7943.0,90898.0,748300084.0,36.0
2019-05-13,8638.0,8638.0,8350.0,8562.0,8570.0,8232.0,657279.0,5627418599.0,227.0
2019-05-14,8897.0,8990.0,8803.0,8911.0,8990.0,8562.0,1061878.0,9462474151.0,281.0
2019-05-15,9356.0,9356.0,8466.0,9139.0,9356.0,8911.0,1153104.0,10538135447.0,407.0
2019-05-18,9595.0,9595.0,9340.0,9565.0,9595.0,9139.0,629146.0,6017800490.0,272.0
2019-05-19,10042.0,10042.0,9202.0,9636.0,9270.0,9565.0,378910.0,3651319670.0,211.0
2019-05-20,9300.0,9300.0,9155.0,9162.0,9155.0,9636.0,630690.0,5778095398.0,192.0
2019-05-21,9100.0,9490.0,9080.0,9210.0,9122.0,9162.0,203798.0,1876932789.0,123.0
2019-05-22,9130.0,9480.0,8801.0,9052.0,9000.0,9210.0,246257.0,2229197818.0,115.0
2019-05-25,8900.0,8900.0,8800.0,8852.0,8821.0,9052.0,136787.0,1210808851.0,83.0
2019-05-26,8701.0,9000.0,8701.0,8814.0,8850.0,8852.0,330673.0,2914451059.0,162.0
2019-05-28,8850.0,9100.0,8850.0,8995.0,8951.0,8814.0,387249.0,3483322941.0,149.0
2019-05-29,9009.0,9009.0,8546.0,8570.0,8546.0,8995.0,986755.0,8456350722.0,407.0
2019-06-01,8398.0,8495.0,8142.0,8268.0,8396.0,8570.0,1108442.0,9164737546.0,375.0
2019-06-02,8501.0,8681.0,8501.0,8670.0,8681.0,8268.0,998184.0,8654466272.0,362.0
2019-06-03,8632.0,8750.0,8561.0,8612.0,8575.0,8670.0,489033.0,4211544347.0,237.0
2019-06-08,8301.0,8764.0,8301.0,8658.0,8660.0,8612.0,287966.0,2493135177.0,169.0
2019-06-09,8730.0,9051.0,8602.0,8894.0,9045.0,8658.0,737965.0,6563692493.0,296.0
2019-06-10,9330.0,9338.0,9163.0,9318.0,9338.0,8894.0,518749.0,4833499930.0,231.0
2019-06-11,9300.0,9300.0,8901.0,9151.0,9160.0,9318.0,661041.0,6048968154.0,277.0
2019-06-12,9160.0,9200.0,8750.0,8895.0,8772.0,9151.0,717742.0,6384260056.0,314.0
2019-06-15,8801.0,9180.0,8696.0,8851.0,9050.0,8895.0,328217.0,2905141003.0,145.0
2019-06-16,9070.0,9099.0,8750.0,8955.0,8900.0,8851.0,495012.0,4433044892.0,236.0
2019-06-17,8998.0,8998.0,8530.0,8622.0,8649.0,8955.0,405518.0,3496520010.0,195.0
2019-06-18,8985.0,8985.0,8451.0,8535.0,8560.0,8622.0,364847.0,3113797712.0,163.0
2019-06-19,8880.0,8880.0,8300.0,8399.0,8668.0,8535.0,223573.0,1877831217.0,136.0
2019-06-22,8749.0,8749.0,8020.0,8333.0,8331.0,8399.0,296179.0,2468193740.0,95.0
2019-06-23,8690.0,8690.0,8353.0,8477.0,8418.0,8333.0,165361.0,1401785324.0,114.0
2019-06-24,8744.0,8744.0,8400.0,8579.0,8500.0,8477.0,418361.0,3588955030.0,161.0
2019-06-25,8520.0,8550.0,8370.0,8427.0,8480.0,8579.0,291008.0,2452304446.0,131.0
2019-06-26,8700.0,8700.0,8102.0,8381.0,8350.0,8427.0,597983.0,5011622191.0,248.0
2019-06-30,8210.0,8481.0,8160.0,8231.0,8180.0,8381.0,598706.0,4927776271.0,260.0
2019-07-01,8400.0,8410.0,8170.0,8235.0,8257.0,8231.0,650994.0,5360933458.0,200.0
2019-07-02,8259.0,8646.0,8259.0,8450.0,8646.0,8235.0,1416095.0,11965578449.0,571.0
2019-07-09,8000.0,8137.0,8000.0,8122.0,8137.0,7750.0,199036.0,1616510163.0,50.0
2019-07-10,8528.0,8528.0,8139.0,8525.0,8528.0,8122.0,1259672.0,10738595480.0,263.0
2019-07-13,8949.0,8949.0,8600.0,8719.0,8755.0,8525.0,1000313.0,8722110394.0,368.0
2019-07-14,8890.0,8890.0,8373.0,8576.0,8480.0,8719.0,573255.0,4916058693.0,310.0
2019-07-15,8700.0,8700.0,8400.0,8535.0,8411.0,8576.0,610787.0,5213270919.0,306.0
2019-07-16,8559.0,8559.0,8109.0,8131.0,8109.0,8535.0,922953.0,7504369404.0,450.0
2019-07-17,8000.0,8450.0,7726.0,8227.0,8350.0,8131.0,450172.0,3703508221.0,246.0
2019-07-20,8440.0,8638.0,8251.0,8567.0,8638.0,8227.0,1054859.0,9037465612.0,392.0
2019-07-21,8900.0,8978.0,8560.0,8854.0,8706.0,8567.0,1015879.0,8995016881.0,657.0
2019-07-22,8959.0,9170.0,8500.0,8781.0,8540.0,8854.0,714769.0,6276430259.0,452.0
2019-07-23,8700.0,8700.0,8400.0,8476.0,8591.0,8781.0,281533.0,2386241769.0,227.0
2019-07-24,8700.0,8899.0,8669.0,8854.0,8899.0,8476.0,1306418.0,11567544604.0,388.0
2019-07-27,9100.0,9140.0,8415.0,8914.0,8925.0,8854.0,795568.0,7091978161.0,406.0
2019-07-28,9085.0,9085.0,8550.0,8717.0,8700.0,8914.0,543972.0,4741798795.0,277.0
2019-07-29,8630.0,8698.0,8401.0,8475.0,8690.0,8717.0,643846.0,5456830129.0,288.0
2019-07-30,8359.0,8898.0,8359.0,8869.0,8898.0,8475.0,922449.0,8181211874.0,277.0
2019-07-31,9312.0,9312.0,9289.0,9310.0,9312.0,8869.0,1924179.0,17913166394.0,474.0
2019-08-03,9775.0,9775.0,9408.0,9654.0,9530.0,9310.0,1133241.0,10939842257.0,490.0
2019-08-04,9985.0,10136.0,9312.0,9805.0,10136.0,9654.0,2461803.0,24138951567.0,701.0
2019-08-05,10295.0,10295.0,10295.0,10295.0,10295.0,9805.0,206080.0,2121593600.0,66.0
2019-08-06,10809.0,10809.0,10205.0,10690.0,10809.0,10295.0,1657019.0,17713682709.0,681.0
2019-08-07,11210.0,11210.0,10157.0,10772.0,10669.0,10690.0,983484.0,10593860696.0,463.0
2019-08-10,11289.0,11289.0,10500.0,10661.0,10590.0,10772.0,745716.0,7949744936.0,354.0
2019-08-11,10800.0,10800.0,10402.0,10461.0,10420.0,10661.0,815411.0,8530088074.0,351.0
2019-08-13,10431.0,10431.0,9938.0,10037.0,10140.0,10461.0,1560687.0,15665247174.0,899.0
2019-08-14,10150.0,10538.0,10150.0,10405.0,10538.0,10037.0,693569.0,7216910324.0,416.0
2019-08-17,10538.0,10889.0,10011.0,10487.0,10320.0,10405.0,350001.0,3670496726.0,278.0
2019-08-18,10675.0,10675.0,9999.0,10100.0,10400.0,10487.0,962240.0,9718321428.0,435.0
2019-08-19,10549.0,10549.0,10104.0,10360.0,10399.0,10100.0,493979.0,5117758287.0,277.0
2019-08-21,10500.0,10807.0,10371.0,10628.0,10493.0,10360.0,737790.0,7841284041.0,335.0
2019-08-24,10879.0,10900.0,10493.0,10646.0,10601.0,10628.0,1153934.0,12284219518.0,530.0
2019-08-25,10800.0,10800.0,10114.0,10382.0,10550.0,10646.0,807749.0,8385683482.0,398.0
2019-08-26,10113.0,10849.0,10113.0,10675.0,10700.0,10382.0,1586996.0,16941424934.0,428.0
2019-08-27,10800.0,11208.0,10798.0,11119.0,11208.0,10675.0,1723631.0,19164549054.0,350.0
2019-08-28,11600.0,11674.0,10777.0,11505.0,11674.0,11119.0,930141.0,10701111948.0,299.0
2019-08-31,12080.0,12080.0,12080.0,12080.0,12080.0,11505.0,80222.0,969081760.0,56.0
2019-09-01,12684.0,12684.0,12684.0,12684.0,12684.0,12080.0,63615.0,806892660.0,42.0
2019-09-02,13318.0,13318.0,12500.0,13198.0,13318.0,12684.0,4222359.0,55726952491.0,683.0
2019-09-03,13688.0,13857.0,13300.0,13727.0,13857.0,13198.0,1220012.0,16747060169.0,317.0
2019-09-04,14380.0,14413.0,13880.0,14383.0,14413.0,13727.0,514430.0,7399252759.0,213.0
2019-09-07,15102.0,15102.0,15102.0,15102.0,15102.0,14383.0,449957.0,6795250614.0,78.0
2019-09-08,15857.0,15857.0,15857.0,15857.0,15857.0,15102.0,4602.0,72973914.0,7.0
2019-09-14,16649.0,17481.0,16649.0,17354.0,17481.0,15857.0,2172245.0,37696133312.0,500.0
2019-09-15,18221.0,18221.0,17000.0,18012.0,17900.0,17354.0,3145595.0,56658688736.0,1218.0
2019-09-16,18580.0,18912.0,18034.0,18683.0,18912.0,18012.0,1223966.0,22867925193.0,327.0
2019-09-17,19617.0,19617.0,19617.0,19617.0,19617.0,18683.0,181689.0,3564193113.0,66.0
2019-09-18,20597.0,20597.0,20000.0,20588.0,20597.0,19617.0,2055415.0,42316920606.0,500.0
2019-09-21,21617.0,21617.0,21616.0,21617.0,21617.0,20588.0,1099948.0,23777573335.0,275.0
2019-09-22,22690.0,22697.0,22500.0,22681.0,22697.0,21617.0,1492155.0,33843966937.0,379.0
2019-09-23,23815.0,23815.0,23750.0,23815.0,23815.0,22681.0,933705.0,22236161900.0,328.0
2019-09-24,25005.0,25005.0,25000.0,25005.0,25005.0,23815.0,1961479.0,49046774475.0,497.0
2019-10-01,16150.0,16150.0,16150.0,16150.0,16150.0,15403.0,184798.0,2984487700.0,82.0
2019-10-02,16957.0,16957.0,16355.0,16909.0,16957.0,16150.0,1054997.0,17838991593.0,300.0
2019-10-05,17754.0,17754.0,17754.0,17754.0,17754.0,16909.0,18167.0,322536918.0,21.0
2019-10-06,18641.0,18641.0,18641.0,18641.0,18641.0,17754.0,7385.0,137663785.0,12.0
2019-10-07,19573.0,19573.0,19573.0,19573.0,19573.0,18641.0,22457.0,439550861.0,27.0
2019-10-08,20551.0,20551.0,18595.0,20144.0,20551.0,19573.0,5785963.0,116554654179.0,1867.0
2019-10-09,21150.0,21151.0,20200.0,21065.0,21151.0,20144.0,1390853.0,29298519063.0,517.0
2019-10-12,22118.0,22118.0,22118.0,22118.0,22118.0,21065.0,79847.0,1766055946.0,43.0
2019-10-13,23223.0,23223.0,23223.0,23223.0,23223.0,22118.0,35906.0,833845038.0,46.0
2019-10-14,24384.0,24384.0,24384.0,24384.0,24384.0,23223.0,11920.0,290657280.0,15.0
2019-10-15,23165.0,23165.0,22007.0,22432.0,22007.0,24384.0,224197.0,5029077083.0,201.0
2019-10-16,21311.0,21311.0,21311.0,21311.0,21311.0,22432.0,35504.0,756625744.0,81.0
2019-10-20,20246.0,20246.0,20246.0,20246.0,20246.0,21311.0,23613.0,478068798.0,32.0
2019-10-21,19234.0,19234.0,19234.0,19234.0,19234.0,20246.0,2495.0,47988830.0,17.0
2019-10-22,18273.0,19234.0,18273.0,18418.0,18273.0,19234.0,3615659.0,66592832116.0,1359.0
2019-10-23,17498.0,17900.0,17498.0,17498.0,17498.0,18418.0,1072939.0,18774702976.0,272.0
2019-10-26,16624.0,17380.0,16624.0,16696.0,16806.0,17498.0,1659842.0,27712962762.0,508.0
2019-10-28,16900.0,17530.0,16900.0,17429.0,17530.0,16696.0,276803.0,4824323162.0,121.0
2019-10-30,18300.0,18300.0,18300.0,18300.0,18300.0,17429.0,67269.0,1231022700.0,49.0
2019-11-02,19000.0,19215.0,17979.0,19065.0,19215.0,18300.0,2859550.0,54516869502.0,1312.0
2019-11-03,19220.0,19980.0,18112.0,19092.0,18296.0,19065.0,1254513.0,23950767544.0,1043.0
2019-11-04,18138.0,18500.0,18138.0,18152.0,18138.0,19092.0,286989.0,5209285342.0,198.0
2019-11-05,17245.0,17899.0,17245.0,17312.0,17245.0,18152.0,1367032.0,23666327837.0,668.0
2019-11-09,17849.0,17849.0,16500.0,17286.0,16970.0,17312.0,1021920.0,17664699910.0,661.0
2019-11-10,16550.0,16901.0,16422.0,16458.0,16422.0,17286.0,1034362.0,17023378394.0,577.0
2019-11-11,15701.0,17280.0,15701.0,17022.0,17280.0,16458.0,859904.0,14636896833.0,477.0
2019-11-12,17870.0,17870.0,16500.0,17255.0,16879.0,17022.0,972001.0,16771824877.0,822.0
2019-11-13,16951.0,18115.0,16610.0,17604.0,17950.0,17255.0,1366571.0,24056723110.0,775.0
2019-11-16,18460.0,18481.0,17951.0,18284.0,18155.0,17604.0,660501.0,12076690971.0,579.0
2019-11-17,18000.0,18000.0,17370.0,17379.0,17370.0,18284.0,451343.0,7843734508.0,225.0
2019-11-18,16525.0,17998.0,16525.0,17161.0,17000.0,17379.0,426778.0,7324132416.0,348.0
2019-11-19,16600.0,17500.0,16600.0,17359.0,17320.0,17161.0,143516.0,2491297919.0,203.0
2019-11-20,17997.0,18226.0,17106.0,18086.0,18226.0,17359.0,1148337.0,20769308195.0,298.0
2019-11-23,18990.0,18990.0,18990.0,18990.0,18990.0,18086.0,250187.0,4751051130.0,110.0
2019-11-24,19939.0,19939.0,19939.0,19939.0,19939.0,18990.0,420506.0,8384469134.0,69.0
2019-11-25,20935.0,20935.0,20935.0,20935.0,20935.0,19939.0,165659.0,3468071165.0,58.0
2019-11-26,21981.0,21981.0,21311.0,21955.0,21944.0,20935.0,3044858.0,66849720635.0,902.0
2019-11-27,20858.0,23052.0,20858.0,22175.0,23052.0,21955.0,3211721.0,71220877868.0,1723.0
2019-11-30,23283.0,23283.0,23283.0,23283.0,23283.0,22175.0,86617.0,2016703611.0,91.0
2019-12-01,24447.0,24447.0,22658.0,23783.0,23303.0,23283.0,2258775.0,53721125411.0,1448.0
2019-12-02,23989.0,24864.0,22630.0,23678.0,24097.0,23783.0,1505329.0,35642703264.0,998.0
2019-12-03,24857.0,24861.0,24200.0,24661.0,24861.0,23678.0,628837.0,15507536082.0,351.0
2019-12-04,25894.0,25894.0,25894.0,25894.0,25894.0,24661.0,113540.0,2940004760.0,86.0
2019-12-07,27188.0,27188.0,26305.0,27146.0,27188.0,25894.0,1496092.0,40612385726.0,677.0
2019-12-11,27200.0,28000.0,25912.0,26745.0,26000.0,27146.0,1511684.0,40430240235.0,907.0
2019-12-14,26114.0,28000.0,26114.0,27448.0,27231.0,26745.0,1681083.0,46142962157.0,864.0
2019-12-15,27492.0,28083.0,26076.0,26594.0,26430.0,27448.0,1953701.0,51956462945.0,879.0
2019-12-16,27000.0,27000.0,25265.0,25559.0,26400.0,26594.0,1576117.0,40283433119.0,801.0
2019-12-17,26400.0,26836.0,26390.0,26807.0,26836.0,25559.0,1396813.0,37444154931.0,507.0
2019-12-18,27998.0,28147.0,26000.0,27957.0,28147.0,26807.0,1130289.0,31599781199.0,630.0
2019-12-21,29354.0,29354.0,27977.0,28559.0,28000.0,27957.0,496451.0,14177969251.0,537.0
2019-12-22,28900.0,28900.0,27132.0,27185.0,27151.0,28559.0,1062116.0,28874067541.0,749.0
2019-12-23,26225.0,27000.0,25826.0,26262.0,25826.0,27185.0,822052.0,21588388121.0,818.0
2019-12-24,25000.0,26000.0,24949.0,25063.0,25000.0,26262.0,2633159.0,65995260423.0,1581.0
2019-12-25,24901.0,25999.0,24900.0,25468.0,25500.0,25063.0,840728.0,21411905040.0,697.0
2019-12-28,26314.0,26340.0,25350.0,25578.0,25400.0,25468.0,855833.0,21890525883.0,820.0
2019-12-29,26000.0,26000.0,24800.0,25341.0,25540.0,25578.0,1148175.0,29095486822.0,743.0
2019-12-30,24800.0,26608.0,24800.0,26175.0,26608.0,25341.0,1263881.0,33081668120.0,1176.0
2019-12-31,26951.0,26951.0,25076.0,25861.0,25900.0,26175.0,548281.0,14178866757.0,635.0
2020-01-01,26000.0,26100.0,24800.0,25457.0,25395.0,25861.0,517969.0,13185702639.0,631.0
2020-01-04,24185.0,24185.0,24185.0,24185.0,24185.0,25457.0,50547.0,1222479195.0,59.0
2020-01-05,22976.0,24100.0,22976.0,22982.0,22976.0,24185.0,1267454.0,29128668855.0,690.0
2020-01-07,24125.0,24125.0,21833.0,22571.0,21833.0,22982.0,482362.0,10887447815.0,321.0
2020-01-08,22120.0,22120.0,22120.0,22120.0,22120.0,22571.0,112547.0,2489539640.0,78.0
2020-01-11,22562.0,22562.0,22562.0,22562.0,22562.0,22120.0,24543.0,553739166.0,20.0
2020-01-12,23690.0,23690.0,23690.0,23690.0,23690.0,22562.0,131983.0,3126677270.0,40.0
2020-01-13,24874.0,24874.0,24874.0,24874.0,24874.0,23690.0,345206.0,8586654044.0,155.0
2020-01-14,26117.0,26117.0,24271.0,25410.0,25340.0,24874.0,581330.0,14771375509.0,521.0
2020-01-15,25890.0,25890.0,24700.0,25152.0,25416.0,25410.0,883091.0,22211722687.0,652.0
2020-01-18,25640.0,26409.0,25300.0,26160.0,26036.0,25152.0,1004503.0,26277411669.0,723.0
2020-01-19,26514.0,26900.0,25230.0,26072.0,25699.0,26160.0,630844.0,16447425787.0,995.0
2020-01-20,26550.0,26550.0,25501.0,25777.0,25909.0,26072.0,297711.0,7674112056.0,335.0
2020-01-21,25978.0,25978.0,25002.0,25421.0,25299.0,25777.0,502213.0,12766886924.0,480.0
2020-01-22,25419.0,25419.0,24300.0,24681.0,24990.0,25421.0,1036472.0,25581588661.0,988.0
2020-01-25,24530.0,25915.0,24530.0,25676.0,25915.0,24681.0,925486.0,23762532059.0,767.0
2020-01-26,26800.0,26800.0,25850.0,26356.0,26000.0,25676.0,640041.0,16868971699.0,572.0
2020-01-27,26666.0,26666.0,25160.0,25606.0,25379.0,26356.0,406877.0,10418602563.0,387.0
2020-01-28,25500.0,25997.0,24700.0,25061.0,24814.0,25606.0,895724.0,22447352628.0,1085.0
2020-02-01,25998.0,25998.0,25002.0,25345.0,25360.0,25061.0,478918.0,12138161953.0,488.0
2020-02-02,25500.0,25989.0,25040.0,25664.0,25860.0,25345.0,577594.0,14823301891.0,670.0
2020-02-03,26414.0,26947.0,26314.0,26906.0,26946.0,25664.0,1896570.0,51029831481.0,957.0
2020-02-04,28200.0,28200.0,25800.0,27401.0,27032.0,26906.0,995196.0,27269281158.0,1005.0
2020-02-05,27200.0,28760.0,27200.0,28171.0,27901.0,27401.0,1617463.0,45565159364.0,987.0
2020-02-08,28200.0,29579.0,28200.0,29514.0,29579.0,28171.0,3120741.0,92107098758.0,1268.0
2020-02-09,30989.0,30989.0,29045.0,30497.0,30200.0,29514.0,2828216.0,86252691979.0,1327.0
2020-02-10,30637.0,30637.0,28973.0,29364.0,28973.0,30497.0,774879.0,22753473111.0,515.0
2020-02-12,27897.0,29280.0,27896.0,28194.0,28400.0,29364.0,1938535.0,54654490417.0,1667.0
2020-02-15,28900.0,29603.0,28400.0,29395.0,29603.0,28194.0,2368904.0,69633971067.0,1061.0
2020-02-16,29900.0,30800.0,29445.0,30326.0,30000.0,29395.0,993995.0,30143873827.0,935.0
2020-02-17,30790.0,30790.0,28810.0,28978.0,28810.0,30326.0,1221360.0,35392351591.0,1034.0
2020-02-18,29002.0,30000.0,28002.0,29263.0,29361.0,28978.0,691402.0,20232247394.0,580.0
2020-02-19,30000.0,30560.0,28000.0,30105.0,30260.0,29263.0,934732.0,28140499144.0,682.0
2020-02-22,28600.0,30104.0,28600.0,29361.0,29114.0,30105.0,996845.0,29268525856.0,801.0
2020-02-23,29710.0,30750.0,28500.0,30101.0,29900.0,29361.0,1271773.0,38281667720.0,961.0
2020-02-24,30000.0,30000.0,28597.0,29285.0,30000.0,30101.0,1643305.0,48124810838.0,1413.0
2020-02-25,30000.0,30749.0,30000.0,30550.0,30749.0,29285.0,3026352.0,92456383228.0,1254.0
2020-02-26,31988.0,31998.0,29516.0,30785.0,30300.0,30550.0,1897336.0,58409943005.0,1464.0
2020-02-29,29335.0,30000.0,29246.0,29453.0,29550.0,30785.0,1162856.0,34249159146.0,877.0
2020-03-01,29800.0,30830.0,29800.0,30369.0,30200.0,29453.0,945257.0,28706613388.0,767.0
2020-03-02,30927.0,31887.0,29520.0,31070.0,31887.0,30369.0,2504455.0,77813413500.0,2114.0
2020-03-03,32623.0,32623.0,32000.0,32623.0,32623.0,31070.0,2470936.0,80608935585.0,1259.0
2020-03-04,34254.0,34254.0,33239.0,34152.0,33980.0,32623.0,1921918.0,65636720538.0,1243.0
2020-03-07,32450.0,33500.0,32445.0,33031.0,32445.0,34152.0,1028238.0,33475647828.0,783.0
2020-03-09,31380.0,31380.0,31380.0,32732.0,31380.0,33031.0,265045.0,8317112100.0,231.0
2020-03-10,31096.0,31096.0,31096.0,32480.0,31096.0,32732.0,225904.0,7024710784.0,174.0
2020-03-11,30856.0,32480.0,30856.0,30936.0,30856.0,32480.0,1819777.0,56297369535.0,1165.0
2020-03-14,29390.0,30470.0,29390.0,30139.0,29390.0,30936.0,839037.0,24668729679.0,350.0
2020-03-15,28633.0,29990.0,28633.0,29470.0,28999.0,30139.0,749820.0,21517024986.0,372.0
2020-03-16,30500.0,30500.0,27997.0,28839.0,28000.0,29470.0,1052678.0,30001873461.0,868.0
2020-03-17,28103.0,28810.0,27398.0,27642.0,27398.0,28839.0,1362307.0,37353174383.0,788.0
2020-03-18,27398.0,28500.0,26260.0,27576.0,28290.0,27642.0,986387.0,27158454426.0,1004.0
2020-03-24,28900.0,28900.0,27500.0,27884.0,28170.0,27576.0,983125.0,27669366328.0,1071.0
2020-03-25,29278.0,29278.0,28796.0,28856.0,29278.0,27884.0,1280692.0,37474096047.0,768.0
2020-03-28,30298.0,30298.0,30100.0,29789.0,30298.0,28856.0,1123055.0,34023521522.0,838.0
2020-03-29,31278.0,31278.0,28300.0,29259.0,28602.0,29789.0,2361214.0,69086506296.0,2186.0
2020-03-30,27812.0,30721.0,27812.0,30133.0,30721.0,29259.0,3194912.0,96271897849.0,1742.0
2020-04-04,31639.0,31639.0,31639.0,31639.0,31639.0,30133.0,3046234.0,96379797526.0,665.0
2020-04-05,33220.0,33220.0,32002.0,33177.0,33220.0,31639.0,4180583.0,138699436008.0,1450.0
2020-04-06,34835.0,34835.0,34835.0,34827.0,34835.0,33177.0,1651359.0,57525090765.0,274.0
2020-04-07,36568.0,36568.0,36568.0,36165.0,36568.0,34827.0,1274756.0,46615277408.0,235.0
2020-04-08,37973.0,37973.0,37973.0,37351.0,37973.0,36165.0,1088475.0,41332661175.0,251.0
2020-04-11,39218.0,39218.0,39218.0,37938.0,39218.0,37351.0,420660.0,16497443880.0,257.0
2020-04-12,39834.0,39834.0,39834.0,38615.0,39834.0,37938.0,477998.0,19040572332.0,168.0
2020-04-13,40545.0,40545.0,40545.0,39285.0,40545.0,38615.0,464765.0,18843896925.0,248.0
2020-04-14,41249.0,41249.0,41249.0,40014.0,41249.0,39285.0,496556.0,20482438444.0,487.0
2020-04-15,42014.0,42014.0,42014.0,40721.0,42014.0,40014.0,473198.0,19880940772.0,264.0
2020-04-18,42757.0,42757.0,42757.0,41405.0,42757.0,40721.0,412454.0,17635295678.0,157.0
2020-04-19,43475.0,43475.0,43475.0,42705.0,43475.0,41405.0,771109.0,33523963775.0,260.0
2020-04-20,44840.0,44840.0,44840.0,43685.0,44840.0,42705.0,563882.0,25284468880.0,132.0
2020-04-21,45869.0,45869.0,45869.0,43896.0,45869.0,43685.0,118466.0,5433916954.0,65.0
2020-04-26,46090.0,48394.0,46090.0,48011.0,48394.0,43896.0,1081217.0,52148184842.0,344.0
2020-04-27,50411.0,50411.0,50411.0,50411.0,50411.0,48011.0,1248050.0,62915448550.0,176.0
2020-04-28,52931.0,52931.0,52931.0,52286.0,52931.0,50411.0,847427.0,44855158537.0,134.0
2020-04-29,54900.0,54900.0,54000.0,54882.0,54900.0,52286.0,3361680.0,184496758031.0,939.0
2020-05-02,57000.0,57626.0,54700.0,57085.0,57626.0,54882.0,5309398.0,303088689075.0,2708.0
2020-05-03,59939.0,59939.0,59939.0,59587.0,59939.0,57085.0,798744.0,47875916616.0,222.0
2020-05-04,62566.0,62566.0,59939.0,62238.0,62566.0,59587.0,5618179.0,349664558660.0,2423.0
2020-05-05,65349.0,65349.0,59127.0,63704.0,60600.0,62238.0,6932547.0,441631392528.0,3742.0
2020-05-06,61600.0,66889.0,60974.0,66051.0,66889.0,63704.0,3672553.0,242574218630.0,2004.0
2020-05-09,69353.0,69353.0,69353.0,69353.0,69353.0,66051.0,1393275.0,96627801075.0,437.0
2020-05-10,72820.0,72820.0,72820.0,72096.0,72820.0,69353.0,598937.0,43614592340.0,162.0
2020-05-12,75700.0,79485.0,71915.0,74967.0,78400.0,72096.0,5042336.0,378006507443.0,3195.0
2020-05-13,78715.0,78715.0,75851.0,78604.0,78715.0,74967.0,3457129.0,271744961319.0,1642.0
2020-05-16,82534.0,82534.0,75000.0,80652.0,82534.0,78604.0,4991272.0,402553951367.0,2952.0
2020-05-17,84600.0,84684.0,80652.0,84368.0,84684.0,80652.0,2305039.0,194471117399.0,1488.0
2020-05-18,88586.0,88586.0,88586.0,88229.0,88586.0,84368.0,582337.0,51586905482.0,216.0
2020-05-19,92640.0,92640.0,92640.0,91188.0,92640.0,88229.0,426779.0,39536806560.0,138.0
2020-05-20,95747.0,95747.0,94000.0,95744.0,95747.0,91188.0,2664251.0,255086885616.0,1524.0
2020-05-23,90957.0,90957.0,90957.0,90957.0,90957.0,95744.0,1109028.0,100873859796.0,1205.0
2020-05-26,86410.0,86410.0,86410.0,88799.0,86410.0,90957.0,247895.0,21420606950.0,229.0
2020-05-27,84360.0,93238.0,84360.0,88979.0,93238.0,88799.0,4997652.0,444685816489.0,3668.0
2020-05-30,93427.0,93427.0,93238.0,93425.0,93427.0,88979.0,932002.0,87072325294.0,900.0
2020-05-31,98089.0,98089.0,88754.0,92829.0,93490.0,93425.0,3401925.0,315796737169.0,3844.0
2020-06-01,94740.0,97470.0,89050.0,96244.0,97470.0,92829.0,1859634.0,178978023221.0,1551.0
2020-06-02,101056.0,101056.0,101056.0,100076.0,101056.0,96244.0,447435.0,45215991360.0,209.0
2020-06-06,105079.0,105079.0,105079.0,103353.0,105079.0,100076.0,327268.0,34388994172.0,198.0
2020-06-07,108520.0,108520.0,108520.0,108520.0,108520.0,103353.0,2082662.0,226010480240.0,754.0
2020-06-08,113946.0,113946.0,103099.0,113696.0,113946.0,108520.0,2899142.0,329619644762.0,3010.0
2020-06-09,117300.0,119380.0,113946.0,118345.0,119380.0,113696.0,1927432.0,228101583412.0,2231.0
2020-06-10,124000.0,124262.0,113268.0,120687.0,116000.0,118345.0,4713290.0,568834137363.0,7021.0
2020-06-13,120000.0,124300.0,114656.0,117282.0,116030.0,120687.0,4294931.0,503720251917.0,6478.0
2020-06-14,117282.0,123146.0,117201.0,122117.0,123146.0,117282.0,1701992.0,207842120552.0,1903.0
2020-06-15,128222.0,128222.0,128222.0,128222.0,128222.0,122117.0,666493.0,85459065446.0,253.0
2020-06-16,134633.0,134633.0,130000.0,134224.0,134580.0,128222.0,4137808.0,555392376164.0,4926.0
2020-06-22,139500.0,140935.0,127530.0,140078.0,140935.0,134224.0,1909344.0,267456232223.0,2165.0
2020-06-23,145000.0,145000.0,133075.0,136334.0,133075.0,140078.0,3110023.0,424000929095.0,5674.0
2020-06-24,133000.0,143150.0,130000.0,139329.0,143150.0,136334.0,3586333.0,499679711280.0,3179.0
2020-06-27,146295.0,146295.0,140000.0,145743.0,142000.0,139329.0,1530723.0,223091781121.0,2303.0
2020-06-28,138456.0,138456.0,138456.0,139569.0,138456.0,145743.0,304034.0,42095331504.0,602.0
2020-06-29,132591.0,132591.0,132591.0,133415.0,132591.0,139569.0,316479.0,41962267089.0,374.0
2020-06-30,126745.0,135415.0,126745.0,129114.0,126790.0,133415.0,9010287.0,1163356301084.0,10853.0
2020-07-01,125000.0,125200.0,122659.0,123017.0,122659.0,129114.0,2705335.0,332801280266.0,3217.0
2020-07-04,116867.0,122600.0,116867.0,117335.0,116867.0,123017.0,2586250.0,303458253376.0,3270.0
2020-07-05,114000.0,123201.0,114000.0,120854.0,123201.0,117335.0,2993284.0,361749677967.0,2710.0
2020-07-06,126896.0,126896.0,126896.0,126896.0,126896.0,120854.0,413694.0,52496113824.0,306.0
2020-07-07,133240.0,133240.0,126900.0,131679.0,128490.0,126896.0,13542888.0,1783320142705.0,16407.0
2020-07-08,128900.0,128980.0,125096.0,125689.0,125096.0,131679.0,1375444.0,172877947110.0,2821.0
2020-07-11,119405.0,119405.0,119405.0,119405.0,119405.0,125689.0,504906.0,60288300930.0,1246.0
2020-07-12,113435.0,122299.0,113435.0,115581.0,113435.0,119405.0,11784171.0,1362027888568.0,12809.0
2020-07-13,113800.0,114990.0,109802.0,110470.0,109802.0,115581.0,6588622.0,727848241687.0,9643.0
2020-07-18,120000.0,120000.0,114000.0,116283.0,114000.0,109760.0,1223838.0,142311751790.0,2293.0
2020-07-19,110469.0,110469.0,110469.0,110469.0,110469.0,116283.0,881778.0,97409133882.0,1559.0
2020-07-20,110400.0,115000.0,104946.0,107519.0,104946.0,110469.0,8010767.0,861310180811.0,10530.0
2020-07-21,107519.0,107551.0,102144.0,102808.0,102144.0,107519.0,3243580.0,333467436924.0,4863.0
2020-07-22,100000.0,102300.0,97668.0,98901.0,97700.0,102808.0,3921021.0,387791203168.0,6966.0
2020-07-25,102000.0,103846.0,100000.0,103362.0,103846.0,98901.0,1921696.0,198630661162.0,3339.0
2020-07-26,108530.0,108530.0,99990.0,105774.0,101600.0,103362.0,3600091.0,380797450676.0,6632.0
2020-07-27,100800.0,104990.0,100486.0,100668.0,100486.0,105774.0,793850.0,79915391388.0,1692.0
2020-07-28,95635.0,100486.0,95635.0,95970.0,95635.0,100668.0,3699534.0,355043145827.0,5162.0
2020-07-29,92000.0,95959.0,91172.0,92089.0,94505.0,95970.0,4122053.0,379597513065.0,5208.0
2020-08-01,96600.0,96693.0,94000.0,96152.0,96693.0,92089.0,1249137.0,120106647654.0,1953.0
2020-08-02,100959.0,100959.0,100959.0,100959.0,100959.0,96152.0,686941.0,69352876419.0,739.0
2020-08-03,106006.0,106006.0,100960.0,105716.0,106006.0,100959.0,2700108.0,285443617604.0,3330.0
2020-08-04,110500.0,110500.0,100500.0,105753.0,100890.0,105716.0,3472854.0,367264396850.0,5960.0
2020-08-05,100890.0,105757.0,100466.0,101034.0,100466.0,105753.0,1689964.0,170743292445.0,3032.0
2020-08-09,99990.0,100000.0,95983.0,96225.0,95983.0,101034.0,1753296.0,168711513878.0,3465.0
2020-08-10,91780.0,96990.0,91414.0,91940.0,91414.0,96225.0,1121095.0,103073403501.0,2152.0
2020-08-11,87950.0,90900.0,87343.0,87603.0,87343.0,91940.0,745666.0,65322448961.0,1279.0
2020-08-12,85000.0,91900.0,83223.0,85128.0,83223.0,87603.0,1327348.0,112993965301.0,2336.0
2020-08-15,81500.0,84999.0,80872.0,80988.0,81202.0,85128.0,1572456.0,127349450636.0,1702.0
2020-08-16,78010.0,84500.0,77070.0,80510.0,83790.0,80988.0,2093632.0,168558749274.0,3121.0
2020-08-17,84530.0,84535.0,83790.0,84489.0,84535.0,80510.0,821684.0,69423600674.0,1135.0
2020-08-18,88713.0,88713.0,85000.0,88451.0,88713.0,84489.0,2212148.0,195666232562.0,2704.0
2020-08-19,89350.0,89350.0,84029.0,84390.0,84029.0,88451.0,1000570.0,84438050339.0,1484.0
2020-08-22,85650.0,88000.0,80171.0,81813.0,80171.0,84390.0,1018693.0,83342755777.0,1670.0
2020-08-23,78300.0,81813.0,77723.0,77922.0,77723.0,81813.0,660805.0,51490960174.0,774.0
2020-08-24,74650.0,77723.0,74026.0,74979.0,74026.0,77922.0,469868.0,34869143731.0,515.0
2020-08-25,71800.0,78500.0,71800.0,75168.0,76200.0,74979.0,1446080.0,108698516413.0,2031.0
2020-08-26,78925.0,78926.0,76950.0,78838.0,78926.0,75168.0,674456.0,53172966379.0,1042.0
2020-08-31,82779.0,82779.0,75000.0,80707.0,81760.0,78838.0,2850037.0,230016918070.0,1936.0
2020-09-01,80000.0,80000.0,76672.0,76901.0,76689.0,80707.0,995247.0,76535871960.0,1129.0
2020-09-02,73100.0,75219.0,73056.0,73157.0,74000.0,76901.0,927005.0,67817068569.0,965.0
2020-09-05,76814.0,76814.0,76814.0,75024.0,76814.0,73157.0,348971.0,26805858394.0,347.0
2020-09-06,78775.0,78775.0,78775.0,78494.0,78775.0,75024.0,632240.0,49804706000.0,291.0
2020-09-07,82418.0,82418.0,75000.0,79907.0,76340.0,78494.0,7591648.0,606625704666.0,6415.0
2020-09-08,75912.0,75912.0,75912.0,77724.0,75912.0,79907.0,373425.0,28347438600.0,450.0
2020-09-09,73838.0,77550.0,73838.0,75267.0,76940.0,77724.0,1745980.0,131414724131.0,2722.0
2020-09-12,78900.0,79000.0,73210.0,76631.0,75200.0,75267.0,1526690.0,116992053656.0,2525.0
2020-09-13,74100.0,74999.0,72800.0,73011.0,72800.0,76631.0,667605.0,48742766468.0,925.0
2020-09-14,69361.0,72000.0,69361.0,69705.0,69500.0,73011.0,2151010.0,149936864271.0,2346.0
2020-09-15,70111.0,73190.0,70000.0,72759.0,73190.0,69705.0,1669262.0,121454219565.0,2328.0
2020-09-16,76390.0,76390.0,69122.0,71436.0,69126.0,72759.0,1424231.0,101741271323.0,2387.0
2020-09-19,67865.0,69126.0,67865.0,69976.0,67865.0,71436.0,286405.0,19437422486.0,648.0
2020-09-20,66478.0,66478.0,66478.0,69245.0,66478.0,69976.0,146291.0,9725133098.0,183.0
2020-09-21,65783.0,65783.0,65783.0,66145.0,65783.0,69245.0,626688.0,41225416704.0,370.0
2020-09-22,62838.0,65000.0,62838.0,62846.0,62838.0,66145.0,927280.0,58276152826.0,936.0
2020-09-23,65000.0,65000.0,59704.0,61107.0,59704.0,62846.0,1398679.0,85468596263.0,2082.0
2020-09-26,60210.0,61013.0,58052.0,59071.0,58052.0,61107.0,641400.0,37528409171.0,1130.0
2020-09-27,56118.0,56118.0,56118.0,57821.0,56118.0,59071.0,346395.0,19438994610.0,478.0
2020-09-28,54930.0,60629.0,54930.0,57668.0,60500.0,57821.0,2070800.0,119419619080.0,3332.0
2020-11-07,4000.0,4200.0,3800.0,4065.0,4200.0,4042.0,6997915.0,28568456385.0,442.0
2020-11-08,4268.0,4268.0,4268.0,4268.0,4268.0,4065.0,18919763.0,80749548484.0,566.0
2020-11-09,4481.0,4481.0,4481.0,4314.0,4481.0,4268.0,2659634.0,11917819954.0,212.0
2020-11-10,4529.0,4529.0,4529.0,4396.0,4529.0,4314.0,4708139.0,21323161531.0,214.0
2020-11-14,4615.0,4615.0,4615.0,4422.0,4615.0,4396.0,1334770.0,6159963550.0,107.0
2020-11-15,4643.0,4643.0,4643.0,4514.0,4643.0,4422.0,4730934.0,21965726562.0,293.0
2020-11-16,4739.0,4739.0,4739.0,4557.0,4739.0,4514.0,2168773.0,10277815247.0,186.0
2020-11-17,5012.0,5012.0,5012.0,4997.0,5012.0,4557.0,10996711.0,55115515532.0,345.0
2020-11-18,5496.0,5496.0,5496.0,5496.0,5496.0,4997.0,11803542.0,64872266832.0,313.0
2020-11-21,6045.0,6045.0,6045.0,6045.0,6045.0,5496.0,10954684.0,66221064780.0,497.0
2020-11-22,6649.0,8668.0,6649.0,7916.0,8149.0,6045.0,205381127.0,1625736033758.0,16481.0
2020-11-23,8010.0,8707.0,7220.0,8494.0,8707.0,7916.0,301157094.0,2558077001517.0,32309.0
2020-11-24,8500.0,9343.0,8494.0,9200.0,9343.0,8494.0,224791065.0,2067980342737.0,24530.0
2020-11-25,9880.0,10120.0,9350.0,10001.0,10120.0,9200.0,68873539.0,688836883647.0,7063.0
2020-11-28,11001.0,11001.0,10500.0,10988.0,11001.0,10001.0,107432648.0,1180522503373.0,10823.0
2020-11-29,10950.0,10950.0,9890.0,10127.0,9890.0,10988.0,346039642.0,3504382114301.0,44638.0
2020-11-30,9621.0,9621.0,9621.0,9621.0,9621.0,10127.0,8635407.0,83081250747.0,1641.0
2020-12-01,9140.0,9140.0,9140.0,9140.0,9140.0,9621.0,5684763.0,51958733820.0,812.0
2020-12-02,8683.0,9100.0,8683.0,8754.0,8740.0,9140.0,401257577.0,3512616113320.0,37425.0
2020-12-05,8990.0,9191.0,8737.0,9119.0,9191.0,8754.0,148818037.0,1357017492872.0,16341.0
2020-12-06,9339.0,9448.0,8664.0,8805.0,8664.0,9119.0,198504755.0,1747781943411.0,32761.0
2020-12-07,8510.0,8740.0,8365.0,8420.0,8365.0,8805.0,117205348.0,986866711210.0,16427.0
2020-12-08,8100.0,8349.0,7999.0,8020.0,7999.0,8420.0,46251678.0,370934068741.0,6731.0
2020-12-09,7850.0,8373.0,7660.0,8146.0,8230.0,8020.0,157126848.0,1279894706591.0,23653.0
2020-12-12,8400.0,8400.0,7739.0,7867.0,7739.0,8146.0,126592952.0,995921890819.0,23313.0
2020-12-13,7590.0,7848.0,7474.0,7497.0,7474.0,7867.0,77492311.0,580997126586.0,12510.0
2020-12-14,7300.0,7871.0,7300.0,7813.0,7780.0,7497.0,214558590.0,1676405921942.0,23630.0
2020-12-15,7780.0,7780.0,7423.0,7488.0,7423.0,7813.0,12845473.0,96184156020.0,1610.0
2020-12-16,7114.0,7400.0,7114.0,7142.0,7117.0,7488.0,99604303.0,711342169777.0,12258.0
2020-12-19,7200.0,7400.0,6885.0,7182.0,7130.0,7142.0,69870718.0,501815627180.0,11465.0
2020-12-20,7180.0,7270.0,6823.0,6874.0,6823.0,7182.0,56161161.0,386075495715.0,8351.0
2020-12-21,6600.0,7217.0,6534.0,7034.0,7217.0,6874.0,75949023.0,534202668477.0,10380.0
2020-12-22,7385.0,7385.0,7385.0,7385.0,7385.0,7034.0,11969585.0,88395385225.0,1575.0
2020-12-23,7754.0,7754.0,7754.0,7754.0,7754.0,7385.0,13727946.0,106446493284.0,1211.0
2020-12-26,8141.0,8141.0,7400.0,7764.0,7550.0,7754.0,145148346.0,1126945715067.0,21054.0
2020-12-27,7410.0,7746.0,7376.0,7401.0,7376.0,7764.0,46144242.0,341500202427.0,6683.0
2020-12-28,7110.0,7250.0,7031.0,7058.0,7031.0,7401.0,37725154.0,266245542006.0,5939.0
2020-12-29,6800.0,7210.0,6706.0,6773.0,6706.0,7058.0,73157832.0,495508953585.0,10426.0
2020-12-30,6773.0,6890.0,6435.0,6563.0,6435.0,6773.0,42767820.0,280678562719.0,7578.0
2021-01-02,6235.0,6430.0,6235.0,6240.0,6235.0,6563.0,11414904.0,71228656467.0,1442.0
2021-01-03,5928.0,6320.0,5928.0,6004.0,5940.0,6240.0,72852271.0,437405204703.0,10255.0
2021-01-04,6000.0,6248.0,5800.0,6035.0,6100.0,6004.0,51869565.0,313023920441.0,8661.0
2021-01-05,6200.0,6336.0,6050.0,6292.0,6336.0,6035.0,37326168.0,234872282574.0,4106.0
2021-01-06,6490.0,6490.0,5978.0,6023.0,5978.0,6292.0,49389772.0,297464790650.0,5228.0
2021-01-09,5849.0,6200.0,5722.0,5768.0,5722.0,6023.0,32960451.0,190126500693.0,4571.0
2021-01-10,5825.0,6000.0,5480.0,5593.0,5491.0,5768.0,68191304.0,381405098815.0,8784.0
2021-01-11,5610.0,5610.0,5314.0,5349.0,5314.0,5593.0,46343112.0,247897084723.0,5960.0
2021-01-12,5195.0,5320.0,5082.0,5112.0,5082.0,5349.0,12059446.0,61647697904.0,1565.0
2021-01-13,4857.0,5000.0,4857.0,4872.0,4857.0,5112.0,33479201.0,163094929053.0,3713.0
2021-01-16,4700.0,4796.0,4629.0,4714.0,4629.0,4872.0,7599456.0,35405063275.0,843.0
2021-01-18,4479.0,4479.0,4479.0,4686.0,4479.0,4714.0,1207494.0,5408365626.0,248.0
2021-01-19,4452.0,4600.0,4452.0,4475.0,4452.0,4686.0,53627137.0,239975675273.0,4648.0
2021-01-20,4452.0,4698.0,4400.0,4641.0,4698.0,4475.0,35228941.0,163504922443.0,3685.0
2021-01-23,4873.0,4873.0,4750.0,4871.0,4873.0,4641.0,13742994.0,66938235864.0,1406.0
2021-01-24,5114.0,5114.0,4628.0,4854.0,4628.0,4871.0,54526120.0,264680164225.0,5827.0
2021-01-25,4612.0,4750.0,4612.0,4637.0,4612.0,4854.0,27613981.0,128033218770.0,2786.0
2021-01-26,4470.0,4640.0,4406.0,4444.0,4406.0,4637.0,12639218.0,56163282732.0,1588.0
2021-01-27,4222.0,4380.0,4222.0,4233.0,4222.0,4444.0,36328587.0,153788388964.0,4122.0
2021-01-30,4300.0,4444.0,4177.0,4403.0,4444.0,4233.0,26607928.0,117141786778.0,2969.0
2021-01-31,4580.0,4580.0,4183.0,4269.0,4185.0,4403.0,41777366.0,178352895999.0,4788.0
2021-02-01,4120.0,4482.0,4060.0,4378.0,4482.0,4269.0,68844168.0,301367794497.0,5526.0
2021-02-02,4596.0,4596.0,4480.0,4585.0,4596.0,4378.0,32436183.0,148724066270.0,2467.0
2021-02-03,4814.0,4814.0,4361.0,4631.0,4469.0,4585.0,85004063.0,393640201707.0,7678.0
2021-02-06,4400.0,4560.0,4400.0,4414.0,4400.0,4631.0,10640697.0,46934980266.0,1094.0
2021-02-07,4194.0,4621.0,4194.0,4477.0,4600.0,4414.0,42862656.0,191880213406.0,4636.0
2021-02-08,4634.0,4634.0,4254.0,4313.0,4254.0,4477.0,43013574.0,185519751118.0,4361.0
2021-02-09,4200.0,4350.0,4140.0,4255.0,4293.0,4313.0,34201321.0,145526408856.0,3957.0
2021-02-13,4490.0,4499.0,4340.0,4405.0,4490.0,4255.0,32380769.0,142647239962.0,3661.0
2021-02-14,4560.0,4560.0,4317.0,4346.0,4317.0,4405.0,16061638.0,69811177222.0,1780.0
2021-02-15,4260.0,4341.0,4260.0,4263.0,4260.0,4346.0,15169347.0,64660016618.0,1687.0
2021-02-16,4260.0,4518.0,4200.0,4463.0,4518.0,4263.0,51136494.0,228208010067.0,3971.0
2021-02-17,4552.0,4730.0,4430.0,4637.0,4570.0,4463.0,92904037.0,430829357196.0,8002.0
2021-02-20,4650.0,4890.0,4545.0,4642.0,4595.0,4637.0,64872023.0,301144341568.0,6102.0
2021-02-21,4550.0,4640.0,4550.0,4577.0,4550.0,4642.0,7846115.0,35723570260.0,836.0
2021-02-22,4486.0,4486.0,4486.0,4574.0,4486.0,4577.0,377342.0,1692756212.0,83.0
2021-02-23,4483.0,4483.0,4483.0,4559.0,4483.0,4574.0,1758174.0,7881894042.0,184.0
2021-02-24,4468.0,4468.0,4468.0,4543.0,4468.0,4559.0,1898444.0,8482247792.0,205.0
2021-02-27,4453.0,4453.0,4453.0,4537.0,4453.0,4543.0,762247.0,3394285891.0,112.0
2021-02-28,4447.0,4447.0,4447.0,4535.0,4447.0,4537.0,228581.0,1016499707.0,41.0
2021-03-01,4445.0,4445.0,4445.0,4531.0,4445.0,4535.0,472989.0,2102436105.0,66.0
2021-03-02,4441.0,4441.0,4441.0,4524.0,4441.0,4531.0,864823.0,3840678943.0,137.0
2021-03-03,4434.0,4434.0,4434.0,4521.0,4434.0,4524.0,393923.0,1746654582.0,75.0
2021-03-06,4431.0,4431.0,4431.0,4517.0,4431.0,4521.0,496966.0,2202056346.0,74.0
2021-03-07,4427.0,4427.0,4427.0,4514.0,4427.0,4517.0,378402.0,1675185654.0,90.0
2021-03-08,4424.0,4424.0,4424.0,4500.0,4424.0,4514.0,1676305.0,7415973320.0,131.0
2021-03-09,4410.0,4410.0,4410.0,4495.0,4410.0,4500.0,600808.0,2649563280.0,115.0
2021-03-10,4406.0,4406.0,4406.0,4493.0,4406.0,4495.0,304523.0,1341728338.0,87.0
2021-03-13,4404.0,4404.0,4404.0,4484.0,4404.0,4493.0,1107304.0,4876566816.0,137.0
2021-03-14,4395.0,4395.0,4395.0,4480.0,4395.0,4484.0,505470.0,2221540650.0,131.0
2021-03-15,4391.0,4391.0,4391.0,4475.0,4391.0,4480.0,641420.0,2816475220.0,119.0
2021-03-16,4386.0,4450.0,4386.0,4392.0,4386.0,4475.0,23613771.0,103703070441.0,2338.0
2021-03-17,4321.0,4500.0,4305.0,4334.0,4311.0,4392.0,30821050.0,133580799375.0,3979.0
2021-03-27,4260.0,4560.0,4260.0,4438.0,4500.0,4334.0,22194607.0,98493027712.0,2913.0
2021-03-28,4627.0,4627.0,4362.0,4474.0,4505.0,4438.0,18454555.0,82558507569.0,2546.0
2021-03-30,4450.0,4599.0,4403.0,4476.0,4478.0,4474.0,14876927.0,66590112374.0,2107.0
2021-03-31,4490.0,4500.0,4387.0,4394.0,4387.0,4476.0,13155268.0,57808476832.0,1269.0
2021-04-03,4308.0,4312.0,4307.0,4383.0,4307.0,4394.0,1508444.0,6497467603.0,284.0
2021-04-04,4296.0,4296.0,4296.0,4381.0,4296.0,4383.0,282776.0,1214805696.0,55.0
2021-04-05,4294.0,4294.0,4294.0,4379.0,4294.0,4381.0,254729.0,1093806326.0,99.0
2021-04-06,4292.0,4292.0,4292.0,4376.0,4292.0,4379.0,344452.0,1478387984.0,81.0
2021-04-07,4289.0,4289.0,4289.0,4375.0,4289.0,4376.0,183949.0,788957261.0,51.0
2021-04-10,4288.0,4288.0,4288.0,4373.0,4288.0,4375.0,255705.0,1096463040.0,27.0
2021-04-11,4286.0,4286.0,4286.0,4370.0,4286.0,4373.0,395511.0,1695160146.0,29.0
2021-04-12,4283.0,4283.0,4283.0,4368.0,4283.0,4370.0,283284.0,1213305372.0,33.0
2021-04-13,4281.0,4281.0,4281.0,4364.0,4281.0,4368.0,516166.0,2209706646.0,91.0
2021-04-14,4277.0,4277.0,4277.0,4363.0,4277.0,4364.0,189890.0,812159530.0,27.0
2021-04-17,4276.0,4276.0,4276.0,4363.0,4276.0,4363.0,61703.0,263842028.0,19.0
2021-04-18,4276.0,4276.0,4276.0,4362.0,4276.0,4363.0,80092.0,342473392.0,14.0
2021-04-19,4275.0,4275.0,4275.0,4361.0,4275.0,4362.0,110894.0,474071850.0,14.0
2021-04-20,4274.0,4274.0,4274.0,4360.0,4274.0,4361.0,141755.0,605860870.0,26.0
2021-04-21,4230.0,4230.0,4230.0,4359.0,4230.0,4360.0,121455.0,513754650.0,22.0
2021-04-24,4229.0,4229.0,4229.0,4358.0,4229.0,4359.0,110150.0,465824350.0,15.0
2021-04-25,4228.0,4228.0,4228.0,4358.0,4228.0,4358.0,20422.0,86344216.0,9.0
2021-04-26,4228.0,4228.0,4228.0,4357.0,4228.0,4358.0,73707.0,311633196.0,16.0
2021-04-27,4227.0,4227.0,4227.0,4355.0,4227.0,4357.0,200744.0,848544888.0,33.0
2021-04-28,4225.0,4225.0,4225.0,4353.0,4225.0,4355.0,170750.0,721418750.0,44.0
2021-05-01,4223.0,4223.0,4223.0,4352.0,4223.0,4353.0,97158.0,410298234.0,19.0
2021-05-02,4222.0,4222.0,4222.0,4351.0,4222.0,4352.0,44570.0,188174540.0,9.0
2021-05-03,4221.0,4221.0,4221.0,4350.0,4221.0,4351.0,67641.0,285512661.0,8.0
2021-05-05,4220.0,4220.0,4220.0,4349.0,4220.0,4350.0,49830.0,210282600.0,10.0
2021-05-08,4219.0,4219.0,4219.0,4349.0,4219.0,4349.0,15710.0,66280490.0,6.0
2021-05-09,4219.0,4219.0,4219.0,4349.0,4219.0,4349.0,28399.0,119815381.0,8.0
2021-05-10,4219.0,4219.0,4219.0,4348.0,4219.0,4349.0,65395.0,275901505.0,16.0
2021-05-11,4218.0,4218.0,4218.0,4344.0,4218.0,4348.0,318511.0,1343479398.0,55.0
2021-05-12,4214.0,4214.0,4214.0,4343.0,4214.0,4344.0,106213.0,447581582.0,24.0
2021-05-15,4126.0,4126.0,4126.0,4328.0,4126.0,4343.0,246303.0,1016246178.0,48.0
2021-05-16,4112.0,4112.0,4112.0,4316.0,4112.0,4328.0,191058.0,785630496.0,35.0
2021-05-17,4101.0,4101.0,4101.0,4302.0,4101.0,4316.0,231926.0,951128526.0,54.0
2021-05-22,4087.0,4087.0,4087.0,4299.0,4087.0,4302.0,48197.0,196981139.0,14.0
2021-05-23,4085.0,4085.0,4085.0,4298.0,4085.0,4299.0,12758.0,52116430.0,7.0
2021-05-24,4084.0,4084.0,4084.0,4296.0,4084.0,4298.0,32172.0,131390448.0,14.0
2021-05-25,4082.0,4082.0,4082.0,4293.0,4082.0,4296.0,50494.0,206116508.0,16.0
2021-05-26,4079.0,4079.0,4079.0,4288.0,4079.0,4293.0,89347.0,364446413.0,19.0
2021-05-29,4074.0,4074.0,4074.0,4260.0,4074.0,4288.0,458133.0,1866433842.0,132.0
2021-05-30,4047.0,4047.0,4047.0,4230.0,4047.0,4260.0,490807.0,1986295929.0,70.0
2021-05-31,4019.0,4019.0,4019.0,4224.0,4019.0,4230.0,100606.0,404335514.0,19.0
2021-06-01,4013.0,4013.0,4013.0,4214.0,4013.0,4224.0,162285.0,651249705.0,17.0
2021-06-02,4004.0,4004.0,4004.0,4198.0,4004.0,4214.0,261443.0,1046817772.0,60.0
2021-06-07,3989.0,3989.0,3989.0,4122.0,3989.0,4198.0,1304262.0,5202701118.0,191.0
2021-06-08,3916.0,4270.0,3916.0,4062.0,4116.0,4122.0,96726524.0,392907693714.0,8777.0
2021-06-09,4170.0,4265.0,4070.0,4239.0,4265.0,4062.0,46917614.0,198889125621.0,3566.0
2021-06-12,4300.0,4300.0,4028.0,4071.0,4028.0,4239.0,27709275.0,112815163530.0,2431.0
2021-06-13,3868.0,3977.0,3868.0,3876.0,3870.0,4071.0,33440532.0,129602136996.0,3166.0
2021-06-14,3870.0,3970.0,3723.0,3851.0,3803.0,3876.0,21752371.0,83757803721.0,2486.0
2021-06-15,3850.0,3900.0,3659.0,3705.0,3659.0,3851.0,22466964.0,83238043141.0,2082.0
2021-06-16,3526.0,3655.0,3520.0,3548.0,3520.0,3705.0,12593591.0,44682780137.0,1242.0
2021-06-19,3371.0,3420.0,3371.0,3372.0,3371.0,3548.0,8291981.0,27956704033.0,648.0
2021-06-20,3216.0,3369.0,3204.0,3223.0,3204.0,3372.0,38665370.0,124618205077.0,3125.0
2021-06-23,3300.0,3300.0,3300.0,3286.0,3300.0,3143.0,4350397.0,14356310100.0,148.0
2021-06-26,3440.0,3444.0,3320.0,3411.0,3350.0,3286.0,33556648.0,114460314307.0,2854.0
2021-06-27,3360.0,3398.0,3260.0,3305.0,3275.0,3411.0,23032487.0,76113256693.0,2353.0
2021-06-28,3275.0,3350.0,3200.0,3254.0,3214.0,3305.0,17187491.0,55926145637.0,1749.0
2021-06-29,3210.0,3405.0,3210.0,3360.0,3387.0,3254.0,22550966.0,75778902136.0,2108.0
2021-06-30,3405.0,3420.0,3220.0,3326.0,3294.0,3360.0,15465632.0,51442837629.0,1771.0
2021-07-03,3250.0,3380.0,3201.0,3293.0,3230.0,3326.0,14562948.0,47958997237.0,1661.0
2021-07-04,3201.0,3266.0,3160.0,3192.0,3172.0,3293.0,16257071.0,51896997232.0,1492.0
2021-07-05,3240.0,3300.0,3160.0,3232.0,3260.0,3192.0,15986362.0,51675644999.0,1536.0
2021-07-06,3320.0,3330.0,3200.0,3251.0,3210.0,3232.0,15763910.0,51254329201.0,1515.0
2021-07-07,3250.0,3297.0,3172.0,3248.0,3260.0,3251.0,11830356.0,38419697223.0,1331.0
2021-07-10,3400.0,3410.0,3350.0,3404.0,3410.0,3248.0,18900126.0,64333626041.0,1108.0
2021-07-11,3549.0,3549.0,3380.0,3466.0,3423.0,3404.0,34068908.0,118075284536.0,2809.0
2021-07-12,3400.0,3500.0,3340.0,3405.0,3380.0,3466.0,18994722.0,64670820401.0,1967.0
2021-07-13,3340.0,3391.0,3280.0,3320.0,3318.0,3405.0,12955840.0,43008280803.0,1524.0
2021-07-14,3280.0,3430.0,3270.0,3366.0,3367.0,3320.0,13433118.0,45211616268.0,1571.0
2021-07-17,3420.0,3430.0,3260.0,3326.0,3266.0,3366.0,15034941.0,50001941037.0,1607.0
2021-07-18,3266.0,3310.0,3201.0,3235.0,3210.0,3326.0,11872497.0,38408449939.0,1242.0
2021-07-19,3182.0,3300.0,3182.0,3264.0,3240.0,3235.0,12354479.0,40323497762.0,1358.0
2021-07-26,3419.0,3427.0,3320.0,3400.0,3427.0,3264.0,34420920.0,117023474961.0,2166.0
2021-07-27,3509.0,3509.0,3253.0,3380.0,3278.0,3400.0,18228488.0,61613222020.0,1775.0
2021-07-28,3233.0,3400.0,3233.0,3287.0,3280.0,3380.0,13085657.0,43016447025.0,1256.0
2021-07-31,3290.0,3380.0,3250.0,3299.0,3303.0,3287.0,14290931.0,47149820935.0,1208.0
2021-08-01,3310.0,3397.0,3250.0,3304.0,3325.0,3299.0,16036485.0,52991742980.0,1415.0
2021-08-02,3323.0,3449.0,3301.0,3360.0,3358.0,3304.0,16822860.0,56529428794.0,1509.0
2021-08-03,3340.0,3340.0,3240.0,3281.0,3242.0,3360.0,15209709.0,49908058401.0,1251.0
2021-08-04,3200.0,3292.0,3200.0,3239.0,3270.0,3281.0,23683649.0,76708274339.0,1516.0
2021-08-07,3320.0,3340.0,3220.0,3272.0,3240.0,3239.0,12866567.0,42100293911.0,1203.0
2021-08-08,3203.0,3300.0,3203.0,3258.0,3259.0,3272.0,13229786.0,43099136991.0,1139.0
2021-08-09,3251.0,3380.0,3251.0,3340.0,3328.0,3258.0,19901111.0,66463001823.0,1686.0
2021-08-10,3370.0,3507.0,3300.0,3454.0,3507.0,3340.0,33106332.0,114364361240.0,2602.0
2021-08-11,3580.0,3626.0,3500.0,3584.0,3557.0,3454.0,39703983.0,142295641467.0,3150.0
2021-08-14,3500.0,3584.0,3405.0,3441.0,3422.0,3584.0,23234947.0,79958386901.0,2428.0
2021-08-15,3429.0,3550.0,3340.0,3471.0,3495.0,3441.0,17373330.0,60310783958.0,1898.0
2021-08-22,3570.0,3644.0,3472.0,3567.0,3600.0,3471.0,25371792.0,90492494162.0,1975.0
2021-08-23,3560.0,3745.0,3521.0,3686.0,3745.0,3567.0,29199048.0,107633939195.0,1695.0
2021-08-24,3870.0,3870.0,3870.0,3870.0,3870.0,3686.0,8253907.0,31942620090.0,423.0
2021-08-25,4063.0,4063.0,4000.0,4061.0,4063.0,3870.0,41315678.0,167799428001.0,1516.0
2021-08-28,4190.0,4264.0,4066.0,4164.0,4118.0,4061.0,53685967.0,223523291637.0,4559.0
2021-08-29,4200.0,4200.0,3956.0,4014.0,3956.0,4164.0,42632057.0,171118252053.0,3921.0
2021-08-30,3814.0,3930.0,3814.0,3834.0,3814.0,4014.0,13040093.0,49994014945.0,1103.0
2021-08-31,3643.0,3900.0,3643.0,3686.0,3643.0,3834.0,21559339.0,79476337847.0,1908.0
2021-09-01,3789.0,3789.0,3502.0,3666.0,3737.0,3686.0,19639364.0,72006729985.0,1990.0
2021-09-04,3780.0,3849.0,3700.0,3805.0,3849.0,3666.0,23789053.0,90508552366.0,2106.0
2021-09-05,3950.0,3995.0,3834.0,3971.0,3995.0,3805.0,31634569.0,125626454746.0,2154.0
2021-09-06,4100.0,4100.0,3790.0,3964.0,3849.0,3971.0,23863173.0,94585564274.0,2891.0
2021-09-07,3781.0,3886.0,3766.0,3814.0,3784.0,3964.0,28623435.0,109182819282.0,2127.0
2021-09-08,3770.0,3946.0,3768.0,3842.0,3869.0,3814.0,13217984.0,50786132587.0,1842.0
2021-09-11,3899.0,3970.0,3801.0,3856.0,3815.0,3842.0,14501324.0,55913585625.0,1186.0
2021-09-12,3791.0,3880.0,3664.0,3694.0,3664.0,3856.0,9932100.0,36692339200.0,945.0
2021-09-13,3550.0,3690.0,3510.0,3528.0,3510.0,3694.0,16281619.0,57435161607.0,1610.0
2021-09-14,3420.0,3697.0,3420.0,3616.0,3551.0,3528.0,9860962.0,35659629496.0,1243.0
2021-09-15,3540.0,3616.0,3480.0,3525.0,3510.0,3616.0,8749901.0,30844332041.0,1726.0
2021-09-18,3360.0,3489.0,3349.0,3364.0,3361.0,3525.0,5768491.0,19407496947.0,741.0
2021-09-19,3393.0,3450.0,3210.0,3278.0,3309.0,3364.0,12450968.0,40810519784.0,1188.0
2021-09-20,3415.0,3420.0,3302.0,3378.0,3343.0,3278.0,8541138.0,28849658809.0,981.0
2021-09-21,3370.0,3370.0,3210.0,3224.0,3210.0,3378.0,13227750.0,42649398577.0,1058.0
2021-09-22,3207.0,3310.0,3076.0,3128.0,3149.0,3224.0,11582683.0,36231173135.0,1302.0
2021-09-25,3239.0,3239.0,3142.0,3195.0,3217.0,3128.0,8080475.0,25816057689.0,1005.0
2021-09-26,3259.0,3259.0,3100.0,3142.0,3120.0,3195.0,5867013.0,18437075769.0,897.0
2021-09-28,3120.0,3189.0,3040.0,3085.0,3045.0,3142.0,7284419.0,22469593852.0,963.0
2021-09-29,3010.0,3080.0,2980.0,3012.0,3009.0,3085.0,11176503.0,33664137938.0,1327.0
2021-10-02,3020.0,3100.0,2995.0,3027.0,3000.0,3012.0,9898259.0,29962488966.0,1211.0
2021-10-03,3004.0,3110.0,3000.0,3050.0,3070.0,3027.0,9447585.0,28819394044.0,1043.0
2021-10-04,3100.0,3128.0,3040.0,3078.0,3063.0,3050.0,9138329.0,28128492187.0,921.0
2021-10-06,3015.0,3131.0,3015.0,3093.0,3082.0,3078.0,7662918.0,23704990384.0,945.0
2021-10-09,3051.0,3098.0,2939.0,2986.0,2939.0,3093.0,12911722.0,38556588033.0,1358.0
2021-10-10,2900.0,2900.0,2837.0,2842.0,2837.0,2986.0,17953334.0,51024098028.0,1393.0
2021-10-11,2800.0,2888.0,2700.0,2765.0,2720.0,2842.0,15489013.0,42823825264.0,1234.0
2021-10-12,2720.0,2720.0,2627.0,2631.0,2627.0,2765.0,13704029.0,36058009896.0,795.0
2021-10-13,2669.0,2669.0,2500.0,2527.0,2540.0,2631.0,8155671.0,20612277894.0,837.0
2021-10-16,2546.0,2629.0,2540.0,2586.0,2568.0,2527.0,6788625.0,17557937199.0,696.0
2021-10-17,2580.0,2580.0,2457.0,2481.0,2457.0,2586.0,8769256.0,21759601530.0,772.0
2021-10-18,2370.0,2470.0,2360.0,2380.0,2397.0,2481.0,8606292.0,20479924333.0,728.0
2021-10-19,2369.0,2499.0,2369.0,2467.0,2499.0,2380.0,12506188.0,30853817918.0,759.0
2021-10-20,2570.0,2590.0,2501.0,2578.0,2590.0,2467.0,12838077.0,33092600237.0,835.0
2021-10-23,2700.0,2700.0,2500.0,2588.0,2521.0,2578.0,20348741.0,52653327029.0,1264.0
2021-10-25,2550.0,2577.0,2459.0,2480.0,2459.0,2588.0,9672819.0,23984370894.0,818.0
2021-10-26,2492.0,2492.0,2370.0,2406.0,2403.0,2480.0,6057854.0,14575416248.0,588.0
2021-10-27,2470.0,2470.0,2381.0,2431.0,2436.0,2406.0,6052204.0,14715721775.0,519.0
2021-10-30,2401.0,2469.0,2310.0,2342.0,2310.0,2431.0,10972435.0,25694327940.0,812.0
2021-10-31,2310.0,2310.0,2225.0,2266.0,2225.0,2342.0,4364468.0,9754122021.0,342.0
2021-11-01,2180.0,2350.0,2180.0,2269.0,2245.0,2266.0,10058990.0,22826353268.0,700.0
2021-11-02,2265.0,2320.0,2202.0,2288.0,2320.0,2269.0,6127874.0,14020304024.0,594.0
2021-11-03,2370.0,2402.0,2283.0,2367.0,2402.0,2288.0,8319130.0,19691898434.0,622.0
2021-11-06,2484.0,2485.0,2410.0,2483.0,2485.0,2367.0,7322063.0,18179087234.0,542.0
2021-11-07,2487.0,2550.0,2366.0,2446.0,2400.0,2483.0,9527073.0,23300604173.0,778.0
2021-11-08,2360.0,2539.0,2360.0,2457.0,2432.0,2446.0,7772975.0,19099931339.0,675.0
2021-11-09,2552.0,2552.0,2385.0,2462.0,2478.0,2457.0,5241537.0,12907171200.0,485.0
2021-11-10,2519.0,2585.0,2460.0,2550.0,2585.0,2462.0,13023345.0,33206225976.0,794.0
2021-11-13,2530.0,2598.0,2423.0,2512.0,2508.0,2550.0,8887748.0,22325247690.0,738.0
2021-11-14,2540.0,2540.0,2387.0,2435.0,2390.0,2512.0,11508772.0,28024186463.0,837.0
2021-11-15,2360.0,2460.0,2314.0,2337.0,2334.0,2435.0,8224531.0,19222441444.0,681.0
2021-11-16,2340.0,2340.0,2260.0,2314.0,2300.0,2337.0,3588594.0,8250454093.0,418.0
2021-11-17,2331.0,2420.0,2260.0,2380.0,2399.0,2314.0,8104629.0,19289304395.0,665.0
2021-11-20,2360.0,2420.0,2266.0,2300.0,2287.0,2380.0,9553921.0,21970819019.0,873.0
2021-11-21,2320.0,2397.0,2250.0,2329.0,2385.0,2300.0,12191340.0,28396529762.0,1015.0
2021-11-22,2399.0,2445.0,2396.0,2438.0,2445.0,2329.0,8293517.0,20215650396.0,610.0
2021-11-23,2520.0,2520.0,2360.0,2421.0,2375.0,2438.0,12346885.0,29886448973.0,1062.0
2021-11-24,2420.0,2500.0,2394.0,2451.0,2430.0,2421.0,13045796.0,31970647737.0,1096.0
2021-11-27,2371.0,2439.0,2329.0,2345.0,2329.0,2451.0,7203338.0,16890649609.0,647.0
2021-11-28,2317.0,2350.0,2250.0,2279.0,2270.0,2345.0,6687690.0,15241511217.0,613.0
2021-11-29,2251.0,2360.0,2251.0,2300.0,2282.0,2279.0,9640740.0,22178020602.0,676.0
2021-11-30,2310.0,2328.0,2244.0,2286.0,2273.0,2300.0,4882365.0,11140910957.0,508.0
2021-12-01,2280.0,2280.0,2175.0,2211.0,2199.0,2286.0,5183946.0,11392261143.0,562.0
2021-12-04,2170.0,2222.0,2101.0,2119.0,2101.0,2211.0,6917342.0,14655336921.0,635.0
2021-12-05,2110.0,2127.0,2030.0,2092.0,2076.0,2119.0,4157392.0,8623780944.0,446.0
2021-12-06,2045.0,2120.0,2040.0,2071.0,2047.0,2092.0,5297815.0,10942012871.0,444.0
2021-12-07,2070.0,2070.0,2016.0,2042.0,2020.0,2071.0,4501653.0,9126844013.0,387.0
2021-12-08,2014.0,2085.0,2014.0,2053.0,2047.0,2042.0,3330110.0,6874977718.0,358.0
2021-12-11,2015.0,2107.0,2015.0,2062.0,2047.0,2053.0,4354572.0,9005289726.0,343.0
2021-12-12,2083.0,2083.0,1990.0,2037.0,1992.0,2062.0,4585433.0,9274416985.0,306.0
2021-12-13,2000.0,2049.0,1936.0,1995.0,1936.0,2037.0,4093655.0,8033898328.0,416.0
2021-12-14,1896.0,1950.0,1896.0,1908.0,1896.0,1995.0,7079087.0,13484481894.0,467.0
2021-12-15,1835.0,1949.0,1835.0,1889.0,1874.0,1908.0,3980095.0,7452583863.0,342.0
2021-12-18,1860.0,1949.0,1851.0,1890.0,1915.0,1889.0,4864243.0,9193121547.0,432.0
2021-12-19,1925.0,1925.0,1813.0,1874.0,1858.0,1890.0,3365245.0,6229441549.0,366.0
2021-12-20,1879.0,1900.0,1826.0,1864.0,1836.0,1874.0,3625445.0,6711751330.0,320.0
2021-12-21,1840.0,1957.0,1840.0,1939.0,1957.0,1864.0,7877590.0,15276758967.0,652.0
2021-12-22,2035.0,2035.0,2035.0,1965.0,2035.0,1939.0,2134123.0,4342940305.0,138.0
2021-12-25,2063.0,2063.0,2063.0,2001.0,2063.0,1965.0,2798443.0,5773187909.0,155.0
2021-12-26,2101.0,2101.0,2101.0,2045.0,2101.0,2001.0,3366623.0,7073274923.0,177.0
2021-12-27,2147.0,2147.0,2147.0,2077.0,2147.0,2045.0,2362139.0,5071512433.0,123.0
2021-12-28,2180.0,2180.0,2180.0,2130.0,2180.0,2077.0,3915813.0,8536472340.0,156.0
2021-12-29,2236.0,2236.0,2236.0,2184.0,2236.0,2130.0,3914193.0,8752135548.0,166.0
2022-01-01,2180.0,2293.0,2090.0,2240.0,2293.0,2184.0,61381984.0,137522016780.0,2537.0
2022-01-02,2325.0,2352.0,2255.0,2320.0,2352.0,2240.0,32986673.0,76522566366.0,1787.0
2022-01-03,2370.0,2430.0,2261.0,2345.0,2281.0,2320.0,27218754.0,63821024825.0,1846.0
2022-01-04,2300.0,2318.0,2228.0,2240.0,2228.0,2345.0,19068848.0,42709614263.0,1256.0
2022-01-05,2220.0,2280.0,2140.0,2209.0,2240.0,2240.0,9674294.0,21370263128.0,782.0
2022-01-08,2200.0,2278.0,2122.0,2173.0,2160.0,2209.0,8774977.0,19065863841.0,645.0
2022-01-09,2114.0,2170.0,2065.0,2074.0,2065.0,2173.0,13046927.0,27053517435.0,664.0
2022-01-10,2000.0,2040.0,1971.0,1986.0,2020.0,2074.0,12323858.0,24478736853.0,790.0
2022-01-11,1980.0,2071.0,1980.0,2032.0,2036.0,1986.0,6936937.0,14094820659.0,539.0
2022-01-12,2045.0,2133.0,2039.0,2122.0,2133.0,2032.0,6574374.0,13971474714.0,349.0
2022-01-15,2228.0,2228.0,2163.0,2217.0,2218.0,2122.0,25088825.0,55617915721.0,1334.0
2022-01-16,2228.0,2327.0,2131.0,2264.0,2327.0,2217.0,24409780.0,55269461636.0,1591.0
2022-01-17,2340.0,2370.0,2170.0,2268.0,2198.0,2264.0,13955556.0,31651102837.0,1043.0
2022-01-18,2181.0,2221.0,2155.0,2200.0,2155.0,2268.0,4734936.0,10258898699.0,264.0
2022-01-19,2090.0,2178.0,2090.0,2110.0,2162.0,2200.0,21784818.0,45955761723.0,1051.0
2022-01-22,2150.0,2190.0,2010.0,2066.0,2013.0,2110.0,7502695.0,15498825473.0,719.0
2022-01-23,2030.0,2039.0,1963.0,1967.0,1963.0,2066.0,7884665.0,15512251936.0,506.0
2022-01-24,1931.0,1945.0,1869.0,1886.0,1879.0,1967.0,7348639.0,13857611894.0,527.0
2022-01-25,1934.0,1934.0,1792.0,1805.0,1820.0,1886.0,8694518.0,15690965355.0,528.0
2022-01-26,1847.0,1895.0,1820.0,1870.0,1895.0,1805.0,10658826.0,19935417368.0,613.0
2022-01-29,1950.0,1963.0,1895.0,1935.0,1963.0,1870.0,6061954.0,11858501468.0,389.0
2022-01-30,1980.0,2020.0,1875.0,1925.0,1901.0,1935.0,10854710.0,20891852791.0,706.0
2022-01-31,1916.0,2020.0,1853.0,1936.0,1944.0,1925.0,6822519.0,13220375638.0,485.0
2022-02-01,1950.0,1990.0,1904.0,1937.0,1921.0,1936.0,3833028.0,7426268080.0,412.0
2022-02-02,1901.0,1980.0,1857.0,1918.0,1930.0,1937.0,5162746.0,9848603906.0,423.0
2022-02-05,1968.0,1968.0,1872.0,1913.0,1897.0,1918.0,5030102.0,9605006819.0,427.0
2022-02-06,1896.0,1896.0,1828.0,1859.0,1840.0,1913.0,6773030.0,12537626023.0,425.0
2022-02-07,1841.0,1950.0,1841.0,1913.0,1950.0,1859.0,10362446.0,19823273956.0,694.0
2022-02-08,1967.0,2000.0,1914.0,1950.0,1930.0,1913.0,6912674.0,13511352149.0,502.0
2022-02-09,1950.0,1988.0,1886.0,1941.0,1944.0,1950.0,6233567.0,12081232620.0,544.0
2022-02-12,1969.0,1969.0,1887.0,1919.0,1890.0,1941.0,4104303.0,7797251217.0,330.0
2022-02-13,1900.0,2014.0,1851.0,1974.0,1999.0,1919.0,15403643.0,30402516811.0,925.0
2022-02-14,1997.0,2038.0,1929.0,1978.0,1958.0,1974.0,12002169.0,23742197276.0,591.0
2022-02-16,1912.0,1960.0,1900.0,1920.0,1903.0,1978.0,7985108.0,15328691926.0,461.0
2022-02-19,1900.0,1940.0,1861.0,1907.0,1895.0,1920.0,4084297.0,7738796602.0,373.0
2022-02-20,1919.0,1920.0,1840.0,1865.0,1870.0,1907.0,7241295.0,13481592248.0,434.0
2022-02-21,1852.0,1930.0,1852.0,1891.0,1903.0,1865.0,7217047.0,13666602915.0,410.0
2022-02-22,1940.0,1940.0,1885.0,1895.0,1898.0,1891.0,3855206.0,7319000125.0,333.0
2022-02-23,1900.0,1949.0,1875.0,1913.0,1937.0,1895.0,6381539.0,12235374411.0,485.0
2022-02-26,1956.0,1994.0,1881.0,1966.0,1977.0,1913.0,13475099.0,26489315635.0,881.0
2022-02-27,1996.0,2064.0,1950.0,2031.0,2064.0,1966.0,19681674.0,39974315890.0,1029.0
2022-02-28,2132.0,2132.0,2085.0,2123.0,2089.0,2031.0,27096271.0,57536180974.0,1316.0
2022-03-02,2040.0,2130.0,2017.0,2033.0,2017.0,2123.0,15196210.0,30897375470.0,891.0
2022-03-05,1945.0,2051.0,1945.0,1981.0,1965.0,2033.0,10501912.0,20807796727.0,692.0
2022-03-06,2025.0,2080.0,1964.0,2049.0,2080.0,1981.0,10718102.0,21960309704.0,689.0
2022-03-07,2151.0,2151.0,2073.0,2128.0,2079.0,2049.0,22029060.0,46882461144.0,1155.0
2022-03-08,2031.0,2140.0,2025.0,2062.0,2030.0,2128.0,11649818.0,24017784801.0,704.0
2022-03-09,2050.0,2088.0,2023.0,2045.0,2033.0,2062.0,6259316.0,12779307649.0,449.0
2022-03-12,1959.0,2032.0,1959.0,1993.0,1981.0,2045.0,7623361.0,15195814025.0,537.0
2022-03-13,1959.0,2092.0,1959.0,2085.0,2092.0,1993.0,16021563.0,33402604475.0,778.0
2022-03-14,2032.0,2133.0,2032.0,2082.0,2068.0,2085.0,9841291.0,20487847906.0,619.0
2022-03-15,2041.0,2135.0,2040.0,2100.0,2092.0,2082.0,8778833.0,18439828152.0,510.0
2022-03-16,2085.0,2137.0,2061.0,2108.0,2115.0,2100.0,11205232.0,23623242555.0,517.0
2022-03-19,2137.0,2213.0,2091.0,2183.0,2213.0,2108.0,13811985.0,30151336975.0,704.0
2022-03-26,2238.0,2292.0,2186.0,2266.0,2292.0,2183.0,12287496.0,27843874021.0,719.0
2022-03-27,2270.0,2339.0,2270.0,2299.0,2288.0,2266.0,14901784.0,34259149080.0,832.0
2022-03-29,2377.0,2377.0,2235.0,2283.0,2304.0,2299.0,12963713.0,29597648289.0,842.0
2022-03-30,2230.0,2397.0,2230.0,2361.0,2394.0,2283.0,17253994.0,40739714472.0,1002.0
2022-04-03,2404.0,2479.0,2404.0,2469.0,2479.0,2361.0,11807155.0,29154683855.0,506.0
2022-04-04,2580.0,2580.0,2346.0,2416.0,2346.0,2469.0,34387433.0,83069222569.0,1717.0
2022-04-05,2320.0,2536.0,2320.0,2504.0,2536.0,2416.0,18594623.0,46569274332.0,1129.0
2022-04-06,2629.0,2629.0,2629.0,2629.0,2629.0,2504.0,9051253.0,23795744137.0,298.0
2022-04-09,2760.0,2760.0,2760.0,2760.0,2760.0,2629.0,16637508.0,45919522080.0,437.0
2022-04-12,2850.0,2898.0,2653.0,2804.0,2898.0,2760.0,53680872.0,150520732470.0,1691.0
2022-04-13,2944.0,2944.0,2944.0,2944.0,2944.0,2804.0,11875893.0,34962628992.0,311.0
2022-04-16,3091.0,3091.0,3091.0,3091.0,3091.0,2944.0,5282203.0,16327289473.0,216.0
2022-04-17,3245.0,3245.0,3245.0,3245.0,3245.0,3091.0,7512406.0,24377757470.0,285.0
2022-04-18,3439.0,3439.0,3439.0,3420.0,3439.0,3245.0,4599149.0,15816473411.0,257.0
2022-04-19,3625.0,3625.0,3458.0,3623.0,3625.0,3420.0,68287004.0,247433667790.0,1541.0
2022-04-20,3820.0,3820.0,3510.0,3662.0,3603.0,3623.0,118228434.0,432985983348.0,6328.0
2022-04-24,3600.0,3600.0,3443.0,3463.0,3443.0,3662.0,53882653.0,186612881751.0,2598.0
2022-04-25,3400.0,3670.0,3330.0,3603.0,3670.0,3463.0,24277513.0,87481432216.0,1487.0
2022-04-26,3780.0,3819.0,3610.0,3737.0,3819.0,3603.0,47830829.0,178733923490.0,2745.0
2022-04-27,3959.0,3961.0,3840.0,3950.0,3961.0,3737.0,53756319.0,212333569633.0,3038.0
2022-04-30,4070.0,4187.0,3954.0,4165.0,4187.0,3950.0,19393599.0,80765895013.0,1152.0
2022-05-01,4414.0,4414.0,4414.0,4332.0,4414.0,4165.0,2549204.0,11252186456.0,114.0
2022-05-07,4500.0,4591.0,4500.0,4562.0,4591.0,4332.0,14635428.0,66761091027.0,732.0
2022-05-08,4835.0,4835.0,4289.0,4579.0,4831.0,4562.0,163363854.0,748110837421.0,10374.0
2022-05-09,4840.0,4840.0,4360.0,4616.0,4500.0,4579.0,50215570.0,231820142529.0,4893.0
2022-05-10,4490.0,4892.0,4345.0,4765.0,4892.0,4616.0,57917834.0,275981250566.0,4113.0
2022-05-11,5050.0,5050.0,5000.0,5049.0,5050.0,4765.0,7696470.0,38859386904.0,625.0
2022-05-14,5350.0,5350.0,5350.0,5350.0,5350.0,5049.0,3695307.0,19769892450.0,334.0
2022-05-15,5670.0,5670.0,5480.0,5650.0,5670.0,5350.0,105070514.0,593306560930.0,6466.0
2022-05-16,5700.0,5700.0,5220.0,5330.0,5220.0,5650.0,57679534.0,307210273440.0,4058.0
2022-05-17,5090.0,5260.0,5020.0,5070.0,5020.0,5330.0,47641725.0,241306730980.0,4304.0
2022-05-18,4810.0,5250.0,4770.0,4900.0,4850.0,5070.0,84186294.0,412298040670.0,5703.0
2022-05-21,4900.0,5140.0,4750.0,4984.0,4920.0,4900.0,43170590.0,215156335478.0,3674.0
2022-05-22,5000.0,5049.0,4685.0,4733.0,4685.0,4984.0,58826289.0,278406681446.0,4549.0
2022-05-23,4700.0,4800.0,4450.0,4534.0,4450.0,4733.0,21448065.0,97247392886.0,1616.0
2022-05-24,4300.0,4450.0,4262.0,4313.0,4370.0,4534.0,77437426.0,333985440848.0,4542.0
2022-05-25,4400.0,4571.0,4400.0,4555.0,4571.0,4313.0,36381268.0,165711665342.0,1998.0
2022-05-28,4635.0,4780.0,4282.0,4439.0,4343.0,4555.0,43681442.0,193905599840.0,3569.0
2022-05-29,4405.0,4405.0,4173.0,4183.0,4225.0,4439.0,39702409.0,166070412998.0,2230.0
2022-05-30,4259.0,4384.0,3934.0,4073.0,3955.0,4183.0,31653500.0,128933028183.0,2633.0
2022-05-31,3900.0,4317.0,3860.0,4156.0,4281.0,4073.0,46784210.0,194448657848.0,3523.0
2022-06-01,4400.0,4405.0,4398.0,4404.0,4405.0,4156.0,8335889.0,36708827331.0,517.0
2022-06-06,4668.0,4668.0,4255.0,4468.0,4319.0,4404.0,41452928.0,185222438544.0,3479.0
2022-06-07,4263.0,4400.0,4200.0,4220.0,4200.0,4468.0,45371324.0,191482093801.0,2873.0
2022-06-08,4100.0,4450.0,4030.0,4285.0,4222.0,4220.0,23487819.0,100649465978.0,1961.0
2022-06-11,4225.0,4279.0,4028.0,4048.0,4028.0,4285.0,27564318.0,111577480097.0,2177.0
2022-06-12,3990.0,4150.0,3901.0,4038.0,4050.0,4048.0,15816331.0,63865290807.0,1572.0
2022-06-13,3972.0,4280.0,3972.0,4245.0,4247.0,4038.0,30850048.0,130963645372.0,2074.0
2022-06-14,4260.0,4380.0,3991.0,4058.0,4016.0,4245.0,22690634.0,92072680058.0,2242.0
2022-06-15,3900.0,4090.0,3820.0,3876.0,3830.0,4058.0,23385750.0,90650966441.0,2000.0
2022-06-20,3960.0,3960.0,3560.0,3664.0,3600.0,3736.0,11273595.0,41301265997.0,831.0
2022-06-21,3663.0,3663.0,3445.0,3479.0,3445.0,3664.0,21327039.0,74204362902.0,1440.0
2022-06-22,3480.0,3540.0,3271.0,3337.0,3299.0,3479.0,22469513.0,74988804301.0,1543.0
2022-06-25,3390.0,3537.0,3300.0,3482.0,3537.0,3337.0,15112116.0,52614094974.0,1046.0
2022-06-26,3660.0,3690.0,3447.0,3666.0,3690.0,3482.0,27137960.0,99482077084.0,1346.0
2022-06-27,3840.0,3885.0,3703.0,3850.0,3885.0,3666.0,41956851.0,161527184890.0,3110.0
2022-06-28,3940.0,3989.0,3619.0,3711.0,3619.0,3850.0,39488095.0,146549244555.0,3215.0
2022-06-29,3621.0,3698.0,3521.0,3589.0,3601.0,3711.0,18888451.0,67783328737.0,1419.0
2022-07-02,3550.0,3804.0,3550.0,3797.0,3804.0,3589.0,62094314.0,235784616654.0,2915.0
2022-07-03,3852.0,3915.0,3640.0,3732.0,3719.0,3797.0,30458751.0,113685566241.0,2358.0
2022-07-04,3729.0,3933.0,3639.0,3785.0,3700.0,3732.0,23557729.0,89174911139.0,1607.0
2022-07-05,3800.0,3900.0,3670.0,3786.0,3744.0,3785.0,17487700.0,66216681266.0,1429.0
2022-07-06,3769.0,3775.0,3559.0,3596.0,3570.0,3786.0,14920297.0,53651115177.0,1205.0
2022-07-09,3440.0,3550.0,3381.0,3405.0,3381.0,3596.0,16410441.0,55871293165.0,1088.0
2022-07-11,3381.0,3381.0,3201.0,3257.0,3201.0,3405.0,10897717.0,35497378571.0,967.0
2022-07-12,3101.0,3227.0,3062.0,3116.0,3163.0,3257.0,20430462.0,63660872014.0,1447.0
2022-07-13,3190.0,3260.0,3130.0,3196.0,3155.0,3116.0,11806838.0,37739396719.0,950.0
2022-07-16,3122.0,3380.0,3098.0,3255.0,3237.0,3196.0,19473746.0,63393149822.0,1545.0
2022-07-17,3150.0,3249.0,3060.0,3092.0,3060.0,3255.0,18484464.0,57151335262.0,1243.0
2022-07-19,3050.0,3166.0,3005.0,3077.0,3056.0,3092.0,11778614.0,36244057230.0,1083.0
2022-07-20,3110.0,3175.0,3070.0,3136.0,3158.0,3077.0,14596450.0,45768818505.0,1135.0
2022-07-23,3200.0,3321.0,3138.0,3206.0,3170.0,3136.0,11283551.0,36169651501.0,905.0
2022-07-24,3200.0,3200.0,3014.0,3050.0,3014.0,3206.0,10001079.0,30505392739.0,894.0
2022-07-25,2940.0,2990.0,2867.0,2883.0,2867.0,3050.0,5711284.0,16467706181.0,396.0
2022-07-26,2867.0,2940.0,2711.0,2756.0,2720.0,2883.0,16706880.0,46041641352.0,1220.0
2022-07-27,2790.0,2921.0,2675.0,2901.0,2921.0,2756.0,28570271.0,82887722605.0,1422.0
2022-07-30,2923.0,3075.0,2923.0,3049.0,3071.0,2901.0,46943763.0,143130470093.0,2251.0
2022-07-31,3090.0,3090.0,2867.0,2890.0,2867.0,3049.0,24834015.0,71769265928.0,1356.0
2022-08-01,2900.0,2950.0,2810.0,2881.0,2858.0,2890.0,8885692.0,25603312875.0,703.0
2022-08-02,2841.0,3053.0,2790.0,3026.0,3053.0,2881.0,48511821.0,146819878607.0,1991.0
2022-08-03,3067.0,3120.0,2960.0,3031.0,2992.0,3026.0,16390712.0,49679136501.0,1172.0
2022-08-06,3030.0,3147.0,2960.0,3070.0,3054.0,3031.0,23297377.0,71521808312.0,1396.0
2022-08-09,3090.0,3231.0,3025.0,3110.0,3080.0,3070.0,22647628.0,70435039447.0,1442.0
2022-08-10,3091.0,3091.0,2924.0,2945.0,2940.0,3110.0,26922375.0,79275764470.0,1656.0
2022-08-13,3021.0,3115.0,2901.0,3050.0,3021.0,2945.0,19884219.0,60641806936.0,1364.0
2022-08-14,3062.0,3081.0,2900.0,2970.0,2963.0,3050.0,14494031.0,43049368524.0,927.0
2022-08-15,2963.0,3098.0,2925.0,3036.0,3016.0,2970.0,20838697.0,63270608660.0,1343.0
2022-08-16,3025.0,3080.0,2920.0,2972.0,2950.0,3036.0,14641439.0,43519343569.0,1022.0
2022-08-17,2940.0,3052.0,2905.0,2997.0,2999.0,2972.0,15936129.0,47764713827.0,1097.0
2022-08-20,2997.0,3021.0,2910.0,2953.0,2927.0,2997.0,14777494.0,43638858831.0,964.0
2022-08-21,3009.0,3090.0,2950.0,3051.0,3060.0,2953.0,26827521.0,81847366720.0,1904.0
2022-08-22,3110.0,3234.0,3065.0,3195.0,3234.0,3051.0,38817705.0,124034765468.0,2173.0
2022-08-23,3289.0,3386.0,3280.0,3357.0,3386.0,3195.0,32547512.0,109263974155.0,1520.0
2022-08-24,3550.0,3557.0,3350.0,3453.0,3400.0,3357.0,65387236.0,225761761362.0,3595.0
2022-08-27,3398.0,3527.0,3300.0,3413.0,3340.0,3453.0,37731975.0,128761569262.0,2398.0
2022-08-28,3341.0,3520.0,3281.0,3436.0,3400.0,3413.0,28966790.0,99521184489.0,1790.0
2022-08-29,3380.0,3646.0,3380.0,3522.0,3492.0,3436.0,39483578.0,139051386162.0,2057.0
2022-08-30,3550.0,3595.0,3386.0,3487.0,3432.0,3522.0,18141490.0,63265613576.0,1418.0
2022-08-31,3410.0,3450.0,3347.0,3389.0,3381.0,3487.0,15678749.0,53134210829.0,1229.0
2022-09-03,3344.0,3380.0,3170.0,3221.0,3181.0,3389.0,15266497.0,49172804791.0,1312.0
2022-09-04,3220.0,3398.0,3160.0,3310.0,3354.0,3221.0,33609626.0,111235024537.0,1791.0
2022-09-05,3354.0,3444.0,3290.0,3352.0,3316.0,3310.0,11803364.0,39567703393.0,1062.0
2022-09-06,3320.0,3479.0,3281.0,3388.0,3370.0,3352.0,18173691.0,61575026806.0,1218.0
2022-09-07,3310.0,3389.0,3230.0,3293.0,3275.0,3388.0,13975248.0,46022110832.0,1235.0
2022-09-10,3213.0,3410.0,3100.0,3277.0,3300.0,3293.0,20271706.0,66424465196.0,1763.0
2022-09-11,3291.0,3390.0,3221.0,3315.0,3284.0,3277.0,17891883.0,59317596904.0,1245.0
2022-09-12,3250.0,3330.0,3194.0,3232.0,3212.0,3315.0,9894844.0,31978273412.0,1013.0
2022-09-13,3250.0,3310.0,3144.0,3229.0,3270.0,3232.0,14842804.0,47929899496.0,1226.0
2022-09-14,3320.0,3320.0,3207.0,3263.0,3229.0,3229.0,9272392.0,30253978342.0,861.0
2022-09-18,3210.0,3262.0,3076.0,3159.0,3219.0,3263.0,15688622.0,49556637856.0,1022.0
2022-09-19,3250.0,3250.0,3106.0,3153.0,3158.0,3159.0,7589850.0,23933475273.0,815.0
2022-09-20,3205.0,3205.0,3041.0,3092.0,3068.0,3153.0,11203377.0,34637842926.0,806.0
2022-09-21,3081.0,3092.0,2890.0,2951.0,2960.0,3092.0,19911590.0,58751445002.0,1315.0
2022-09-24,2890.0,2890.0,2745.0,2756.0,2745.0,2951.0,22333693.0,61543294652.0,1210.0
2022-09-26,2645.0,2850.0,2645.0,2786.0,2850.0,2756.0,12452219.0,34689407120.0,1040.0
2022-09-28,2780.0,2919.0,2780.0,2883.0,2893.0,2786.0,8857538.0,25537698207.0,769.0
2022-10-01,2861.0,2890.0,2682.0,2716.0,2699.0,2883.0,19825925.0,53842631519.0,1087.0
2022-10-02,2675.0,2700.0,2531.0,2587.0,2545.0,2716.0,13855553.0,35838024809.0,985.0
2022-10-03,2560.0,2640.0,2470.0,2540.0,2527.0,2587.0,11002791.0,27947560047.0,782.0
2022-10-04,2531.0,2717.0,2487.0,2664.0,2717.0,2540.0,15235304.0,40581222399.0,1030.0
2022-10-08,2850.0,2850.0,2814.0,2848.0,2850.0,2664.0,7627706.0,21724935205.0,365.0
2022-10-09,3047.0,3047.0,2866.0,2971.0,2939.0,2848.0,58466154.0,173683356378.0,2910.0
2022-10-10,2940.0,3170.0,2871.0,3117.0,3149.0,2971.0,46955483.0,146357166243.0,2242.0
2022-10-11,3178.0,3240.0,3000.0,3089.0,3049.0,3117.0,29325099.0,90572556821.0,2115.0
2022-10-12,3080.0,3080.0,2942.0,2973.0,2990.0,3089.0,19325636.0,57446487435.0,1499.0
2022-10-15,2989.0,3130.0,2988.0,3044.0,3016.0,2973.0,13637948.0,41517088839.0,1217.0
2022-10-16,3065.0,3065.0,2835.0,2898.0,2880.0,3044.0,13470499.0,39041494483.0,1091.0
2022-10-17,2850.0,3048.0,2840.0,2985.0,2990.0,2898.0,18201528.0,54334967074.0,1436.0
2022-10-18,3014.0,3099.0,2901.0,3017.0,2982.0,2985.0,16951751.0,51138416601.0,1133.0
2022-10-19,2997.0,2998.0,2912.0,2943.0,2941.0,3017.0,8057212.0,23714619787.0,670.0
2022-10-22,2942.0,2996.0,2885.0,2951.0,2910.0,2943.0,7315935.0,21589117075.0,577.0
2022-10-23,2910.0,2983.0,2886.0,2921.0,2920.0,2951.0,7359966.0,21497279823.0,594.0
2022-10-24,2950.0,3060.0,2830.0,2991.0,3018.0,2921.0,19934488.0,59625895154.0,1406.0
2022-10-25,3010.0,3082.0,2953.0,3034.0,3028.0,2991.0,17970383.0,54517835378.0,973.0
2022-10-26,3047.0,3047.0,2822.0,2873.0,2890.0,3034.0,19581199.0,56265241118.0,1045.0
2022-10-29,2850.0,2990.0,2697.0,2800.0,2735.0,2873.0,12791921.0,35816387300.0,785.0
2022-10-30,2783.0,2785.0,2605.0,2657.0,2729.0,2800.0,21828049.0,57991189532.0,1252.0
2022-10-31,2725.0,2842.0,2711.0,2816.0,2842.0,2657.0,9580700.0,26981780822.0,690.0
2022-11-01,2950.0,3010.0,2866.0,2940.0,2898.0,2816.0,22425219.0,65940505469.0,1483.0
2022-11-02,2870.0,2909.0,2790.0,2853.0,2862.0,2940.0,12284266.0,35046247684.0,926.0
2022-11-05,2864.0,3050.0,2864.0,2992.0,2988.0,2853.0,23680066.0,70859476223.0,1160.0
2022-11-06,3028.0,3100.0,2871.0,3015.0,3070.0,2992.0,30318995.0,91419200655.0,1556.0
2022-11-07,3110.0,3226.0,3070.0,3211.0,3226.0,3015.0,24187704.0,77661868922.0,1160.0
2022-11-08,3390.0,3435.0,3250.0,3383.0,3320.0,3211.0,71831514.0,243028296328.0,2761.0
2022-11-09,3280.0,3619.0,3208.0,3530.0,3619.0,3383.0,74988946.0,264688530360.0,2795.0
2022-11-12,3777.0,3777.0,3650.0,3767.0,3744.0,3530.0,196735148.0,741065422827.0,6667.0
2022-11-13,3750.0,3849.0,3647.0,3700.0,3648.0,3767.0,68883788.0,254868614737.0,4157.0
2022-11-14,3660.0,3698.0,3443.0,3525.0,3490.0,3700.0,57002416.0,200948091002.0,3298.0
2022-11-15,3519.0,3771.0,3510.0,3744.0,3771.0,3525.0,82919773.0,310455617534.0,4427.0
2022-11-16,3840.0,3935.0,3711.0,3819.0,3775.0,3744.0,59056810.0,225531272106.0,3690.0
2022-11-19,3760.0,3760.0,3552.0,3605.0,3600.0,3819.0,50808433.0,183143888570.0,2794.0
2022-11-20,3677.0,3848.0,3670.0,3744.0,3690.0,3605.0,38182674.0,142946863565.0,2256.0
2022-11-21,3767.0,3899.0,3655.0,3791.0,3720.0,3744.0,40737818.0,154455741742.0,2827.0
2022-11-22,3632.0,3825.0,3632.0,3709.0,3729.0,3791.0,22567096.0,83706768253.0,1759.0
2022-11-23,3769.0,3968.0,3769.0,3928.0,3968.0,3709.0,83772746.0,329096614556.0,3917.0
2022-11-26,4000.0,4080.0,3890.0,3974.0,3904.0,3928.0,34922401.0,138777294024.0,2870.0
2022-11-27,3899.0,4149.0,3854.0,4009.0,4091.0,3974.0,34792577.0,139491812430.0,2748.0
2022-11-28,4092.0,4137.0,3930.0,3999.0,3950.0,4009.0,23087467.0,92327531360.0,2288.0
2022-11-29,3998.0,4000.0,3871.0,3926.0,3925.0,3999.0,29765709.0,116866308129.0,2371.0
2022-11-30,3932.0,4100.0,3926.0,3989.0,3940.0,3926.0,18922708.0,75486418475.0,1783.0
2022-12-03,3930.0,3957.0,3770.0,3836.0,3823.0,3989.0,27316292.0,104785450026.0,2387.0
2022-12-04,3845.0,3950.0,3783.0,3867.0,3919.0,3836.0,32127755.0,124253453572.0,2433.0
2022-12-05,3950.0,4048.0,3861.0,3932.0,3880.0,3867.0,24411242.0,95985843082.0,2149.0
2022-12-06,3872.0,3959.0,3795.0,3876.0,3890.0,3932.0,20351538.0,78877027155.0,1686.0
2022-12-07,3866.0,3995.0,3810.0,3879.0,3810.0,3876.0,17938262.0,69587222133.0,1567.0
2022-12-10,3848.0,3850.0,3608.0,3666.0,3653.0,3879.0,38637455.0,141642452922.0,2842.0
2022-12-11,3665.0,3779.0,3660.0,3710.0,3740.0,3666.0,16033414.0,59488718621.0,1271.0
2022-12-12,3740.0,3890.0,3667.0,3810.0,3810.0,3710.0,23749061.0,90478118494.0,1927.0
2022-12-13,3860.0,4000.0,3860.0,3945.0,3920.0,3810.0,25048271.0,98807411210.0,1956.0
2022-12-14,3978.0,4026.0,3850.0,3913.0,3955.0,3945.0,25683978.0,100496112216.0,1986.0
2022-12-17,3970.0,4186.0,3935.0,4107.0,4186.0,3913.0,51072653.0,209753167943.0,3729.0
2022-12-18,4269.0,4394.0,4240.0,4376.0,4394.0,4107.0,50435622.0,220718273671.0,3310.0
2022-12-19,4488.0,4628.0,4281.0,4403.0,4301.0,4376.0,47533736.0,209297554370.0,3917.0
2022-12-20,4301.0,4489.0,4179.0,4251.0,4241.0,4403.0,37027392.0,157418823615.0,2942.0
2022-12-21,4251.0,4328.0,4212.0,4262.0,4245.0,4251.0,18789981.0,80089052907.0,1651.0
2022-12-24,4220.0,4560.0,4220.0,4412.0,4470.0,4262.0,35885421.0,158324081707.0,2551.0
2022-12-25,4549.0,4549.0,4350.0,4422.0,4359.0,4412.0,27512318.0,121662285573.0,2262.0
2022-12-26,4430.0,4430.0,4277.0,4329.0,4326.0,4422.0,26226989.0,113530575410.0,2172.0
2022-12-28,4330.0,4500.0,4329.0,4365.0,4353.0,4329.0,47869187.0,208932976106.0,3105.0
2022-12-31,4305.0,4364.0,4071.0,4236.0,4240.0,4365.0,29582157.0,125303790307.0,2345.0
2023-01-01,4220.0,4400.0,4110.0,4222.0,4287.0,4236.0,25735850.0,108652649903.0,2283.0
2023-01-02,4280.0,4409.0,4280.0,4348.0,4319.0,4222.0,27820146.0,120956597667.0,1916.0
2023-01-03,4400.0,4400.0,4190.0,4308.0,4202.0,4348.0,30891460.0,133085034650.0,2379.0
2023-01-04,4300.0,4448.0,4150.0,4353.0,4345.0,4308.0,32330406.0,140721217003.0,2334.0
2023-01-07,4310.0,4448.0,4310.0,4374.0,4360.0,4353.0,28006845.0,122497279563.0,2280.0
2023-01-08,4400.0,4680.0,4390.0,4607.0,4680.0,4374.0,96435122.0,444259990497.0,4438.0
2023-01-09,4820.0,4870.0,4600.0,4725.0,4730.0,4607.0,59071450.0,279104045365.0,3612.0
2023-01-10,4799.0,4847.0,4540.0,4683.0,4617.0,4725.0,51104542.0,239306721953.0,4073.0
2023-01-11,4570.0,4740.0,4396.0,4540.0,4447.0,4683.0,43609398.0,197987439158.0,3270.0
2023-01-14,4447.0,4524.0,4230.0,4397.0,4460.0,4540.0,22930201.0,100820337539.0,2077.0
2023-01-16,4510.0,4650.0,4510.0,4589.0,4589.0,4397.0,26621499.0,122171422391.0,2019.0
2023-01-17,4591.0,4694.0,4421.0,4504.0,4445.0,4589.0,37829279.0,170392099475.0,2822.0
2023-01-18,4402.0,4559.0,4322.0,4411.0,4405.0,4504.0,73501508.0,324201445224.0,4778.0
2023-01-21,4405.0,4449.0,4103.0,4184.0,4103.0,4411.0,65945830.0,275893227966.0,4987.0
2023-01-22,4006.0,4148.0,3892.0,3969.0,4094.0,4184.0,196470194.0,779885533626.0,9937.0
2023-01-23,4120.0,4210.0,3930.0,4096.0,4079.0,3969.0,82552170.0,338142137870.0,5557.0
2023-01-24,4130.0,4260.0,4022.0,4174.0,4212.0,4096.0,50184543.0,209478134495.0,4083.0
2023-01-25,4222.0,4250.0,3900.0,4028.0,3962.0,4174.0,36936689.0,148796540328.0,2945.0
2023-01-28,3905.0,3962.0,3747.0,3772.0,3747.0,4028.0,58759235.0,221631694347.0,4188.0
2023-01-29,3690.0,3690.0,3508.0,3533.0,3508.0,3772.0,40313428.0,142415041770.0,2429.0
2023-01-30,3459.0,3633.0,3286.0,3394.0,3479.0,3533.0,51339958.0,174268973831.0,3227.0
2023-01-31,3500.0,3625.0,3430.0,3519.0,3568.0,3394.0,31514843.0,110899597824.0,2195.0
2023-02-01,3599.0,3600.0,3405.0,3535.0,3499.0,3519.0,20221102.0,71474606242.0,1584.0
2023-02-05,3499.0,3500.0,3288.0,3330.0,3288.0,3535.0,39875476.0,132781972749.0,2767.0
2023-02-06,3285.0,3465.0,3174.0,3295.0,3372.0,3330.0,48360846.0,159361520961.0,2612.0
2023-02-07,3443.0,3489.0,3381.0,3424.0,3434.0,3295.0,21204131.0,72593033260.0,1565.0
2023-02-08,3492.0,3495.0,3350.0,3393.0,3351.0,3424.0,22262143.0,75536554988.0,1552.0
2023-02-12,3348.0,3430.0,3288.0,3355.0,3355.0,3393.0,16857010.0,56562601579.0,1573.0
2023-02-13,3400.0,3480.0,3332.0,3414.0,3360.0,3355.0,20977669.0,71620086079.0,1728.0
2023-02-14,3365.0,3630.0,3351.0,3529.0,3489.0,3414.0,41850393.0,147710667490.0,3255.0
2023-02-15,3525.0,3525.0,3360.0,3394.0,3365.0,3529.0,23520161.0,79838078107.0,1713.0
2023-02-19,3360.0,3479.0,3350.0,3408.0,3436.0,3394.0,15816904.0,53905679610.0,1293.0
2023-02-20,3490.0,3646.0,3440.0,3626.0,3646.0,3408.0,31040739.0,112560101622.0,1752.0
2023-02-21,3740.0,3819.0,3580.0,3707.0,3590.0,3626.0,42072148.0,155963954940.0,2836.0
2023-02-22,3601.0,3620.0,3490.0,3538.0,3570.0,3707.0,24303978.0,85990160466.0,1897.0
2023-02-25,3660.0,3785.0,3630.0,3780.0,3785.0,3538.0,38731348.0,146387083295.0,1430.0
2023-02-26,4020.0,4044.0,3757.0,3925.0,3800.0,3780.0,65253933.0,256121927771.0,3891.0
2023-02-27,3810.0,3985.0,3710.0,3870.0,3796.0,3925.0,34998881.0,135445823387.0,2381.0
2023-02-28,3810.0,3890.0,3711.0,3803.0,3809.0,3870.0,29052774.0,110495627812.0,1841.0
2023-03-01,3860.0,3935.0,3715.0,3826.0,3780.0,3803.0,24192835.0,92559166056.0,1788.0
2023-03-04,3780.0,3949.0,3721.0,3814.0,3760.0,3826.0,25784124.0,98332771722.0,1494.0
2023-03-05,3869.0,3940.0,3770.0,3847.0,3776.0,3814.0,21904671.0,84265940469.0,1482.0
2023-03-06,3770.0,3849.0,3750.0,3807.0,3830.0,3847.0,17567083.0,66880581056.0,1030.0
2023-03-07,3830.0,3947.0,3830.0,3890.0,3906.0,3807.0,31633146.0,123043984304.0,1697.0
2023-03-11,3975.0,4040.0,3823.0,3914.0,3850.0,3890.0,23728040.0,92880665862.0,1569.0
2023-03-12,3780.0,3879.0,3641.0,3697.0,3739.0,3914.0,38821832.0,143509545485.0,2659.0
2023-03-13,3650.0,3820.0,3650.0,3722.0,3670.0,3697.0,17762363.0,66104232782.0,1478.0
2023-03-14,3642.0,3759.0,3563.0,3661.0,3670.0,3722.0,26247570.0,96093268186.0,2322.0
2023-03-15,3710.0,3890.0,3710.0,3808.0,3806.0,3661.0,24386937.0,92860077091.0,1884.0
2023-03-18,3900.0,4073.0,3890.0,3989.0,4071.0,3808.0,29400774.0,117265056830.0,2332.0
2023-03-19,4080.0,4127.0,3950.0,4008.0,3972.0,3989.0,34043784.0,136453546545.0,2431.0
2023-03-25,4000.0,4285.0,3972.0,4162.0,4122.0,4008.0,31989619.0,133153611615.0,2470.0
2023-03-26,4164.0,4164.0,3923.0,3986.0,3950.0,4162.0,6239174.0,24867456954.0,435.0
2023-03-27,3986.0,4210.0,3850.0,4105.0,4140.0,3986.0,25514600.0,104735925151.0,2183.0
2023-03-28,4240.0,4360.0,4100.0,4237.0,4307.0,4105.0,47167688.0,199837064180.0,3298.0
2023-03-29,4374.0,4480.0,4350.0,4397.0,4366.0,4237.0,39565169.0,173986816823.0,2864.0
2023-04-03,4435.0,4638.0,4222.0,4483.0,4576.0,4397.0,64347783.0,288476812398.0,4617.0
2023-04-04,4670.0,4795.0,4400.0,4624.0,4511.0,4483.0,69759808.0,322582448597.0,5516.0
2023-04-05,4550.0,4898.0,4440.0,4736.0,4868.0,4624.0,78015210.0,369514411964.0,5291.0
2023-04-08,4880.0,5067.0,4871.0,5060.0,5067.0,4736.0,102465289.0,518442751281.0,3483.0
2023-04-09,5220.0,5414.0,5070.0,5382.0,5414.0,5060.0,197648791.0,1063709691973.0,10976.0
2023-04-10,5650.0,5650.0,5500.0,5584.0,5540.0,5382.0,4010809.0,22397586922.0,352.0
2023-04-15,5970.0,5970.0,5960.0,5970.0,5970.0,5584.0,32553915.0,194342071740.0,1299.0
2023-04-16,6070.0,6170.0,5620.0,5870.0,5740.0,5970.0,164529314.0,965449161810.0,13027.0
2023-04-17,5700.0,6200.0,5600.0,5970.0,6040.0,5870.0,88189477.0,526836920150.0,7060.0
2023-04-18,6110.0,6380.0,6060.0,6300.0,6270.0,5970.0,86612756.0,546068348720.0,6423.0
2023-04-19,6300.0,6300.0,5900.0,6070.0,6000.0,6300.0,73072761.0,443554055260.0,7179.0
2023-04-24,6070.0,6310.0,5910.0,6140.0,6270.0,6070.0,70114714.0,430697932830.0,6451.0
2023-04-25,6230.0,6490.0,5910.0,6160.0,5980.0,6140.0,66834818.0,411610702680.0,5817.0
2023-04-26,5980.0,6190.0,5780.0,5970.0,5910.0,6160.0,57544626.0,343486035580.0,5446.0
2023-04-29,5970.0,6210.0,5920.0,6040.0,5990.0,5970.0,54147220.0,326919332580.0,4891.0
2023-04-30,6040.0,6460.0,6040.0,6390.0,6460.0,6040.0,89871552.0,574312912340.0,5346.0
2023-05-01,6640.0,6690.0,6270.0,6500.0,6490.0,6390.0,60220997.0,391313724790.0,4905.0
2023-05-02,6610.0,6800.0,6390.0,6580.0,6610.0,6500.0,57675911.0,379447541940.0,5372.0
2023-05-03,6720.0,6950.0,6510.0,6710.0,6620.0,6580.0,64415854.0,431938714260.0,6041.0
2023-05-06,6800.0,6920.0,6460.0,6690.0,6610.0,6710.0,85009795.0,568933406620.0,8593.0
2023-05-07,6610.0,6610.0,6230.0,6290.0,6230.0,6690.0,25560823.0,160664733100.0,2452.0
2023-05-08,5850.0,5850.0,5850.0,5850.0,5850.0,6290.0,8480343.0,49610006550.0,543.0
2023-05-09,5450.0,5630.0,5450.0,5470.0,5470.0,5850.0,88733915.0,485078834400.0,6130.0
2023-05-10,5410.0,5650.0,5090.0,5260.0,5090.0,5470.0,36755457.0,193202783290.0,2630.0
2023-05-13,4920.0,5240.0,4900.0,4920.0,4900.0,5260.0,62024066.0,305344739470.0,3500.0
2023-05-14,5260.0,5260.0,5050.0,5160.0,5260.0,4920.0,44793434.0,231215819180.0,2729.0
2023-05-15,5260.0,5260.0,4830.0,5010.0,4970.0,5160.0,41435444.0,207742718790.0,3484.0
2023-05-17,5000.0,5210.0,4810.0,5100.0,5110.0,5010.0,32443133.0,165574965970.0,2987.0
2023-05-20,5220.0,5340.0,4960.0,5150.0,5090.0,5100.0,36682774.0,188978437600.0,3574.0
2023-05-21,5130.0,5310.0,5010.0,5200.0,5270.0,5150.0,26703460.0,138781710140.0,2426.0
2023-05-22,5350.0,5380.0,5160.0,5240.0,5260.0,5200.0,31794065.0,166490013570.0,2715.0
2023-05-23,5240.0,5430.0,5200.0,5290.0,5220.0,5240.0,31581397.0,167214905940.0,2665.0
2023-05-24,5100.0,5300.0,5100.0,5200.0,5180.0,5290.0,22936056.0,119226074060.0,2355.0
2023-05-27,5280.0,5340.0,4950.0,5120.0,4990.0,5200.0,31892672.0,163260903710.0,3456.0
2023-05-28,5060.0,5070.0,4770.0,4780.0,4800.0,5120.0,48152986.0,230301944180.0,3312.0
2023-05-29,4650.0,4950.0,4650.0,4820.0,4780.0,4780.0,24697688.0,119066162340.0,1957.0
2023-05-30,4900.0,5040.0,4810.0,4940.0,4890.0,4820.0,21757203.0,107515989650.0,1910.0
2023-05-31,4890.0,4940.0,4710.0,4800.0,4820.0,4940.0,14496081.0,69535992660.0,1390.0
2023-06-03,4780.0,5110.0,4770.0,5019.0,5029.0,4800.0,22950771.0,115192366543.0,2114.0
2023-06-06,5110.0,5197.0,5050.0,5101.0,5069.0,5019.0,13168933.0,67173898871.0,1574.0
2023-06-07,5020.0,5440.0,4930.0,5238.0,5295.0,5101.0,45778313.0,239768790574.0,3882.0
2023-06-10,5240.0,5250.0,4880.0,4930.0,4900.0,5238.0,31982289.0,157649765920.0,2621.0
2023-06-11,4830.0,5090.0,4830.0,4940.0,4960.0,4930.0,13658696.0,67438038240.0,1782.0
2023-06-12,4960.0,5090.0,4600.0,4670.0,4650.0,4940.0,33247410.0,155217422870.0,2483.0
2023-06-13,4500.0,4720.0,4460.0,4590.0,4620.0,4670.0,18229821.0,83741006610.0,1697.0
2023-06-14,4700.0,4810.0,4600.0,4700.0,4640.0,4590.0,17181010.0,80748569780.0,1508.0
2023-06-17,4680.0,4850.0,4602.0,4704.0,4603.0,4700.0,13989816.0,65814502274.0,1395.0
2023-06-18,4740.0,4740.0,4437.0,4498.0,4510.0,4704.0,16534068.0,74377001493.0,1505.0
2023-06-19,4500.0,4590.0,4421.0,4502.0,4449.0,4498.0,14111968.0,63531512939.0,1273.0
2023-06-20,4465.0,4535.0,4380.0,4466.0,4476.0,4502.0,11175549.0,49911228341.0,1164.0
2023-06-21,4478.0,4707.0,4478.0,4595.0,4520.0,4466.0,12362942.0,56811174655.0,1452.0
2023-06-24,4500.0,4550.0,4460.0,4507.0,4495.0,4595.0,8412836.0,37920447720.0,1039.0
2023-06-25,4452.0,4729.0,4452.0,4619.0,4619.0,4507.0,10214899.0,47180164692.0,1090.0
2023-06-26,4690.0,4848.0,4607.0,4728.0,4693.0,4619.0,11847020.0,56009431282.0,1128.0
2023-06-27,4728.0,4764.0,4522.0,4612.0,4560.0,4728.0,10068078.0,46432612112.0,974.0
2023-06-28,4600.0,4640.0,4470.0,4583.0,4604.0,4612.0,10510760.0,48167870695.0,920.0
2023-07-01,4616.0,4710.0,4570.0,4628.0,4590.0,4583.0,9492792.0,43932624791.0,1019.0
2023-07-02,4620.0,4700.0,4544.0,4608.0,4595.0,4628.0,17740926.0,81746524941.0,1702.0
2023-07-05,4640.0,4650.0,4500.0,4562.0,4510.0,4378.0,8111405.0,37008010697.0,900.0
2023-07-08,4630.0,4750.0,4580.0,4686.0,4698.0,4562.0,15967181.0,74821513027.0,1845.0
2023-07-09,4703.0,4941.0,4703.0,4815.0,4812.0,4686.0,21800652.0,104979525017.0,2050.0
2023-07-10,4900.0,4900.0,4500.0,4571.0,4515.0,4815.0,19198110.0,87757212284.0,2092.0
2023-07-11,4478.0,4570.0,4252.0,4355.0,4254.0,4571.0,22623063.0,98533967298.0,1916.0
2023-07-12,4150.0,4340.0,4051.0,4150.0,4240.0,4355.0,20724215.0,86007074413.0,1660.0
2023-07-15,4390.0,4440.0,4233.0,4421.0,4357.0,4150.0,29578866.0,130766084692.0,2057.0
2023-07-16,4440.0,4440.0,4112.0,4158.0,4117.0,4421.0,30069907.0,125034101843.0,1892.0
2023-07-17,4080.0,4125.0,3867.0,3917.0,4030.0,4158.0,31510040.0,123432052134.0,2162.0
2023-07-18,4101.0,4191.0,4000.0,4121.0,4191.0,3917.0,23381163.0,96353837512.0,1349.0
2023-07-19,4226.0,4295.0,4001.0,4179.0,4036.0,4121.0,21292330.0,88979558403.0,1769.0
2023-07-22,4038.0,4277.0,3988.0,4120.0,4076.0,4179.0,13943021.0,57444338281.0,1431.0
2023-07-23,4140.0,4300.0,4117.0,4239.0,4220.0,4120.0,13692623.0,58042901958.0,1277.0
2023-07-24,4193.0,4386.0,4193.0,4306.0,4289.0,4239.0,11934724.0,51391321488.0,979.0
2023-07-25,4300.0,4550.0,4300.0,4427.0,4315.0,4306.0,20879950.0,92439023192.0,1447.0
2023-07-26,4400.0,4400.0,4150.0,4300.0,4301.0,4427.0,9760723.0,41967779648.0,929.0
2023-07-29,4301.0,4435.0,4234.0,4288.0,4280.0,4300.0,6231303.0,26722206866.0,701.0
2023-07-30,4221.0,4260.0,4010.0,4114.0,4084.0,4288.0,10714325.0,44074457723.0,923.0
2023-07-31,4012.0,4190.0,4003.0,4055.0,4078.0,4114.0,12539644.0,50844395866.0,1030.0
2023-08-01,4179.0,4180.0,4055.0,4129.0,4120.0,4055.0,6191652.0,25562929959.0,719.0
2023-08-05,4143.0,4290.0,4143.0,4221.0,4259.0,4129.0,12203935.0,51508530124.0,870.0
2023-08-06,4225.0,4248.0,4091.0,4159.0,4158.0,4221.0,6481764.0,26958213091.0,743.0
2023-08-07,4207.0,4250.0,4103.0,4162.0,4103.0,4159.0,8179798.0,34046863344.0,803.0
2023-08-08,4150.0,4173.0,4060.0,4113.0,4099.0,4162.0,5469716.0,22497512561.0,553.0
2023-08-09,4165.0,4176.0,4060.0,4099.0,4100.0,4113.0,6795500.0,27856459843.0,596.0
2023-08-12,4066.0,4066.0,3813.0,3834.0,3813.0,4099.0,21468035.0,82312180396.0,1526.0
2023-08-13,3800.0,3990.0,3715.0,3865.0,3925.0,3834.0,11074438.0,42808122836.0,910.0
2023-08-14,3926.0,4063.0,3866.0,3970.0,3889.0,3865.0,8159810.0,32395970738.0,751.0
2023-08-15,3877.0,3914.0,3700.0,3787.0,3760.0,3970.0,7628844.0,28893927320.0,707.0
2023-08-16,3830.0,3849.0,3661.0,3737.0,3730.0,3787.0,6917375.0,25849381116.0,694.0
2023-08-19,3700.0,3720.0,3520.0,3610.0,3559.0,3737.0,11985443.0,43261981412.0,1298.0
2023-08-20,3600.0,3790.0,3476.0,3658.0,3731.0,3610.0,11459999.0,41921002680.0,1053.0
2023-08-21,3765.0,3765.0,3580.0,3678.0,3580.0,3658.0,5551237.0,20419604228.0,544.0
2023-08-22,3580.0,3685.0,3452.0,3523.0,3472.0,3678.0,8681082.0,30583414483.0,768.0
2023-08-23,3465.0,3648.0,3465.0,3552.0,3616.0,3523.0,10880251.0,38643569099.0,767.0
2023-08-26,3655.0,3800.0,3621.0,3738.0,3800.0,3552.0,14534442.0,54332827856.0,922.0
2023-08-27,3790.0,3999.0,3790.0,3904.0,3897.0,3738.0,14430632.0,56330344434.0,1044.0
2023-08-28,3950.0,3999.0,3848.0,3912.0,3851.0,3904.0,11724107.0,45864376804.0,1030.0
2023-08-29,3840.0,4050.0,3840.0,3975.0,3990.0,3912.0,10949308.0,43524883329.0,847.0
2023-08-30,4060.0,4253.0,3888.0,4204.0,4253.0,3975.0,44851501.0,188552996170.0,2031.0
2023-09-02,4350.0,4450.0,4250.0,4354.0,4360.0,4204.0,50609131.0,220365476639.0,4341.0
2023-09-03,4349.0,4374.0,4174.0,4270.0,4219.0,4354.0,18031259.0,77001174489.0,2007.0
2023-09-04,4270.0,4343.0,4171.0,4287.0,4286.0,4270.0,17470012.0,74897110280.0,1308.0
2023-09-05,4345.0,4440.0,4205.0,4320.0,4231.0,4287.0,11308647.0,48857182412.0,1190.0
2023-09-09,4161.0,4265.0,4018.0,4061.0,4018.0,4320.0,25861027.0,105010019530.0,2026.0
2023-09-10,4000.0,4090.0,3907.0,4005.0,3970.0,4061.0,8763126.0,35096785916.0,923.0
2023-09-11,4046.0,4082.0,3951.0,3997.0,3958.0,4005.0,6795523.0,27164860802.0,712.0
2023-09-12,3933.0,4048.0,3933.0,3984.0,3940.0,3997.0,7295616.0,29064955874.0,657.0
2023-09-13,3984.0,4019.0,3907.0,3930.0,3922.0,3984.0,6461818.0,25392970852.0,757.0
2023-09-17,3990.0,4148.0,3920.0,4073.0,4145.0,3930.0,11046265.0,44988983423.0,1007.0
2023-09-18,4160.0,4320.0,4091.0,4221.0,4144.0,4073.0,15811295.0,66736077599.0,1484.0
2023-09-19,4201.0,4204.0,4049.0,4091.0,4070.0,4221.0,7135571.0,29193341691.0,857.0
2023-09-20,4069.0,4070.0,3979.0,4023.0,4038.0,4091.0,7857695.0,31608994687.0,842.0
2023-09-23,4070.0,4149.0,4021.0,4089.0,4130.0,4023.0,7067994.0,28898207937.0,765.0
2023-09-25,4250.0,4250.0,4024.0,4092.0,4041.0,4089.0,8545479.0,34968233066.0,866.0
2023-09-26,4165.0,4165.0,3975.0,4034.0,4029.0,4092.0,8870262.0,35783194467.0,893.0
2023-09-27,4021.0,4079.0,4020.0,4039.0,4037.0,4034.0,5969308.0,24109509996.0,609.0
2023-09-30,4039.0,4321.0,3950.0,4250.0,4321.0,4039.0,46410825.0,197258281437.0,2811.0
2023-10-01,4360.0,4377.0,4051.0,4195.0,4064.0,4250.0,25489678.0,106933367887.0,1766.0
2023-10-02,4120.0,4177.0,4042.0,4090.0,4058.0,4195.0,11288778.0,46171620301.0,1188.0
2023-10-04,4091.0,4138.0,4050.0,4087.0,4072.0,4090.0,6426964.0,26269947744.0,586.0
2023-10-07,4059.0,4185.0,4025.0,4075.0,4035.0,4087.0,8962824.0,36524417474.0,791.0
2023-10-08,4010.0,4035.0,3790.0,3808.0,3793.0,4075.0,27041013.0,102974050648.0,1547.0
2023-10-09,3860.0,3900.0,3606.0,3750.0,3798.0,3808.0,11370653.0,42637967137.0,953.0
2023-10-10,3820.0,3883.0,3712.0,3819.0,3869.0,3750.0,7708695.0,29441442810.0,546.0
2023-10-11,3850.0,3917.0,3766.0,3811.0,3782.0,3819.0,7494537.0,28559383943.0,696.0
2023-10-14,3715.0,3790.0,3551.0,3613.0,3626.0,3811.0,12436265.0,44930205500.0,1013.0
2023-10-15,3546.0,3717.0,3546.0,3636.0,3619.0,3613.0,4729278.0,17194095384.0,492.0
2023-10-16,3600.0,3779.0,3600.0,3718.0,3730.0,3636.0,9492110.0,35289624908.0,681.0
2023-10-17,3700.0,3824.0,3700.0,3749.0,3729.0,3718.0,5177706.0,19413542251.0,458.0
2023-10-18,3699.0,3745.0,3574.0,3664.0,3695.0,3749.0,7448808.0,27289305799.0,616.0
2023-10-21,3690.0,3900.0,3688.0,3818.0,3895.0,3664.0,10801454.0,41235356365.0,1064.0
2023-10-22,3902.0,4000.0,3821.0,3926.0,3878.0,3818.0,10519262.0,41297005926.0,808.0
2023-10-23,3821.0,4050.0,3820.0,3965.0,3970.0,3926.0,17650129.0,69990949259.0,1021.0
2023-10-24,3948.0,3956.0,3731.0,3797.0,3800.0,3965.0,10245358.0,38903859363.0,842.0
2023-10-25,3726.0,3820.0,3705.0,3763.0,3780.0,3797.0,4495447.0,16917148213.0,518.0
2023-10-28,3660.0,3660.0,3500.0,3508.0,3500.0,3763.0,18003338.0,63163377629.0,1099.0
2023-10-29,3500.0,3629.0,3500.0,3564.0,3585.0,3508.0,5707491.0,20339368773.0,516.0
2023-10-30,3635.0,3717.0,3606.0,3675.0,3686.0,3564.0,8452104.0,31063510269.0,607.0
2023-10-31,3610.0,3710.0,3568.0,3636.0,3590.0,3675.0,7856601.0,28567046109.0,713.0
2023-11-01,3560.0,3696.0,3440.0,3538.0,3600.0,3636.0,9774197.0,34576371494.0,1033.0
2023-11-04,3595.0,3726.0,3595.0,3673.0,3726.0,3538.0,8680713.0,31884006378.0,621.0
2023-11-05,3703.0,3850.0,3700.0,3771.0,3755.0,3673.0,9571591.0,36097208070.0,723.0
2023-11-06,3771.0,3905.0,3701.0,3853.0,3829.0,3771.0,8806509.0,33935627879.0,703.0
2023-11-07,3894.0,3989.0,3880.0,3929.0,3913.0,3853.0,17286622.0,67916653022.0,1030.0
2023-11-08,3956.0,3956.0,3775.0,3840.0,3846.0,3929.0,13991267.0,53723918802.0,1266.0
2023-11-11,3802.0,3912.0,3666.0,3791.0,3777.0,3840.0,8592413.0,32577105237.0,732.0
2023-11-12,3790.0,3883.0,3730.0,3801.0,3803.0,3791.0,6077555.0,23099086402.0,566.0
2023-11-13,3814.0,3892.0,3742.0,3825.0,3799.0,3801.0,8829190.0,33770953259.0,693.0
2023-11-14,3860.0,3860.0,3756.0,3778.0,3779.0,3825.0,8256961.0,31197414491.0,483.0
2023-11-15,3799.0,3820.0,3737.0,3771.0,3770.0,3778.0,6895988.0,26001926699.0,564.0
2023-11-18,3810.0,4034.0,3779.0,3943.0,4034.0,3771.0,26934335.0,106209319718.0,1671.0
2023-11-19,4100.0,4173.0,3950.0,4079.0,4050.0,3943.0,25909702.0,105678529229.0,1652.0
2023-11-20,3953.0,4200.0,3953.0,4071.0,4046.0,4079.0,24036121.0,97850450262.0,1417.0
2023-11-21,3992.0,4174.0,3992.0,4100.0,4084.0,4071.0,12175457.0,49923804621.0,1015.0
2023-11-22,4140.0,4150.0,4042.0,4080.0,4053.0,4100.0,8031333.0,32769190066.0,717.0
2023-11-25,4120.0,4150.0,3971.0,4014.0,4040.0,4080.0,15178499.0,60933439006.0,896.0
2023-11-26,4010.0,4160.0,4004.0,4082.0,4054.0,4014.0,8914801.0,36390627693.0,757.0
2023-11-27,4120.0,4120.0,4001.0,4038.0,4016.0,4082.0,8371279.0,33805142753.0,701.0
2023-11-28,3992.0,4096.0,3931.0,4016.0,4037.0,4038.0,7007165.0,28142127832.0,534.0
2023-11-29,4023.0,4154.0,4023.0,4092.0,4093.0,4016.0,12670285.0,51844379952.0,841.0
2023-12-02,4091.0,4247.0,4085.0,4194.0,4230.0,4092.0,19972592.0,83768611325.0,1154.0
2023-12-03,4175.0,4359.0,4130.0,4284.0,4333.0,4194.0,17966928.0,76976251125.0,1122.0
2023-12-04,4300.0,4419.0,4256.0,4305.0,4280.0,4284.0,17359789.0,74741797275.0,1078.0
2023-12-05,4310.0,4362.0,4210.0,4282.0,4287.0,4305.0,18346156.0,78562410398.0,1130.0
2023-12-06,4255.0,4255.0,4196.0,4213.0,4215.0,4282.0,7888489.0,33233684135.0,596.0
2023-12-09,4170.0,4308.0,4151.0,4178.0,4151.0,4213.0,12889295.0,53845109595.0,699.0
2023-12-10,4154.0,4290.0,4152.0,4202.0,4180.0,4178.0,8476668.0,35620610648.0,684.0
2023-12-11,4230.0,4327.0,4176.0,4248.0,4207.0,4202.0,6627026.0,28148926792.0,560.0
2023-12-12,4295.0,4332.0,4192.0,4255.0,4220.0,4248.0,9127738.0,38837312266.0,625.0
2023-12-13,4192.0,4255.0,4192.0,4213.0,4201.0,4255.0,9856369.0,41522323830.0,590.0
2023-12-16,4253.0,4340.0,4253.0,4306.0,4326.0,4213.0,13220266.0,56924444627.0,881.0
2023-12-18,4320.0,4540.0,4320.0,4466.0,4432.0,4306.0,16745977.0,74787844709.0,1269.0
2023-12-19,4470.0,4470.0,4340.0,4376.0,4395.0,4466.0,12482978.0,54621105248.0,778.0
2023-12-20,4321.0,4350.0,4272.0,4309.0,4321.0,4376.0,7885565.0,33980698427.0,549.0
2023-12-23,4350.0,4350.0,4230.0,4270.0,4230.0,4309.0,7917490.0,33807402926.0,743.0
2023-12-24,4299.0,4380.0,4181.0,4264.0,4297.0,4270.0,14308133.0,61016968801.0,1080.0
2023-12-25,4240.0,4399.0,4195.0,4256.0,4249.0,4264.0,13132029.0,55888422824.0,776.0
2023-12-26,4205.0,4254.0,4114.0,4160.0,4130.0,4256.0,11637071.0,48413832201.0,858.0
2023-12-27,4109.0,4242.0,4109.0,4165.0,4153.0,4160.0,11395362.0,47465132234.0,701.0
2023-12-30,4150.0,4425.0,4150.0,4337.0,4400.0,4165.0,20429624.0,88613438147.0,1391.0
2023-12-31,4400.0,4495.0,4326.0,4401.0,4329.0,4337.0,12324620.0,54242721394.0,1217.0
2024-01-01,4325.0,4345.0,4260.0,4285.0,4282.0,4401.0,9279007.0,39759102214.0,818.0
2024-01-02,4280.0,4390.0,4279.0,4314.0,4322.0,4285.0,6893531.0,29736909497.0,622.0
2024-01-03,4290.0,4373.0,4241.0,4315.0,4300.0,4314.0,9189607.0,39650588295.0,683.0
2024-01-06,4260.0,4315.0,4212.0,4264.0,4270.0,4315.0,9516220.0,40577592421.0,720.0
2024-01-07,4300.0,4381.0,4290.0,4330.0,4301.0,4264.0,5805490.0,25139437309.0,600.0
2024-01-08,4301.0,4318.0,4215.0,4253.0,4220.0,4330.0,7016902.0,29840104531.0,598.0
2024-01-09,4225.0,4290.0,4213.0,4246.0,4280.0,4253.0,7128037.0,30265855057.0,552.0
2024-01-10,4258.0,4349.0,4218.0,4275.0,4255.0,4246.0,6492904.0,27759320912.0,618.0
2024-01-13,4240.0,4340.0,4240.0,4313.0,4298.0,4275.0,8995825.0,38801616792.0,547.0
2024-01-14,4290.0,4460.0,4290.0,4384.0,4376.0,4313.0,9137618.0,40063870279.0,770.0
2024-01-15,4375.0,4447.0,4265.0,4369.0,4282.0,4384.0,7912121.0,34564373846.0,721.0
2024-01-16,4225.0,4270.0,4176.0,4234.0,4247.0,4369.0,8225677.0,34825058427.0,760.0
2024-01-17,4230.0,4331.0,4196.0,4238.0,4200.0,4234.0,6405581.0,27149944282.0,541.0
2024-01-20,4210.0,4360.0,4100.0,4188.0,4158.0,4238.0,10903190.0,45661322154.0,765.0
2024-01-21,4112.0,4154.0,3895.0,3991.0,3986.0,4188.0,13005715.0,51901838293.0,907.0
2024-01-22,3995.0,4085.0,3855.0,3930.0,3900.0,3991.0,7408153.0,29113336106.0,677.0
2024-01-23,3985.0,3985.0,3656.0,3727.0,3755.0,3930.0,10684118.0,39820561285.0,957.0
2024-01-24,3750.0,3887.0,3750.0,3806.0,3804.0,3727.0,4452778.0,16947151287.0,415.0
2024-01-27,3819.0,4048.0,3771.0,3952.0,4014.0,3806.0,9147444.0,36152896328.0,679.0
2024-01-28,4100.0,4170.0,4020.0,4084.0,4100.0,3952.0,11003996.0,44942063359.0,816.0
2024-01-29,4031.0,4100.0,3900.0,4005.0,4060.0,4084.0,6538436.0,26186265741.0,643.0
2024-01-30,4140.0,4199.0,3966.0,4079.0,4030.0,4005.0,17356620.0,70791909893.0,1268.0
2024-01-31,4028.0,4037.0,3892.0,3972.0,3960.0,4079.0,6622889.0,26303915867.0,738.0
2024-02-03,4082.0,4082.0,3921.0,4032.0,3972.0,3972.0,5541401.0,22342533926.0,464.0
2024-02-04,4040.0,4040.0,3910.0,3946.0,3922.0,4032.0,5702076.0,22498288257.0,506.0
2024-02-05,3950.0,4000.0,3873.0,3928.0,3905.0,3946.0,4718555.0,18534443254.0,542.0
2024-02-06,3999.0,4001.0,3927.0,3959.0,3962.0,3928.0,3993139.0,15807494775.0,435.0
2024-02-07,3999.0,4190.0,3926.0,4142.0,4160.0,3959.0,19871309.0,82303315541.0,1396.0
2024-02-10,4199.0,4431.0,4195.0,4368.0,4431.0,4142.0,39086483.0,170729621227.0,2475.0
2024-02-12,4560.0,4673.0,4476.0,4662.0,4673.0,4368.0,85303913.0,397668263906.0,4321.0
2024-02-13,4820.0,4870.0,4502.0,4705.0,4570.0,4662.0,70629191.0,332300685071.0,4389.0
2024-02-14,4670.0,4902.0,4410.0,4725.0,4870.0,4705.0,71208873.0,336479633226.0,4750.0
2024-02-17,4950.0,5055.0,4883.0,5014.0,4921.0,4725.0,118735525.0,595366513789.0,6196.0
2024-02-18,4980.0,4980.0,4685.0,4782.0,4730.0,5014.0,52377013.0,250446338338.0,3764.0
2024-02-19,4800.0,4885.0,4600.0,4715.0,4630.0,4782.0,30079863.0,141825601654.0,2491.0
2024-02-20,4650.0,4700.0,4533.0,4588.0,4540.0,4715.0,14713897.0,67505466751.0,1099.0
2024-02-21,4590.0,4806.0,4516.0,4663.0,4600.0,4588.0,25469197.0,118768472091.0,1776.0
2024-02-24,4690.0,4786.0,4437.0,4529.0,4476.0,4663.0,22987759.0,104116924092.0,1848.0
2024-02-26,4570.0,4570.0,4212.0,4285.0,4218.0,4529.0,25520611.0,109351222172.0,1790.0
2024-02-27,4290.0,4290.0,4105.0,4162.0,4170.0,4285.0,12152069.0,50582725750.0,1038.0
2024-02-28,4142.0,4340.0,4107.0,4219.0,4130.0,4162.0,14069483.0,59363405529.0,1060.0
2024-03-02,4142.0,4373.0,4141.0,4279.0,4308.0,4219.0,17371105.0,74329170748.0,1101.0
2024-03-03,4340.0,4578.0,4311.0,4484.0,4394.0,4279.0,34494446.0,154660523720.0,1722.0
2024-03-04,4350.0,4450.0,4171.0,4261.0,4203.0,4484.0,22857565.0,97398016410.0,1648.0
2024-03-05,4210.0,4355.0,4100.0,4227.0,4130.0,4261.0,18482573.0,78122812755.0,1312.0
2024-03-06,4250.0,4450.0,4142.0,4343.0,4375.0,4227.0,24787928.0,107662906860.0,1574.0
2024-03-10,4256.0,4489.0,4256.0,4368.0,4345.0,4343.0,5709736.0,24938763048.0,465.0
2024-03-11,4430.0,4430.0,4241.0,4294.0,4270.0,4368.0,14899378.0,63974530589.0,1043.0
2024-03-12,4252.0,4390.0,4168.0,4234.0,4170.0,4294.0,12735715.0,53923666475.0,936.0
2024-03-13,4190.0,4289.0,4121.0,4186.0,4149.0,4234.0,10468744.0,43826115603.0,849.0
2024-03-16,4140.0,4289.0,4109.0,4175.0,4112.0,4186.0,9078195.0,37905204764.0,694.0
2024-03-17,4260.0,4273.0,4145.0,4225.0,4224.0,4175.0,6023899.0,25450896177.0,455.0
2024-03-18,4227.0,4428.0,4227.0,4330.0,4310.0,4225.0,6835103.0,29593998692.0,696.0
2024-03-24,4330.0,4529.0,4330.0,4493.0,4526.0,4330.0,12666629.0,56906246387.0,922.0
2024-03-25,4545.0,4586.0,4380.0,4486.0,4412.0,4493.0,14160430.0,63530569798.0,1090.0
2024-03-26,4475.0,4475.0,4277.0,4388.0,4410.0,4486.0,9409329.0,41286072714.0,793.0
2024-03-27,4410.0,4500.0,4339.0,4395.0,4399.0,4388.0,15042601.0,66115719805.0,907.0
2024-03-30,4384.0,4480.0,4302.0,4351.0,4357.0,4395.0,9920785.0,43161731434.0,816.0
2024-04-02,4313.0,4313.0,4115.0,4179.0,4160.0,4351.0,12100433.0,50572954005.0,1171.0
2024-04-03,4238.0,4286.0,4155.0,4207.0,4181.0,4179.0,8836582.0,37171635250.0,777.0
2024-04-06,4190.0,4190.0,3913.0,3984.0,3930.0,4207.0,30036847.0,119673913898.0,2015.0
2024-04-09,4013.0,4262.0,4013.0,4228.0,4262.0,3984.0,23463985.0,99200542934.0,1167.0
2024-04-13,4135.0,4250.0,3933.0,3982.0,3933.0,4228.0,22197308.0,88387537626.0,1772.0
2024-04-14,3943.0,3943.0,3943.0,3943.0,3943.0,3982.0,7995947.0,31528019021.0,215.0
2024-04-15,3904.0,3982.0,3904.0,3960.0,3982.0,3943.0,6615892.0,26197273528.0,188.0
2024-04-16,3999.0,3999.0,3921.0,3939.0,3961.0,3960.0,13602202.0,53573665521.0,576.0
2024-04-17,3916.0,3978.0,3916.0,3974.0,3978.0,3939.0,9628597.0,38263818158.0,503.0
2024-04-20,4147.0,4252.0,4100.0,4238.0,4252.0,3974.0,16899090.0,71623514046.0,883.0
2024-04-21,4300.0,4450.0,4200.0,4295.0,4210.0,4238.0,16929012.0,72704170064.0,1064.0
2024-04-22,4201.0,4291.0,4135.0,4223.0,4183.0,4295.0,10196105.0,43062677907.0,752.0
2024-04-23,4275.0,4400.0,4227.0,4285.0,4251.0,4223.0,11211528.0,48038201131.0,767.0
2024-04-24,4311.0,4368.0,4252.0,4306.0,4284.0,4285.0,11916312.0,51310371799.0,865.0
2024-04-27,4350.0,4589.0,4306.0,4473.0,4430.0,4306.0,29423921.0,131626704499.0,1953.0
2024-04-28,4411.0,4442.0,4272.0,4338.0,4320.0,4473.0,7886462.0,34209553254.0,875.0
2024-04-29,4372.0,4372.0,4227.0,4300.0,4239.0,4338.0,7517709.0,32329721139.0,616.0
2024-04-30,4270.0,4300.0,4111.0,4180.0,4159.0,4300.0,8117643.0,33933550630.0,646.0
2024-05-01,4150.0,4250.0,4150.0,4218.0,4199.0,4180.0,3709025.0,15642952193.0,391.0
2024-05-05,4210.0,4340.0,4203.0,4266.0,4239.0,4218.0,4434795.0,18917576595.0,427.0
2024-05-06,4284.0,4284.0,4155.0,4184.0,4161.0,4266.0,3912220.0,16368032746.0,391.0
2024-05-07,4245.0,4245.0,4100.0,4131.0,4187.0,4184.0,3863809.0,15962259417.0,379.0
2024-05-08,4140.0,4198.0,4104.0,4118.0,4139.0,4131.0,4306076.0,17732383085.0,373.0
2024-05-11,4120.0,4177.0,4000.0,4062.0,4047.0,4118.0,6022324.0,24464139247.0,524.0
2024-05-12,4011.0,4169.0,3880.0,3943.0,3918.0,4062.0,18304266.0,72165122436.0,1025.0
2024-05-13,3988.0,3988.0,3706.0,3795.0,3873.0,3943.0,13456726.0,51072421850.0,929.0
2024-05-14,3935.0,3949.0,3790.0,3853.0,3800.0,3795.0,6767472.0,26075973882.0,503.0
2024-05-15,3753.0,3890.0,3700.0,3792.0,3850.0,3853.0,6239393.0,23659327111.0,551.0
2024-05-18,3777.0,3890.0,3775.0,3818.0,3775.0,3792.0,4044198.0,15441170040.0,389.0
2024-05-19,3775.0,3775.0,3551.0,3600.0,3649.0,3818.0,11766536.0,42359175959.0,635.0
2024-05-21,3670.0,3672.0,3616.0,3665.0,3672.0,3600.0,4905654.0,17980601269.0,362.0
2024-05-25,3738.0,3738.0,3592.0,3659.0,3620.0,3665.0,8666025.0,31713227985.0,541.0
2024-05-26,3600.0,3685.0,3586.0,3586.0,3586.0,3659.0,6046778.0,21685175030.0,291.0
2024-05-27,3530.0,3600.0,3515.0,3525.0,3599.0,3586.0,8970435.0,31624970058.0,563.0
2024-05-28,3590.0,3595.0,3590.0,3595.0,3595.0,3525.0,3238029.0,11640694211.0,224.0
2024-05-29,3666.0,3666.0,3665.0,3666.0,3666.0,3595.0,2607897.0,9560549198.0,197.0
2024-06-01,3739.0,3739.0,3593.0,3658.0,3611.0,3666.0,6739325.0,24654833067.0,435.0
2024-06-02,3679.0,3679.0,3585.0,3588.0,3610.0,3658.0,4948474.0,17754842886.0,300.0
2024-06-05,3521.0,3590.0,3517.0,3525.0,3518.0,3588.0,5941114.0,20940348421.0,384.0
2024-06-08,3490.0,3517.0,3455.0,3457.0,3455.0,3525.0,7564266.0,26148939746.0,388.0
2024-06-09,3457.0,3526.0,3428.0,3481.0,3490.0,3457.0,4684670.0,16305412868.0,395.0
2024-06-10,3510.0,3550.0,3510.0,3550.0,3550.0,3481.0,2899325.0,10292044359.0,167.0
2024-06-11,3551.0,3619.0,3521.0,3563.0,3555.0,3550.0,2911719.0,10373973810.0,518.0
2024-06-12,3614.0,3614.0,3520.0,3548.0,3594.0,3563.0,3153833.0,11189256278.0,491.0
2024-06-15,3610.0,3610.0,3506.0,3559.0,3522.0,3548.0,6158920.0,21920451864.0,500.0
2024-06-16,3496.0,3560.0,3488.0,3496.0,3488.0,3559.0,7514472.0,26272782064.0,1343.0
2024-06-18,3530.0,3559.0,3501.0,3520.0,3502.0,3496.0,3582760.0,12609735191.0,718.0
2024-06-19,3480.0,3563.0,3480.0,3527.0,3540.0,3520.0,2406278.0,8488034495.0,185.0
2024-06-22,3531.0,3575.0,3531.0,3550.0,3537.0,3527.0,1957790.0,6949669647.0,228.0
2024-06-23,3570.0,3598.0,3496.0,3559.0,3596.0,3550.0,5247865.0,18674586701.0,651.0
2024-06-24,3618.0,3630.0,3532.0,3613.0,3630.0,3559.0,2453715.0,8864295227.0,231.0
2024-06-26,3641.0,3685.0,3640.0,3683.0,3685.0,3613.0,3261409.0,12010507551.0,185.0
2024-06-29,3721.0,3840.0,3668.0,3738.0,3669.0,3683.0,3612307.0,13501001053.0,307.0
2024-06-30,3745.0,3749.0,3514.0,3525.0,3514.0,3738.0,5532608.0,19503360430.0,478.0
2024-07-01,3339.0,3589.0,3339.0,3490.0,3549.0,3525.0,2443116.0,8525819473.0,256.0
2024-07-02,3540.0,3640.0,3490.0,3566.0,3557.0,3490.0,2479159.0,8841354047.0,248.0
2024-07-03,3601.0,3628.0,3549.0,3590.0,3600.0,3566.0,2513853.0,9025921297.0,341.0
2024-07-06,3805.0,3805.0,3805.0,3805.0,3805.0,3590.0,1503101.0,5719299305.0,93.0
2024-07-07,3850.0,4000.0,3819.0,3864.0,3870.0,3805.0,8658958.0,33459101669.0,569.0
2024-07-08,3929.0,3949.0,3770.0,3878.0,3929.0,3864.0,4898181.0,18997569887.0,447.0
2024-07-09,3979.0,4000.0,3881.0,3944.0,3881.0,3878.0,4714553.0,18591969639.0,376.0
2024-07-10,3812.0,3896.0,3756.0,3814.0,3786.0,3944.0,2982914.0,11377127165.0,271.0
2024-07-13,3770.0,3770.0,3646.0,3676.0,3646.0,3814.0,4343908.0,15970336082.0,442.0
2024-07-14,3739.0,3739.0,3542.0,3611.0,3645.0,3676.0,6427362.0,23209902562.0,537.0
2024-07-21,3318.0,3318.0,2960.0,3129.0,3178.0,3131.0,3224236.0,10089501696.0,250.0
2024-07-22,3252.0,3287.0,3167.0,3200.0,3210.0,3129.0,5593864.0,17899105639.0,562.0
2024-07-23,3272.0,3273.0,3230.0,3246.0,3251.0,3200.0,4815193.0,15632281356.0,395.0
2024-07-24,3252.0,3270.0,3181.0,3237.0,3258.0,3246.0,4527109.0,14655410784.0,278.0
2024-07-27,3290.0,3400.0,3240.0,3308.0,3392.0,3237.0,5106792.0,16892003759.0,534.0
2024-07-29,3345.0,3376.0,3223.0,3274.0,3240.0,3308.0,4600495.0,15060522330.0,385.0
2024-07-30,3179.0,3338.0,3179.0,3242.0,3252.0,3274.0,3216788.0,10430384372.0,341.0
2024-07-31,3048.0,3119.0,3048.0,3049.0,3070.0,3242.0,12617075.0,38463564588.0,578.0
2024-08-03,2910.0,2989.0,2867.0,2876.0,2867.0,3049.0,11941398.0,34346339608.0,1001.0
2024-08-04,2848.0,2900.0,2848.0,2858.0,2848.0,2876.0,6210158.0,17747463814.0,847.0
2024-08-05,2885.0,2885.0,2830.0,2852.0,2830.0,2858.0,1454778.0,4125487722.0,631.0
2024-08-06,2851.0,2865.0,2824.0,2827.0,2824.0,2852.0,8313085.0,23501522488.0,731.0
2024-08-10,2825.0,2825.0,2799.0,2804.0,2799.0,2827.0,5850509.0,16407557983.0,761.0
2024-08-11,2776.0,2800.0,2776.0,2787.0,2777.0,2804.0,3244160.0,9006773844.0,255.0
2024-08-12,2765.0,2765.0,2760.0,2778.0,2760.0,2787.0,1696154.0,4681471940.0,1050.0
2024-08-13,2751.0,2751.0,2751.0,2766.0,2751.0,2778.0,2452268.0,6746189268.0,70.0
2024-08-14,2739.0,2793.0,2739.0,2775.0,2793.0,2766.0,3681891.0,10233173324.0,302.0
2024-08-17,2830.0,2830.0,2803.0,2803.0,2830.0,2775.0,2829532.0,8004859175.0,162.0
2024-08-18,2859.0,2859.0,2859.0,2846.0,2859.0,2803.0,4108290.0,11745601110.0,117.0
2024-08-19,2895.0,2902.0,2791.0,2849.0,2791.0,2846.0,2162687.0,6172618936.0,227.0
2024-08-20,2800.0,2900.0,2793.0,2840.0,2850.0,2849.0,1781727.0,5027158741.0,195.0
2024-08-21,2785.0,2889.0,2785.0,2834.0,2824.0,2840.0,2181443.0,6164079470.0,190.0
2024-08-24,2880.0,2887.0,2815.0,2858.0,2875.0,2834.0,3962482.0,11357749103.0,226.0
2024-08-26,2821.0,2914.0,2821.0,2863.0,2879.0,2858.0,6266382.0,17943692090.0,993.0
2024-08-27,2910.0,2920.0,2876.0,2893.0,2919.0,2863.0,3315377.0,9648737458.0,603.0
2024-08-28,2930.0,2950.0,2926.0,2949.0,2950.0,2893.0,7398059.0,21817349165.0,352.0
2024-08-31,2998.0,3007.0,2997.0,2978.0,3007.0,2949.0,2582438.0,7764638890.0,135.0
2024-09-01,3037.0,3037.0,3035.0,3037.0,3037.0,2978.0,11008072.0,33431460664.0,325.0
2024-09-03,3097.0,3097.0,3070.0,3096.0,3097.0,3037.0,9044739.0,27998003840.0,358.0
2024-09-07,3150.0,3188.0,3118.0,3182.0,3153.0,3096.0,11611820.0,36949865891.0,550.0
2024-09-08,3182.0,3250.0,3106.0,3166.0,3150.0,3182.0,4558301.0,14427507419.0,379.0
2024-09-09,3214.0,3259.0,3180.0,3215.0,3222.0,3166.0,5550244.0,17842610035.0,298.0
2024-09-10,3290.0,3311.0,3203.0,3289.0,3311.0,3215.0,8449124.0,27785385932.0,428.0
2024-09-11,3347.0,3387.0,3310.0,3356.0,3387.0,3289.0,6345645.0,21294748545.0,365.0
2024-09-14,3359.0,3450.0,3330.0,3379.0,3353.0,3356.0,8900150.0,30070749557.0,480.0
2024-09-15,3285.0,3370.0,3278.0,3311.0,3330.0,3379.0,10489394.0,34725650462.0,482.0
2024-09-16,3380.0,3410.0,3333.0,3401.0,3406.0,3311.0,9783526.0,33270135584.0,482.0
2024-09-17,3449.0,3503.0,3403.0,3496.0,3503.0,3401.0,5506011.0,19249929136.0,265.0
2024-09-18,3549.0,3600.0,3526.0,3592.0,3600.0,3496.0,11887496.0,42705530516.0,445.0
2024-09-22,3655.0,3699.0,3600.0,3666.0,3602.0,3592.0,8794227.0,32243570168.0,485.0
2024-09-23,3600.0,3724.0,3580.0,3663.0,3700.0,3666.0,6297488.0,23066060177.0,454.0
2024-09-24,3700.0,3731.0,3610.0,3688.0,3687.0,3663.0,7469344.0,27547413724.0,552.0
2024-09-25,3640.0,3700.0,3578.0,3595.0,3582.0,3688.0,13914806.0,50020557782.0,680.0
2024-09-28,3560.0,3567.0,3560.0,3560.0,3560.0,3595.0,22527200.0,80197250800.0,481.0
2024-09-29,3525.0,3578.0,3525.0,3533.0,3567.0,3560.0,9878446.0,34902320351.0,967.0
2024-09-30,3563.0,3568.0,3513.0,3536.0,3514.0,3533.0,2006046.0,7099225059.0,169.0
2024-10-01,3502.0,3549.0,3501.0,3506.0,3501.0,3536.0,3588948.0,12565121990.0,98.0
2024-10-02,3471.0,3528.0,3471.0,3474.0,3471.0,3506.0,9119206.0,31678928413.0,1856.0
2024-10-05,3467.0,3467.0,3440.0,3447.0,3440.0,3474.0,3820711.0,13155409610.0,646.0
2024-10-06,3413.0,3413.0,3413.0,3430.0,3413.0,3447.0,2106846.0,7190665398.0,47.0
2024-10-07,3396.0,3460.0,3396.0,3401.0,3400.0,3430.0,12851185.0,43709223657.0,1889.0
2024-10-08,3368.0,3430.0,3367.0,3394.0,3380.0,3401.0,1761025.0,5961075750.0,209.0
2024-10-09,3420.0,3427.0,3396.0,3422.0,3427.0,3394.0,4915962.0,16821648586.0,468.0
2024-10-12,3480.0,3524.0,3480.0,3523.0,3524.0,3422.0,5788328.0,20394335357.0,254.0
2024-10-13,3574.0,3600.0,3520.0,3541.0,3534.0,3523.0,4503362.0,15944975806.0,532.0
2024-10-14,3585.0,3585.0,3435.0,3437.0,3435.0,3541.0,5777923.0,19856589815.0,141.0
2024-10-15,3340.0,3350.0,3334.0,3335.0,3334.0,3437.0,6103256.0,20354361588.0,237.0
2024-10-16,3238.0,3359.0,3238.0,3293.0,3270.0,3335.0,4068395.0,13384023547.0,627.0
2024-10-19,3220.0,3240.0,3195.0,3202.0,3195.0,3293.0,4326979.0,13833263265.0,184.0
2024-10-20,3121.0,3187.0,3106.0,3110.0,3106.0,3202.0,5312141.0,16518417172.0,481.0
2024-10-21,3018.0,3067.0,3017.0,3020.0,3024.0,3110.0,12989771.0,39225012763.0,864.0
2024-10-22,3094.0,3094.0,2930.0,2993.0,2937.0,3020.0,5189685.0,15533895221.0,332.0
2024-10-23,2937.0,3050.0,2904.0,2909.0,2914.0,2993.0,7496556.0,21808598783.0,366.0
2024-10-26,2996.0,2996.0,2996.0,2958.0,2996.0,2909.0,2906126.0,8706753496.0,107.0
2024-10-27,3046.0,3046.0,3046.0,3046.0,3046.0,2958.0,7524554.0,22919791484.0,145.0
2024-10-28,3137.0,3137.0,3115.0,3135.0,3125.0,3046.0,18895148.0,59228632155.0,650.0
2024-10-29,3135.0,3135.0,3041.0,3070.0,3084.0,3135.0,10318279.0,31680433735.0,978.0
2024-10-30,2989.0,3162.0,2989.0,3117.0,3140.0,3070.0,3847802.0,12052794871.0,255.0
2024-11-02,3100.0,3210.0,3100.0,3155.0,3120.0,3117.0,3269971.0,10376168385.0,246.0
2024-11-03,3080.0,3100.0,3061.0,3121.0,3061.0,3155.0,1859675.0,5701900547.0,120.0
2024-11-04,3028.0,3055.0,3028.0,3030.0,3028.0,3121.0,7165987.0,21711359208.0,317.0
2024-11-05,2988.0,3096.0,2988.0,3036.0,3000.0,3030.0,3718580.0,11294134870.0,192.0
2024-11-06,2979.0,3094.0,2945.0,2982.0,3025.0,3036.0,4395381.0,13086732250.0,258.0
2024-11-09,3065.0,3071.0,3065.0,3045.0,3071.0,2982.0,3548202.0,10896335541.0,118.0
2024-11-10,3136.0,3136.0,3136.0,3136.0,3136.0,3045.0,7813480.0,24503073280.0,201.0
2024-11-11,3230.0,3230.0,3142.0,3217.0,3171.0,3136.0,10750242.0,34581068397.0,458.0
2024-11-12,3141.0,3313.0,3140.0,3282.0,3250.0,3217.0,4945730.0,16237869020.0,306.0
2024-11-13,3229.0,3360.0,3200.0,3284.0,3349.0,3282.0,4032503.0,13245745665.0,277.0
2024-11-16,3360.0,3382.0,3356.0,3380.0,3382.0,3284.0,5147948.0,17399842493.0,217.0
2024-11-17,3481.0,3481.0,3279.0,3361.0,3298.0,3380.0,12401848.0,41683088313.0,653.0
2024-11-18,3347.0,3461.0,3310.0,3442.0,3461.0,3361.0,17579872.0,60506514790.0,857.0
2024-11-19,3461.0,3545.0,3370.0,3485.0,3400.0,3442.0,13688922.0,47706837882.0,726.0
2024-11-20,3382.0,3488.0,3381.0,3387.0,3381.0,3485.0,10287015.0,34843406021.0,445.0
2024-11-23,3350.0,3474.0,3350.0,3438.0,3446.0,3387.0,5892778.0,20257013736.0,390.0
2024-11-24,3443.0,3541.0,3443.0,3533.0,3541.0,3438.0,12677440.0,44789595670.0,515.0
2024-11-25,3608.0,3638.0,3600.0,3636.0,3638.0,3533.0,8978365.0,32649449199.0,315.0
2024-11-26,3700.0,3745.0,3532.0,3638.0,3556.0,3636.0,19035782.0,69256127915.0,821.0
2024-11-27,3537.0,3683.0,3530.0,3608.0,3618.0,3638.0,21679699.0,78225205557.0,798.0
2024-11-30,3676.0,3700.0,3500.0,3561.0,3531.0,3608.0,20117723.0,71634397908.0,787.0
2024-12-01,3520.0,3595.0,3518.0,3568.0,3568.0,3561.0,11269527.0,40209684511.0,327.0
2024-12-02,3606.0,3675.0,3606.0,3672.0,3675.0,3568.0,15011689.0,55123313064.0,546.0
2024-12-03,3740.0,3782.0,3674.0,3767.0,3782.0,3672.0,19473595.0,73350687396.0,851.0
2024-12-04,3760.0,3815.0,3665.0,3763.0,3781.0,3767.0,12636425.0,47551280001.0,719.0
2024-12-07,3790.0,3858.0,3660.0,3724.0,3694.0,3763.0,13473899.0,50179968715.0,678.0
2024-12-08,3655.0,3765.0,3613.0,3646.0,3680.0,3724.0,15724831.0,57336063442.0,610.0
2024-12-09,3676.0,3755.0,3676.0,3753.0,3755.0,3646.0,15871601.0,59558945024.0,590.0
2024-12-10,3781.0,3863.0,3641.0,3731.0,3699.0,3753.0,14601645.0,54478818554.0,795.0
2024-12-11,3651.0,3786.0,3651.0,3735.0,3777.0,3731.0,14813875.0,55336777308.0,756.0
2024-12-14,3842.0,3847.0,3842.0,3846.0,3847.0,3735.0,13370316.0,51428310489.0,524.0
2024-12-15,3961.0,3961.0,3773.0,3897.0,3840.0,3846.0,23190083.0,90372642746.0,1004.0
2024-12-16,3825.0,3878.0,3781.0,3809.0,3781.0,3897.0,25272930.0,96271918338.0,2635.0
2024-12-17,3760.0,3770.0,3695.0,3705.0,3695.0,3809.0,9867047.0,36559827031.0,1467.0
2024-12-18,3594.0,3700.0,3594.0,3610.0,3610.0,3705.0,17871738.0,64521686737.0,2900.0
2024-12-21,3611.0,3718.0,3611.0,3707.0,3718.0,3610.0,18062293.0,66964572515.0,689.0
2024-12-22,3712.0,3777.0,3615.0,3695.0,3660.0,3707.0,12578263.0,46480985778.0,1701.0
2024-12-23,3681.0,3800.0,3681.0,3747.0,3727.0,3695.0,10514248.0,39396380535.0,554.0
2024-12-24,3745.0,3840.0,3719.0,3761.0,3760.0,3747.0,12951555.0,48716692885.0,751.0
2024-12-25,3800.0,3845.0,3671.0,3713.0,3698.0,3761.0,10795763.0,40086960984.0,1057.0
2024-12-28,3733.0,3824.0,3706.0,3822.0,3824.0,3713.0,12508890.0,47806572685.0,427.0
2024-12-29,3936.0,3936.0,3858.0,3921.0,3936.0,3822.0,36004788.0,141174953967.0,1433.0
2024-12-30,3952.0,3952.0,3828.0,3870.0,3831.0,3921.0,18254216.0,70635099600.0,1069.0
2024-12-31,3946.0,3946.0,3785.0,3819.0,3830.0,3870.0,4723353.0,18040203152.0,352.0
2025-01-01,3800.0,3933.0,3800.0,3891.0,3910.0,3819.0,12483248.0,48576027471.0,1004.0
2025-01-04,3890.0,4007.0,3890.0,3991.0,4007.0,3891.0,19755878.0,78838922848.0,981.0
2025-01-05,4075.0,4100.0,3978.0,4018.0,3978.0,3991.0,13297057.0,53423529458.0,655.0
2025-01-06,3974.0,4117.0,3962.0,4056.0,4100.0,4018.0,19367444.0,78550337661.0,865.0
2025-01-07,4138.0,4177.0,4138.0,4176.0,4177.0,4056.0,22752446.0,95024648515.0,560.0
2025-01-08,4301.0,4301.0,4301.0,4301.0,4301.0,4176.0,11658219.0,50141999919.0,339.0
2025-01-11,4430.0,4430.0,4296.0,4412.0,4337.0,4301.0,51965552.0,229295342519.0,1658.0
2025-01-12,4393.0,4544.0,4280.0,4405.0,4465.0,4412.0,33942506.0,149519873570.0,1829.0
2025-01-13,4464.0,4537.0,4464.0,4537.0,4537.0,4405.0,10742094.0,48731774108.0,488.0
2025-01-15,4673.0,4673.0,4600.0,4670.0,4673.0,4537.0,34587543.0,161519722582.0,1217.0
2025-01-18,4612.0,4736.0,4530.0,4563.0,4530.0,4670.0,28237117.0,128835693171.0,1500.0
2025-01-19,4535.0,4690.0,4490.0,4552.0,4569.0,4563.0,12348777.0,56211428581.0,1854.0
2025-01-20,4569.0,4660.0,4416.0,4457.0,4416.0,4552.0,10295787.0,45889727467.0,2000.0
2025-01-21,4475.0,4548.0,4324.0,4367.0,4430.0,4457.0,14755412.0,64429596022.0,1428.0
2025-01-22,4430.0,4498.0,4430.0,4496.0,4498.0,4367.0,11232567.0,50502033512.0,466.0
2025-01-25,4629.0,4629.0,4362.0,4408.0,4362.0,4496.0,10365417.0,45687970041.0,1211.0
2025-01-26,4276.0,4444.0,4276.0,4315.0,4276.0,4408.0,13165390.0,56812527097.0,1570.0
2025-01-27,4308.0,4308.0,4186.0,4229.0,4188.0,4315.0,18181168.0,76889823097.0,2719.0
2025-01-29,4229.0,4329.0,4214.0,4272.0,4310.0,4229.0,4810694.0,20550430861.0,411.0
2025-02-01,4350.0,4350.0,4180.0,4225.0,4188.0,4272.0,6667081.0,28170943439.0,1316.0
2025-02-02,4287.0,4310.0,4165.0,4232.0,4165.0,4225.0,11193663.0,47367674694.0,1889.0
2025-02-03,4274.0,4289.0,4200.0,4230.0,4235.0,4232.0,5771215.0,24410662194.0,1516.0
2025-02-04,4235.0,4333.0,4235.0,4289.0,4248.0,4230.0,6336761.0,27180667132.0,374.0
2025-02-05,4300.0,4330.0,4191.0,4252.0,4256.0,4289.0,7117531.0,30264776368.0,1725.0
2025-02-09,4250.0,4283.0,4125.0,4187.0,4125.0,4252.0,11565994.0,48422120588.0,2264.0
2025-02-11,4205.0,4205.0,4062.0,4079.0,4062.0,4187.0,13440235.0,54826807004.0,2020.0
2025-02-15,4067.0,4067.0,3957.0,3980.0,3957.0,4079.0,3746711.0,14913510291.0,602.0
2025-02-16,3861.0,3863.0,3861.0,3861.0,3861.0,3980.0,11905836.0,45969273377.0,1014.0
2025-02-17,3801.0,3976.0,3801.0,3897.0,3859.0,3861.0,3784859.0,14750791256.0,505.0
2025-02-18,3801.0,3959.0,3801.0,3883.0,3900.0,3897.0,2569851.0,9961587511.0,428.0
2025-02-19,3900.0,3960.0,3890.0,3907.0,3895.0,3883.0,2753291.0,10778513754.0,518.0
2025-02-22,3876.0,3926.0,3790.0,3835.0,3790.0,3907.0,7242580.0,27771897040.0,1833.0
2025-02-23,3835.0,3920.0,3800.0,3844.0,3873.0,3835.0,3794377.0,14585982073.0,336.0
2025-02-24,3917.0,3959.0,3901.0,3956.0,3959.0,3844.0,4440374.0,17567117264.0,245.0
2025-02-25,4074.0,4074.0,3975.0,4037.0,3985.0,3956.0,3464015.0,14015860835.0,296.0
2025-02-26,4060.0,4061.0,3916.0,3962.0,3931.0,4037.0,8239035.0,32641233574.0,882.0
2025-03-01,4050.0,4050.0,3922.0,3965.0,3922.0,3962.0,2188333.0,8680069554.0,481.0
2025-03-02,3910.0,3988.0,3908.0,3931.0,3930.0,3965.0,4060038.0,15960760118.0,383.0
2025-03-03,3814.0,3847.0,3814.0,3816.0,3815.0,3931.0,6060918.0,23130149464.0,772.0
2025-03-04,3825.0,3900.0,3748.0,3797.0,3748.0,3816.0,3883204.0,14742960982.0,933.0
2025-03-05,3796.0,3800.0,3716.0,3762.0,3756.0,3797.0,3058423.0,11479082188.0,770.0
2025-03-08,3762.0,3762.0,3650.0,3681.0,3650.0,3762.0,3390866.0,12432375050.0,667.0
2025-03-09,3571.0,3645.0,3571.0,3572.0,3575.0,3681.0,17506676.0,62526573522.0,422.0
2025-03-10,3637.0,3637.0,3465.0,3484.0,3465.0,3572.0,11024574.0,38411337452.0,487.0
2025-03-11,3400.0,3500.0,3380.0,3395.0,3380.0,3484.0,7210783.0,24479318005.0,1367.0
2025-03-12,3428.0,3470.0,3300.0,3385.0,3426.0,3395.0,5159933.0,17467619555.0,1157.0
2025-03-15,3486.0,3486.0,3485.0,3469.0,3486.0,3385.0,3692609.0,12872429076.0,163.0
2025-03-16,3569.0,3573.0,3490.0,3554.0,3573.0,3469.0,6317963.0,22451265511.0,393.0
2025-03-17,3588.0,3648.0,3494.0,3565.0,3530.0,3554.0,4426594.0,15780345107.0,1029.0
2025-03-18,3565.0,3565.0,3459.0,3466.0,3459.0,3565.0,4883678.0,16928124978.0,1123.0
2025-03-25,3460.0,3569.0,3460.0,3516.0,3540.0,3466.0,2900352.0,10267040390.0,232.0
2025-03-26,3540.0,3616.0,3540.0,3543.0,3567.0,3516.0,2434468.0,8675791257.0,336.0
2025-03-29,3566.0,3611.0,3523.0,3555.0,3593.0,3543.0,3205413.0,11408393354.0,470.0
2025-03-30,3555.0,3646.0,3555.0,3593.0,3643.0,3555.0,2539311.0,9188462741.0,274.0
2025-04-05,3684.0,3699.0,3610.0,3634.0,3626.0,3593.0,2824572.0,10320814622.0,283.0
2025-04-06,3633.0,3660.0,3561.0,3598.0,3622.0,3634.0,3510406.0,12605419875.0,584.0
2025-04-07,3531.0,3705.0,3531.0,3604.0,3605.0,3598.0,5163266.0,18606786710.0,525.0
2025-04-08,3712.0,3712.0,3712.0,3712.0,3712.0,3604.0,5921955.0,21982296960.0,229.0
2025-04-09,3790.0,3800.0,3630.0,3705.0,3679.0,3712.0,3373880.0,12496412212.0,252.0
2025-04-12,3732.0,3732.0,3658.0,3695.0,3680.0,3705.0,5848721.0,21612987200.0,748.0
2025-04-13,3805.0,3805.0,3800.0,3805.0,3805.0,3695.0,4510659.0,17163019085.0,135.0
2025-04-14,3919.0,3919.0,3800.0,3915.0,3919.0,3805.0,8650898.0,33869152233.0,408.0
2025-04-15,3930.0,3980.0,3798.0,3842.0,3800.0,3915.0,7878914.0,30268364781.0,925.0
2025-04-16,3845.0,3899.0,3772.0,3810.0,3800.0,3842.0,12140855.0,46255822681.0,680.0
2025-04-19,3820.0,3917.0,3820.0,3870.0,3898.0,3810.0,5839955.0,22602705910.0,387.0
2025-04-20,3986.0,3986.0,3986.0,3986.0,3986.0,3870.0,4231355.0,16866181030.0,165.0
2025-04-21,4105.0,4105.0,3875.0,4046.0,3949.0,3986.0,14335952.0,58006650876.0,782.0
2025-04-22,4040.0,4040.0,3925.0,3932.0,3925.0,4046.0,13752101.0,54072807289.0,683.0
2025-04-23,3982.0,3982.0,3831.0,3851.0,3883.0,3932.0,14731712.0,56733535325.0,1023.0
2025-04-26,3950.0,3950.0,3822.0,3871.0,3871.0,3851.0,11761089.0,45529523373.0,554.0
2025-04-27,3835.0,3987.0,3780.0,3869.0,3987.0,3871.0,51832699.0,200553217862.0,1488.0
2025-04-28,3985.0,3985.0,3985.0,3985.0,3985.0,3869.0,20514273.0,81749377905.0,232.0
2025-04-29,4104.0,4104.0,4104.0,4104.0,4104.0,3985.0,4989926.0,20478656304.0,108.0
2025-04-30,4227.0,4227.0,4227.0,4227.0,4227.0,4104.0,15976359.0,67532069493.0,172.0
2025-05-03,4230.0,4353.0,4170.0,4303.0,4353.0,4227.0,95724355.0,411945768182.0,1888.0
2025-05-04,4432.0,4432.0,4432.0,4432.0,4432.0,4303.0,13309644.0,58988342208.0,240.0
2025-05-05,4564.0,4564.0,4564.0,4564.0,4564.0,4432.0,23828776.0,108754533664.0,317.0
2025-05-06,4700.0,4700.0,4428.0,4528.0,4470.0,4564.0,120843140.0,547229179010.0,4299.0
2025-05-07,4550.0,4599.0,4393.0,4491.0,4449.0,4528.0,56279136.0,252767270166.0,2545.0
2025-05-10,4415.0,4415.0,4357.0,4365.0,4359.0,4491.0,31935957.0,139399790599.0,1936.0
2025-05-11,4362.0,4364.0,4238.0,4304.0,4364.0,4365.0,11393181.0,49037148197.0,1068.0
2025-05-12,4433.0,4433.0,4433.0,4402.0,4433.0,4304.0,2545642.0,11284830986.0,121.0
2025-05-13,4534.0,4534.0,4534.0,4534.0,4534.0,4402.0,12180141.0,55224759294.0,284.0
2025-05-14,4640.0,4641.0,4516.0,4603.0,4613.0,4534.0,19346910.0,89044684627.0,937.0
2025-05-17,4650.0,4741.0,4499.0,4617.0,4741.0,4603.0,32162087.0,148492230156.0,1792.0
2025-05-18,4755.0,4755.0,4755.0,4755.0,4755.0,4617.0,5544224.0,26362785120.0,151.0
2025-05-19,4897.0,4897.0,4633.0,4783.0,4746.0,4755.0,24018810.0,114889284463.0,1344.0
2025-05-20,4650.0,4763.0,4640.0,4655.0,4640.0,4783.0,29872720.0,139069189467.0,1221.0
2025-05-21,4516.0,4607.0,4516.0,4549.0,4575.0,4655.0,16481877.0,74974840428.0,1449.0
2025-05-24,4680.0,4680.0,4533.0,4572.0,4589.0,4549.0,4348879.0,19884610479.0,306.0
2025-05-25,4563.0,4563.0,4435.0,4461.0,4435.0,4572.0,10985467.0,49009422158.0,836.0
2025-05-26,4468.0,4530.0,4375.0,4409.0,4429.0,4461.0,6435993.0,28376382173.0,579.0
2025-05-27,4444.0,4541.0,4410.0,4509.0,4541.0,4409.0,9927406.0,44765361938.0,631.0
2025-05-28,4590.0,4590.0,4486.0,4515.0,4533.0,4509.0,3962561.0,17890941549.0,382.0
2025-05-31,4451.0,4650.0,4451.0,4574.0,4572.0,4515.0,3621333.0,16562907823.0,288.0
2025-06-01,4573.0,4573.0,4437.0,4458.0,4445.0,4574.0,9601361.0,42805223728.0,957.0
2025-06-02,4474.0,4567.0,4427.0,4476.0,4440.0,4458.0,3794278.0,16984425539.0,273.0
2025-06-03,4510.0,4510.0,4386.0,4424.0,4386.0,4476.0,4858755.0,21495564276.0,660.0
2025-06-07,4412.0,4412.0,4292.0,4305.0,4292.0,4424.0,25250328.0,108694094112.0,2056.0
2025-06-08,4304.0,4394.0,4252.0,4315.0,4313.0,4305.0,3373281.0,14556365326.0,501.0
2025-06-09,4315.0,4399.0,4203.0,4241.0,4215.0,4315.0,4116157.0,17454960901.0,586.0
2025-06-10,4240.0,4317.0,4228.0,4257.0,4298.0,4241.0,2485666.0,10595121415.0,318.0
2025-06-11,4350.0,4350.0,4228.0,4262.0,4290.0,4257.0,2280851.0,9728037918.0,335.0
2025-06-28,4135.0,4135.0,4135.0,4198.0,4135.0,4262.0,1773594.0,7333811190.0,17.0
2025-06-29,4073.0,4073.0,4073.0,4106.0,4073.0,4198.0,2598785.0,10584851305.0,28.0
2025-06-30,3983.0,3983.0,3983.0,3983.0,3983.0,4106.0,36036377.0,143532889591.0,383.0
2025-07-01,3864.0,3864.0,3864.0,3967.0,3864.0,3983.0,473052.0,1827872928.0,20.0
2025-07-02,3848.0,4034.0,3848.0,3867.0,3982.0,3967.0,40183166.0,155388676746.0,2036.0
2025-07-07,3983.0,3983.0,3851.0,3928.0,3900.0,3867.0,7134544.0,28027340957.0,356.0
2025-07-08,3826.0,3861.0,3811.0,3856.0,3811.0,3928.0,2512672.0,9589354601.0,136.0
2025-07-09,3741.0,3799.0,3741.0,3741.0,3741.0,3856.0,12605419.0,47159265774.0,284.0
2025-07-12,3849.0,3853.0,3719.0,3793.0,3785.0,3741.0,5108272.0,19377320159.0,435.0
2025-07-13,3853.0,3906.0,3773.0,3833.0,3800.0,3793.0,6607471.0,25326115895.0,290.0
2025-07-14,3871.0,3894.0,3803.0,3841.0,3860.0,3833.0,6884707.0,26443046355.0,740.0
2025-07-15,3838.0,3929.0,3778.0,3831.0,3891.0,3841.0,5935989.0,22741689596.0,506.0
2025-07-16,3770.0,3945.0,3770.0,3901.0,3945.0,3831.0,16313468.0,63632776385.0,426.0
2025-07-22,3491.0,3492.0,3491.0,3427.0,3492.0,3391.0,1567836.0,5474878847.0,51.0
2025-07-23,3529.0,3529.0,3409.0,3443.0,3409.0,3427.0,11086732.0,38169737554.0,599.0
2025-07-26,3411.0,3522.0,3408.0,3448.0,3409.0,3443.0,9801378.0,33797463387.0,542.0
2025-07-27,3465.0,3480.0,3401.0,3436.0,3402.0,3448.0,7315816.0,25139128553.0,437.0
2025-07-28,3470.0,3470.0,3333.0,3353.0,3333.0,3436.0,3599571.0,12007895532.0,164.0
2025-07-29,3253.0,3253.0,3253.0,3331.0,3253.0,3353.0,963163.0,3133169239.0,56.0
2025-07-30,3232.0,3248.0,3232.0,3234.0,3232.0,3331.0,5827876.0,18846475347.0,251.0
2025-08-02,3141.0,3142.0,3137.0,3137.0,3137.0,3234.0,7640308.0,23967965521.0,141.0
2025-08-03,3124.0,3221.0,3094.0,3144.0,3100.0,3137.0,7473481.0,23493956035.0,423.0
2025-08-04,3067.0,3210.0,3067.0,3144.0,3140.0,3144.0,3961156.0,12454212130.0,234.0
2025-08-05,3145.0,3200.0,3079.0,3112.0,3079.0,3144.0,4789336.0,14906743670.0,387.0
2025-08-06,3078.0,3112.0,3019.0,3087.0,3060.0,3112.0,1549609.0,4707839398.0,156.0
2025-08-09,3001.0,3178.0,3001.0,3106.0,3106.0,3087.0,1819480.0,5710535310.0,138.0
2025-08-10,3130.0,3130.0,3036.0,3083.0,3053.0,3106.0,2267985.0,6931149799.0,133.0
2025-08-11,3013.0,3120.0,3000.0,3076.0,3060.0,3083.0,1339867.0,4095189937.0,138.0
2025-08-12,3000.0,3080.0,2984.0,3030.0,2984.0,3076.0,2566412.0,7670724827.0,193.0
2025-08-13,2950.0,3029.0,2940.0,2963.0,2940.0,3030.0,3631447.0,10678060608.0,181.0
2025-08-16,2876.0,3020.0,2875.0,2964.0,3003.0,2963.0,4515852.0,13386965924.0,402.0
2025-08-17,3030.0,3052.0,3021.0,3035.0,3052.0,2964.0,4052714.0,12366560727.0,177.0
2025-08-18,3126.0,3126.0,3100.0,3125.0,3126.0,3035.0,10602064.0,33131242310.0,288.0
2025-08-19,3043.0,3187.0,3043.0,3135.0,3134.0,3125.0,3545612.0,11129775834.0,238.0
2025-08-20,3090.0,3159.0,3050.0,3128.0,3149.0,3135.0,5237292.0,16383034700.0,411.0
2025-08-23,3177.0,3177.0,3052.0,3109.0,3055.0,3128.0,1624943.0,4993582913.0,143.0
2025-08-25,3165.0,3165.0,3016.0,3044.0,3016.0,3109.0,3470931.0,10479082911.0,184.0
2025-08-26,2980.0,3000.0,2953.0,2986.0,2993.0,3044.0,3346143.0,9908795088.0,218.0
2025-08-27,2953.0,3050.0,2897.0,2980.0,2990.0,2986.0,2158867.0,6415598590.0,167.0
2025-08-30,2930.0,2930.0,2891.0,2921.0,2891.0,2980.0,3340575.0,9658325953.0,179.0
2025-08-31,2876.0,2991.0,2836.0,2928.0,2980.0,2921.0,2073175.0,6088751598.0,172.0
2025-09-02,3001.0,3015.0,2905.0,2998.0,3015.0,2928.0,4103009.0,12363798960.0,173.0
2025-09-03,3035.0,3087.0,3035.0,3050.0,3087.0,2998.0,3164909.0,9747825088.0,190.0
2025-09-06,3080.0,3134.0,3002.0,3049.0,3040.0,3050.0,2739405.0,8347906663.0,141.0
2025-09-07,3000.0,3140.0,3000.0,3093.0,3140.0,3049.0,2746023.0,8591232139.0,157.0
2025-09-08,3093.0,3185.0,3090.0,3171.0,3185.0,3093.0,4239679.0,13498842465.0,111.0
2025-09-09,3201.0,3265.0,3098.0,3176.0,3207.0,3171.0,2627471.0,8358645049.0,187.0
2025-09-13,3172.0,3223.0,3081.0,3132.0,3091.0,3176.0,4884864.0,15297254164.0,210.0
2025-09-14,3169.0,3225.0,3053.0,3205.0,3225.0,3132.0,4711733.0,15103593736.0,232.0
2025-09-15,3234.0,3301.0,3126.0,3264.0,3301.0,3205.0,10956445.0,35760535288.0,345.0
2025-09-16,3210.0,3361.0,3202.0,3347.0,3354.0,3264.0,14628246.0,48957859801.0,404.0
2025-09-17,3301.0,3360.0,3250.0,3295.0,3280.0,3347.0,4843640.0,15958209105.0,293.0
2025-09-20,3197.0,3197.0,3197.0,3216.0,3197.0,3295.0,3666057.0,11720384229.0,73.0
2025-09-21,3120.0,3166.0,3120.0,3125.0,3120.0,3216.0,4400565.0,13739402378.0,298.0
2025-09-22,3195.0,3218.0,3150.0,3206.0,3172.0,3125.0,4425571.0,14198646616.0,179.0
2025-09-23,3202.0,3202.0,3110.0,3170.0,3127.0,3206.0,2168397.0,6787355209.0,160.0
2025-09-24,3075.0,3148.0,3075.0,3111.0,3125.0,3170.0,3133168.0,9665060208.0,242.0
2025-09-27,3021.0,3204.0,3021.0,3190.0,3204.0,3111.0,5490205.0,17516168765.0,211.0
2025-09-28,3285.0,3285.0,3285.0,3265.0,3285.0,3190.0,3811304.0,12520133640.0,123.0
2025-09-29,3362.0,3362.0,3362.0,3362.0,3362.0,3265.0,6248504.0,21007470448.0,129.0
2025-09-30,3300.0,3352.0,3262.0,3299.0,3305.0,3362.0,9732277.0,32105629418.0,350.0
2025-10-01,3201.0,3330.0,3201.0,3262.0,3300.0,3299.0,6699112.0,21854273747.0,222.0
2025-10-04,3359.0,3359.0,3277.0,3313.0,3359.0,3262.0,2410265.0,8095094568.0,119.0
2025-10-05,3360.0,3412.0,3222.0,3355.0,3407.0,3313.0,8484497.0,28464076555.0,403.0
2025-10-06,3455.0,3455.0,3350.0,3439.0,3360.0,3355.0,11974733.0,41178095589.0,331.0
2025-10-07,3452.0,3542.0,3373.0,3513.0,3542.0,3439.0,8303388.0,29173363963.0,206.0
2025-10-08,3599.0,3618.0,3540.0,3614.0,3618.0,3513.0,12140245.0,43880659661.0,285.0
2025-10-11,3722.0,3722.0,3650.0,3709.0,3721.0,3614.0,8710745.0,32307888648.0,318.0
2025-10-12,3722.0,3820.0,3720.0,3792.0,3816.0,3709.0,11313912.0,42902186074.0,540.0
2025-10-13,3900.0,3905.0,3700.0,3776.0,3780.0,3792.0,11265373.0,42538885092.0,524.0
2025-10-14,3691.0,3793.0,3663.0,3695.0,3663.0,3776.0,7898520.0,29183423398.0,376.0
2025-10-15,3585.0,3656.0,3585.0,3588.0,3637.0,3695.0,11639092.0,41763806688.0,482.0
2025-10-18,3692.0,3695.0,3640.0,3694.0,3695.0,3588.0,12814640.0,47331414374.0,320.0
2025-10-19,3700.0,3779.0,3674.0,3709.0,3729.0,3694.0,5127162.0,19019035656.0,407.0
2025-10-20,3620.0,3750.0,3620.0,3700.0,3692.0,3709.0,3163163.0,11695495488.0,334.0
2025-10-21,3700.0,3811.0,3669.0,3795.0,3811.0,3700.0,11767251.0,44657384053.0,441.0
2025-10-22,3908.0,3908.0,3908.0,3908.0,3908.0,3795.0,9741542.0,38069946136.0,138.0
2025-10-25,4025.0,4025.0,4025.0,4025.0,4025.0,3908.0,17099654.0,68826107350.0,213.0
2025-10-26,4145.0,4145.0,4030.0,4136.0,4145.0,4025.0,75904164.0,313907274385.0,1590.0
2025-10-27,4260.0,4260.0,4200.0,4259.0,4260.0,4136.0,66567281.0,283540030512.0,932.0
2025-10-28,4386.0,4386.0,4265.0,4346.0,4330.0,4259.0,39663201.0,172380348198.0,1310.0
2025-10-29,4360.0,4386.0,4216.0,4239.0,4272.0,4346.0,24262799.0,102839806140.0,1226.0
2025-11-01,4259.0,4366.0,4245.0,4346.0,4265.0,4239.0,23643070.0,102749090877.0,997.0
2025-11-02,4310.0,4330.0,4216.0,4248.0,4231.0,4346.0,10760457.0,45707695053.0,844.0
2025-11-03,4218.0,4375.0,4172.0,4288.0,4273.0,4248.0,17498943.0,75038767228.0,781.0
2025-11-04,4243.0,4243.0,4160.0,4171.0,4160.0,4288.0,8928835.0,37246232278.0,450.0
2025-11-05,4046.0,4295.0,4046.0,4212.0,4293.0,4171.0,18509657.0,77970711713.0,797.0
2025-11-08,4338.0,4338.0,4300.0,4338.0,4338.0,4212.0,11843597.0,51376353086.0,305.0
2025-11-09,4461.0,4461.0,4208.0,4257.0,4208.0,4338.0,29991062.0,127670693750.0,1636.0
2025-11-10,4260.0,4359.0,4200.0,4287.0,4339.0,4257.0,20961051.0,89856209210.0,1125.0
2025-11-11,4306.0,4374.0,4252.0,4317.0,4270.0,4287.0,14550157.0,62816165876.0,893.0
2025-11-12,4338.0,4349.0,4188.0,4260.0,4320.0,4317.0,21112431.0,89941714481.0,2802.0
2025-11-15,4378.0,4378.0,4274.0,4307.0,4300.0,4260.0,7955711.0,34265148744.0,565.0
2025-11-16,4329.0,4430.0,4290.0,4351.0,4420.0,4307.0,16866889.0,73382743134.0,560.0
2025-11-17,4469.0,4481.0,4469.0,4480.0,4481.0,4351.0,13918144.0,62357233682.0,326.0
2025-11-18,4614.0,4614.0,4614.0,4614.0,4614.0,4480.0,4722106.0,21787797084.0,171.0
2025-11-19,4752.0,4752.0,4605.0,4719.0,4691.0,4614.0,26229148.0,123778352310.0,1209.0
2025-11-22,4765.0,4790.0,4644.0,4703.0,4677.0,4719.0,18522126.0,87104486578.0,1754.0
2025-11-23,4789.0,4789.0,4631.0,4681.0,4636.0,4703.0,8755090.0,40981384808.0,983.0
2025-11-25,4725.0,4740.0,4582.0,4668.0,4609.0,4681.0,7883066.0,36798926257.0,617.0
2025-11-26,4808.0,4808.0,4808.0,4808.0,4808.0,4668.0,16834086.0,80938285488.0,494.0
2025-11-29,4952.0,4952.0,4853.0,4951.0,4952.0,4808.0,45351970.0,224527740409.0,1277.0
2025-11-30,5099.0,5099.0,5003.0,5094.0,5099.0,4951.0,30562637.0,155684960407.0,1312.0
2025-12-01,5242.0,5242.0,4942.0,5008.0,5030.0,5094.0,34279881.0,171658802079.0,2943.0
2025-12-02,5129.0,5129.0,4934.0,5008.0,5065.0,5008.0,9675239.0,48454247684.0,1238.0
2025-12-03,5119.0,5119.0,4985.0,5025.0,5010.0,5008.0,12179517.0,61206730626.0,892.0
2025-12-06,5100.0,5170.0,5020.0,5110.0,5130.0,5025.0,13500786.0,68961439550.0,815.0
2025-12-07,5170.0,5260.0,4960.0,5030.0,5030.0,5110.0,22342267.0,112460631230.0,1262.0
2025-12-08,5130.0,5140.0,4960.0,5040.0,5000.0,5030.0,10978261.0,55276560040.0,713.0
2025-12-09,5100.0,5100.0,4950.0,5000.0,4990.0,5040.0,12760632.0,63766161620.0,716.0
2025-12-10,5150.0,5150.0,5150.0,5150.0,5150.0,5000.0,16034642.0,82578406300.0,340.0
2025-12-13,5300.0,5300.0,5300.0,5300.0,5300.0,5150.0,6846218.0,36284955400.0,260.0
2025-12-14,5450.0,5450.0,5310.0,5440.0,5450.0,5300.0,53265400.0,289691732530.0,1567.0
2025-12-15,5420.0,5590.0,5360.0,5460.0,5440.0,5440.0,27455081.0,149898502290.0,1237.0
2025-12-16,5500.0,5500.0,5300.0,5370.0,5340.0,5460.0,36922711.0,198437894830.0,1379.0
2025-12-17,5450.0,5450.0,5210.0,5260.0,5230.0,5370.0,22019416.0,115835846730.0,1227.0
2025-12-20,5330.0,5410.0,5270.0,5380.0,5380.0,5260.0,14721645.0,79203471650.0,852.0
2025-12-21,5410.0,5440.0,5240.0,5300.0,5300.0,5380.0,16633440.0,88184033220.0,1193.0
2025-12-22,5370.0,5370.0,5150.0,5200.0,5170.0,5300.0,18626291.0,96938547090.0,1245.0
2025-12-23,5310.0,5350.0,5170.0,5250.0,5280.0,5200.0,7470459.0,39249061170.0,667.0
2025-12-24,5300.0,5400.0,5300.0,5390.0,5400.0,5250.0,19806263.0,106807389960.0,790.0
2025-12-27,5530.0,5550.0,5510.0,5550.0,5550.0,5390.0,37639688.0,208818124220.0,955.0
2025-12-28,5620.0,5680.0,5430.0,5550.0,5500.0,5550.0,17809574.0,98853647830.0,1109.0
2025-12-29,5600.0,5600.0,5390.0,5400.0,5390.0,5550.0,22283421.0,120290096400.0,969.0
2025-12-30,5300.0,5300.0,5240.0,5240.0,5240.0,5400.0,19349937.0,101483069080.0,701.0
2025-12-31,5090.0,5390.0,5090.0,5280.0,5390.0,5240.0,19143826.0,101041173290.0,1085.0
2026-01-04,5430.0,5430.0,5130.0,5270.0,5320.0,5280.0,19912987.0,104975789260.0,963.0
2026-01-05,5420.0,5420.0,5420.0,5420.0,5420.0,5270.0,11575770.0,62740673400.0,281.0
2026-01-06,5580.0,5580.0,5580.0,5580.0,5580.0,5420.0,9822611.0,54810169380.0,358.0
2026-01-07,5740.0,5740.0,5460.0,5690.0,5720.0,5580.0,27434862.0,156149607770.0,1340.0
2026-01-10,5520.0,5710.0,5520.0,5540.0,5520.0,5690.0,18262989.0,101102263480.0,1086.0
2026-01-11,5380.0,5560.0,5380.0,5400.0,5380.0,5540.0,32413020.0,174919797930.0,1398.0
2026-01-12,5410.0,5560.0,5360.0,5460.0,5410.0,5400.0,18971576.0,103572832300.0,911.0
2026-01-13,5560.0,5560.0,5300.0,5330.0,5300.0,5460.0,16802605.0,89530312860.0,1133.0
2026-01-14,5270.0,5310.0,5180.0,5190.0,5190.0,5330.0,49019998.0,254587803260.0,1090.0
2026-01-18,5330.0,5340.0,5260.0,5330.0,5340.0,5190.0,9775987.0,52154301140.0,468.0
2026-01-19,5480.0,5480.0,5430.0,5480.0,5480.0,5330.0,15986361.0,87582249610.0,533.0
2026-01-20,5620.0,5640.0,5490.0,5620.0,5590.0,5480.0,42192277.0,236936984700.0,1353.0
2026-01-21,5740.0,5740.0,5520.0,5610.0,5600.0,5620.0,19039126.0,106747789610.0,1081.0
2026-01-24,5750.0,5750.0,5450.0,5480.0,5450.0,5610.0,24047270.0,131836306000.0,857.0
2026-01-25,5320.0,5370.0,5320.0,5320.0,5320.0,5480.0,8591904.0,45713819050.0,297.0
2026-01-26,5170.0,5170.0,5170.0,5170.0,5170.0,5320.0,1663196.0,8598723320.0,109.0
2026-01-27,5170.0,5320.0,5020.0,5050.0,5070.0,5170.0,12720458.0,64256783950.0,651.0
2026-01-28,4900.0,5140.0,4900.0,4960.0,4950.0,5050.0,17441062.0,86472533610.0,866.0
2026-01-31,5021.0,5021.0,4812.0,4833.0,4812.0,4960.0,7227067.0,34931442776.0,372.0
2026-02-01,4690.0,4760.0,4689.0,4700.0,4706.0,4833.0,13521084.0,63551337472.0,817.0
2026-02-02,4747.0,4812.0,4712.0,4752.0,4786.0,4700.0,5139457.0,24420758048.0,424.0
2026-02-03,4758.0,4763.0,4610.0,4631.0,4610.0,4752.0,16227336.0,75146915483.0,1086.0
2026-02-07,4658.0,4769.0,4658.0,4768.0,4769.0,4631.0,13333968.0,63570562076.0,326.0
2026-02-08,4911.0,4911.0,4685.0,4787.0,4741.0,4768.0,17700772.0,84729448137.0,1009.0
2026-02-09,4770.0,4770.0,4644.0,4672.0,4644.0,4787.0,13369376.0,62465028718.0,848.0
2026-02-10,4550.0,4700.0,4532.0,4580.0,4620.0,4672.0,16788378.0,76891910975.0,1171.0
2026-02-14,4611.0,4716.0,4443.0,4487.0,4443.0,4580.0,5273126.0,23661490756.0,351.0
2026-02-15,4353.0,4620.0,4353.0,4373.0,4354.0,4487.0,20283601.0,88694544697.0,632.0
2026-02-16,4242.0,4504.0,4242.0,4397.0,4455.0,4373.0,15809062.0,69511213632.0,433.0
2026-02-17,4474.0,4528.0,4469.0,4507.0,4528.0,4397.0,9186859.0,41409399832.0,308.0
2026-02-18,4529.0,4642.0,4517.0,4579.0,4589.0,4507.0,9780379.0,44785279143.0,306.0
2026-02-21,4442.0,4445.0,4442.0,4442.0,4442.0,4579.0,10552714.0,46875445024.0,353.0
2026-02-22,4309.0,4540.0,4309.0,4363.0,4443.0,4442.0,8230532.0,35911056636.0,580.0
2026-02-23,4451.0,4493.0,4364.0,4448.0,4470.0,4363.0,10422125.0,46361173486.0,300.0
2026-02-24,4581.0,4581.0,4377.0,4456.0,4450.0,4448.0,3626824.0,16161230653.0,341.0
2026-02-25,4560.0,4589.0,4560.0,4586.0,4589.0,4456.0,8145359.0,37351709357.0,334.0
2026-05-19,4723.0,4723.0,4723.0,4723.0,4723.0,4586.0,5205832.0,24587144536.0,95.0
2026-05-20,4864.0,4864.0,4864.0,4864.0,4864.0,4723.0,1028127.0,5000809728.0,25.0
2026-05-23,5009.0,5009.0,5009.0,5009.0,5009.0,4864.0,9231621.0,46241189589.0,84.0
2026-05-24,5159.0,5159.0,5159.0,5159.0,5159.0,5009.0,14763023.0,76162435657.0,112.0
2026-05-31,5310.0,5310.0,5310.0,5310.0,5310.0,5159.0,26724395.0,141906537450.0,167.0
2026-06-01,5460.0,5460.0,5460.0,5460.0,5460.0,5310.0,77978704.0,425763723840.0,521.0
2026-06-02,5620.0,5620.0,5620.0,5620.0,5620.0,5460.0,24700276.0,138815551120.0,330.0
2026-06-03,5780.0,5780.0,5780.0,5780.0,5780.0,5620.0,31398992.0,181486173760.0,430.0
2026-06-06,5950.0,5950.0,5950.0,5950.0,5950.0,5780.0,44835925.0,266773753750.0,551.0
2026-06-07,6120.0,6120.0,6120.0,6120.0,6120.0,5950.0,23406556.0,143248122720.0,315.0
2026-06-08,6300.0,6300.0,6300.0,6300.0,6300.0,6120.0,87456645.0,550976863500.0,1354.0
2026-06-09,6480.0,6480.0,6480.0,6480.0,6480.0,6300.0,11831556.0,76668482880.0,168.0
2026-06-10,6670.0,6670.0,6670.0,6670.0,6670.0,6480.0,6505508.0,43391738360.0,138.0
2026-06-13,6870.0,6870.0,6870.0,6870.0,6870.0,6670.0,7736475.0,53149583250.0,130.0
2026-06-14,7070.0,7070.0,7070.0,7070.0,7070.0,6870.0,558269.0,3946961830.0,71.0
2026-06-15,7280.0,7280.0,7280.0,7280.0,7280.0,7070.0,6764506.0,49245603680.0,153.0
2026-06-16,7490.0,7490.0,7490.0,7490.0,7490.0,7280.0,2757410.0,20653000900.0,163.0
2026-06-17,7710.0,7710.0,7710.0,7710.0,7710.0,7490.0,5087440.0,39224162400.0,210.0
2026-06-20,7940.0,7940.0,7940.0,7940.0,7940.0,7710.0,5464001.0,43384167940.0,236.0
2026-06-21,8170.0,8170.0,8170.0,8170.0,8170.0,7940.0,323999.0,2647071830.0,10.0
2026-06-23,8410.0,8410.0,8410.0,8410.0,8410.0,8170.0,7143886.0,60080081260.0,205.0
2026-06-27,8660.0,8660.0,8360.0,8630.0,8660.0,8410.0,160179520.0,1382601919560.0,2852.0
2026-06-28,8880.0,8880.0,8380.0,8840.0,8880.0,8630.0,163757812.0,1448006276140.0,3498.0
2026-06-29,9090.0,9100.0,8850.0,9070.0,9100.0,8840.0,79930343.0,724716111380.0,2916.0
2026-06-30,9340.0,9340.0,9340.0,9340.0,9340.0,9070.0,4643478.0,43370084520.0,203.0
2026-07-01,9620.0,9620.0,9620.0,9620.0,9620.0,9340.0,45500621.0,437715974020.0,480.0
2026-07-07,9900.0,9900.0,9900.0,9900.0,9900.0,9620.0,32011974.0,316918542600.0,438.0
2026-07-08,9900.0,10190.0,9610.0,10020.0,9610.0,9900.0,101530264.0,1017473451620.0,5022.0
2026-07-11,9720.0,9900.0,9720.0,9730.0,9720.0,10020.0,19360958.0,188299750620.0,1345.0
2026-07-12,9440.0,9440.0,9440.0,9440.0,9440.0,9730.0,2892283.0,27303151520.0,210.0
2026-07-13,9160.0,9160.0,9160.0,9160.0,9160.0,9440.0,6096576.0,55844636160.0,277.0
2026-07-14,8890.0,8890.0,8890.0,8890.0,8890.0,9160.0,9892206.0,87941711340.0,464.0
2026-07-15,8630.0,8630.0,8630.0,8630.0,8630.0,8890.0,13064874.0,112749862620.0,670.0
2026-07-18,8380.0,8380.0,8380.0,8380.0,8380.0,8630.0,8612578.0,72173403640.0,233.0
2026-07-19,8130.0,8630.0,8130.0,8290.0,8630.0,8380.0,130792910.0,1084140450520.0,2754.0
2026-07-25,6970.0,6970.0,6970.0,6970.0,6970.0,7180.0,5298814.0,36932733580.0,174.0
2026-07-26,6770.0,7170.0,6770.0,6970.0,7170.0,6970.0,189048566.0,1317602335890.0,4029.0
2026-07-27,7170.0,7170.0,7170.0,7170.0,7170.0,6970.0,13247546.0,94984904820.0,235.0
2026-07-28,7380.0,7380.0,7060.0,7310.0,7380.0,7170.0,62950967.0,460228308050.0,1969.0
2026-07-29,7100.0,7470.0,7100.0,7280.0,7140.0,7310.0,35878621.0,261025505030.0,1764.0
2026-08-01,7120.0,7310.0,7070.0,7080.0,7080.0,7280.0,62978920.0,445734685250.0,2495.0
2026-08-02,7290.0,7290.0,7180.0,7280.0,7290.0,7080.0,19826581.0,144363172540.0,606.0
2026-08-03,7490.0,7490.0,7420.0,7490.0,7490.0,7280.0,17780213.0,133171698030.0,419.0
2026-08-05,7710.0,7710.0,7710.0,7710.0,7710.0,7490.0,13401515.0,103325680650.0,222.0
2026-08-08,7940.0,7940.0,7940.0,7940.0,7940.0,7710.0,5054519.0,40132880860.0,173.0
2026-08-09,8170.0,8170.0,7710.0,8120.0,8170.0,7940.0,58717416.0,476706813440.0,1347.0
2026-08-10,8360.0,8360.0,7950.0,8330.0,8360.0,8120.0,26962456.0,224559112610.0,1026.0
2026-08-11,8570.0,8570.0,8570.0,8570.0,8570.0,8330.0,4673597.0,40052726290.0,130.0
2026-08-15,8820.0,8820.0,8610.0,8810.0,8820.0,8570.0,21647989.0,190800158640.0,717.0
2026-08-16,9070.0,9070.0,8820.0,9050.0,9070.0,8810.0,16501465.0,149275830400.0,634.0
2026-08-17,9320.0,9320.0,9320.0,9320.0,9320.0,9050.0,8864995.0,82621753400.0,397.0
2026-08-18,9500.0,9530.0,9050.0,9250.0,9050.0,9320.0,37436425.0,346280363670.0,2097.0
2026-08-19,8980.0,9520.0,8980.0,9360.0,9520.0,9250.0,37343301.0,349416047060.0,1385.0
2026-08-22,9630.0,9640.0,9400.0,9600.0,9560.0,9360.0,14917306.0,143262510810.0,841.0
2026-08-23,9640.0,9880.0,9320.0,9430.0,9320.0,9600.0,32435914.0,305821998190.0,1955.0
2026-08-24,9150.0,9430.0,9150.0,9160.0,9150.0,9430.0,27943599.0,255908821540.0,1289.0
2026-08-25,8900.0,9410.0,8900.0,9250.0,9330.0,9160.0,13771923.0,127440541330.0,1157.0
2026-08-26,9520.0,9520.0,9520.0,9520.0,9520.0,9250.0,10843777.0,103232757040.0,367.0
2026-08-29,9800.0,9800.0,9800.0,9800.0,9800.0,9520.0,10639778.0,104269824400.0,299.0
2026-08-31,9800.0,10090.0,9750.0,10060.0,10080.0,9800.0,49983593.0,502840413980.0,2124.0
2026-09-01,10100.0,10250.0,9850.0,9920.0,9920.0,10060.0,4120000.0,40870400000.0,820.0
