date,open,high,low,close,last,yesterday,volume,value,trades
2015-04-25,38000.0,38010.0,38000.0,38000.0,38010.0,1000.0,181068.0,6880654000.0,67.0
2015-04-26,38000.0,38001.0,38000.0,38000.0,38000.0,38000.0,73742.0,2802206260.0,30.0
2015-04-27,38000.0,38001.0,38000.0,38000.0,38000.0,38000.0,45173.0,1716581652.0,31.0
2015-04-28,38000.0,38000.0,38000.0,38000.0,38000.0,38000.0,13241.0,503158000.0,12.0
2015-04-29,38000.0,38000.0,38000.0,38000.0,38000.0,38000.0,111845.0,4250110000.0,43.0
2015-05-03,38000.0,38000.0,38000.0,38000.0,38000.0,38000.0,6430.0,244340000.0,5.0
2015-05-04,38000.0,38000.0,38000.0,38000.0,38000.0,38000.0,19607.0,745066000.0,14.0
2015-05-05,38000.0,38000.0,35200.0,37569.0,38000.0,38000.0,11821.0,444099200.0,4.0
2015-05-06,35200.0,35200.0,34000.0,34464.0,35200.0,37569.0,15195.0,523678800.0,13.0
2015-05-09,30000.0,30000.0,30000.0,30000.0,30000.0,34464.0,30780.0,923400000.0,25.0
2015-05-10,29999.0,30000.0,29990.0,29998.0,29999.0,30000.0,15101.0,453001025.0,16.0
2015-05-11,29800.0,29800.0,29800.0,29800.0,29800.0,29998.0,10190.0,303662000.0,5.0
2015-05-12,29800.0,29800.0,29800.0,29800.0,29800.0,29800.0,14703.0,438149400.0,8.0
2015-05-13,29800.0,29800.0,29800.0,29800.0,29800.0,29800.0,5000.0,149000000.0,1.0
2015-05-17,30000.0,30000.0,30000.0,30000.0,30000.0,29800.0,21690.0,650700000.0,13.0
2015-05-18,30000.0,30000.0,30000.0,30000.0,30000.0,30000.0,5617.0,168510000.0,3.0
2015-05-19,21000.0,23000.0,19998.0,20656.0,23000.0,30000.0,25567.0,528113816.0,21.0
2015-05-20,20000.0,23499.0,20000.0,20931.0,20000.0,20656.0,12648.0,264734140.0,16.0
2015-05-24,16000.0,20000.0,16000.0,17921.0,18000.0,20931.0,63215.0,1132854457.0,38.0
2015-05-25,14000.0,19790.0,14000.0,18768.0,19000.0,17921.0,40120.0,752971866.0,22.0
2015-05-26,19999.0,20000.0,18700.0,19566.0,20000.0,18768.0,9097.0,177995426.0,9.0
2015-05-27,20000.0,20000.0,15100.0,17629.0,16550.0,19566.0,35976.0,634203440.0,26.0
2015-05-30,16550.0,19750.0,16100.0,17496.0,16201.0,17629.0,35772.0,625865668.0,18.0
2015-05-31,19000.0,19700.0,16250.0,17915.0,19000.0,17496.0,45309.0,811696135.0,35.0
2015-06-01,17021.0,18950.0,16270.0,18170.0,18900.0,17915.0,22373.0,406521090.0,16.0
2015-06-02,17500.0,18950.0,16300.0,18053.0,18900.0,18170.0,41767.0,754000919.0,25.0
2015-06-06,17010.0,17010.0,16900.0,16977.0,17000.0,18053.0,16057.0,272602016.0,17.0
2015-06-07,17000.0,17950.0,16270.0,16891.0,16502.0,16977.0,35175.0,594145729.0,52.0
2015-06-08,16100.0,19750.0,16000.0,17989.0,19685.0,16891.0,137532.0,2474043201.0,69.0
2015-06-09,18110.0,21600.0,18100.0,20066.0,21600.0,17989.0,93635.0,1878912430.0,53.0
2015-06-10,20012.0,25000.0,20010.0,23357.0,25000.0,20066.0,66502.0,1553285271.0,48.0
2015-06-13,21500.0,28990.0,21050.0,27247.0,28950.0,23357.0,89813.0,2447147409.0,65.0
2015-06-14,30000.0,32000.0,28700.0,30251.0,30000.0,27247.0,187887.0,5683766556.0,94.0
2015-06-20,28000.0,30000.0,28000.0,29789.0,30000.0,28251.0,4319.0,128659500.0,3.0
2015-06-21,29998.0,30000.0,29998.0,29999.0,30000.0,29789.0,5640.0,169197064.0,5.0
2015-06-22,27000.0,27000.0,27000.0,27000.0,27000.0,29999.0,1452.0,39204000.0,3.0
2015-06-27,22000.0,22000.0,22000.0,22000.0,22000.0,27000.0,4741.0,104302000.0,7.0
2015-06-28,19000.0,19000.0,18000.0,18451.0,18000.0,22000.0,13439.0,247962100.0,12.0
2015-06-29,17500.0,17500.0,17500.0,17500.0,17500.0,18451.0,2000.0,35000000.0,1.0
2015-06-30,16800.0,18000.0,16510.0,16919.0,16600.0,17500.0,32198.0,544752112.0,45.0
2015-07-01,17000.0,17500.0,16552.0,16779.0,17000.0,16919.0,11892.0,199534012.0,16.0
2015-07-04,16000.0,17500.0,16000.0,16410.0,16010.0,16779.0,38056.0,624493260.0,37.0
2015-07-05,16030.0,16700.0,16010.0,16343.0,16700.0,16410.0,24349.0,397947208.0,22.0
2015-07-06,16315.0,16700.0,16100.0,16333.0,16500.0,16343.0,15111.0,246811475.0,16.0
2015-07-07,16500.0,17000.0,16150.0,16653.0,16790.0,16333.0,15033.0,250339626.0,17.0
2015-07-11,16100.0,16110.0,15706.0,15947.0,15800.0,16653.0,16509.0,263276647.0,15.0
2015-07-12,16450.0,16800.0,15652.0,16324.0,15652.0,15947.0,28424.0,463997724.0,24.0
2015-07-13,16500.0,16800.0,15500.0,16119.0,15700.0,16324.0,26802.0,432013889.0,35.0
2015-07-14,16100.0,16900.0,15501.0,16478.0,15501.0,16119.0,8857.0,145946706.0,9.0
2015-07-15,16500.0,16500.0,15803.0,15956.0,16020.0,16478.0,2423.0,38661303.0,3.0
2015-07-20,16199.0,16920.0,15000.0,15791.0,15000.0,15956.0,48177.0,760744732.0,31.0
2015-07-21,16020.0,16030.0,15800.0,15947.0,15920.0,15791.0,19262.0,307164909.0,14.0
2015-07-22,15720.0,15720.0,15500.0,15623.0,15500.0,15947.0,8196.0,128042384.0,10.0
2015-07-25,15720.0,15720.0,15000.0,15013.0,15000.0,15623.0,10963.0,164586745.0,10.0
2015-07-26,15020.0,15020.0,14600.0,14796.0,14600.0,15013.0,12576.0,186074480.0,14.0
2015-07-27,14000.0,14500.0,14000.0,14023.0,14100.0,14796.0,29318.0,411118000.0,21.0
2015-07-28,13999.0,13999.0,13144.0,13201.0,13145.0,14023.0,9422.0,124375515.0,10.0
2015-07-29,13171.0,13400.0,13141.0,13215.0,13200.0,13201.0,27273.0,360421299.0,21.0
2015-08-01,13257.0,13990.0,13250.0,13509.0,13800.0,13215.0,33709.0,455363555.0,24.0
2015-08-02,14000.0,14000.0,13200.0,13369.0,13400.0,13509.0,24228.0,323905040.0,15.0
2015-08-03,13258.0,13600.0,13155.0,13285.0,13250.0,13369.0,22453.0,298281350.0,21.0
2015-08-04,13200.0,13200.0,13050.0,13079.0,13050.0,13285.0,11421.0,149376660.0,14.0
2015-08-05,13050.0,13050.0,12600.0,12943.0,12600.0,13079.0,12780.0,165413510.0,10.0
2015-08-08,12695.0,12900.0,12100.0,12521.0,12900.0,12943.0,19073.0,238808089.0,11.0
2015-08-09,12201.0,12900.0,12050.0,12329.0,12600.0,12521.0,36016.0,444031003.0,24.0
2015-08-10,12502.0,12510.0,12500.0,12503.0,12510.0,12329.0,15927.0,199141215.0,10.0
2015-08-12,12613.0,13200.0,12613.0,12978.0,13200.0,12503.0,30036.0,389820811.0,16.0
2015-08-15,13000.0,13200.0,13000.0,13041.0,13120.0,12978.0,9110.0,118806255.0,7.0
2015-08-16,13151.0,13152.0,13151.0,13152.0,13152.0,13041.0,2686.0,35325484.0,2.0
2015-08-17,13153.0,14000.0,13153.0,13664.0,14000.0,13152.0,17521.0,239402603.0,15.0
2015-08-19,14060.0,14500.0,14000.0,14356.0,14500.0,13664.0,33819.0,485489497.0,17.0
2015-08-22,14502.0,15100.0,14502.0,14899.0,15000.0,14356.0,51489.0,767121616.0,32.0
2015-08-23,14000.0,15200.0,14000.0,14527.0,14050.0,14899.0,35856.0,520877103.0,26.0
2015-08-25,13200.0,13200.0,13000.0,13153.0,13000.0,14527.0,28579.0,375908800.0,17.0
2015-08-26,12900.0,12903.0,12270.0,12507.0,12903.0,13153.0,20134.0,251822130.0,15.0
2015-08-29,12800.0,12900.0,12272.0,12646.0,12900.0,12507.0,18469.0,233559892.0,9.0
2015-08-30,12700.0,12900.0,12201.0,12283.0,12201.0,12646.0,21953.0,269646814.0,23.0
2015-08-31,12202.0,12700.0,12201.0,12339.0,12400.0,12283.0,30993.0,382432821.0,22.0
2015-09-01,12202.0,12300.0,12202.0,12273.0,12250.0,12339.0,4972.0,61021626.0,7.0
2015-09-02,12260.0,12500.0,12250.0,12419.0,12500.0,12273.0,8918.0,110757100.0,8.0
2015-09-05,12500.0,13000.0,12500.0,12790.0,12900.0,12419.0,28553.0,365204140.0,33.0
2015-09-06,13000.0,13898.0,12750.0,13108.0,13898.0,12790.0,22614.0,296435519.0,23.0
2015-09-07,13310.0,13350.0,13101.0,13272.0,13101.0,13108.0,25319.0,336043900.0,10.0
2015-09-08,13000.0,13200.0,13000.0,13135.0,13200.0,13272.0,3820.0,50174200.0,6.0
2015-09-09,13200.0,13200.0,12750.0,12939.0,12800.0,13135.0,12734.0,164760160.0,14.0
2015-09-12,12560.0,13000.0,12302.0,12649.0,12302.0,12939.0,28022.0,354438687.0,21.0
2015-09-13,12330.0,12340.0,12301.0,12315.0,12302.0,12649.0,22141.0,272669527.0,18.0
2015-09-14,12320.0,12350.0,12203.0,12246.0,12300.0,12315.0,12463.0,152624184.0,21.0
2015-09-15,12300.0,12300.0,12200.0,12236.0,12200.0,12246.0,5061.0,61926893.0,7.0
2015-09-16,12222.0,12222.0,12150.0,12190.0,12200.0,12236.0,25514.0,311017832.0,20.0
2015-09-19,12130.0,12700.0,12111.0,12432.0,12500.0,12190.0,23421.0,291172938.0,16.0
2015-09-20,12210.0,12210.0,12101.0,12135.0,12200.0,12432.0,29141.0,353631153.0,17.0
2015-09-21,12100.0,12100.0,12000.0,12054.0,12000.0,12135.0,28762.0,346685950.0,12.0
2015-09-22,12000.0,12000.0,11900.0,12000.0,11900.0,12054.0,2010.0,24119000.0,3.0
2015-09-23,11800.0,12000.0,11200.0,11594.0,11200.0,12000.0,11250.0,130434600.0,12.0
2015-09-26,11220.0,11700.0,11020.0,11277.0,11700.0,11594.0,20935.0,236078148.0,23.0
2015-09-27,11301.0,12250.0,11301.0,11650.0,11500.0,11277.0,5768.0,67194852.0,8.0
2015-09-28,11650.0,12300.0,11610.0,11728.0,11680.0,11650.0,14692.0,172305230.0,15.0
2015-09-29,11690.0,11950.0,11450.0,11791.0,11610.0,11728.0,11554.0,136232389.0,8.0
2015-09-30,11450.0,11500.0,11400.0,11450.0,11500.0,11791.0,7225.0,82726250.0,5.0
2015-10-03,11450.0,11950.0,11450.0,11644.0,11500.0,11450.0,7273.0,84684200.0,5.0
2015-10-04,11400.0,12180.0,11361.0,11681.0,11400.0,11644.0,22257.0,259991704.0,18.0
2015-10-05,11444.0,12600.0,11444.0,12153.0,12600.0,11681.0,26530.0,322431342.0,26.0
2015-10-06,11666.0,12770.0,11450.0,11855.0,12770.0,12153.0,18190.0,215647739.0,25.0
2015-10-07,11666.0,12750.0,11666.0,12505.0,12750.0,11855.0,7630.0,95411502.0,7.0
2015-10-10,11750.0,12850.0,11750.0,12506.0,12000.0,12505.0,32614.0,407882359.0,25.0
2015-10-11,12720.0,12950.0,11815.0,12547.0,12500.0,12506.0,30323.0,380471958.0,28.0
2015-10-12,12799.0,12940.0,12030.0,12602.0,12250.0,12547.0,14988.0,188880332.0,10.0
2015-10-13,12899.0,12899.0,12270.0,12342.0,12271.0,12602.0,3379.0,41705017.0,4.0
2015-10-14,12450.0,12800.0,12450.0,12529.0,12500.0,12342.0,11189.0,140191100.0,6.0
2015-10-17,12500.0,12500.0,12170.0,12259.0,12200.0,12529.0,15000.0,183888284.0,15.0
2015-10-18,12172.0,12300.0,12021.0,12180.0,12021.0,12259.0,20754.0,252792937.0,13.0
2015-10-19,12200.0,12300.0,12200.0,12241.0,12200.0,12180.0,4233.0,51817800.0,4.0
2015-10-20,12200.0,12200.0,12200.0,12200.0,12200.0,12241.0,3819.0,46591800.0,5.0
2015-10-21,12000.0,12150.0,11930.0,12002.0,12000.0,12200.0,15300.0,183627234.0,11.0
2015-10-25,11910.0,11910.0,11502.0,11655.0,11502.0,12002.0,9750.0,113639000.0,9.0
2015-10-26,11450.0,11500.0,11365.0,11438.0,11450.0,11655.0,3700.0,42320950.0,7.0
2015-10-27,11300.0,11670.0,11300.0,11583.0,11500.0,11438.0,15613.0,180839930.0,6.0
2015-10-28,11378.0,11378.0,11100.0,11271.0,11100.0,11583.0,6856.0,77274293.0,6.0
2015-10-31,11000.0,11002.0,11000.0,11001.0,11002.0,11271.0,6721.0,73934838.0,6.0
2015-11-01,10829.0,10829.0,10500.0,10515.0,10500.0,11001.0,8389.0,88212453.0,10.0
2015-11-02,10500.0,10800.0,10500.0,10593.0,10500.0,10515.0,21311.0,225738090.0,17.0
2015-11-03,10500.0,10500.0,10201.0,10372.0,10203.0,10593.0,12727.0,132007404.0,7.0
2015-11-04,10220.0,10680.0,10200.0,10328.0,10400.0,10372.0,7556.0,78040283.0,10.0
2015-11-07,10500.0,10680.0,10321.0,10457.0,10500.0,10328.0,8128.0,84997310.0,6.0
2015-11-08,10111.0,10400.0,10111.0,10193.0,10201.0,10457.0,15727.0,160298049.0,7.0
2015-11-09,10112.0,10250.0,10111.0,10134.0,10111.0,10193.0,17524.0,177590186.0,11.0
2015-11-11,10001.0,10200.0,10000.0,10065.0,10000.0,10134.0,28997.0,291860077.0,20.0
2015-11-14,10006.0,10006.0,10000.0,10000.0,10000.0,10065.0,8198.0,81982976.0,8.0
2015-11-15,10000.0,10100.0,10000.0,10008.0,10000.0,10000.0,24694.0,247144150.0,16.0
2015-11-16,10000.0,10400.0,10000.0,10110.0,10100.0,10008.0,21773.0,220120582.0,13.0
2015-11-17,10680.0,11000.0,10200.0,10742.0,11000.0,10110.0,24763.0,266005492.0,20.0
2015-11-18,11999.0,12000.0,11300.0,11700.0,12000.0,10742.0,34483.0,403460740.0,25.0
2015-11-21,12000.0,12810.0,11600.0,12355.0,12700.0,11700.0,44234.0,546518441.0,37.0
2015-11-22,12000.0,12400.0,12000.0,12201.0,12225.0,12355.0,29622.0,361407660.0,12.0
2015-11-23,12251.0,12497.0,11900.0,12161.0,11900.0,12201.0,39898.0,485213470.0,18.0
2015-11-24,12010.0,12025.0,11950.0,12004.0,12000.0,12161.0,42015.0,504359550.0,19.0
2015-11-25,11950.0,12000.0,11550.0,11806.0,11558.0,12004.0,23295.0,275013422.0,12.0
2015-11-28,11998.0,11998.0,11550.0,11645.0,11950.0,11806.0,7365.0,85766056.0,7.0
2015-11-29,11630.0,12500.0,11630.0,12099.0,12500.0,11645.0,44705.0,540876002.0,22.0
2015-11-30,12250.0,13000.0,12250.0,12914.0,12950.0,12099.0,145461.0,1878532585.0,62.0
2015-12-01,13850.0,14700.0,13100.0,13991.0,14700.0,12914.0,77165.0,1079626449.0,68.0
2015-12-05,15001.0,15190.0,15000.0,15035.0,15190.0,13991.0,17024.0,255949935.0,19.0
2015-12-06,15100.0,16252.0,15000.0,15794.0,15150.0,15035.0,79455.0,1254932580.0,96.0
2015-12-07,15148.0,16500.0,15148.0,15790.0,16500.0,15794.0,20033.0,316327800.0,17.0
2015-12-08,15128.0,16000.0,15128.0,15449.0,15502.0,15790.0,28482.0,440011670.0,33.0
2015-12-09,15400.0,16250.0,15100.0,15915.0,16198.0,15449.0,55432.0,882208622.0,51.0
2015-12-13,15950.0,16199.0,15000.0,15351.0,15000.0,15915.0,54505.0,836688149.0,52.0
2015-12-14,15480.0,15789.0,15000.0,15195.0,15100.0,15351.0,41471.0,630168520.0,22.0
2015-12-15,15120.0,15870.0,15100.0,15348.0,15400.0,15195.0,23560.0,361589880.0,25.0
2015-12-16,15400.0,15760.0,15250.0,15344.0,15250.0,15348.0,21078.0,323429650.0,19.0
2015-12-19,15131.0,16300.0,15131.0,15781.0,15640.0,15344.0,41902.0,661255994.0,36.0
2015-12-20,15650.0,16300.0,15420.0,15873.0,15900.0,15781.0,59297.0,941231190.0,49.0
2015-12-21,16100.0,16500.0,16100.0,16249.0,16300.0,15873.0,63490.0,1031645065.0,26.0
2015-12-22,16499.0,17150.0,16499.0,16892.0,17100.0,16249.0,69252.0,1169797500.0,39.0
2015-12-23,17100.0,17900.0,17000.0,17350.0,17000.0,16892.0,28685.0,497682897.0,34.0
2015-12-26,17000.0,17370.0,16600.0,17011.0,16850.0,17350.0,52725.0,896931293.0,35.0
2015-12-27,17300.0,17400.0,17060.0,17311.0,17300.0,17011.0,30022.0,519724230.0,25.0
2015-12-28,17312.0,18000.0,17000.0,17608.0,18000.0,17311.0,45541.0,801905841.0,38.0
2015-12-30,17500.0,18250.0,17420.0,17669.0,17600.0,17608.0,85624.0,1512931973.0,48.0
2016-01-02,17450.0,18249.0,17300.0,17910.0,17850.0,17669.0,56875.0,1018648728.0,40.0
2016-01-03,17550.0,17990.0,17300.0,17602.0,17310.0,17910.0,48624.0,855859135.0,24.0
2016-01-04,17400.0,17400.0,17001.0,17066.0,17300.0,17602.0,32204.0,549596626.0,18.0
2016-01-05,17020.0,17380.0,17000.0,17157.0,17300.0,17066.0,69004.0,1183924738.0,36.0
2016-01-06,17400.0,17700.0,17400.0,17527.0,17551.0,17157.0,56010.0,981698105.0,41.0
2016-01-09,17600.0,18000.0,17600.0,17940.0,18000.0,17527.0,76387.0,1370349808.0,33.0
2016-01-10,18000.0,18270.0,17600.0,17882.0,17990.0,17940.0,28697.0,513158612.0,39.0
2016-01-11,18000.0,18200.0,17650.0,17975.0,18200.0,17882.0,62391.0,1121450960.0,34.0
2016-01-12,17800.0,18630.0,17761.0,18233.0,18620.0,17975.0,112919.0,2058798724.0,36.0
2016-01-13,18620.0,18620.0,18320.0,18349.0,18400.0,18233.0,35695.0,654953463.0,15.0
2016-01-16,18650.0,19030.0,18460.0,18810.0,18990.0,18349.0,83500.0,1570619650.0,32.0
2016-01-17,18700.0,19000.0,18601.0,18725.0,18700.0,18810.0,31581.0,591347252.0,14.0
2016-01-18,19000.0,19500.0,19000.0,19193.0,19100.0,18725.0,23255.0,446329710.0,26.0
2016-01-19,19500.0,19800.0,19000.0,19421.0,19600.0,19193.0,22245.0,432018642.0,29.0
2016-01-20,19120.0,20000.0,19000.0,19472.0,20000.0,19421.0,41703.0,812037892.0,24.0
2016-01-23,19500.0,20500.0,19400.0,19715.0,20500.0,19472.0,54772.0,1079844080.0,16.0
2016-01-24,19700.0,21000.0,19700.0,20028.0,20300.0,19715.0,36605.0,733107340.0,22.0
2016-01-25,20201.0,20201.0,20120.0,20143.0,20141.0,20028.0,9234.0,185996600.0,11.0
2016-01-26,20200.0,20551.0,20126.0,20316.0,20300.0,20143.0,35429.0,719782164.0,20.0
2016-01-27,20500.0,20500.0,19750.0,20224.0,19750.0,20316.0,56612.0,1144946302.0,36.0
2016-01-30,20000.0,20000.0,20000.0,20000.0,20000.0,20224.0,497.0,9940000.0,1.0
2016-01-31,18400.0,19950.0,18000.0,18580.0,18450.0,20000.0,138273.0,2569091641.0,46.0
2016-02-01,18350.0,20000.0,18350.0,19640.0,18401.0,18580.0,80351.0,1578105886.0,31.0
2016-02-02,19000.0,19400.0,18400.0,18749.0,18650.0,19640.0,40918.0,767177150.0,30.0
2016-02-03,19900.0,19900.0,18255.0,18935.0,18400.0,18749.0,124637.0,2359998460.0,52.0
2016-02-06,18300.0,20150.0,18300.0,19873.0,20150.0,18935.0,84083.0,1670956274.0,40.0
2016-02-07,20487.0,21200.0,20002.0,20848.0,21199.0,19873.0,114976.0,2396981940.0,53.0
2016-02-08,21200.0,21920.0,21200.0,21651.0,21500.0,20848.0,42168.0,912988940.0,20.0
2016-02-09,21500.0,22000.0,21400.0,21742.0,21700.0,21651.0,117169.0,2547484200.0,32.0
2016-02-10,21550.0,22500.0,21550.0,21926.0,22000.0,21742.0,28338.0,621342600.0,15.0
2016-02-13,22000.0,22900.0,20000.0,21907.0,21210.0,21926.0,64605.0,1415291100.0,38.0
2016-02-14,21210.0,23000.0,20700.0,22124.0,21000.0,21907.0,54714.0,1210493928.0,32.0
2016-02-15,21000.0,22999.0,21000.0,22202.0,22250.0,22124.0,50259.0,1115827300.0,35.0
2016-02-16,21900.0,22970.0,21900.0,22472.0,22850.0,22202.0,39958.0,897917991.0,19.0
2016-02-17,22900.0,23000.0,22280.0,22781.0,22280.0,22472.0,32534.0,741168243.0,22.0
2016-02-20,22280.0,23400.0,21950.0,22724.0,23399.0,22781.0,37275.0,847025760.0,29.0
2016-02-21,23000.0,23400.0,22500.0,23157.0,23399.0,22724.0,40271.0,932571000.0,17.0
2016-02-22,23350.0,23399.0,21750.0,22655.0,21805.0,23157.0,34090.0,772310829.0,19.0
2016-02-23,22900.0,23400.0,21550.0,22665.0,23400.0,22655.0,39047.0,884995400.0,17.0
2016-02-24,22500.0,22900.0,21400.0,22153.0,22000.0,22665.0,21135.0,468201800.0,20.0
2016-02-27,21550.0,21750.0,20000.0,20984.0,20000.0,22153.0,46318.0,971925271.0,34.0
2016-02-28,20500.0,20750.0,20100.0,20551.0,20750.0,20984.0,2544.0,52283000.0,6.0
2016-02-29,19900.0,19900.0,19500.0,19714.0,19900.0,20551.0,17293.0,340915884.0,19.0
2016-03-01,19900.0,21000.0,18300.0,19994.0,21000.0,19714.0,140906.0,2817293310.0,50.0
2016-03-02,19105.0,21400.0,19101.0,20728.0,21400.0,19994.0,53703.0,1113158871.0,39.0
2016-03-05,20900.0,21400.0,20800.0,20983.0,20800.0,20728.0,46729.0,980530592.0,34.0
2016-03-06,20700.0,22000.0,20700.0,21484.0,21900.0,20983.0,78845.0,1693921937.0,42.0
2016-03-07,21210.0,22000.0,21000.0,21178.0,21000.0,21484.0,41745.0,884084500.0,22.0
2016-03-08,21000.0,23000.0,21000.0,22029.0,21900.0,21178.0,162300.0,3575234330.0,40.0
2016-03-09,22000.0,23500.0,22000.0,22984.0,22700.0,22029.0,66597.0,1530664265.0,25.0
2016-03-12,22680.0,23399.0,21300.0,22195.0,21300.0,22984.0,68424.0,1518690399.0,50.0
2016-03-14,22000.0,23370.0,22000.0,22772.0,22000.0,22195.0,42220.0,961420730.0,23.0
2016-03-15,22000.0,22900.0,21800.0,22230.0,21800.0,22772.0,39280.0,873177990.0,16.0
2016-03-16,22900.0,23680.0,21500.0,22932.0,23320.0,22230.0,91757.0,2104142620.0,28.0
2016-03-26,23000.0,23390.0,21301.0,22512.0,23000.0,22932.0,22702.0,511057640.0,17.0
2016-03-27,21500.0,23300.0,21400.0,22517.0,23000.0,22512.0,32348.0,728368103.0,22.0
2016-03-28,21600.0,23050.0,21560.0,22336.0,21600.0,22517.0,22093.0,493460236.0,20.0
2016-03-29,21600.0,23580.0,21600.0,22949.0,21651.0,22336.0,34271.0,786501739.0,14.0
2016-03-30,21651.0,23000.0,21651.0,22549.0,23000.0,22949.0,26709.0,602263426.0,13.0
2016-04-02,21705.0,22999.0,21671.0,22294.0,22999.0,22549.0,22770.0,507624563.0,14.0
2016-04-03,21673.0,22890.0,21000.0,21870.0,22700.0,22294.0,49812.0,1089401683.0,38.0
2016-04-04,21500.0,21870.0,20600.0,21189.0,20600.0,21870.0,46781.0,991258600.0,31.0
2016-04-05,20500.0,21999.0,20500.0,21820.0,21998.0,21189.0,26852.0,585906460.0,16.0
2016-04-06,20760.0,21994.0,20750.0,21233.0,21900.0,21820.0,23888.0,507225180.0,13.0
2016-04-09,21060.0,21900.0,21060.0,21448.0,21900.0,21233.0,64769.0,1389141334.0,33.0
2016-04-10,21121.0,22000.0,20770.0,21488.0,21900.0,21448.0,49004.0,1052992625.0,31.0
2016-04-11,21250.0,22000.0,20750.0,21143.0,22000.0,21488.0,51536.0,1089612358.0,33.0
2016-04-12,21000.0,21900.0,21000.0,21469.0,21900.0,21143.0,42558.0,913666954.0,21.0
2016-04-13,21315.0,23000.0,21315.0,22279.0,22501.0,21469.0,105650.0,2353802212.0,46.0
2016-04-16,21700.0,24000.0,21700.0,23380.0,23080.0,22279.0,95524.0,2233348596.0,41.0
2016-04-17,23500.0,23500.0,21650.0,22095.0,21650.0,23380.0,36525.0,807004808.0,24.0
2016-04-18,22000.0,22999.0,21500.0,22173.0,21800.0,22095.0,35232.0,781212800.0,23.0
2016-04-19,21810.0,22750.0,21600.0,22059.0,21600.0,22173.0,38725.0,854243657.0,19.0
2016-04-20,21822.0,22800.0,21760.0,22265.0,21804.0,22059.0,32603.0,725909918.0,13.0
2016-04-23,21803.0,22799.0,21803.0,22215.0,21810.0,22265.0,28659.0,636667601.0,15.0
2016-04-24,21803.0,21989.0,21500.0,21682.0,21530.0,22215.0,27157.0,588824549.0,17.0
2016-04-25,21750.0,21959.0,21110.0,21583.0,21650.0,21682.0,30662.0,661786322.0,17.0
2016-04-26,21410.0,21800.0,20850.0,21374.0,21770.0,21583.0,27115.0,579568880.0,18.0
2016-04-27,20860.0,22000.0,20820.0,21049.0,20910.0,21374.0,40251.0,847232278.0,22.0
2016-04-30,20900.0,21500.0,20777.0,20896.0,21200.0,21049.0,44861.0,937429717.0,24.0
2016-05-01,20861.0,21000.0,20760.0,20836.0,20900.0,20896.0,9309.0,193958673.0,17.0
2016-05-02,20985.0,21700.0,20600.0,21107.0,20600.0,20836.0,41814.0,882587475.0,17.0
2016-05-03,20600.0,20600.0,20300.0,20482.0,20501.0,21107.0,16618.0,340372876.0,13.0
2016-05-04,20500.0,21499.0,20010.0,20448.0,21499.0,20482.0,45675.0,933965619.0,24.0
2016-05-07,20600.0,21000.0,20600.0,20683.0,20620.0,20448.0,23037.0,476473960.0,20.0
2016-05-08,20620.0,21700.0,20605.0,20733.0,20610.0,20683.0,37415.0,775706590.0,15.0
2016-05-09,20650.0,21300.0,20605.0,20788.0,20607.0,20733.0,24376.0,506717125.0,23.0
2016-05-10,20607.0,21500.0,20501.0,20693.0,20620.0,20788.0,36670.0,758825303.0,18.0
2016-05-11,20650.0,21000.0,20510.0,20719.0,20510.0,20693.0,13774.0,285387360.0,11.0
2016-05-14,21000.0,21500.0,20650.0,21312.0,21500.0,20719.0,13711.0,292205500.0,12.0
2016-05-15,21800.0,22990.0,21699.0,22206.0,22012.0,21312.0,71273.0,1582706657.0,45.0
2016-05-16,22122.0,23500.0,22122.0,23092.0,23101.0,22206.0,94509.0,2182402212.0,44.0
2016-05-17,23020.0,24000.0,22530.0,23369.0,24000.0,23092.0,67983.0,1588713081.0,28.0
2016-05-18,23201.0,24000.0,23150.0,23626.0,23500.0,23369.0,28632.0,676460050.0,22.0
2016-05-21,23300.0,24000.0,23200.0,23519.0,23200.0,23626.0,22601.0,531558010.0,14.0
2016-05-23,23206.0,24000.0,23100.0,23638.0,23230.0,23519.0,37046.0,875694548.0,24.0
2016-05-24,24000.0,24750.0,23950.0,24433.0,24740.0,23638.0,23191.0,566618193.0,13.0
2016-05-25,24000.0,24750.0,24000.0,24304.0,24600.0,24433.0,39541.0,961010750.0,19.0
2016-05-28,24780.0,24780.0,23230.0,23891.0,23723.0,24304.0,45652.0,1090660680.0,36.0
2016-05-29,23723.0,24499.0,23700.0,24018.0,24499.0,23891.0,84381.0,2026691172.0,33.0
2016-05-30,23800.0,24240.0,23711.0,23790.0,24240.0,24018.0,32612.0,775825162.0,13.0
2016-05-31,24000.0,24590.0,23801.0,24090.0,24490.0,23790.0,41977.0,1011229475.0,22.0
2016-06-01,23820.0,24690.0,23815.0,24244.0,23832.0,24090.0,26398.0,639989092.0,18.0
2016-06-05,24500.0,24680.0,23834.0,24150.0,23835.0,24244.0,33292.0,804004464.0,20.0
2016-06-06,23822.0,24300.0,23700.0,23999.0,23700.0,24150.0,38176.0,916173586.0,26.0
2016-06-07,23650.0,23980.0,23500.0,23653.0,23500.0,23999.0,23885.0,564962230.0,11.0
2016-06-08,23177.0,23950.0,23150.0,23688.0,23150.0,23653.0,18281.0,433046900.0,14.0
2016-06-11,23500.0,23688.0,22012.0,22875.0,23050.0,23688.0,31073.0,710785676.0,24.0
2016-06-12,23000.0,23490.0,22100.0,22976.0,22100.0,22875.0,35686.0,819939095.0,19.0
2016-06-13,22200.0,23200.0,22200.0,23068.0,23200.0,22976.0,10034.0,231462200.0,5.0
2016-06-14,22400.0,23400.0,22000.0,22754.0,23290.0,23068.0,63880.0,1453505778.0,33.0
2016-06-15,22100.0,22100.0,22060.0,22072.0,22100.0,22754.0,7220.0,159362000.0,3.0
2016-06-18,23000.0,23250.0,22500.0,22985.0,22500.0,22072.0,14133.0,324847300.0,8.0
2016-06-19,22500.0,22950.0,22012.0,22322.0,22100.0,22985.0,43342.0,967498256.0,24.0
2016-06-20,22111.0,22111.0,22012.0,22040.0,22012.0,22322.0,20818.0,458818836.0,14.0
2016-06-21,22012.0,22020.0,22000.0,22013.0,22000.0,22040.0,12853.0,282928112.0,10.0
2016-06-22,22600.0,22830.0,22000.0,22523.0,22000.0,22013.0,16730.0,376806300.0,8.0
2016-06-25,22000.0,22000.0,21500.0,21518.0,21500.0,22523.0,7184.0,154587000.0,10.0
2016-06-26,22590.0,22700.0,21200.0,21975.0,21999.0,21518.0,39499.0,867984409.0,25.0
2016-06-28,21999.0,22000.0,21310.0,21985.0,21310.0,21975.0,15591.0,342770141.0,5.0
2016-06-29,21310.0,22000.0,21020.0,21614.0,21020.0,21985.0,16785.0,362783420.0,15.0
2016-07-02,21800.0,22000.0,20650.0,21285.0,20720.0,21614.0,28536.0,607389838.0,28.0
2016-07-03,20680.0,21690.0,20680.0,21357.0,20770.0,21285.0,24370.0,520458787.0,16.0
2016-07-04,21000.0,21670.0,20770.0,21230.0,20880.0,21357.0,15664.0,332552430.0,13.0
2016-07-05,20880.0,21770.0,20700.0,21448.0,20800.0,21230.0,28919.0,620248720.0,16.0
2016-07-09,20900.0,21989.0,20900.0,21506.0,21200.0,21448.0,47170.0,1014440836.0,29.0
2016-07-10,21022.0,22000.0,20910.0,21528.0,20910.0,21506.0,49365.0,1062725139.0,38.0
2016-07-17,20000.0,21800.0,20000.0,20869.0,21800.0,21528.0,19708.0,411280450.0,20.0
2016-07-18,20000.0,22000.0,20000.0,21199.0,20211.0,20869.0,21642.0,458781465.0,12.0
2016-07-19,20211.0,21490.0,20172.0,20799.0,20172.0,21199.0,34485.0,717236712.0,17.0
2016-07-20,21350.0,21350.0,20004.0,20895.0,20022.0,20799.0,23768.0,496627127.0,18.0
2016-07-23,21000.0,21339.0,20200.0,21145.0,21339.0,20895.0,11500.0,243172873.0,9.0
2016-07-24,20350.0,22000.0,20350.0,21503.0,22000.0,21145.0,72936.0,1568330206.0,39.0
2016-08-01,18220.0,19000.0,18200.0,18383.0,19000.0,19503.0,8252.0,151698000.0,5.0
2016-08-02,19950.0,19950.0,17601.0,18753.0,18000.0,18383.0,21737.0,407638587.0,17.0
2016-08-03,18500.0,19350.0,17000.0,18061.0,19350.0,18753.0,33809.0,610625420.0,14.0
2016-08-06,17700.0,18980.0,16001.0,17897.0,16001.0,18061.0,18873.0,337766663.0,21.0
2016-08-08,17000.0,17400.0,16000.0,16449.0,16000.0,17897.0,39211.0,644981192.0,27.0
2016-08-09,16000.0,17500.0,15000.0,16554.0,17001.0,16449.0,67865.0,1123408846.0,36.0
2016-08-10,17300.0,18500.0,17300.0,18256.0,18500.0,16554.0,49229.0,898743290.0,15.0
2016-08-13,18500.0,19000.0,18002.0,18563.0,19000.0,18256.0,18292.0,339546208.0,19.0
2016-08-14,18900.0,19000.0,18900.0,18995.0,19000.0,18563.0,6235.0,118431600.0,5.0
2016-08-15,19000.0,19800.0,19000.0,19407.0,19200.0,18995.0,17786.0,345164130.0,16.0
2016-08-16,19200.0,19760.0,18800.0,19201.0,19760.0,19407.0,22018.0,422776970.0,15.0
2016-08-17,18880.0,19690.0,18710.0,19341.0,19399.0,19201.0,23660.0,457614750.0,13.0
2016-08-20,19000.0,19000.0,18500.0,18887.0,18700.0,19341.0,13000.0,245532210.0,12.0
2016-08-21,18500.0,18940.0,18110.0,18524.0,18700.0,18887.0,39144.0,725084694.0,26.0
2016-08-22,18490.0,19200.0,18310.0,18763.0,18310.0,18524.0,29371.0,551094400.0,26.0
2016-08-23,18760.0,18950.0,18300.0,18576.0,18885.0,18763.0,14270.0,265073343.0,13.0
2016-08-24,18150.0,18150.0,18110.0,18118.0,18112.0,18576.0,11986.0,217166160.0,9.0
2016-08-27,18500.0,18700.0,18200.0,18468.0,18401.0,18118.0,24183.0,446616500.0,25.0
2016-08-28,18120.0,18700.0,18000.0,18214.0,18500.0,18468.0,20029.0,364814486.0,21.0
2016-08-29,17908.0,18120.0,17900.0,17985.0,18120.0,18214.0,17306.0,311244624.0,18.0
2016-08-30,18100.0,18460.0,18050.0,18266.0,18300.0,17985.0,15370.0,280755880.0,14.0
2016-08-31,18570.0,18600.0,18150.0,18403.0,18500.0,18266.0,23897.0,439772380.0,18.0
2016-09-03,18200.0,18500.0,17300.0,18035.0,18070.0,18403.0,17727.0,319710800.0,18.0
2016-09-04,18070.0,18384.0,18000.0,18140.0,18384.0,18035.0,10036.0,182053131.0,15.0
2016-09-05,18000.0,18340.0,17650.0,17926.0,17750.0,18140.0,37302.0,668668345.0,22.0
2016-09-06,17710.0,18290.0,17600.0,17940.0,17710.0,17926.0,23418.0,420112010.0,19.0
2016-09-07,18000.0,18350.0,17650.0,18070.0,18350.0,17940.0,10074.0,182038050.0,13.0
2016-09-10,17712.0,18500.0,17712.0,18141.0,18000.0,18070.0,7388.0,134028428.0,14.0
2016-09-11,18000.0,18200.0,17050.0,17827.0,18000.0,18141.0,42356.0,755066840.0,41.0
2016-09-13,17350.0,18000.0,17180.0,17660.0,17256.0,17827.0,25535.0,450943941.0,26.0
2016-09-14,17950.0,17980.0,17257.0,17673.0,17789.0,17660.0,18647.0,329552178.0,10.0
2016-09-17,17750.0,17750.0,17000.0,17426.0,17000.0,17673.0,39787.0,693325370.0,21.0
2016-09-18,17500.0,17600.0,17001.0,17298.0,17600.0,17426.0,29048.0,502482116.0,26.0
2016-09-19,17439.0,17497.0,17350.0,17398.0,17497.0,17298.0,3127.0,54402157.0,3.0
2016-09-21,17001.0,17476.0,17000.0,17347.0,17460.0,17398.0,25923.0,449690100.0,25.0
2016-09-24,17340.0,17480.0,17100.0,17340.0,17450.0,17347.0,14206.0,246326540.0,12.0
2016-09-25,17390.0,17500.0,17010.0,17236.0,17400.0,17340.0,27363.0,471635500.0,28.0
2016-09-26,17300.0,17500.0,17000.0,17304.0,17000.0,17236.0,32648.0,564950580.0,14.0
2016-09-27,17300.0,17394.0,16900.0,17242.0,17200.0,17304.0,25398.0,437906536.0,18.0
2016-09-28,17000.0,17200.0,16700.0,16956.0,17100.0,17242.0,14896.0,252572530.0,14.0
2016-10-01,17100.0,17180.0,16800.0,17093.0,17000.0,16956.0,29700.0,507661120.0,24.0
2016-10-02,17180.0,17200.0,16700.0,17108.0,17190.0,17093.0,25011.0,427899390.0,18.0
2016-10-03,17000.0,17100.0,16900.0,17049.0,17100.0,17108.0,59463.0,1013775600.0,15.0
2016-10-04,17055.0,17180.0,17000.0,17075.0,17055.0,17049.0,7569.0,129239000.0,5.0
2016-10-05,17070.0,17100.0,16800.0,17025.0,17100.0,17075.0,28855.0,491249300.0,14.0
2016-10-09,17000.0,17100.0,16800.0,17022.0,16800.0,17025.0,35280.0,600520338.0,18.0
2016-10-10,17030.0,17097.0,16900.0,17029.0,16900.0,17022.0,23627.0,402342900.0,18.0
2016-10-15,17000.0,17092.0,16900.0,17021.0,16900.0,17029.0,24575.0,418284860.0,11.0
2016-10-16,17000.0,17100.0,16900.0,17003.0,17000.0,17021.0,23090.0,392593150.0,12.0
2016-10-17,17000.0,17100.0,16900.0,17045.0,17100.0,17003.0,26470.0,451191400.0,12.0
2016-10-18,17100.0,17199.0,17001.0,17098.0,17052.0,17045.0,15254.0,260805644.0,10.0
2016-10-19,17052.0,17052.0,16750.0,16964.0,17050.0,17098.0,8261.0,140142642.0,9.0
2016-10-22,17000.0,17100.0,16950.0,17019.0,17100.0,16964.0,12239.0,208299200.0,13.0
2016-10-23,17000.0,17199.0,16900.0,17005.0,17000.0,17019.0,15555.0,264514387.0,11.0
2016-10-24,17000.0,17199.0,16950.0,17063.0,17000.0,17005.0,14487.0,247196742.0,15.0
2016-10-25,16950.0,17200.0,16910.0,17129.0,17200.0,17063.0,19541.0,334724308.0,9.0
2016-10-26,16910.0,17200.0,16800.0,17078.0,17200.0,17129.0,22844.0,390134725.0,14.0
2016-10-29,17150.0,17500.0,17150.0,17440.0,17500.0,17078.0,11821.0,206160625.0,4.0
2016-10-30,17150.0,17500.0,17000.0,17273.0,17000.0,17440.0,16298.0,281507250.0,10.0
2016-10-31,17010.0,17010.0,17000.0,17007.0,17010.0,17273.0,12979.0,220736350.0,6.0
2016-11-01,17100.0,17499.0,17010.0,17221.0,17010.0,17007.0,15715.0,270632264.0,6.0
2016-11-02,17221.0,17500.0,16560.0,17259.0,17100.0,17221.0,28520.0,492223087.0,17.0
2016-11-05,17300.0,17500.0,17100.0,17355.0,17122.0,17259.0,15030.0,260850719.0,9.0
2016-11-06,17160.0,17690.0,17100.0,17316.0,17599.0,17355.0,20118.0,348363517.0,17.0
2016-11-07,17212.0,17700.0,17212.0,17529.0,17700.0,17316.0,17187.0,301270149.0,14.0
2016-11-08,17300.0,17700.0,17100.0,17380.0,17130.0,17529.0,25563.0,444295141.0,15.0
2016-11-09,16900.0,17598.0,16900.0,17142.0,17598.0,17380.0,18510.0,317294840.0,10.0
2016-11-12,17120.0,17700.0,17120.0,17482.0,17400.0,17142.0,53503.0,935361215.0,26.0
2016-11-13,17690.0,17800.0,17500.0,17622.0,17501.0,17482.0,6897.0,121539255.0,8.0
2016-11-14,17500.0,17900.0,17300.0,17734.0,17900.0,17622.0,13837.0,245388875.0,13.0
2016-11-15,17700.0,17700.0,17315.0,17518.0,17360.0,17734.0,12701.0,222493925.0,7.0
2016-11-16,17360.0,17540.0,17311.0,17449.0,17320.0,17518.0,22630.0,394868109.0,13.0
2016-11-19,17320.0,17400.0,17300.0,17321.0,17300.0,17449.0,15220.0,263620190.0,8.0
2016-11-21,17030.0,17480.0,17030.0,17419.0,17480.0,17321.0,19380.0,337584310.0,10.0
2016-11-22,17100.0,17800.0,17080.0,17460.0,17450.0,17419.0,20003.0,349262020.0,15.0
2016-11-23,17450.0,17900.0,17450.0,17699.0,17451.0,17460.0,16836.0,297987700.0,10.0
2016-11-26,17450.0,18000.0,17450.0,17761.0,18000.0,17699.0,16042.0,284929150.0,12.0
2016-11-27,17636.0,17990.0,17451.0,17757.0,17452.0,17761.0,24075.0,427510702.0,10.0
2016-11-29,17500.0,17500.0,17370.0,17412.0,17450.0,17757.0,14837.0,258343048.0,9.0
2016-12-03,17990.0,18000.0,17410.0,17930.0,18000.0,17412.0,35650.0,639193550.0,18.0
2016-12-04,18000.0,19400.0,18000.0,18690.0,19400.0,17930.0,33265.0,621730537.0,12.0
2016-12-05,19000.0,19490.0,18555.0,19209.0,19280.0,18690.0,60460.0,1161392953.0,26.0
2016-12-06,19210.0,20000.0,19210.0,19963.0,20000.0,19209.0,20149.0,402236995.0,13.0
2016-12-07,20000.0,20000.0,19500.0,19605.0,19500.0,19963.0,19656.0,385356500.0,14.0
2016-12-10,19500.0,19500.0,19200.0,19310.0,19200.0,19605.0,24199.0,467273160.0,15.0
2016-12-11,18500.0,18900.0,18100.0,18510.0,18360.0,19310.0,11033.0,204223142.0,12.0
2016-12-12,19750.0,19750.0,19000.0,19643.0,19450.0,18510.0,20167.0,396136653.0,12.0
2016-12-13,19450.0,19950.0,19400.0,19602.0,19950.0,19643.0,4842.0,94913700.0,5.0
2016-12-14,19500.0,19950.0,19300.0,19709.0,19400.0,19602.0,18609.0,366769400.0,11.0
2016-12-18,19311.0,20000.0,19300.0,19574.0,20000.0,19709.0,12175.0,238313391.0,15.0
2016-12-19,19500.0,19949.0,19351.0,19700.0,19949.0,19574.0,17532.0,345376412.0,9.0
2016-12-20,19380.0,19945.0,19365.0,19615.0,19380.0,19700.0,26696.0,523628738.0,18.0
2016-12-21,19430.0,19520.0,19430.0,19500.0,19520.0,19615.0,6551.0,127746080.0,8.0
2016-12-24,19500.0,19500.0,19500.0,19500.0,19500.0,19500.0,5021.0,97909500.0,6.0
2016-12-25,19500.0,19799.0,19210.0,19474.0,19210.0,19500.0,22610.0,440314957.0,16.0
2016-12-26,19700.0,19980.0,19400.0,19945.0,19980.0,19474.0,10368.0,206793468.0,11.0
2016-12-27,19412.0,19452.0,19350.0,19421.0,19452.0,19945.0,8650.0,167990689.0,9.0
2016-12-28,19451.0,19878.0,19451.0,19714.0,19878.0,19421.0,16675.0,328729250.0,8.0
2016-12-31,19354.0,19420.0,19222.0,19374.0,19222.0,19714.0,22304.0,432110881.0,15.0
2017-01-01,19300.0,19500.0,19230.0,19302.0,19255.0,19374.0,8209.0,158448853.0,7.0
2017-01-02,19310.0,19773.0,19310.0,19649.0,19500.0,19302.0,21271.0,417952580.0,10.0
2017-01-03,19350.0,19800.0,19335.0,19370.0,19335.0,19649.0,6825.0,132201425.0,8.0
2017-01-04,19350.0,19820.0,19350.0,19608.0,19385.0,19370.0,12397.0,243083119.0,8.0
2017-01-07,19400.0,19835.0,19400.0,19520.0,19835.0,19608.0,21461.0,418911860.0,14.0
2017-01-08,19320.0,19835.0,19257.0,19452.0,19257.0,19520.0,21128.0,410971504.0,17.0
2017-01-09,19236.0,19800.0,19200.0,19425.0,19261.0,19452.0,16750.0,325363689.0,10.0
2017-01-11,19261.0,19787.0,19256.0,19523.0,19260.0,19425.0,17241.0,336595140.0,10.0
2017-01-14,19500.0,19788.0,19271.0,19555.0,19788.0,19523.0,22761.0,445093665.0,16.0
2017-01-15,19400.0,19788.0,19320.0,19508.0,19788.0,19555.0,30020.0,585635160.0,11.0
2017-01-16,19400.0,19750.0,19330.0,19455.0,19750.0,19508.0,28878.0,561835860.0,15.0
2017-01-17,19400.0,19400.0,19400.0,19400.0,19400.0,19455.0,1030.0,19982000.0,2.0
2017-01-18,19410.0,19410.0,19380.0,19393.0,19380.0,19400.0,5402.0,104762820.0,4.0
2017-01-21,19380.0,19380.0,19371.0,19375.0,19371.0,19393.0,16584.0,321317638.0,11.0
2017-01-22,19300.0,19390.0,19200.0,19310.0,19201.0,19375.0,25800.0,498187078.0,20.0
2017-01-23,19300.0,19400.0,19000.0,19298.0,19399.0,19310.0,25673.0,495444500.0,11.0
2017-01-24,19300.0,19400.0,19300.0,19330.0,19400.0,19298.0,6621.0,127984900.0,5.0
2017-01-25,18000.0,19500.0,18000.0,18940.0,19299.0,19330.0,26088.0,494097484.0,20.0
2017-01-28,18401.0,19402.0,18401.0,19052.0,19278.0,18940.0,30526.0,581570319.0,14.0
2017-01-29,18500.0,19239.0,18500.0,19005.0,19239.0,19052.0,16591.0,315310025.0,10.0
2017-01-30,18751.0,19230.0,18751.0,18842.0,18770.0,19005.0,6621.0,124750038.0,7.0
2017-01-31,18949.0,19200.0,18949.0,18969.0,19000.0,18842.0,24500.0,464728385.0,8.0
2017-02-01,18500.0,19300.0,18360.0,19116.0,19300.0,18969.0,49770.0,951393312.0,21.0
2017-02-04,19000.0,19300.0,18500.0,19161.0,18500.0,19116.0,15586.0,298640778.0,8.0
2017-02-05,18700.0,19300.0,18411.0,18916.0,18411.0,19161.0,21359.0,404030881.0,17.0
2017-02-06,18460.0,19290.0,18315.0,18987.0,18315.0,18916.0,17989.0,341562885.0,13.0
2017-02-07,18450.0,19300.0,18450.0,19039.0,18450.0,18987.0,11515.0,219229800.0,9.0
2017-02-08,18320.0,19260.0,18320.0,18918.0,18700.0,19039.0,20038.0,379078640.0,11.0
2017-02-11,18720.0,19260.0,18450.0,18842.0,18466.0,18918.0,24299.0,457842448.0,19.0
2017-02-12,19200.0,19250.0,18552.0,19040.0,18552.0,18842.0,21169.0,403051662.0,9.0
2017-02-13,18555.0,19180.0,18210.0,18789.0,19180.0,19040.0,43255.0,812704379.0,21.0
2017-02-14,19150.0,19200.0,19150.0,19175.0,19200.0,18789.0,10000.0,191751480.0,5.0
2017-02-15,19190.0,19200.0,19190.0,19196.0,19200.0,19175.0,15000.0,287945320.0,4.0
2017-02-18,19190.0,19198.0,19000.0,19178.0,19000.0,19196.0,11000.0,210953196.0,4.0
2017-02-19,19000.0,19000.0,19000.0,19000.0,19000.0,19178.0,4806.0,91314000.0,3.0
2017-02-20,18550.0,19199.0,18550.0,19098.0,19120.0,19000.0,17500.0,334216601.0,10.0
2017-02-21,19000.0,19187.0,18300.0,18761.0,19187.0,19098.0,27755.0,520698954.0,12.0
2017-02-22,18381.0,19163.0,18353.0,18797.0,19163.0,18761.0,28903.0,543290837.0,10.0
2017-02-25,18491.0,19000.0,18486.0,18705.0,18500.0,18797.0,47398.0,886560306.0,21.0
2017-02-26,18355.0,18699.0,18151.0,18436.0,18151.0,18705.0,27439.0,505875786.0,14.0
2017-02-27,18200.0,18700.0,18151.0,18538.0,18700.0,18436.0,21403.0,396769680.0,11.0
2017-02-28,18200.0,19000.0,18200.0,18535.0,18300.0,18538.0,29661.0,549773156.0,12.0
2017-03-01,18350.0,18845.0,18270.0,18529.0,18800.0,18535.0,42020.0,778574035.0,20.0
2017-03-04,18350.0,18799.0,18200.0,18607.0,18200.0,18529.0,22050.0,410280010.0,16.0
2017-03-05,18230.0,18810.0,18230.0,18519.0,18235.0,18607.0,35362.0,654853228.0,13.0
2017-03-06,18235.0,18810.0,18235.0,18641.0,18810.0,18519.0,26291.0,490096358.0,10.0
2017-03-07,18250.0,18900.0,18250.0,18720.0,18900.0,18641.0,30424.0,569528611.0,13.0
2017-03-13,18000.0,19000.0,17911.0,18653.0,19000.0,18720.0,29697.0,553938289.0,14.0
2017-03-14,18000.0,19000.0,18000.0,18796.0,19000.0,18653.0,18855.0,354390000.0,5.0
2017-03-18,18900.0,18990.0,18900.0,18975.0,18990.0,18796.0,9293.0,176336170.0,9.0
2017-03-25,18990.0,18990.0,18990.0,18990.0,18990.0,18975.0,3300.0,62667000.0,12.0
2017-03-26,19000.0,19001.0,18999.0,19000.0,19000.0,18990.0,3334.0,63345650.0,9.0
2017-03-27,19990.0,19990.0,18556.0,19061.0,19300.0,19000.0,5335.0,101688082.0,18.0
2017-03-28,19300.0,19900.0,18550.0,19381.0,19012.0,19061.0,29023.0,562489825.0,24.0
2017-03-29,19200.0,19200.0,19023.0,19057.0,19023.0,19381.0,7454.0,142051552.0,7.0
2017-04-03,18910.0,19490.0,18560.0,19165.0,19490.0,19057.0,32364.0,620267064.0,17.0
2017-04-04,18601.0,19200.0,18550.0,18873.0,18600.0,19165.0,33624.0,634575074.0,21.0
2017-04-05,18999.0,19200.0,18610.0,19005.0,18610.0,18873.0,15653.0,297492750.0,12.0
2017-04-08,19699.0,19699.0,18700.0,19007.0,18700.0,19005.0,17526.0,333124561.0,15.0
2017-04-09,19900.0,19900.0,18510.0,18663.0,18510.0,19007.0,13350.0,249152310.0,16.0
2017-04-10,18601.0,19488.0,18000.0,19082.0,18000.0,18663.0,20123.0,383988290.0,26.0
2017-05-06,9862.0,9862.0,9862.0,9621.0,9862.0,9541.0,30500.0,300791000.0,6.0
2017-05-07,10003.0,12490.0,9901.0,9897.0,10498.0,9621.0,48341.0,499035485.0,35.0
2017-05-08,10000.0,10990.0,10000.0,10469.0,10927.0,9897.0,71777.0,780863431.0,26.0
2017-05-09,11515.0,11515.0,11515.0,11515.0,11515.0,10469.0,11098.0,127793470.0,15.0
2017-05-10,12666.0,12666.0,11600.0,12557.0,12100.0,11515.0,139124.0,1746951529.0,73.0
2017-05-13,11376.0,12436.0,11302.0,11808.0,11995.0,12557.0,47557.0,561540884.0,45.0
2017-05-14,10800.0,11500.0,10628.0,10748.0,10665.0,11808.0,74418.0,799832090.0,46.0
2017-05-15,11171.0,11500.0,10810.0,11013.0,10812.0,10748.0,32597.0,358977614.0,18.0
2017-05-16,11390.0,11390.0,10210.0,10511.0,10210.0,11013.0,2151.0,22608470.0,8.0
2017-05-17,11369.0,11369.0,10020.0,10623.0,11000.0,10511.0,41286.0,438571791.0,25.0
2017-05-20,11470.0,11477.0,10551.0,10983.0,10551.0,10623.0,6566.0,72115440.0,12.0
2017-05-21,10300.0,11000.0,10300.0,10613.0,11000.0,10983.0,38590.0,409552402.0,31.0
2017-05-22,10790.0,11000.0,10790.0,10901.0,10890.0,10613.0,9513.0,103697120.0,11.0
2017-05-23,10700.0,10879.0,10490.0,10754.0,10879.0,10901.0,30790.0,331119320.0,28.0
2017-05-24,10450.0,10990.0,10450.0,10650.0,10950.0,10754.0,2934.0,31246760.0,4.0
2017-05-27,11000.0,11000.0,10416.0,10717.0,10748.0,10650.0,18845.0,201963857.0,19.0
2017-05-28,10287.0,11000.0,10287.0,10619.0,10521.0,10717.0,13610.0,144519698.0,11.0
2017-05-29,10211.0,10400.0,9861.0,10092.0,10100.0,10619.0,9956.0,100474699.0,16.0
2017-05-30,10000.0,10350.0,10000.0,10144.0,10013.0,10092.0,56036.0,568409773.0,32.0
2017-05-31,10020.0,10500.0,10020.0,10377.0,10151.0,10144.0,21319.0,221232556.0,6.0
2017-06-03,10035.0,10420.0,9851.0,10213.0,10420.0,10377.0,44687.0,456384854.0,19.0
2017-06-06,10249.0,10249.0,9820.0,9883.0,9820.0,10213.0,17285.0,170834909.0,15.0
2017-06-07,9883.0,10040.0,9271.0,9865.0,9271.0,9883.0,44748.0,441447158.0,21.0
2017-06-10,9950.0,9950.0,9500.0,9551.0,9610.0,9865.0,14578.0,139231332.0,15.0
2017-06-11,9503.0,9550.0,9500.0,9520.0,9500.0,9551.0,33760.0,321382300.0,18.0
2017-06-12,9200.0,9301.0,9200.0,9253.0,9301.0,9520.0,4278.0,39583971.0,9.0
2017-06-13,9499.0,9499.0,9053.0,9089.0,9071.0,9253.0,22083.0,200716574.0,10.0
2017-06-14,9500.0,9500.0,9102.0,9471.0,9102.0,9089.0,4378.0,41462048.0,5.0
2017-06-17,9300.0,9589.0,9053.0,9176.0,9589.0,9471.0,10394.0,95377474.0,14.0
2017-06-18,9060.0,9061.0,9057.0,9059.0,9057.0,9176.0,24349.0,220587149.0,11.0
2017-06-19,9066.0,9066.0,9054.0,9056.0,9056.0,9059.0,7284.0,65961556.0,10.0
2017-06-20,8711.0,8900.0,8711.0,8817.0,8900.0,9056.0,8324.0,73395262.0,2.0
2017-06-21,8656.0,8900.0,8656.0,8664.0,8900.0,8817.0,2940.0,25471332.0,5.0
2017-06-24,9000.0,9530.0,9000.0,9284.0,9530.0,8664.0,52376.0,486244131.0,18.0
2017-06-25,9410.0,9897.0,9410.0,9431.0,9590.0,9284.0,25470.0,240198412.0,15.0
2017-06-28,9000.0,9720.0,9000.0,9528.0,9720.0,9431.0,13752.0,131023110.0,5.0
2017-07-01,9528.0,9840.0,9528.0,9662.0,9603.0,9528.0,43334.0,418697126.0,26.0
2017-07-02,9896.0,9942.0,9200.0,9864.0,9939.0,9662.0,98218.0,968810657.0,35.0
2017-07-03,9918.0,10490.0,9630.0,10063.0,9861.0,9864.0,41522.0,417855046.0,35.0
2017-07-04,9510.0,10890.0,9500.0,10346.0,10200.0,10063.0,130790.0,1353161463.0,103.0
2017-07-05,10400.0,10600.0,10120.0,10514.0,10120.0,10346.0,64598.0,679185700.0,15.0
2017-07-08,10590.0,10989.0,10001.0,10634.0,10599.0,10514.0,156714.0,1666424631.0,53.0
2017-07-09,10003.0,10760.0,10003.0,10466.0,10599.0,10634.0,224905.0,2353825118.0,72.0
2017-07-10,10500.0,11512.0,10500.0,11035.0,11000.0,10466.0,122638.0,1353270886.0,51.0
2017-07-11,11000.0,12090.0,10888.0,11521.0,11567.0,11035.0,153361.0,1766911992.0,69.0
2017-07-12,11792.0,12000.0,10400.0,11593.0,11300.0,11521.0,228145.0,2644970040.0,39.0
2017-07-29,10000.0,11799.0,10000.0,10663.0,10011.0,11193.0,140505.0,1498229689.0,40.0
2017-07-30,10010.0,10010.0,9610.0,9876.0,9980.0,10663.0,39385.0,388962294.0,37.0
2017-07-31,9980.0,9980.0,9300.0,9645.0,9400.0,9876.0,41021.0,395636890.0,45.0
2017-08-01,9699.0,9780.0,9500.0,9677.0,9699.0,9645.0,24800.0,239983837.0,27.0
2017-08-02,9461.0,9697.0,9000.0,9416.0,9525.0,9677.0,34194.0,321964060.0,43.0
2017-08-06,9060.0,9680.0,9060.0,9613.0,9680.0,9416.0,23756.0,228365096.0,30.0
2017-08-07,9701.0,10574.0,9701.0,10142.0,10490.0,9613.0,109169.0,1107146576.0,52.0
2017-08-08,10120.0,10477.0,9655.0,9982.0,9655.0,10142.0,28087.0,280355696.0,25.0
2017-08-09,9589.0,9660.0,9380.0,9418.0,9400.0,9982.0,21403.0,201573490.0,20.0
2017-08-12,9302.0,9400.0,9136.0,9365.0,9400.0,9418.0,36630.0,343044796.0,18.0
2017-08-13,9400.0,9400.0,9350.0,9371.0,9350.0,9365.0,11908.0,111592360.0,8.0
2017-08-14,9251.0,9259.0,9251.0,9258.0,9259.0,9371.0,7765.0,71888095.0,7.0
2017-08-15,9250.0,9250.0,8790.0,8951.0,8790.0,9258.0,14820.0,132660200.0,11.0
2017-08-16,9001.0,9010.0,8810.0,8975.0,9010.0,8951.0,9086.0,81548740.0,10.0
2017-08-19,9000.0,9190.0,9000.0,9061.0,9190.0,8975.0,15488.0,140342000.0,10.0
2017-08-20,9000.0,9000.0,8500.0,8832.0,8998.0,9061.0,50265.0,443946138.0,36.0
2017-08-21,8800.0,8800.0,8200.0,8441.0,8520.0,8832.0,42848.0,361677914.0,23.0
2017-08-22,8549.0,8550.0,8333.0,8536.0,8550.0,8441.0,15611.0,133251767.0,7.0
2017-08-23,8540.0,8989.0,8540.0,8562.0,8760.0,8536.0,17135.0,146703794.0,12.0
2017-08-26,8889.0,8889.0,8260.0,8282.0,8260.0,8562.0,10766.0,89159502.0,9.0
2017-08-27,8262.0,8390.0,8200.0,8249.0,8200.0,8282.0,23510.0,193940195.0,24.0
2017-08-28,8211.0,8211.0,8104.0,8181.0,8130.0,8249.0,41946.0,343139638.0,16.0
2017-08-29,8112.0,8200.0,7990.0,8046.0,7990.0,8181.0,53189.0,427961235.0,33.0
2017-08-30,7990.0,8510.0,7990.0,8256.0,8344.0,8046.0,55055.0,454546108.0,21.0
2017-09-02,8745.0,8750.0,8600.0,8714.0,8662.0,8256.0,40949.0,356836084.0,23.0
2017-09-03,8710.0,8710.0,8662.0,8698.0,8662.0,8714.0,69900.0,607985878.0,25.0
2017-09-04,8333.0,8333.0,8050.0,8112.0,8162.0,8698.0,16034.0,130069688.0,23.0
2017-09-05,8062.0,8140.0,8057.0,8067.0,8090.0,8112.0,43811.0,353409312.0,28.0
2017-09-06,8056.0,8601.0,8001.0,8510.0,8201.0,8067.0,54077.0,460171097.0,29.0
2017-09-10,8122.0,8132.0,8055.0,8077.0,8132.0,8510.0,12442.0,100490440.0,16.0
2017-09-11,8120.0,8120.0,8001.0,8043.0,8001.0,8077.0,21500.0,172927409.0,14.0
2017-09-12,8001.0,8001.0,8001.0,8001.0,8001.0,8043.0,13338.0,106717338.0,3.0
2017-09-13,7702.0,8300.0,7661.0,8168.0,8300.0,8001.0,36061.0,294539257.0,24.0
2017-09-16,8450.0,8450.0,8200.0,8371.0,8450.0,8168.0,7370.0,61694000.0,8.0
2017-09-17,8599.0,8599.0,7700.0,8216.0,8500.0,8371.0,45782.0,376154464.0,38.0
2017-09-18,7956.0,8484.0,7863.0,8318.0,8484.0,8216.0,37600.0,312739100.0,22.0
2017-09-19,8000.0,8500.0,8000.0,8381.0,8052.0,8318.0,21584.0,180886966.0,23.0
2017-09-20,8081.0,8081.0,8001.0,8059.0,8001.0,8381.0,20469.0,164969689.0,12.0
2017-09-23,8430.0,8430.0,8010.0,8108.0,8100.0,8059.0,16999.0,137829890.0,16.0
2017-09-24,8110.0,8120.0,8100.0,8106.0,8100.0,8108.0,20817.0,168736750.0,6.0
2017-09-25,8120.0,8157.0,8012.0,8103.0,8157.0,8106.0,63700.0,516186100.0,26.0
2017-09-26,8006.0,8162.0,8006.0,8101.0,8162.0,8103.0,764452.0,6192592714.0,86.0
2017-09-27,8398.0,8398.0,8235.0,8357.0,8351.0,8101.0,72077.0,602324157.0,28.0
2017-10-02,8380.0,8380.0,8357.0,8372.0,8357.0,8357.0,15000.0,125585000.0,6.0
2017-10-03,8372.0,8400.0,8372.0,8373.0,8372.0,8372.0,38095.0,318967124.0,30.0
2017-10-04,8382.0,8500.0,8300.0,8372.0,8350.0,8373.0,53010.0,443784393.0,25.0
2017-10-07,8372.0,8376.0,8017.0,8227.0,8017.0,8372.0,21962.0,180679754.0,15.0
2017-10-08,8227.0,8227.0,8224.0,8227.0,8227.0,8227.0,68455.0,563178071.0,34.0
2017-10-09,8011.0,8390.0,8011.0,8224.0,8390.0,8227.0,52675.0,433205138.0,20.0
2017-10-10,8224.0,8224.0,8224.0,8224.0,8224.0,8224.0,15939.0,131082336.0,10.0
2017-10-11,8250.0,8425.0,8224.0,8255.0,8425.0,8224.0,13070.0,107898832.0,8.0
2017-10-14,8400.0,9000.0,8301.0,8599.0,9000.0,8255.0,37726.0,324390308.0,28.0
2017-10-15,8600.0,8600.0,8300.0,8600.0,8600.0,8599.0,53315.0,458508400.0,27.0
2017-10-16,9000.0,9000.0,8600.0,8737.0,8800.0,8600.0,20604.0,180014400.0,10.0
2017-10-17,8800.0,9610.0,8800.0,9240.0,9610.0,8737.0,106136.0,980717500.0,51.0
2017-10-18,10000.0,10164.0,10000.0,10132.0,10164.0,9240.0,55559.0,562950225.0,32.0
2017-10-21,10300.0,11111.0,10300.0,10462.0,10300.0,10132.0,78055.0,816594874.0,47.0
2017-10-22,10310.0,10999.0,9450.0,10299.0,10306.0,10462.0,84579.0,871072080.0,44.0
2017-10-23,10300.0,10400.0,10300.0,10300.0,10300.0,10299.0,113553.0,1169615900.0,38.0
2017-10-24,10300.0,10790.0,10300.0,10382.0,10311.0,10300.0,15091.0,156679995.0,28.0
2017-10-25,10300.0,10402.0,10300.0,10311.0,10300.0,10382.0,50891.0,524729317.0,32.0
2017-10-28,10313.0,10313.0,10311.0,10311.0,10311.0,10311.0,54481.0,561761871.0,28.0
2017-10-29,10311.0,10320.0,10311.0,10311.0,10311.0,10311.0,98549.0,1016147739.0,46.0
2017-10-30,10311.0,10583.0,10311.0,10378.0,10500.0,10311.0,48115.0,499314720.0,29.0
2017-10-31,10378.0,10480.0,10378.0,10385.0,10378.0,10378.0,74502.0,773691756.0,29.0
2017-11-01,10385.0,10450.0,10385.0,10402.0,10385.0,10385.0,30967.0,322108730.0,26.0
2017-11-04,10402.0,10449.0,10400.0,10402.0,10449.0,10402.0,38450.0,399956013.0,29.0
2017-11-05,10402.0,10449.0,10402.0,10404.0,10403.0,10402.0,12704.0,132176488.0,13.0
2017-11-06,10404.0,10404.0,10400.0,10403.0,10404.0,10404.0,65290.0,679238656.0,29.0
2017-11-07,10403.0,10405.0,10403.0,10403.0,10403.0,10403.0,35388.0,368154296.0,27.0
2017-11-08,10403.0,10498.0,10403.0,10404.0,10403.0,10403.0,16729.0,174043887.0,15.0
2017-11-11,10404.0,10404.0,10404.0,10404.0,10404.0,10404.0,40923.0,425762892.0,35.0
2017-11-12,10404.0,10405.0,10400.0,10404.0,10404.0,10404.0,62831.0,653688324.0,46.0
2017-11-13,10404.0,11120.0,10404.0,10450.0,11120.0,10404.0,45125.0,471544858.0,28.0
2017-11-14,10600.0,11100.0,10600.0,10859.0,11090.0,10450.0,55369.0,601253366.0,33.0
2017-11-15,10865.0,11100.0,10830.0,11006.0,10830.0,10859.0,45500.0,500771500.0,29.0
2017-11-18,10800.0,10800.0,10800.0,10800.0,10800.0,11006.0,44413.0,479660400.0,16.0
2017-11-20,10800.0,10850.0,10800.0,10804.0,10800.0,10800.0,35768.0,386444400.0,27.0
2017-11-21,10804.0,11000.0,10800.0,10815.0,10804.0,10804.0,34385.0,371869612.0,41.0
2017-11-22,10815.0,10850.0,10815.0,10815.0,10815.0,10815.0,83578.0,903932006.0,46.0
2017-11-25,10900.0,10999.0,10900.0,10901.0,10900.0,10815.0,53033.0,578112200.0,34.0
2017-11-26,10901.0,10901.0,10901.0,10901.0,10901.0,10901.0,26001.0,283436901.0,21.0
2017-11-28,10900.0,10901.0,10900.0,10901.0,10901.0,10901.0,69784.0,760704884.0,20.0
2017-11-29,10901.0,10994.0,10901.0,10901.0,10901.0,10901.0,41538.0,452815038.0,12.0
2017-12-02,10901.0,10902.0,10901.0,10901.0,10901.0,10901.0,42730.0,465799830.0,16.0
2017-12-03,10901.0,11000.0,10901.0,10905.0,10901.0,10901.0,70621.0,770098860.0,26.0
2017-12-04,10905.0,10905.0,10905.0,10905.0,10905.0,10905.0,58824.0,641475720.0,21.0
2017-12-05,10905.0,11300.0,10000.0,10966.0,11000.0,10905.0,69761.0,764992600.0,28.0
2017-12-09,10966.0,10966.0,10966.0,10966.0,10966.0,10966.0,32298.0,354179868.0,11.0
2017-12-10,10966.0,11000.0,10966.0,10966.0,10966.0,10966.0,64476.0,707047216.0,19.0
2017-12-11,11000.0,11000.0,11000.0,11000.0,11000.0,10966.0,62213.0,684343000.0,22.0
2017-12-12,11000.0,11000.0,11000.0,11000.0,11000.0,11000.0,124862.0,1373482000.0,40.0
2017-12-13,11000.0,11000.0,11000.0,11000.0,11000.0,11000.0,130132.0,1431452000.0,26.0
2017-12-16,11000.0,11000.0,11000.0,11000.0,11000.0,11000.0,30713.0,337843000.0,20.0
2017-12-17,11000.0,11000.0,11000.0,11000.0,11000.0,11000.0,12133.0,133463000.0,12.0
2017-12-18,11000.0,11000.0,11000.0,11000.0,11000.0,11000.0,36050.0,396550000.0,18.0
2017-12-19,11000.0,11000.0,11000.0,11000.0,11000.0,11000.0,20925.0,230175000.0,8.0
2017-12-20,11000.0,11000.0,11000.0,11000.0,11000.0,11000.0,29713.0,326843000.0,12.0
2017-12-23,11000.0,11199.0,11000.0,11036.0,11000.0,11000.0,5431.0,59935622.0,5.0
2017-12-24,11029.0,11036.0,11028.0,11034.0,11036.0,11036.0,72724.0,802434760.0,15.0
2017-12-25,11034.0,11034.0,11034.0,11034.0,11034.0,11034.0,41886.0,462170124.0,15.0
2017-12-26,11034.0,11034.0,11034.0,11034.0,11034.0,11034.0,69779.0,769941486.0,10.0
2017-12-27,11034.0,11034.0,11034.0,11034.0,11034.0,11034.0,14655.0,161703270.0,9.0
2017-12-30,11034.0,11036.0,11034.0,11034.0,11034.0,11034.0,52486.0,579130724.0,17.0
2017-12-31,11050.0,11050.0,11034.0,11034.0,11034.0,11034.0,243174.0,2683187444.0,29.0
2018-01-01,11034.0,11035.0,11034.0,11034.0,11034.0,11034.0,14833.0,163667761.0,8.0
2018-01-02,11034.0,11034.0,11034.0,11034.0,11034.0,11034.0,27283.0,301040622.0,7.0
2018-01-03,11034.0,11034.0,11034.0,11034.0,11034.0,11034.0,9428.0,104028552.0,6.0
2018-01-06,11034.0,11035.0,11034.0,11034.0,11034.0,11034.0,62645.0,691225050.0,15.0
2018-01-07,11034.0,11034.0,11034.0,11034.0,11034.0,11034.0,41246.0,455108364.0,13.0
2018-01-08,11034.0,11034.0,11034.0,11034.0,11034.0,11034.0,18015.0,198777510.0,9.0
2018-01-09,11034.0,11035.0,11034.0,11034.0,11034.0,11034.0,55166.0,608701934.0,24.0
2018-01-10,11034.0,11034.0,11034.0,11034.0,11034.0,11034.0,22935.0,253064790.0,8.0
2018-01-13,11034.0,11500.0,11034.0,11034.0,11034.0,11034.0,14426.0,159183008.0,7.0
2018-01-14,11034.0,11034.0,11034.0,11034.0,11034.0,11034.0,58439.0,644815926.0,20.0
2018-01-15,11034.0,11034.0,11034.0,11034.0,11034.0,11034.0,107298.0,1183926132.0,28.0
2018-01-16,11034.0,11034.0,11034.0,11034.0,11034.0,11034.0,16029.0,176863986.0,7.0
2018-01-17,11034.0,11034.0,11034.0,11034.0,11034.0,11034.0,34100.0,376259400.0,13.0
2018-01-20,11034.0,11034.0,11034.0,11034.0,11034.0,11034.0,52453.0,578766402.0,20.0
2018-01-21,11034.0,11035.0,11034.0,11034.0,11034.0,11034.0,46756.0,515908704.0,18.0
2018-01-22,11035.0,11035.0,11034.0,11034.0,11034.0,11034.0,38938.0,429645534.0,8.0
2018-01-23,11035.0,11035.0,11034.0,11034.0,11034.0,11034.0,62365.0,688135862.0,17.0
2018-01-24,11034.0,11035.0,11034.0,11034.0,11034.0,11034.0,33206.0,366395404.0,10.0
2018-01-27,11034.0,11036.0,11034.0,11034.0,11034.0,11034.0,32807.0,361993871.0,21.0
2018-01-28,11034.0,11100.0,11034.0,11037.0,11034.0,11034.0,27692.0,305630084.0,10.0
2018-01-29,11037.0,11037.0,11037.0,11037.0,11037.0,11037.0,44387.0,489899319.0,10.0
2018-01-30,11037.0,11037.0,11037.0,11037.0,11037.0,11037.0,10936.0,120700632.0,2.0
2018-01-31,11037.0,11037.0,11037.0,11037.0,11037.0,11037.0,16516.0,182287092.0,6.0
2018-02-03,11037.0,11037.0,11037.0,11037.0,11037.0,11037.0,35724.0,394285788.0,9.0
2018-02-04,11037.0,11037.0,11037.0,11037.0,11037.0,11037.0,65785.0,726069045.0,16.0
2018-02-05,11037.0,11038.0,11037.0,11037.0,11037.0,11037.0,47952.0,529251724.0,17.0
2018-02-06,11037.0,11038.0,11037.0,11037.0,11037.0,11037.0,55819.0,616074432.0,19.0
2018-02-07,11037.0,11037.0,11037.0,11037.0,11037.0,11037.0,32654.0,360402198.0,9.0
2018-02-10,11037.0,11037.0,11037.0,11037.0,11037.0,11037.0,50980.0,562666260.0,16.0
2018-02-12,11037.0,11037.0,11037.0,11037.0,11037.0,11037.0,20463.0,225850131.0,6.0
2018-02-13,11037.0,11150.0,11037.0,11053.0,11150.0,11037.0,89040.0,984180880.0,17.0
2018-02-14,11053.0,11150.0,11053.0,11057.0,11150.0,11053.0,23404.0,258788784.0,6.0
2018-02-17,11057.0,11058.0,11057.0,11057.0,11057.0,11057.0,50903.0,562835551.0,16.0
2018-02-18,11057.0,11057.0,11057.0,11057.0,11057.0,11057.0,73588.0,813662516.0,8.0
2018-02-19,11058.0,11059.0,11057.0,11058.0,11058.0,11057.0,85726.0,947918845.0,15.0
2018-02-21,11058.0,11059.0,11058.0,11058.0,11058.0,11058.0,71468.0,790294674.0,19.0
2018-02-24,11058.0,11060.0,11058.0,11058.0,11060.0,11058.0,28351.0,313505958.0,8.0
2018-02-25,11058.0,11058.0,11058.0,11058.0,11058.0,11058.0,24580.0,271805640.0,7.0
2018-02-26,11058.0,11058.0,11058.0,11058.0,11058.0,11058.0,86115.0,952259670.0,24.0
2018-02-27,11058.0,11058.0,11058.0,11058.0,11058.0,11058.0,15500.0,171399000.0,5.0
2018-02-28,11058.0,11058.0,11058.0,11058.0,11058.0,11058.0,34598.0,382584684.0,11.0
2018-03-03,11058.0,11060.0,11058.0,11058.0,11058.0,11058.0,82170.0,908636860.0,21.0
2018-03-04,11060.0,11060.0,11058.0,11058.0,11058.0,11058.0,27502.0,304120516.0,11.0
2018-03-05,11058.0,11058.0,11058.0,11058.0,11058.0,11058.0,44212.0,488896296.0,11.0
2018-03-06,11058.0,11058.0,11058.0,11058.0,11058.0,11058.0,32395.0,358223910.0,11.0
2018-03-07,11058.0,11058.0,11058.0,11058.0,11058.0,11058.0,73380.0,811436040.0,19.0
2018-03-10,11058.0,11058.0,11058.0,11058.0,11058.0,11058.0,37454.0,414166332.0,12.0
2018-03-11,11058.0,11059.0,11058.0,11059.0,11059.0,11058.0,234202.0,2590005716.0,12.0
2018-03-12,11059.0,11060.0,11059.0,11060.0,11059.0,11059.0,287103.0,3175272077.0,20.0
2018-03-13,11060.0,11061.0,11060.0,11061.0,11060.0,11060.0,226264.0,2502679840.0,9.0
2018-03-14,11061.0,11062.0,11061.0,11062.0,11062.0,11061.0,219147.0,2424184967.0,10.0
2018-03-17,11062.0,11062.0,11062.0,11062.0,11062.0,11062.0,27734.0,306793508.0,11.0
2018-03-18,11062.0,11063.0,11062.0,11063.0,11063.0,11062.0,600876.0,6647490312.0,13.0
2018-03-19,11799.0,12169.0,11799.0,12138.0,12169.0,11063.0,221500.0,2688473500.0,6.0
2018-03-25,12171.0,12171.0,12169.0,12169.0,12170.0,12138.0,23544.0,286515080.0,8.0
2018-03-26,12170.0,12170.0,12169.0,12170.0,12169.0,12169.0,5844.0,71121092.0,5.0
2018-03-28,12200.0,12200.0,12170.0,12181.0,12170.0,12170.0,1600.0,19490000.0,2.0
2018-04-03,12181.0,12181.0,12181.0,12181.0,12181.0,12181.0,17316.0,210926196.0,10.0
2018-04-04,12181.0,12181.0,12181.0,12181.0,12181.0,12181.0,26617.0,324221677.0,12.0
2018-04-07,12181.0,13000.0,12181.0,12237.0,12181.0,12181.0,47670.0,583360713.0,23.0
2018-04-08,12237.0,12900.0,12237.0,12296.0,12500.0,12237.0,27362.0,336443622.0,30.0
2018-04-09,12300.0,12300.0,12296.0,12297.0,12296.0,12296.0,33282.0,409265390.0,12.0
2018-04-10,12298.0,12298.0,12297.0,12297.0,12297.0,12297.0,36176.0,444857282.0,8.0
2018-04-11,12297.0,12297.0,12297.0,12297.0,12297.0,12297.0,9297.0,114325209.0,5.0
2018-04-15,12297.0,12297.0,12297.0,12297.0,12297.0,12297.0,13155.0,161767035.0,7.0
2018-04-16,12297.0,12297.0,12297.0,12297.0,12297.0,12297.0,59188.0,727834836.0,20.0
2018-04-17,12297.0,12298.0,12297.0,12297.0,12297.0,12297.0,22093.0,271678121.0,6.0
2018-04-18,12297.0,12297.0,12297.0,12297.0,12297.0,12297.0,30130.0,370508610.0,12.0
2018-04-21,12297.0,12297.0,12297.0,12297.0,12297.0,12297.0,37290.0,458555130.0,11.0
2018-04-22,12297.0,13526.0,12297.0,12570.0,12401.0,12297.0,45711.0,574595669.0,17.0
2018-04-23,12819.0,12888.0,12570.0,12585.0,12570.0,12570.0,33966.0,427472672.0,12.0
2018-04-24,12836.0,12856.0,12585.0,12595.0,12600.0,12585.0,32777.0,412835785.0,12.0
2018-04-25,12595.0,12596.0,12595.0,12595.0,12595.0,12595.0,51014.0,642521609.0,13.0
2018-04-28,12595.0,12596.0,12595.0,12595.0,12595.0,12595.0,27406.0,345178965.0,9.0
2018-04-29,12595.0,12595.0,12595.0,12595.0,12595.0,12595.0,31998.0,403014810.0,8.0
2018-04-30,12595.0,12596.0,12595.0,12595.0,12595.0,12595.0,76575.0,964465125.0,21.0
2018-05-01,12595.0,12595.0,12595.0,12595.0,12595.0,12595.0,24716.0,311298020.0,6.0
2018-05-05,12595.0,12650.0,12595.0,12598.0,12595.0,12595.0,24348.0,306727005.0,8.0
2018-05-06,12598.0,12598.0,12598.0,12598.0,12598.0,12598.0,30106.0,379275388.0,6.0
2018-05-07,12598.0,12598.0,12598.0,12598.0,12598.0,12598.0,49544.0,624155312.0,16.0
2018-05-08,12598.0,12598.0,12598.0,12598.0,12598.0,12598.0,24320.0,306383360.0,5.0
2018-05-09,12598.0,12598.0,12598.0,12598.0,12598.0,12598.0,13982.0,176145236.0,6.0
2018-05-12,12598.0,12598.0,12598.0,12598.0,12598.0,12598.0,36874.0,464538652.0,9.0
2018-05-13,12598.0,12598.0,12598.0,12598.0,12598.0,12598.0,18730.0,235960540.0,7.0
2018-05-14,12599.0,12600.0,12598.0,12598.0,12598.0,12598.0,26420.0,332842060.0,12.0
2018-05-15,12598.0,12598.0,12598.0,12598.0,12598.0,12598.0,16585.0,208937830.0,6.0
2018-05-16,12598.0,12700.0,12598.0,12617.0,12650.0,12598.0,20184.0,254671566.0,8.0
2018-05-19,12650.0,12650.0,12617.0,12621.0,12617.0,12617.0,54172.0,683725279.0,15.0
2018-05-20,12621.0,12621.0,12621.0,12621.0,12621.0,12621.0,31840.0,401852640.0,11.0
2018-05-21,12621.0,12622.0,12621.0,12621.0,12621.0,12621.0,22674.0,286168854.0,11.0
2018-05-22,12621.0,12621.0,12621.0,12621.0,12621.0,12621.0,15059.0,190059639.0,8.0
2018-05-23,12621.0,12848.0,12621.0,12624.0,12848.0,12621.0,7528.0,95035858.0,7.0
2018-05-26,12624.0,12625.0,12624.0,12624.0,12624.0,12624.0,50994.0,643751756.0,14.0
2018-05-27,12625.0,12625.0,12624.0,12624.0,12624.0,12624.0,18028.0,227586172.0,6.0
2018-05-28,12624.0,12700.0,12624.0,12627.0,12700.0,12624.0,12126.0,153109784.0,7.0
2018-05-29,12627.0,13870.0,12627.0,12641.0,12627.0,12627.0,6113.0,77277203.0,5.0
2018-05-30,12641.0,12641.0,12641.0,12641.0,12641.0,12641.0,4168.0,52687688.0,1.0
2018-06-02,12641.0,12641.0,12641.0,12641.0,12641.0,12641.0,52044.0,657888204.0,15.0
2018-06-03,12641.0,12641.0,12641.0,12641.0,12641.0,12641.0,8283.0,104705403.0,2.0
2018-06-09,12641.0,12644.0,12641.0,12642.0,12644.0,12641.0,51058.0,645454178.0,10.0
2018-06-10,13000.0,13000.0,12644.0,12646.0,12645.0,12642.0,39274.0,496641451.0,13.0
2018-06-11,12700.0,12700.0,12700.0,12700.0,12700.0,12646.0,43659.0,554469300.0,9.0
2018-06-12,12700.0,12900.0,12700.0,12702.0,12706.0,12700.0,66588.0,845770876.0,28.0
2018-06-13,12702.0,12703.0,12702.0,12702.0,12702.0,12702.0,46133.0,585989366.0,10.0
2018-06-17,13001.0,13112.0,13000.0,13003.0,13112.0,12702.0,39475.0,513299495.0,13.0
2018-06-18,13003.0,13004.0,13003.0,13003.0,13003.0,13003.0,65572.0,852633346.0,15.0
2018-06-19,13003.0,13003.0,13003.0,13003.0,13003.0,13003.0,37740.0,490733220.0,10.0
2018-06-20,13003.0,13003.0,13000.0,13003.0,13003.0,13003.0,72386.0,941232434.0,12.0
2018-06-23,13003.0,13004.0,13003.0,13003.0,13004.0,13003.0,48163.0,626265988.0,7.0
2018-06-24,13004.0,13005.0,13003.0,13003.0,13003.0,13003.0,80278.0,1043871151.0,19.0
2018-06-25,13003.0,13004.0,13003.0,13003.0,13003.0,13003.0,36909.0,479929727.0,14.0
2018-06-26,13003.0,13003.0,13003.0,13003.0,13003.0,13003.0,101011.0,1313446033.0,28.0
2018-06-27,13003.0,13100.0,13003.0,13016.0,13003.0,13003.0,53218.0,692687204.0,17.0
2018-06-30,13016.0,13100.0,13016.0,13069.0,13100.0,13016.0,49796.0,650761336.0,16.0
2018-07-01,13060.0,13205.0,13060.0,13177.0,13200.0,13069.0,35000.0,461211532.0,15.0
2018-07-02,13200.0,13200.0,13200.0,13200.0,13200.0,13177.0,57260.0,755832000.0,10.0
2018-07-03,13200.0,13201.0,13200.0,13200.0,13200.0,13200.0,59982.0,791766158.0,31.0
2018-07-04,13200.0,13500.0,13200.0,13211.0,13200.0,13200.0,13422.0,177320400.0,8.0
2018-07-07,13500.0,13600.0,13500.0,13500.0,13500.0,13211.0,74788.0,1009653892.0,19.0
2018-07-08,13500.0,13500.0,13500.0,13500.0,13500.0,13500.0,21888.0,295488000.0,6.0
2018-07-10,13500.0,13990.0,13500.0,13536.0,13990.0,13500.0,27590.0,373445000.0,16.0
2018-07-11,13536.0,13537.0,13536.0,13536.0,13536.0,13536.0,97486.0,1319572496.0,27.0
2018-07-18,13550.0,13550.0,13550.0,13550.0,13550.0,13481.0,338.0,4579900.0,2.0
2018-07-21,13550.0,14800.0,13550.0,13556.0,13550.0,13481.0,24562.0,332967607.0,15.0
2018-07-22,13556.0,13560.0,13556.0,13556.0,13556.0,13556.0,79488.0,1077543174.0,20.0
2018-07-23,13556.0,13560.0,13556.0,13556.0,13560.0,13556.0,36923.0,500530648.0,15.0
2018-07-24,13556.0,13556.0,13556.0,13556.0,13556.0,13556.0,42340.0,573961040.0,18.0
2018-07-25,13556.0,13556.0,13556.0,13556.0,13556.0,13556.0,20800.0,281964800.0,8.0
2018-07-28,13556.0,13556.0,13556.0,13556.0,13556.0,13556.0,50356.0,682625936.0,14.0
2018-07-29,13556.0,13800.0,13556.0,13557.0,13556.0,13556.0,41545.0,563209120.0,17.0
2018-07-30,13556.0,13556.0,13556.0,13556.0,13556.0,13557.0,29997.0,406639332.0,9.0
2018-07-31,13566.0,13566.0,13566.0,13566.0,13566.0,13556.0,22434.0,304339644.0,8.0
2018-08-01,13900.0,13900.0,13566.0,13567.0,13566.0,13566.0,25192.0,341792062.0,7.0
2018-08-04,13567.0,13567.0,13567.0,13567.0,13567.0,13567.0,40466.0,549002222.0,17.0
2018-08-05,13500.0,13567.0,13500.0,13565.0,13567.0,13567.0,62287.0,844939859.0,12.0
2018-08-06,13565.0,13565.0,13565.0,13565.0,13565.0,13565.0,67163.0,911066095.0,96.0
2018-08-07,13565.0,13565.0,13565.0,13565.0,13565.0,13565.0,6428.0,87195820.0,5.0
2018-08-08,13562.0,14000.0,13000.0,13565.0,13999.0,13565.0,20600.0,279434350.0,11.0
2018-08-11,13565.0,13565.0,13565.0,13565.0,13565.0,13565.0,8296.0,112535240.0,8.0
2018-08-12,13565.0,13568.0,13565.0,13565.0,13565.0,13565.0,24229.0,328674185.0,18.0
2018-08-13,13565.0,13565.0,13565.0,13565.0,13565.0,13565.0,5158.0,69968270.0,5.0
2018-08-14,13565.0,13600.0,12210.0,13514.0,13600.0,13565.0,15838.0,214037980.0,16.0
2018-08-15,13565.0,13565.0,12163.0,13544.0,13565.0,13514.0,11468.0,155319472.0,12.0
2018-08-18,13545.0,13602.0,13545.0,13568.0,13550.0,13544.0,18800.0,255079536.0,12.0
2018-08-19,13051.0,13600.0,13051.0,13538.0,13600.0,13568.0,69458.0,940356330.0,19.0
2018-08-20,13600.0,13999.0,13600.0,13604.0,13600.0,13538.0,31386.0,426962651.0,16.0
2018-08-21,13200.0,13600.0,13200.0,13592.0,13600.0,13604.0,21001.0,285453600.0,11.0
2018-08-25,13600.0,13600.0,13600.0,13600.0,13600.0,13592.0,37337.0,507783200.0,7.0
2018-08-26,13600.0,13600.0,13600.0,13600.0,13600.0,13600.0,29205.0,397188000.0,14.0
2018-08-27,13600.0,13950.0,13600.0,13601.0,13600.0,13600.0,23452.0,318972400.0,8.0
2018-08-28,13600.0,13600.0,13600.0,13600.0,13600.0,13601.0,31230.0,424728000.0,7.0
2018-08-29,13600.0,13600.0,13600.0,13600.0,13600.0,13600.0,25044.0,340598400.0,5.0
2018-09-01,13510.0,13510.0,13510.0,13510.0,13510.0,13600.0,10625.0,143543750.0,5.0
2018-09-02,13510.0,13650.0,13510.0,13511.0,13650.0,13510.0,18276.0,246918160.0,8.0
2018-09-03,13510.0,13511.0,13510.0,13510.0,13510.0,13511.0,32338.0,436886480.0,14.0
2018-09-04,13510.0,13600.0,13510.0,13511.0,13510.0,13510.0,29754.0,402015900.0,14.0
2018-09-05,13511.0,13511.0,13510.0,13510.0,13510.0,13511.0,37764.0,510193640.0,8.0
2018-09-08,13440.0,13442.0,13440.0,13440.0,13440.0,13510.0,42002.0,564509930.0,24.0
2018-09-09,13440.0,14000.0,13440.0,13454.0,13500.0,13440.0,21906.0,294726640.0,9.0
2018-09-18,14799.0,14799.0,14799.0,14799.0,14799.0,13454.0,4374.0,64730826.0,4.0
2018-09-22,16278.0,16278.0,16278.0,16278.0,16278.0,14799.0,54871.0,893190138.0,16.0
2018-09-23,17905.0,17905.0,17905.0,17905.0,17905.0,16278.0,15704.0,281180120.0,4.0
2018-09-24,19695.0,19695.0,19695.0,19695.0,19695.0,17905.0,8340.0,164256300.0,1.0
2018-09-30,21664.0,21664.0,21664.0,21664.0,21664.0,19695.0,6260.0,135616640.0,9.0
2018-10-01,23830.0,23830.0,22001.0,23582.0,23830.0,21664.0,123088.0,2902683898.0,78.0
2018-10-02,25940.0,25940.0,23500.0,25298.0,25940.0,23582.0,112576.0,2847970726.0,98.0
2018-10-03,27827.0,27827.0,27826.0,27827.0,27827.0,25298.0,96040.0,2672504978.0,64.0
2018-10-06,30609.0,30609.0,30609.0,30609.0,30609.0,27827.0,5587.0,171012483.0,6.0
2018-10-07,30549.0,30549.0,27549.0,27607.0,27549.0,30609.0,6876.0,189825964.0,16.0
2018-10-08,24847.0,24847.0,24847.0,24847.0,24847.0,27607.0,6544.0,162598768.0,14.0
2018-10-09,22363.0,22363.0,22363.0,22363.0,22363.0,24847.0,20060.0,448601780.0,24.0
2018-10-10,20127.0,20127.0,20127.0,20127.0,20127.0,22363.0,6200.0,124787400.0,6.0
2018-10-13,18115.0,18115.0,18115.0,18115.0,18115.0,20127.0,8779.0,159031585.0,10.0
2018-10-14,16304.0,16304.0,16304.0,16304.0,16304.0,18115.0,70.0,1141280.0,1.0
2018-10-15,16305.0,17935.0,16305.0,17737.0,17935.0,16304.0,75545.0,1339966560.0,66.0
2018-10-16,19510.0,19510.0,18100.0,18889.0,18700.0,17737.0,93174.0,1759965724.0,77.0
2018-10-17,18000.0,18000.0,17001.0,17173.0,17001.0,18889.0,128144.0,2200640757.0,86.0
2018-10-20,16100.0,18399.0,16100.0,17136.0,17300.0,17173.0,41148.0,705123453.0,35.0
2018-10-21,17100.0,17100.0,15501.0,16046.0,15501.0,17136.0,53999.0,866473783.0,43.0
2018-10-22,16100.0,16200.0,15051.0,15771.0,15850.0,16046.0,23166.0,365346714.0,25.0
2018-10-23,15200.0,15200.0,14194.0,14435.0,14400.0,15771.0,42603.0,614989685.0,45.0
2018-10-24,14500.0,14500.0,13200.0,13232.0,13298.0,14435.0,105602.0,1397322944.0,46.0
2018-10-27,13300.0,14280.0,13300.0,13839.0,13565.0,13232.0,6385.0,88360799.0,18.0
2018-10-28,13200.0,14380.0,13200.0,13700.0,13980.0,13839.0,25768.0,353030908.0,17.0
2018-10-29,14880.0,15070.0,14880.0,14991.0,15070.0,13700.0,24126.0,361675420.0,7.0
2018-10-31,16490.0,16490.0,16490.0,16490.0,16490.0,14991.0,36967.0,609585830.0,29.0
2018-11-03,18139.0,18139.0,18000.0,18134.0,18139.0,16490.0,143755.0,2606794035.0,125.0
2018-11-04,19899.0,19899.0,19899.0,19899.0,19899.0,18134.0,6295.0,125264205.0,11.0
2018-11-05,21888.0,21888.0,17910.0,17940.0,17910.0,19899.0,42056.0,754466261.0,48.0
2018-11-06,19620.0,19620.0,16146.0,16648.0,16370.0,17940.0,122358.0,2037044996.0,93.0
2018-11-10,18296.0,18300.0,15500.0,16652.0,15500.0,16648.0,24751.0,412142110.0,36.0
2018-11-11,15450.0,16250.0,15300.0,15931.0,16250.0,16652.0,60110.0,957615606.0,39.0
2018-11-12,16000.0,17379.0,16000.0,16910.0,17199.0,15931.0,40078.0,677730895.0,37.0
2018-11-13,17200.0,17399.0,15300.0,15990.0,16000.0,16910.0,49634.0,793635774.0,45.0
2018-11-14,16100.0,16100.0,15100.0,15684.0,15250.0,15990.0,33906.0,531784798.0,37.0
2018-11-17,16000.0,16000.0,14800.0,15208.0,14800.0,15684.0,28958.0,440403350.0,44.0
2018-11-18,15500.0,15500.0,14550.0,15195.0,15002.0,15208.0,42000.0,638190155.0,39.0
2018-11-19,15200.0,15600.0,15100.0,15215.0,15200.0,15195.0,13257.0,201710800.0,17.0
2018-11-20,15200.0,15200.0,14604.0,14928.0,15000.0,15215.0,24659.0,368115890.0,28.0
2018-11-21,15000.0,16420.0,14800.0,15848.0,16420.0,14928.0,53004.0,840023120.0,69.0
2018-11-24,17000.0,17432.0,16700.0,17205.0,17432.0,15848.0,148227.0,2550245078.0,96.0
2018-11-26,18444.0,18444.0,17000.0,17791.0,17000.0,17205.0,40560.0,721602511.0,78.0
2018-11-27,17351.0,17351.0,16012.0,16486.0,16500.0,17791.0,47896.0,789619577.0,64.0
2018-11-28,16500.0,17100.0,16400.0,16963.0,16850.0,16486.0,83852.0,1422365907.0,62.0
2018-12-01,16000.0,16550.0,16000.0,16293.0,16500.0,16963.0,21740.0,354216545.0,34.0
2018-12-02,15400.0,16477.0,15400.0,15754.0,15800.0,16293.0,45286.0,713452526.0,66.0
2018-12-03,15650.0,16800.0,15631.0,15960.0,15950.0,15754.0,56101.0,895384143.0,65.0
2018-12-04,16101.0,17000.0,15000.0,16076.0,16000.0,15960.0,64824.0,1042116147.0,49.0
2018-12-05,16099.0,16099.0,15300.0,15504.0,15402.0,16076.0,13720.0,212714904.0,28.0
2018-12-08,15999.0,16400.0,15600.0,16036.0,16400.0,15504.0,34987.0,561064565.0,33.0
2018-12-09,16700.0,16800.0,15701.0,16278.0,15905.0,16036.0,26069.0,424354435.0,36.0
2018-12-10,16000.0,16139.0,15600.0,15921.0,15600.0,16278.0,34763.0,553463785.0,29.0
2018-12-12,15510.0,15900.0,15153.0,15586.0,15838.0,15921.0,24161.0,376582903.0,29.0
2018-12-15,15402.0,15850.0,15000.0,15148.0,15000.0,15586.0,86632.0,1312339058.0,71.0
2018-12-16,15000.0,15000.0,14700.0,14934.0,14860.0,15148.0,82035.0,1225133358.0,54.0
2018-12-17,15000.0,15000.0,14405.0,14667.0,14405.0,14934.0,20015.0,293551198.0,29.0
2018-12-18,14500.0,14779.0,14500.0,14541.0,14536.0,14667.0,18736.0,272434974.0,29.0
2018-12-19,14500.0,14940.0,14500.0,14695.0,14800.0,14541.0,20396.0,299713801.0,24.0
2018-12-22,15150.0,15200.0,14500.0,14748.0,14698.0,14695.0,30913.0,455917664.0,31.0
2018-12-23,13500.0,15050.0,13300.0,14733.0,14721.0,14748.0,40257.0,593102010.0,42.0
2018-12-24,14610.0,14700.0,14500.0,14560.0,14500.0,14733.0,19781.0,288006335.0,23.0
2018-12-25,14003.0,14300.0,14000.0,14009.0,14002.0,14560.0,15843.0,221938740.0,19.0
2018-12-26,14100.0,14400.0,13908.0,14024.0,14400.0,14009.0,44170.0,619454214.0,45.0
2018-12-29,14200.0,14600.0,14200.0,14326.0,14600.0,14024.0,19651.0,281527800.0,9.0
2018-12-30,14401.0,14670.0,14400.0,14444.0,14562.0,14326.0,14858.0,214611652.0,28.0
2018-12-31,14990.0,15888.0,14510.0,15596.0,15888.0,14444.0,113979.0,1777603882.0,90.0
2019-01-01,15900.0,16700.0,15651.0,16106.0,15807.0,15596.0,115490.0,1860042424.0,92.0
2019-01-02,16800.0,16800.0,15200.0,15481.0,15304.0,16106.0,41599.0,643999256.0,44.0
2019-01-05,15310.0,15310.0,15013.0,15171.0,15250.0,15481.0,20944.0,317733273.0,19.0
2019-01-06,15150.0,15969.0,15073.0,15427.0,15499.0,15171.0,78955.0,1218056980.0,51.0
2019-01-07,15698.0,15698.0,14900.0,15214.0,14900.0,15427.0,79102.0,1203466939.0,65.0
2019-01-08,15000.0,15580.0,14900.0,15074.0,15400.0,15214.0,49702.0,749211219.0,37.0
2019-01-09,14550.0,15300.0,14501.0,15001.0,14950.0,15074.0,62352.0,935319975.0,55.0
2019-01-12,15000.0,15766.0,14834.0,15073.0,15000.0,15001.0,38214.0,576014792.0,38.0
2019-01-13,15300.0,15320.0,14600.0,14697.0,14600.0,15073.0,70739.0,1039676619.0,86.0
2019-01-14,14988.0,14988.0,14350.0,14655.0,14800.0,14697.0,58278.0,854050329.0,39.0
2019-01-15,15050.0,15720.0,15050.0,15344.0,15265.0,14655.0,176265.0,2704572230.0,155.0
2019-01-16,15100.0,15779.0,15100.0,15403.0,15399.0,15344.0,53545.0,824748337.0,66.0
2019-01-19,15499.0,15949.0,15250.0,15620.0,15650.0,15403.0,97433.0,1521914823.0,74.0
2019-01-20,15748.0,15748.0,15000.0,15204.0,15000.0,15620.0,42089.0,639937958.0,42.0
2019-01-21,14301.0,15010.0,14301.0,14729.0,14382.0,15204.0,62860.0,925873120.0,64.0
2019-01-22,14800.0,14800.0,14310.0,14544.0,14605.0,14729.0,43462.0,632099627.0,41.0
2019-01-23,14601.0,14843.0,14141.0,14467.0,14610.0,14544.0,63790.0,922831592.0,65.0
2019-01-26,14500.0,15370.0,14020.0,14853.0,14937.0,14467.0,34364.0,510409043.0,48.0
2019-01-27,15099.0,15099.0,14500.0,14648.0,14510.0,14853.0,43698.0,640101239.0,42.0
2019-01-28,14738.0,14738.0,14000.0,14287.0,14485.0,14648.0,40827.0,583299105.0,44.0
2019-01-29,14306.0,14770.0,14300.0,14542.0,14699.0,14287.0,51812.0,753473565.0,35.0
2019-01-30,14320.0,14900.0,14320.0,14688.0,14899.0,14542.0,57222.0,840489474.0,65.0
2019-02-02,14788.0,16006.0,14401.0,15486.0,15450.0,14688.0,222707.0,3448871568.0,177.0
2019-02-03,15486.0,16300.0,15300.0,15758.0,15900.0,15486.0,185190.0,2918268778.0,158.0
2019-02-04,16200.0,16496.0,15732.0,16050.0,16200.0,15758.0,182595.0,2930721346.0,143.0
2019-02-05,15500.0,16150.0,15000.0,15362.0,15300.0,16050.0,133080.0,2044324492.0,84.0
2019-02-06,15000.0,15700.0,15000.0,15181.0,15300.0,15362.0,87778.0,1332581504.0,63.0
2019-02-10,15548.0,15548.0,14500.0,14706.0,14700.0,15181.0,74966.0,1102426697.0,82.0
2019-02-12,14600.0,15400.0,14300.0,15041.0,15200.0,14706.0,99665.0,1499031558.0,117.0
2019-03-02,10155.0,10155.0,10155.0,10155.0,10155.0,9259.0,24950.0,253367250.0,13.0
2019-03-03,11170.0,11170.0,11168.0,11170.0,11170.0,10155.0,538099.0,6010562792.0,173.0
2019-03-04,11990.0,11990.0,10400.0,11163.0,10779.0,11170.0,507986.0,5670568576.0,312.0
2019-03-05,10304.0,10900.0,10304.0,10515.0,10550.0,11163.0,138722.0,1458599612.0,133.0
2019-03-06,10550.0,11409.0,10550.0,11205.0,11300.0,10515.0,342976.0,3842890399.0,232.0
2019-03-09,11540.0,11540.0,10735.0,11322.0,11304.0,11205.0,268078.0,3035279560.0,122.0
2019-03-10,11304.0,11470.0,11250.0,11361.0,11399.0,11322.0,91475.0,1039291796.0,86.0
2019-03-11,11560.0,12320.0,11371.0,11851.0,11568.0,11361.0,272679.0,3231639045.0,99.0
2019-03-12,11694.0,11700.0,10800.0,11410.0,11366.0,11851.0,106543.0,1215654127.0,89.0
2019-03-13,11100.0,11185.0,10706.0,10907.0,11000.0,11410.0,107668.0,1174362218.0,105.0
2019-03-16,11000.0,11480.0,10951.0,11156.0,11279.0,10907.0,106312.0,1185977634.0,78.0
2019-03-17,11158.0,11500.0,11000.0,11100.0,11000.0,11156.0,52083.0,578117980.0,52.0
2019-03-18,10813.0,11249.0,10702.0,10983.0,11000.0,11100.0,28286.0,310654387.0,26.0
2019-03-19,11000.0,11220.0,10920.0,11055.0,11111.0,10983.0,26917.0,297573060.0,35.0
2019-03-25,11224.0,11225.0,10901.0,11002.0,11003.0,11055.0,22142.0,243614926.0,24.0
2019-03-26,11001.0,11800.0,10907.0,11213.0,11550.0,11002.0,118019.0,1323355889.0,95.0
2019-03-27,11490.0,11586.0,11106.0,11244.0,11350.0,11213.0,20937.0,235416156.0,34.0
2019-03-30,11350.0,11495.0,11115.0,11259.0,11325.0,11244.0,35486.0,399549304.0,51.0
2019-03-31,11500.0,11500.0,11102.0,11328.0,11200.0,11259.0,33222.0,376345957.0,41.0
2019-04-06,11380.0,11380.0,11100.0,11186.0,11220.0,11328.0,95836.0,1072016616.0,63.0
2019-04-07,11226.0,11400.0,11185.0,11293.0,11310.0,11186.0,96272.0,1087225564.0,69.0
2019-04-08,11300.0,11429.0,11130.0,11353.0,11360.0,11293.0,76842.0,872419174.0,66.0
2019-04-09,11360.0,11399.0,11300.0,11351.0,11300.0,11353.0,98345.0,1116317480.0,62.0
2019-04-10,11213.0,11999.0,10223.0,11317.0,11580.0,11351.0,557781.0,6312135613.0,340.0
2019-04-13,11580.0,11998.0,11305.0,11799.0,11806.0,11317.0,325407.0,3839386795.0,201.0
2019-04-14,11801.0,12978.0,11801.0,12390.0,12978.0,11799.0,565612.0,7007710887.0,280.0
2019-04-15,13629.0,13629.0,13629.0,13629.0,13629.0,12390.0,270543.0,3687230547.0,54.0
2019-04-16,14697.0,14697.0,13060.0,14114.0,14120.0,13629.0,863673.0,12189907383.0,424.0
2019-04-17,14200.0,14480.0,12712.0,13621.0,13980.0,14114.0,321779.0,4382940818.0,251.0
2019-04-20,13979.0,14197.0,13282.0,13536.0,13499.0,13621.0,363039.0,4913985913.0,243.0
2019-04-22,13599.0,13599.0,12815.0,13210.0,12900.0,13536.0,303530.0,4009481824.0,190.0
2019-04-23,12703.0,13190.0,12500.0,12809.0,12600.0,13210.0,238096.0,3049670740.0,108.0
2019-04-24,12410.0,13180.0,12410.0,12915.0,12800.0,12809.0,213945.0,2763122032.0,100.0
2019-04-27,13000.0,14206.0,13000.0,14048.0,14206.0,12915.0,622942.0,8751066797.0,366.0
2019-04-28,14190.0,15452.0,14190.0,15007.0,15452.0,14048.0,879664.0,13200824471.0,444.0
2019-04-29,15599.0,16400.0,15452.0,15892.0,15688.0,15007.0,443320.0,7045186317.0,257.0
2019-04-30,16500.0,16500.0,14872.0,15570.0,14872.0,15892.0,440581.0,6859762557.0,299.0
2019-05-01,15199.0,15965.0,15000.0,15292.0,15150.0,15570.0,435731.0,6663039770.0,226.0
2019-05-04,15500.0,15800.0,15000.0,15478.0,15320.0,15292.0,347308.0,5375660345.0,220.0
2019-05-05,15315.0,15320.0,14000.0,14846.0,14415.0,15478.0,394362.0,5854523186.0,221.0
2019-05-06,14601.0,15177.0,14126.0,14642.0,14183.0,14846.0,389263.0,5699760970.0,223.0
2019-05-07,14100.0,14493.0,13500.0,13985.0,13536.0,14642.0,289792.0,4052633621.0,101.0
2019-05-08,13350.0,15383.0,13350.0,15085.0,15383.0,13985.0,505286.0,7622210334.0,240.0
2019-05-11,16102.0,16103.0,14700.0,15317.0,14700.0,15085.0,395848.0,6063259177.0,212.0
2019-05-12,15135.0,15200.0,14100.0,14476.0,14165.0,15317.0,272577.0,3945759475.0,147.0
2019-05-13,14200.0,15333.0,14200.0,14877.0,15000.0,14476.0,148959.0,2216070377.0,105.0
2019-05-14,15386.0,15386.0,14611.0,15050.0,14611.0,14877.0,132880.0,1999881697.0,152.0
2019-05-15,14560.0,15050.0,14000.0,14599.0,14799.0,15050.0,130204.0,1900908391.0,108.0
2019-05-18,14850.0,15100.0,14110.0,14645.0,14510.0,14599.0,314498.0,4605958928.0,135.0
2019-05-19,15050.0,15050.0,14125.0,14376.0,14590.0,14645.0,96873.0,1392681386.0,97.0
2019-05-20,14350.0,14350.0,13706.0,13958.0,13890.0,14376.0,107232.0,1496778846.0,86.0
2019-05-21,13800.0,14339.0,13402.0,13958.0,13990.0,13958.0,132901.0,1855091584.0,118.0
2019-05-22,14149.0,14149.0,13546.0,13657.0,13603.0,13958.0,121548.0,1659955049.0,90.0
2019-05-25,14339.0,14339.0,13250.0,13517.0,13734.0,13657.0,186679.0,2523248803.0,113.0
2019-05-26,13033.0,14000.0,13033.0,13707.0,13790.0,13517.0,84248.0,1154792771.0,93.0
2019-05-28,13900.0,13960.0,13490.0,13767.0,13929.0,13707.0,81363.0,1120119350.0,88.0
2019-05-29,13707.0,14300.0,13475.0,13750.0,13482.0,13767.0,142393.0,1957948887.0,154.0
2019-06-01,13200.0,14000.0,13155.0,13431.0,13305.0,13750.0,120232.0,1614776579.0,104.0
2019-06-02,13200.0,13490.0,13040.0,13185.0,13160.0,13431.0,208139.0,2744311256.0,157.0
2019-06-03,13001.0,14503.0,12614.0,13950.0,14503.0,13185.0,564764.0,7878436258.0,321.0
2019-06-08,14310.0,14895.0,14000.0,14602.0,14546.0,13950.0,286291.0,4180406718.0,176.0
2019-06-09,14979.0,16062.0,14800.0,15390.0,15480.0,14602.0,252672.0,3888529506.0,182.0
2019-06-10,15389.0,15699.0,15371.0,15493.0,15402.0,15390.0,265638.0,4115650643.0,171.0
2019-06-11,15595.0,16195.0,15100.0,15767.0,15365.0,15493.0,360389.0,5682385349.0,172.0
2019-06-12,15450.0,16500.0,15000.0,15940.0,16004.0,15767.0,494015.0,7874771618.0,265.0
2019-06-15,15200.0,16500.0,15200.0,15510.0,15500.0,15940.0,201368.0,3123163665.0,154.0
2019-06-16,15899.0,16450.0,15000.0,15870.0,15410.0,15510.0,170523.0,2706186196.0,147.0
2019-06-17,15870.0,16187.0,15030.0,15895.0,15999.0,15870.0,189721.0,3015545298.0,176.0
2019-06-18,16000.0,16001.0,15201.0,15587.0,15201.0,15895.0,71547.0,1115227197.0,47.0
2019-06-19,15600.0,15880.0,14881.0,15074.0,14901.0,15587.0,122794.0,1851002803.0,72.0
2019-06-22,13703.0,15280.0,13703.0,15099.0,15000.0,15074.0,133520.0,2015976280.0,102.0
2019-06-23,15795.0,15795.0,14530.0,14976.0,15100.0,15099.0,199767.0,2991693544.0,94.0
2019-06-24,15000.0,15010.0,14700.0,14879.0,14730.0,14976.0,59023.0,878196495.0,63.0
2019-06-25,15700.0,15700.0,14353.0,14864.0,14710.0,14879.0,160710.0,2388769665.0,112.0
2019-06-26,14151.0,15550.0,14151.0,15205.0,15389.0,14864.0,135218.0,2056031680.0,121.0
2019-06-30,15776.0,16725.0,14500.0,16401.0,16725.0,15205.0,559134.0,9170520545.0,321.0
2019-07-01,18041.0,18041.0,18000.0,18040.0,18041.0,16401.0,435670.0,7859308772.0,174.0
2019-07-02,19844.0,19844.0,19844.0,19844.0,19844.0,18040.0,529942.0,10516169048.0,160.0
2019-07-14,21168.0,21168.0,21168.0,21168.0,21168.0,19244.0,77795.0,1646764560.0,22.0
2019-07-15,23284.0,23284.0,23284.0,23284.0,23284.0,21168.0,110462.0,2571997208.0,28.0
2019-07-16,25612.0,25612.0,25612.0,25612.0,25612.0,23284.0,191388.0,4901829456.0,44.0
2019-07-17,28173.0,28173.0,28173.0,28173.0,28173.0,25612.0,163083.0,4594537359.0,64.0
2019-07-20,30990.0,30990.0,30000.0,30949.0,30990.0,28173.0,4637756.0,143533001380.0,1417.0
2019-07-21,33000.0,34043.0,31055.0,33683.0,34043.0,30949.0,2292047.0,77203615359.0,898.0
2019-07-22,34000.0,34000.0,33000.0,33977.0,33640.0,33683.0,392695.0,13342445916.0,128.0
2019-07-24,31977.0,31977.0,31977.0,31977.0,31977.0,33977.0,103868.0,3321387036.0,53.0
2019-07-27,32000.0,34767.0,28790.0,32735.0,34001.0,31977.0,2322743.0,76035815499.0,1759.0
2019-07-28,34888.0,34888.0,31000.0,32727.0,31800.0,32735.0,628275.0,20561834078.0,821.0
2019-07-29,29550.0,35999.0,29550.0,33414.0,35999.0,32727.0,2288645.0,76473351970.0,1687.0
2019-07-30,35800.0,36700.0,34000.0,35217.0,35800.0,33414.0,1502104.0,52900181775.0,1311.0
2019-07-31,35988.0,37479.0,34201.0,35422.0,34600.0,35217.0,1144038.0,40524620046.0,1098.0
2019-08-03,34450.0,35600.0,33001.0,33860.0,33600.0,35422.0,637315.0,21579529016.0,702.0
2019-08-04,33590.0,36888.0,32500.0,35810.0,35150.0,33860.0,1369779.0,49051760701.0,1060.0
2019-08-05,34701.0,36000.0,32229.0,33974.0,33500.0,35810.0,1287169.0,43730832266.0,1101.0
2019-08-06,34000.0,34890.0,32500.0,33555.0,33558.0,33974.0,909898.0,30531300474.0,841.0
2019-08-07,33006.0,34699.0,33000.0,33594.0,33511.0,33555.0,425990.0,14310835347.0,584.0
2019-08-10,33001.0,34000.0,32301.0,33016.0,32500.0,33594.0,570413.0,18832896968.0,683.0
2019-08-11,32890.0,34000.0,32407.0,33173.0,33100.0,33016.0,796237.0,26413393467.0,650.0
2019-08-13,33101.0,34000.0,32000.0,32663.0,32601.0,33173.0,601313.0,19640587673.0,714.0
2019-08-14,32600.0,33677.0,31531.0,32438.0,32030.0,32663.0,498034.0,16155248847.0,626.0
2019-08-17,30160.0,32000.0,30160.0,30916.0,31000.0,32438.0,716151.0,22140424923.0,740.0
2019-08-18,30201.0,30351.0,29000.0,29820.0,29701.0,30916.0,579011.0,17266334183.0,657.0
2019-08-19,30200.0,32498.0,29001.0,31335.0,31500.0,29820.0,879014.0,27543943931.0,806.0
2019-08-21,31000.0,32390.0,30000.0,31100.0,31400.0,31335.0,603672.0,18774394455.0,609.0
2019-08-24,31500.0,33990.0,31000.0,33080.0,32600.0,31100.0,792928.0,26229767983.0,742.0
2019-08-25,32000.0,33700.0,30501.0,31686.0,31700.0,33080.0,752942.0,23857713872.0,751.0
2019-08-26,31686.0,33650.0,31500.0,32677.0,32300.0,31686.0,657168.0,21474211618.0,729.0
2019-08-27,32499.0,32500.0,31200.0,31661.0,31300.0,32677.0,978839.0,30991038123.0,881.0
2019-08-28,29001.0,30000.0,28495.0,28948.0,28950.0,31661.0,1076031.0,31148510546.0,879.0
2019-08-31,26777.0,27900.0,26054.0,26212.0,26054.0,28948.0,1490139.0,39059390260.0,1098.0
2019-09-01,25454.0,26700.0,25426.0,25528.0,25426.0,26212.0,535001.0,13657384407.0,478.0
2019-09-02,24771.0,25600.0,24763.0,24974.0,24763.0,25528.0,290498.0,7254827072.0,265.0
2019-09-03,24225.0,25723.0,24225.0,24911.0,25723.0,24974.0,799953.0,19927925064.0,428.0
2019-09-04,25658.0,25658.0,25658.0,25658.0,25658.0,24911.0,138762.0,3560355396.0,88.0
2019-09-16,27197.0,27197.0,27197.0,27197.0,27197.0,25658.0,62804.0,1708080388.0,19.0
2019-09-17,28012.0,28012.0,27510.0,27993.0,28012.0,27197.0,653746.0,18300177291.0,330.0
2019-09-18,28012.0,28012.0,28012.0,28012.0,28012.0,27993.0,254316.0,7123899792.0,159.0
2019-09-21,28012.0,28012.0,28012.0,28012.0,28012.0,28012.0,108347.0,3035016164.0,49.0
2019-09-22,28012.0,28012.0,28012.0,28012.0,28012.0,28012.0,116551.0,3264826612.0,43.0
2019-09-23,28012.0,29692.0,28012.0,28695.0,29692.0,28012.0,152774.0,4383902168.0,60.0
2019-09-24,30582.0,30582.0,30582.0,30582.0,30582.0,28695.0,191407.0,5853608874.0,57.0
2019-09-25,31499.0,31499.0,31499.0,31499.0,31499.0,30582.0,119577.0,3766555923.0,63.0
2019-09-28,32443.0,32443.0,32443.0,32443.0,32443.0,31499.0,176239.0,5717721877.0,53.0
2019-09-29,33416.0,33416.0,33416.0,33416.0,33416.0,32443.0,186878.0,6244715248.0,68.0
2019-09-30,34418.0,34418.0,34418.0,34418.0,34418.0,33416.0,304224.0,10470781632.0,134.0
2019-10-01,35450.0,35450.0,34610.0,35448.0,35450.0,34418.0,1487687.0,52735646200.0,359.0
2019-10-02,36511.0,36511.0,36511.0,36511.0,36511.0,35448.0,195655.0,7143559705.0,135.0
2019-10-05,37606.0,37606.0,37606.0,37606.0,37606.0,36511.0,178363.0,6707518978.0,75.0
2019-10-06,38734.0,38734.0,38734.0,38734.0,38734.0,37606.0,325721.0,12616477214.0,107.0
2019-10-07,39896.0,39896.0,39896.0,39896.0,39896.0,38734.0,207443.0,8276145928.0,64.0
2019-10-08,41092.0,41092.0,38700.0,40595.0,41092.0,39896.0,2718481.0,110356463750.0,1075.0
2019-10-09,41812.0,41812.0,41040.0,41807.0,41812.0,40595.0,1028858.0,43013845772.0,509.0
2019-10-12,43060.0,43061.0,42400.0,43043.0,43061.0,41807.0,553332.0,23817100242.0,482.0
2019-10-13,44334.0,44334.0,41752.0,43169.0,41752.0,43043.0,1731855.0,74761720950.0,1489.0
2019-10-14,41874.0,41875.0,41874.0,41874.0,41874.0,43169.0,589806.0,24697544387.0,299.0
2019-10-15,40618.0,40618.0,40618.0,40618.0,40618.0,41874.0,23774.0,965652332.0,44.0
2019-10-16,39400.0,39400.0,39400.0,39400.0,39400.0,40618.0,14996.0,590842400.0,43.0
2019-10-20,37430.0,37430.0,37430.0,37430.0,37430.0,39400.0,8654.0,323919220.0,24.0
2019-10-21,36308.0,38249.0,36308.0,36455.0,37090.0,37430.0,1621851.0,59124154124.0,565.0
2019-10-22,37548.0,37548.0,35500.0,37131.0,37290.0,36455.0,662576.0,24601954155.0,506.0
2019-10-23,36500.0,37355.0,36018.0,36268.0,36018.0,37131.0,234836.0,8517132419.0,226.0
2019-10-26,35180.0,37000.0,35180.0,35560.0,35202.0,36268.0,401792.0,14287632429.0,305.0
2019-10-28,34500.0,36626.0,34494.0,35784.0,36626.0,35560.0,351279.0,12570183196.0,523.0
2019-10-30,35510.0,36857.0,35510.0,36766.0,36857.0,35784.0,242050.0,8899130513.0,142.0
2019-11-02,37868.0,37868.0,35850.0,37356.0,37197.0,36766.0,472941.0,17667305379.0,410.0
2019-11-03,37000.0,37490.0,36236.0,36721.0,36610.0,37356.0,349602.0,12837665303.0,404.0
2019-11-04,36610.0,36610.0,35620.0,35874.0,35620.0,36721.0,257144.0,9224657718.0,289.0
2019-11-05,34802.0,36100.0,34802.0,35328.0,35000.0,35874.0,215831.0,7624804755.0,302.0
2019-11-09,34269.0,36380.0,34269.0,34720.0,34269.0,35328.0,351497.0,12204040089.0,471.0
2019-11-10,33701.0,34974.0,33679.0,33911.0,34740.0,34720.0,321274.0,10894817556.0,421.0
2019-11-11,33800.0,34928.0,33333.0,34741.0,34928.0,33911.0,258198.0,8970073760.0,199.0
2019-11-12,35783.0,35783.0,34500.0,35698.0,35350.0,34741.0,440029.0,15708052828.0,404.0
2019-11-13,35698.0,36768.0,35698.0,36495.0,36768.0,35698.0,391316.0,14280939765.0,360.0
2019-11-16,37589.0,37589.0,36900.0,37339.0,37250.0,36495.0,468264.0,17484659430.0,506.0
2019-11-17,36219.0,36219.0,36219.0,36219.0,36219.0,37339.0,31163.0,1128692697.0,67.0
2019-11-18,35133.0,37298.0,35133.0,35417.0,35797.0,36219.0,264904.0,9382017134.0,250.0
2019-11-19,35401.0,36462.0,35000.0,35586.0,35601.0,35417.0,261678.0,9311956778.0,387.0
2019-11-20,36600.0,36600.0,34983.0,35863.0,35900.0,35586.0,313303.0,11235972294.0,387.0
2019-11-23,36000.0,36938.0,35990.0,36690.0,36938.0,35863.0,356373.0,13075148344.0,307.0
2019-11-24,37779.0,37790.0,36000.0,37530.0,37790.0,36690.0,662787.0,24874378569.0,676.0
2019-11-25,38580.0,38655.0,37000.0,38481.0,38655.0,37530.0,408704.0,15727523742.0,294.0
2019-11-26,39635.0,39635.0,38300.0,39405.0,39635.0,38481.0,481751.0,18983289228.0,465.0
2019-11-27,40587.0,40587.0,39069.0,40146.0,40000.0,39405.0,471294.0,18920434420.0,633.0
2019-11-30,40020.0,41350.0,40000.0,40763.0,41350.0,40146.0,521119.0,21242192525.0,535.0
2019-12-01,41699.0,41985.0,41000.0,41779.0,41985.0,40763.0,572835.0,23932453134.0,591.0
2019-12-02,41800.0,42387.0,40526.0,41256.0,40526.0,41779.0,511915.0,21119365709.0,554.0
2019-12-03,40019.0,40998.0,40019.0,40055.0,40019.0,41256.0,401069.0,16064876923.0,351.0
2019-12-04,40019.0,41256.0,39021.0,41104.0,41256.0,40055.0,1039311.0,42720276147.0,561.0
2019-12-07,41990.0,42337.0,40602.0,42169.0,42337.0,41104.0,862485.0,36370124072.0,651.0
2019-12-08,42996.0,43434.0,41900.0,43028.0,43434.0,42169.0,784492.0,33755025984.0,655.0
2019-12-09,43401.0,44308.0,43300.0,43818.0,43800.0,43028.0,523620.0,22943995327.0,581.0
2019-12-10,43302.0,44295.0,42504.0,42909.0,42504.0,43818.0,853008.0,36601910950.0,683.0
2019-12-11,41801.0,42760.0,41622.0,41901.0,41622.0,42909.0,627145.0,26278110519.0,606.0
2019-12-14,41495.0,43000.0,41000.0,42129.0,43000.0,41901.0,1007547.0,42446790553.0,847.0
2019-12-15,41901.0,43390.0,40866.0,42034.0,41999.0,42129.0,660584.0,27767272185.0,699.0
2019-12-16,40866.0,43295.0,40866.0,43102.0,43295.0,42034.0,739484.0,31873376690.0,478.0
2019-12-17,44394.0,44395.0,43550.0,44315.0,44395.0,43102.0,439418.0,19473019779.0,271.0
2019-12-18,45644.0,45644.0,44320.0,45640.0,45644.0,44315.0,713747.0,32575132470.0,378.0
2019-12-21,47922.0,47922.0,47002.0,47920.0,47922.0,45640.0,731806.0,35068014092.0,396.0
2019-12-22,49357.0,49357.0,48001.0,49296.0,49357.0,47920.0,776393.0,38273295544.0,703.0
2019-12-23,50774.0,50774.0,47818.0,49694.0,50774.0,49296.0,1897748.0,94307316349.0,1610.0
2019-12-24,51184.0,51184.0,50700.0,51168.0,51184.0,49694.0,536996.0,27476842079.0,378.0
2019-12-25,53726.0,53726.0,52237.0,53674.0,53726.0,51168.0,1058780.0,56828745871.0,901.0
2019-12-28,55284.0,55284.0,55102.0,55284.0,55284.0,53674.0,533465.0,29491906165.0,434.0
2019-12-29,56942.0,56942.0,56942.0,56942.0,56942.0,55284.0,367227.0,20910639834.0,267.0
2019-12-30,58650.0,58650.0,58640.0,58650.0,58650.0,56942.0,802692.0,47077819380.0,464.0
2019-12-31,61582.0,61582.0,56000.0,59994.0,61582.0,58650.0,2414363.0,144846182347.0,2298.0
2020-01-01,61582.0,61793.0,61000.0,61675.0,61793.0,59994.0,455307.0,28080873926.0,478.0
2020-01-07,60500.0,60500.0,60500.0,60500.0,60500.0,61675.0,592540.0,35848670000.0,78.0
2020-01-08,59290.0,59290.0,59290.0,59290.0,59290.0,60500.0,46790.0,2774179100.0,72.0
2020-01-11,60475.0,60475.0,60475.0,60475.0,60475.0,59290.0,472722.0,28587862950.0,236.0
2020-01-12,62289.0,62289.0,62289.0,62289.0,62289.0,60475.0,283471.0,17657125119.0,145.0
2020-01-13,64157.0,64157.0,64157.0,64157.0,64157.0,62289.0,577357.0,37041493049.0,290.0
2020-01-14,67364.0,67364.0,67364.0,67364.0,67364.0,64157.0,372048.0,25062641472.0,207.0
2020-01-15,69384.0,69384.0,69384.0,69384.0,69384.0,67364.0,301841.0,20942935944.0,131.0
2020-01-18,71465.0,71465.0,67500.0,70966.0,71465.0,69384.0,1918405.0,136140805754.0,2041.0
2020-01-19,71977.0,72500.0,68838.0,69869.0,71500.0,70966.0,2445163.0,170842026344.0,2134.0
2020-01-20,70000.0,70999.0,67901.0,69344.0,69500.0,69869.0,862353.0,59799329799.0,1309.0
2020-01-21,68005.0,71424.0,67264.0,69914.0,71424.0,69344.0,1482139.0,103622163165.0,1358.0
2020-01-22,71990.0,72011.0,70005.0,72004.0,72011.0,69914.0,304887.0,21952995015.0,249.0
2020-01-25,74164.0,74164.0,72011.0,73928.0,74150.0,72004.0,1345774.0,99490011637.0,1414.0
2020-01-26,76145.0,76145.0,73928.0,75918.0,76145.0,73928.0,624778.0,47431941799.0,728.0
2020-01-27,78195.0,78195.0,77600.0,78155.0,78195.0,75918.0,459384.0,35903157227.0,656.0
2020-01-28,80480.0,80499.0,80000.0,80491.0,80499.0,78155.0,1213965.0,97713362899.0,926.0
2020-02-01,84515.0,84515.0,82900.0,84293.0,84515.0,80491.0,589188.0,49664357033.0,685.0
2020-02-02,86821.0,86821.0,86001.0,86811.0,86821.0,84293.0,1647155.0,142990547016.0,1661.0
2020-02-03,89415.0,89415.0,87002.0,89411.0,89415.0,86811.0,645128.0,57681629529.0,748.0
2020-02-04,92093.0,92093.0,86729.0,88572.0,86729.0,89411.0,958377.0,84885345672.0,1924.0
2020-02-05,85915.0,88572.0,85915.0,86064.0,85915.0,88572.0,1727030.0,148635803961.0,2331.0
2020-02-08,83483.0,85000.0,83483.0,83508.0,85000.0,86064.0,1556932.0,130016492243.0,1518.0
2020-02-09,81003.0,86013.0,81003.0,85175.0,86013.0,83508.0,1026950.0,87470046012.0,904.0
2020-02-10,87730.0,87730.0,82620.0,87647.0,87730.0,85175.0,1050585.0,92080108456.0,1056.0
2020-02-12,90276.0,90276.0,90276.0,90276.0,90276.0,87647.0,439213.0,39650392788.0,564.0
2020-02-15,94000.0,94000.0,88000.0,90840.0,88708.0,90276.0,1041986.0,94653973279.0,1946.0
2020-02-16,88115.0,90000.0,88115.0,88172.0,88115.0,90840.0,351334.0,30977780704.0,844.0
2020-02-17,85527.0,88200.0,85527.0,86567.0,88000.0,88172.0,2268192.0,196349965983.0,2797.0
2020-02-18,89160.0,89164.0,86567.0,88384.0,87798.0,86567.0,1236649.0,109299639698.0,1521.0
2020-02-19,85755.0,91035.0,85755.0,89315.0,91035.0,88384.0,1127015.0,100659281258.0,1453.0
2020-02-22,86636.0,90000.0,86636.0,87157.0,88555.0,89315.0,808008.0,70423256027.0,1214.0
2020-02-23,88500.0,89771.0,88001.0,89436.0,89550.0,87157.0,965568.0,86356644479.0,1052.0
2020-02-24,89400.0,92119.0,88000.0,91311.0,92119.0,89436.0,1628630.0,148712174877.0,1444.0
2020-02-25,94049.0,94050.0,92700.0,94042.0,94050.0,91311.0,508045.0,47777750974.0,416.0
2020-02-26,96863.0,96863.0,96800.0,96863.0,96863.0,94042.0,816764.0,79113903982.0,656.0
2020-02-29,96863.0,99768.0,94000.0,97845.0,99768.0,96863.0,1216379.0,119016282936.0,1390.0
2020-03-01,102737.0,102737.0,102737.0,102737.0,102737.0,97845.0,379338.0,38972048106.0,227.0
2020-03-02,105819.0,105819.0,105819.0,105819.0,105819.0,102737.0,290852.0,30777667788.0,164.0
2020-03-03,108993.0,108993.0,108993.0,108993.0,108993.0,105819.0,372764.0,40628666652.0,200.0
2020-03-04,112262.0,112262.0,112262.0,112262.0,112262.0,108993.0,441706.0,49586798972.0,385.0
2020-03-07,113333.0,117875.0,108000.0,115932.0,117875.0,112262.0,874672.0,101402162874.0,1365.0
2020-03-09,112455.0,115900.0,112455.0,112549.0,112455.0,115932.0,567699.0,63893977440.0,927.0
2020-03-10,109173.0,114000.0,109173.0,109310.0,109173.0,112549.0,867140.0,94786709909.0,1115.0
2020-03-11,109010.0,112589.0,106031.0,108849.0,106031.0,109310.0,1282576.0,139607656602.0,1847.0
2020-03-14,105590.0,109437.0,105584.0,106139.0,105584.0,108849.0,175866.0,18600750643.0,321.0
2020-03-15,108000.0,108000.0,102955.0,105216.0,102955.0,106139.0,59548.0,6135809340.0,183.0
2020-03-16,102060.0,108372.0,102060.0,104293.0,108372.0,105216.0,1865183.0,194525672898.0,1823.0
2020-03-17,107421.0,107421.0,107421.0,107421.0,107421.0,104293.0,228839.0,24582114219.0,370.0
2020-03-18,110643.0,110643.0,110643.0,110643.0,110643.0,107421.0,200000.0,22128600000.0,212.0
2020-03-24,116175.0,116175.0,116175.0,116175.0,116175.0,110643.0,201000.0,23351175000.0,235.0
2020-03-25,119660.0,119660.0,119660.0,119660.0,119660.0,116175.0,200000.0,23932000000.0,226.0
2020-03-28,123249.0,123249.0,123249.0,123249.0,123249.0,119660.0,200012.0,24651278988.0,185.0
2020-03-29,126946.0,126946.0,126946.0,126236.0,126946.0,123249.0,161580.0,20511934680.0,200.0
2020-03-30,132547.0,132547.0,132547.0,132547.0,132547.0,126236.0,283634.0,37594835798.0,220.0
2020-04-04,136523.0,136523.0,136523.0,134650.0,136523.0,132547.0,105785.0,14442085555.0,89.0
2020-04-05,138689.0,138689.0,138689.0,138689.0,138689.0,134650.0,200520.0,27809918280.0,263.0
2020-04-06,142849.0,142849.0,142849.0,142030.0,142849.0,138689.0,160611.0,22943120739.0,190.0
2020-04-07,149131.0,149131.0,149131.0,149131.0,149131.0,142030.0,200066.0,29836042646.0,185.0
2020-04-08,153604.0,153604.0,153604.0,153604.0,153604.0,149131.0,261951.0,40236721404.0,256.0
2020-04-11,158212.0,158212.0,148996.0,157922.0,158212.0,153604.0,1097093.0,173254704581.0,1098.0
2020-04-12,162659.0,162659.0,162659.0,162659.0,162659.0,157922.0,316766.0,51524840794.0,221.0
2020-04-13,170791.0,170791.0,170791.0,170530.0,170791.0,162659.0,193582.0,33062063362.0,153.0
2020-04-14,175645.0,175645.0,175645.0,175645.0,175645.0,170530.0,528453.0,92820127185.0,605.0
2020-04-15,180914.0,180914.0,180914.0,180610.0,180914.0,175645.0,188469.0,34096680666.0,282.0
2020-04-18,186028.0,186028.0,186028.0,185771.0,186028.0,180610.0,190525.0,35442984700.0,214.0
2020-04-19,195059.0,195059.0,180000.0,192646.0,190000.0,185771.0,1390762.0,267924635393.0,2055.0
2020-04-20,198245.0,198425.0,192646.0,197772.0,198425.0,192646.0,732727.0,144912844692.0,1391.0
2020-04-21,203705.0,203705.0,191839.0,198007.0,195000.0,197772.0,1368512.0,270974290693.0,3378.0
2020-04-22,197500.0,200000.0,192067.0,193966.0,193989.0,198007.0,1395058.0,270594049762.0,2643.0
2020-04-25,196500.0,199784.0,188500.0,198055.0,199784.0,193966.0,1228640.0,243337965760.0,2332.0
2020-04-26,203996.0,203996.0,199785.0,203539.0,203996.0,198055.0,954492.0,194276214552.0,2008.0
2020-04-27,209645.0,209645.0,205000.0,209217.0,209645.0,203539.0,811808.0,169844319771.0,1781.0
2020-05-09,209000.0,215270.0,209000.0,213557.0,215270.0,149441.0,1234614.0,263661017444.0,1273.0
2020-05-10,219963.0,219963.0,208000.0,219451.0,219963.0,213557.0,1191477.0,261470952970.0,2177.0
2020-05-11,226034.0,226034.0,212868.0,220083.0,212868.0,219451.0,946548.0,208318689840.0,3444.0
2020-05-12,213481.0,226010.0,213481.0,221725.0,213481.0,220083.0,3711428.0,822915198875.0,1711.0
2020-05-13,215074.0,215074.0,215074.0,215074.0,215074.0,221725.0,1073106.0,230797199844.0,1313.0
2020-05-16,208622.0,208622.0,208622.0,208712.0,208622.0,215074.0,197214.0,41143179108.0,281.0
2020-05-17,198277.0,198277.0,198277.0,198277.0,198277.0,208712.0,650223.0,128924265771.0,626.0
2020-05-18,192329.0,204225.0,192329.0,195843.0,204220.0,198277.0,2514412.0,492430763028.0,3689.0
2020-05-19,201718.0,201718.0,200001.0,201714.0,201718.0,195843.0,4620627.0,932047075353.0,1119.0
2020-05-20,207765.0,207765.0,207765.0,207765.0,207765.0,201714.0,807204.0,167708739060.0,1539.0
2020-05-23,213997.0,213997.0,201560.0,211724.0,213997.0,207765.0,1274303.0,269800807988.0,2455.0
2020-05-26,218075.0,218075.0,206941.0,217419.0,215000.0,211724.0,1551288.0,337279519199.0,2071.0
2020-05-27,210897.0,216000.0,210897.0,211471.0,210900.0,217419.0,858290.0,181503785025.0,2154.0
2020-05-30,205127.0,210000.0,205127.0,205315.0,206000.0,211471.0,317022.0,65089264559.0,436.0
2020-06-02,206000.0,211474.0,199820.0,202334.0,199820.0,205315.0,2214372.0,448043858159.0,3575.0
2020-06-06,196264.0,196264.0,196264.0,196264.0,196264.0,202334.0,615883.0,120875661112.0,1001.0
2020-06-07,190377.0,190377.0,190377.0,190377.0,190377.0,196264.0,892904.0,169988384808.0,1108.0
2020-06-08,184666.0,194000.0,184666.0,187647.0,188002.0,190377.0,4426428.0,830606058530.0,4476.0
2020-06-09,182040.0,190000.0,182018.0,183160.0,182276.0,187647.0,1668162.0,305540837818.0,3025.0
2020-06-13,192694.0,198474.0,186914.0,189031.0,186914.0,183160.0,545638.0,103142545859.0,1189.0
2020-06-14,183361.0,184500.0,183361.0,183370.0,183361.0,189031.0,1612174.0,295624954106.0,1917.0
2020-06-15,177869.0,177869.0,177869.0,177869.0,177869.0,183370.0,573653.0,102035085457.0,1046.0
2020-06-16,172533.0,172533.0,172533.0,172533.0,172533.0,177869.0,1041831.0,179750227923.0,1574.0
2020-06-20,173000.0,181159.0,172999.0,179344.0,181159.0,172533.0,1721713.0,308778905783.0,2061.0
2020-06-21,184724.0,184724.0,184724.0,184724.0,184724.0,179344.0,769867.0,142212911708.0,935.0
2020-06-22,190265.0,190265.0,190265.0,190265.0,190265.0,184724.0,593604.0,112942065060.0,668.0
2020-06-23,195972.0,195972.0,195972.0,195972.0,195972.0,190265.0,654633.0,128289738276.0,808.0
2020-06-24,205770.0,205770.0,200000.0,205449.0,205770.0,195972.0,2747729.0,564519274133.0,3544.0
2020-06-27,210000.0,210000.0,199286.0,202348.0,199286.0,205449.0,1192537.0,241307127770.0,2882.0
2020-06-28,208418.0,208418.0,196288.0,207083.0,208418.0,202348.0,3020973.0,625591890048.0,3521.0
2020-06-29,200871.0,208418.0,200871.0,206297.0,206000.0,207083.0,2099562.0,433133665904.0,3254.0
2020-06-30,204990.0,212482.0,200400.0,209376.0,212220.0,206297.0,2711720.0,567769702946.0,4578.0
2020-07-01,215657.0,215657.0,215657.0,215657.0,215657.0,209376.0,1580783.0,340906919431.0,2465.0
2020-07-05,220100.0,226703.0,213500.0,220629.0,216200.0,215657.0,1879585.0,414690816474.0,2724.0
2020-07-06,216100.0,216100.0,214011.0,214433.0,214011.0,220629.0,697871.0,149646805421.0,1577.0
2020-07-07,208001.0,208001.0,208001.0,208001.0,208001.0,214433.0,464028.0,96518288028.0,551.0
2020-07-08,201761.0,201761.0,201761.0,201761.0,201761.0,208001.0,526173.0,106161190653.0,591.0
2020-07-11,191673.0,191673.0,191673.0,191673.0,191673.0,201761.0,484298.0,92826850554.0,786.0
2020-07-12,185923.0,191650.0,185923.0,186693.0,185923.0,191673.0,4508706.0,841743669379.0,6643.0
2020-07-13,181093.0,185872.0,181093.0,181210.0,181093.0,186693.0,2092673.0,379213667804.0,3303.0
2020-07-20,180000.0,180000.0,180000.0,180000.0,180000.0,180610.0,321599.0,57887820000.0,371.0
2020-07-21,174600.0,174600.0,174600.0,174600.0,174600.0,180000.0,1173290.0,204856434000.0,1719.0
2020-07-22,169362.0,169362.0,169362.0,169362.0,169362.0,174600.0,381377.0,64590771474.0,861.0
2020-07-25,164282.0,164282.0,164282.0,164282.0,164282.0,169362.0,424980.0,69816564360.0,952.0
2020-07-26,156068.0,163950.0,156068.0,157117.0,156068.0,164282.0,4903639.0,770444124644.0,7572.0
2020-07-27,153001.0,161830.0,153001.0,160288.0,161830.0,157117.0,1358082.0,217684187065.0,1781.0
2020-07-28,165096.0,165096.0,165096.0,165096.0,165096.0,160288.0,657754.0,108592554384.0,941.0
2020-07-29,170048.0,170048.0,170048.0,170048.0,170048.0,165096.0,516666.0,87858019968.0,664.0
2020-08-01,178550.0,178550.0,178550.0,178550.0,178550.0,170048.0,886654.0,158312071700.0,1043.0
2020-08-02,183906.0,183906.0,183906.0,183906.0,183906.0,178550.0,398285.0,73247001210.0,346.0
2020-08-03,189423.0,189423.0,189423.0,189423.0,189423.0,183906.0,437872.0,82943027856.0,526.0
2020-08-04,195105.0,195105.0,195105.0,195105.0,195105.0,189423.0,396411.0,77341768155.0,496.0
2020-08-05,204860.0,204860.0,204860.0,204860.0,204860.0,195105.0,1309409.0,268245527740.0,1480.0
2020-08-09,211005.0,211005.0,198715.0,202924.0,203000.0,204860.0,5711629.0,1159029227458.0,8871.0
2020-08-10,203000.0,203000.0,196837.0,197094.0,196837.0,202924.0,3291500.0,648735845198.0,4015.0
2020-08-11,191182.0,191182.0,191182.0,191182.0,191182.0,197094.0,304059.0,58130607738.0,586.0
2020-08-12,185447.0,185447.0,185447.0,185447.0,185447.0,191182.0,303640.0,56309127080.0,830.0
2020-08-15,176175.0,176175.0,176175.0,178113.0,176175.0,185447.0,221485.0,39020119875.0,512.0
2020-08-16,172770.0,172770.0,172770.0,176427.0,172770.0,178113.0,88378.0,15269067060.0,351.0
2020-08-17,171135.0,171135.0,171135.0,173011.0,171135.0,176427.0,180764.0,30935047140.0,454.0
2020-08-18,167821.0,178000.0,167821.0,169692.0,167821.0,173011.0,2180766.0,370058302905.0,4113.0
2020-08-19,161208.0,161865.0,161208.0,161216.0,161208.0,169692.0,649341.0,104683954616.0,1210.0
2020-08-22,160000.0,166052.0,156380.0,159036.0,156380.0,161216.0,959592.0,152609530382.0,2136.0
2020-08-23,154265.0,160000.0,154265.0,154611.0,154265.0,159036.0,376023.0,58137245431.0,731.0
2020-08-24,149973.0,149973.0,149973.0,150429.0,149973.0,154611.0,252447.0,37860233931.0,473.0
2020-08-25,142908.0,157000.0,142908.0,147905.0,152310.0,150429.0,2090983.0,309267435566.0,3817.0
2020-08-26,152342.0,152342.0,152340.0,152342.0,152342.0,147905.0,1286069.0,195922316543.0,1819.0
2020-08-31,156912.0,156912.0,147772.0,152011.0,151000.0,152342.0,1599503.0,243142278453.0,2470.0
2020-09-01,147451.0,150000.0,147451.0,148709.0,147451.0,152011.0,203919.0,30073458246.0,461.0
2020-09-02,144248.0,144248.0,144248.0,146129.0,144248.0,148709.0,161946.0,23360386608.0,284.0
2020-09-05,150510.0,150512.0,142500.0,147159.0,150512.0,146129.0,1742356.0,256403797615.0,3627.0
2020-09-06,151573.0,151573.0,147160.0,150726.0,151573.0,147159.0,1822764.0,274738771048.0,2870.0
2020-09-07,153000.0,153000.0,146205.0,147774.0,146205.0,150726.0,624459.0,92278727504.0,1178.0
2020-09-08,143341.0,143341.0,143341.0,145479.0,143341.0,147774.0,144936.0,20775271176.0,309.0
2020-09-09,141115.0,141115.0,141115.0,141115.0,141115.0,145479.0,463966.0,65472562090.0,1027.0
2020-09-12,140000.0,148165.0,134101.0,140730.0,136450.0,141115.0,1523628.0,214420149248.0,3431.0
2020-09-13,136540.0,139509.0,136509.0,136536.0,136509.0,140730.0,443314.0,60528116502.0,966.0
2020-09-14,132440.0,140000.0,132440.0,133730.0,134099.0,136536.0,2505874.0,335110782130.0,4612.0
2020-11-28,26200.0,26986.0,26200.0,26617.0,26986.0,21275.0,13212045.0,351664908450.0,1529.0
2020-11-29,27415.0,27415.0,27415.0,27415.0,27415.0,26617.0,9197210.0,252141512150.0,1047.0
2020-11-30,28237.0,28237.0,28237.0,28237.0,28237.0,27415.0,6135438.0,173246362806.0,720.0
2020-12-01,29084.0,29084.0,29084.0,29084.0,29084.0,28237.0,6097889.0,177351003676.0,655.0
2020-12-02,30538.0,30538.0,30538.0,30538.0,30538.0,29084.0,8932255.0,272773203190.0,1001.0
2020-12-05,31454.0,31454.0,31454.0,31454.0,31454.0,30538.0,4037197.0,126985994438.0,558.0
2020-12-06,32397.0,32397.0,32397.0,32397.0,32397.0,31454.0,2739867.0,88763471199.0,517.0
2020-12-07,33368.0,33368.0,33368.0,33368.0,33368.0,32397.0,4288060.0,143083986080.0,737.0
2020-12-08,35036.0,35036.0,35036.0,35036.0,35036.0,33368.0,6095179.0,213550691444.0,832.0
2020-12-09,36087.0,36087.0,36087.0,36087.0,36087.0,35036.0,4799058.0,173183606046.0,762.0
2020-12-19,37169.0,37169.0,37169.0,37169.0,37169.0,36087.0,3822786.0,142089132834.0,485.0
2020-12-20,38284.0,38284.0,38284.0,38284.0,38284.0,37169.0,9763334.0,373779478856.0,1140.0
2020-12-21,39432.0,39432.0,39432.0,39432.0,39432.0,38284.0,8112330.0,319885396560.0,925.0
2020-12-22,40614.0,40614.0,40614.0,40614.0,40614.0,39432.0,7598986.0,308625217404.0,848.0
2020-12-23,42644.0,42644.0,42644.0,42644.0,42644.0,40614.0,5691991.0,242729264204.0,904.0
2020-12-26,43923.0,43923.0,43923.0,43923.0,43923.0,42644.0,5471490.0,240324255270.0,886.0
2020-12-27,45240.0,45240.0,45240.0,45240.0,45240.0,43923.0,6952300.0,314522052000.0,896.0
2020-12-28,46597.0,46597.0,43883.0,45981.0,43883.0,45240.0,39068042.0,1796382090385.0,6280.0
2020-12-29,44602.0,44602.0,44602.0,44602.0,44602.0,45981.0,2410046.0,107492871692.0,1403.0
2020-12-30,43264.0,43264.0,43264.0,43643.0,43264.0,44602.0,1261752.0,54588438528.0,1087.0
2021-01-02,41461.0,41461.0,41461.0,41461.0,41461.0,43643.0,3160436.0,131034836996.0,745.0
2021-01-03,40218.0,40218.0,40218.0,40864.0,40218.0,41461.0,845836.0,34017832248.0,705.0
2021-01-04,39639.0,39639.0,39639.0,40185.0,39639.0,40864.0,975924.0,38684651436.0,682.0
2021-01-05,38980.0,41390.0,38980.0,40099.0,41390.0,40185.0,143579641.0,5757387197492.0,17978.0
2021-01-06,41280.0,41280.0,38897.0,39687.0,38897.0,40099.0,74173277.0,2943716938417.0,19397.0
2021-01-09,38497.0,38600.0,38497.0,38498.0,38497.0,39687.0,6759684.0,260231488969.0,1622.0
2021-01-10,37344.0,38218.0,37344.0,37406.0,37344.0,38498.0,43239658.0,1617433849005.0,12562.0
2021-01-11,37406.0,39276.0,37406.0,38907.0,39276.0,37406.0,45604741.0,1774354692547.0,13239.0
2021-01-12,39347.0,40000.0,37740.0,38334.0,37740.0,38907.0,25208243.0,966323202219.0,8004.0
2021-01-13,37184.0,37184.0,37184.0,37184.0,37184.0,38334.0,1968155.0,73183875520.0,807.0
2021-01-16,36069.0,36069.0,36069.0,36078.0,36069.0,37184.0,1745522.0,62959233018.0,479.0
2021-01-18,34275.0,34275.0,34275.0,35540.0,34275.0,36078.0,525042.0,17995814550.0,266.0
2021-01-19,34474.0,34474.0,34474.0,34474.0,34474.0,35540.0,13110207.0,451961276118.0,2442.0
2021-01-20,33440.0,34350.0,33440.0,33516.0,33440.0,34474.0,25339852.0,849292138196.0,6717.0
2021-01-23,32750.0,34521.0,32511.0,33530.0,32576.0,33516.0,24814123.0,832005560353.0,9388.0
2021-01-24,32525.0,33200.0,32525.0,32549.0,32525.0,33530.0,8944204.0,291128774292.0,2416.0
2021-01-25,31573.0,32370.0,31573.0,31641.0,31573.0,32549.0,24570078.0,777415747932.0,5632.0
2021-01-26,32590.0,32590.0,30750.0,32319.0,31690.0,31641.0,23908943.0,772715705815.0,6693.0
2021-01-27,32000.0,32199.0,31350.0,31407.0,31350.0,32319.0,14634622.0,459632794883.0,4807.0
2021-01-30,31349.0,32300.0,31010.0,31770.0,31460.0,31407.0,14578489.0,463158364744.0,5667.0
2021-01-31,31000.0,31500.0,30817.0,30939.0,30817.0,31770.0,4467136.0,138206879964.0,1510.0
2021-02-01,30011.0,30011.0,30011.0,30011.0,30011.0,30939.0,1777379.0,53340921169.0,427.0
2021-02-02,29111.0,29111.0,29111.0,29111.0,29111.0,30011.0,1893991.0,55135972001.0,431.0
2021-02-03,28100.0,29980.0,27656.0,28125.0,27656.0,29111.0,13926614.0,391681927518.0,3514.0
2021-02-06,27282.0,27282.0,27282.0,27743.0,27282.0,28125.0,797066.0,21745554612.0,305.0
2021-02-07,26911.0,27731.0,26911.0,27000.0,26911.0,27743.0,15909027.0,429545719251.0,3884.0
2021-02-08,27000.0,27777.0,26190.0,26475.0,26190.0,27000.0,10169694.0,269246355785.0,2551.0
2021-02-09,25152.0,26330.0,25152.0,25281.0,25320.0,26475.0,25796544.0,652153756453.0,7921.0
2021-02-13,25520.0,26039.0,25520.0,25968.0,26039.0,25281.0,8481952.0,220263418207.0,2252.0
2021-02-14,26747.0,26747.0,25449.0,26098.0,25999.0,25968.0,15314594.0,399678091041.0,4834.0
2021-02-15,26000.0,26300.0,25577.0,25658.0,25577.0,26098.0,4005793.0,102780994784.0,1231.0
2021-02-16,25145.0,25145.0,25145.0,25474.0,25145.0,25658.0,632493.0,15904036485.0,263.0
2021-02-17,24965.0,24965.0,24965.0,25352.0,24965.0,25474.0,423355.0,10569057575.0,224.0
2021-02-20,24338.0,24338.0,24338.0,24942.0,24338.0,25352.0,712158.0,17332501404.0,333.0
2021-02-21,24444.0,24444.0,24444.0,24868.0,24444.0,24942.0,260119.0,6358348836.0,118.0
2021-02-22,24371.0,24371.0,24371.0,24843.0,24371.0,24868.0,86767.0,2114598557.0,78.0
2021-02-23,24347.0,24347.0,24347.0,24708.0,24347.0,24843.0,477649.0,11629320203.0,134.0
2021-02-24,23720.0,23720.0,23720.0,24330.0,23720.0,24708.0,673673.0,15979523560.0,281.0
2021-02-27,23844.0,23844.0,23844.0,24301.0,23844.0,24330.0,105524.0,2516114256.0,65.0
2021-02-28,23815.0,23815.0,23815.0,24279.0,23815.0,24301.0,79187.0,1885838405.0,74.0
2021-03-01,23794.0,23794.0,23794.0,24243.0,23794.0,24279.0,128910.0,3067284540.0,75.0
2021-03-02,23274.0,23274.0,23274.0,23957.0,23274.0,24243.0,519949.0,12101293026.0,232.0
2021-03-03,23478.0,23478.0,23478.0,23925.0,23478.0,23957.0,117541.0,2759627598.0,89.0
2021-03-06,23447.0,23447.0,23447.0,23447.0,23447.0,23925.0,6181214.0,144930924658.0,521.0
2021-03-07,22979.0,22979.0,22979.0,23356.0,22979.0,23447.0,342124.0,7861667396.0,144.0
2021-03-08,22422.0,22422.0,22422.0,22422.0,22422.0,23356.0,2927271.0,65635270362.0,425.0
2021-03-09,21974.0,22290.0,21974.0,21985.0,22200.0,22422.0,12355600.0,271640697285.0,1933.0
2021-03-10,21970.0,22644.0,21911.0,22529.0,22644.0,21985.0,18701558.0,421331859010.0,3832.0
2021-03-13,23204.0,23204.0,22529.0,22961.0,23060.0,22529.0,15319447.0,351746750832.0,5408.0
2021-03-14,23100.0,23649.0,22510.0,23304.0,23000.0,22961.0,9273489.0,216109171480.0,3216.0
2021-03-15,23311.0,23770.0,22900.0,23319.0,23311.0,23304.0,8453525.0,197126331936.0,2657.0
2021-03-16,23320.0,23850.0,23320.0,23533.0,23480.0,23319.0,4218133.0,99266610428.0,1811.0
2021-03-17,23850.0,24000.0,23063.0,23344.0,23063.0,23533.0,3024361.0,70600877506.0,1098.0
2021-03-27,22878.0,23063.0,22878.0,22880.0,22878.0,23344.0,6373726.0,145829351941.0,1957.0
2021-03-28,22900.0,23300.0,22423.0,22642.0,22423.0,22880.0,2772827.0,62781765693.0,1136.0
2021-03-30,22190.0,23000.0,22190.0,22393.0,22670.0,22642.0,6908771.0,154710395160.0,1938.0
2021-03-31,22510.0,23064.0,22510.0,22985.0,23064.0,22393.0,7759656.0,178353704701.0,2554.0
2021-04-03,23650.0,23650.0,22598.0,23028.0,22600.0,22985.0,6181388.0,142345419703.0,2268.0
2021-04-04,22900.0,22900.0,22568.0,22787.0,22568.0,23028.0,1111901.0,25181180032.0,302.0
2021-04-05,22332.0,22332.0,22332.0,22723.0,22332.0,22787.0,245729.0,5487620028.0,155.0
2021-04-06,22269.0,23000.0,22269.0,22329.0,22270.0,22723.0,8403319.0,187638185073.0,1913.0
2021-04-07,22350.0,22998.0,22350.0,22797.0,22998.0,22329.0,9742882.0,222109781380.0,2442.0
2021-04-10,23480.0,23480.0,22470.0,23009.0,22600.0,22797.0,8949898.0,205926411186.0,3115.0
2021-04-11,22750.0,22750.0,22549.0,22570.0,22549.0,23009.0,6103776.0,137761014266.0,1619.0
2021-04-12,22600.0,23180.0,22600.0,22859.0,23120.0,22570.0,6335657.0,144828007234.0,1971.0
2021-04-24,18394.0,18394.0,18394.0,18746.0,18394.0,18769.0,132202.0,2431723588.0,87.0
2021-04-25,18372.0,18372.0,18372.0,18727.0,18372.0,18746.0,110157.0,2023804404.0,68.0
2021-04-26,18353.0,18353.0,18353.0,18702.0,18353.0,18727.0,142026.0,2606603178.0,63.0
2021-04-27,18328.0,18328.0,18328.0,18673.0,18328.0,18702.0,165783.0,3038470824.0,73.0
2021-04-28,17927.0,17927.0,17927.0,18163.0,17927.0,18673.0,1466062.0,26282093474.0,341.0
2021-05-01,17800.0,17800.0,17800.0,18110.0,17800.0,18163.0,310203.0,5521613400.0,56.0
2021-05-02,17748.0,17748.0,17748.0,18107.0,17748.0,18110.0,18013.0,319694724.0,25.0
2021-05-03,17745.0,17745.0,17745.0,18102.0,17745.0,18107.0,31468.0,558399660.0,29.0
2021-05-05,17378.0,17378.0,17378.0,18042.0,17378.0,18102.0,179028.0,3111148584.0,82.0
2021-05-08,17682.0,17682.0,17682.0,18025.0,17682.0,18042.0,102979.0,1820874678.0,35.0
2021-05-09,17665.0,17665.0,17665.0,18023.0,17665.0,18025.0,14470.0,255612550.0,16.0
2021-05-10,17663.0,17663.0,17663.0,18008.0,17663.0,18023.0,88955.0,1571212165.0,32.0
2021-05-11,17288.0,17288.0,17288.0,17717.0,17288.0,18008.0,867776.0,15002111488.0,193.0
2021-05-12,17363.0,17363.0,17363.0,17692.0,17363.0,17717.0,154026.0,2674353438.0,68.0
2021-05-15,17162.0,17162.0,17162.0,17679.0,17162.0,17692.0,52318.0,897881516.0,41.0
2021-05-16,17149.0,17149.0,17149.0,17665.0,17149.0,17679.0,57158.0,980202542.0,27.0
2021-05-17,16782.0,16782.0,16782.0,17452.0,16782.0,17665.0,516101.0,8661206982.0,97.0
2021-05-18,16929.0,16929.0,16929.0,17432.0,16929.0,17452.0,80198.0,1357671942.0,27.0
2021-05-19,16910.0,16910.0,16910.0,17412.0,16910.0,17432.0,83740.0,1416043400.0,31.0
2021-05-22,16890.0,16890.0,16890.0,17399.0,16890.0,17412.0,51434.0,868720260.0,21.0
2021-05-23,16530.0,16530.0,16530.0,17377.0,16530.0,17399.0,55223.0,912836190.0,26.0
2021-05-24,16856.0,16856.0,16856.0,17371.0,16856.0,17377.0,26639.0,449026984.0,16.0
2021-05-30,17372.0,17700.0,16850.0,17145.0,16850.0,17371.0,12603585.0,216082586288.0,1218.0
2021-05-31,16631.0,16850.0,16631.0,16631.0,16631.0,17145.0,4897817.0,81457552971.0,810.0
2021-06-01,16133.0,17129.0,16133.0,16921.0,17129.0,16631.0,13268288.0,224513102789.0,2630.0
2021-06-02,16940.0,17428.0,16940.0,17387.0,17428.0,16921.0,5420881.0,94253542147.0,1147.0
2021-06-07,17430.0,17900.0,17220.0,17474.0,17390.0,17387.0,5783591.0,101062964415.0,1659.0
2021-06-08,17600.0,17990.0,16950.0,17317.0,17476.0,17474.0,6098781.0,105610752495.0,1513.0
2021-06-09,17318.0,17500.0,16798.0,17108.0,16799.0,17317.0,5073816.0,86800673222.0,1469.0
2021-06-12,17110.0,17621.0,17110.0,17581.0,17621.0,17108.0,14419155.0,253502258708.0,2088.0
2021-06-13,17620.0,18000.0,17600.0,17650.0,17601.0,17581.0,3329688.0,58770222668.0,1051.0
2021-06-14,17710.0,17980.0,17700.0,17732.0,17736.0,17650.0,3743508.0,66380005163.0,966.0
2021-06-15,17800.0,18000.0,17673.0,17800.0,17802.0,17732.0,6411586.0,114128359621.0,1360.0
2021-06-16,17800.0,17900.0,17266.0,17592.0,17266.0,17800.0,6007507.0,105682030298.0,1385.0
2021-06-19,17270.0,17500.0,17065.0,17174.0,17065.0,17592.0,4968629.0,85331220697.0,1208.0
2021-06-20,17200.0,17680.0,16750.0,17125.0,17000.0,17174.0,4856759.0,83169787970.0,1242.0
2021-06-21,17150.0,17300.0,16612.0,16874.0,16612.0,17125.0,4856201.0,81945854602.0,1424.0
2021-06-22,17000.0,17110.0,16625.0,16920.0,16920.0,16874.0,4181234.0,70747354406.0,1049.0
2021-06-23,17000.0,17340.0,16650.0,17038.0,17010.0,16920.0,4691870.0,79939369393.0,1356.0
2021-06-26,17220.0,17549.0,17040.0,17446.0,17310.0,17038.0,4521512.0,78882396867.0,1352.0
2021-06-27,16930.0,17440.0,16923.0,16964.0,17000.0,17446.0,6289719.0,106700898128.0,1666.0
2021-06-28,17000.0,17220.0,16539.0,16956.0,16970.0,16964.0,7101029.0,120406512944.0,1872.0
2021-07-10,17511.0,18036.0,17430.0,17856.0,17581.0,16756.0,10279646.0,183556289930.0,2147.0
2021-07-11,17400.0,18000.0,17321.0,17410.0,17321.0,17856.0,4390394.0,76435441915.0,918.0
2021-07-12,16900.0,17270.0,16888.0,16951.0,16888.0,17410.0,9178121.0,155580283100.0,2528.0
2021-07-13,16660.0,17000.0,16443.0,16538.0,16443.0,16951.0,8217216.0,135894843791.0,2224.0
2021-07-14,16051.0,16442.0,16042.0,16063.0,16042.0,16538.0,10623403.0,170642579809.0,2573.0
2021-07-17,16000.0,16199.0,15582.0,15691.0,15582.0,16063.0,7734091.0,121354703834.0,2133.0
2021-07-18,15221.0,16161.0,15221.0,15613.0,16149.0,15691.0,15722838.0,245480030120.0,3514.0
2021-07-19,16081.0,16081.0,15850.0,16058.0,16081.0,15613.0,10424507.0,167396093053.0,2244.0
2021-07-26,15900.0,16539.0,15740.0,16281.0,16539.0,16058.0,14809424.0,241107834222.0,2945.0
2021-07-27,16750.0,16750.0,15793.0,16072.0,15793.0,16281.0,7628278.0,122599391514.0,1710.0
2021-07-28,15590.0,15900.0,15590.0,15631.0,15590.0,16072.0,5633891.0,88063982331.0,1228.0
2021-07-31,15163.0,15500.0,15163.0,15182.0,15163.0,15631.0,8703018.0,132124991909.0,1897.0
2021-08-01,14727.0,15150.0,14727.0,14754.0,14727.0,15182.0,8738873.0,128933982489.0,2032.0
2021-08-02,14350.0,14550.0,14312.0,14352.0,14312.0,14754.0,4795111.0,68819700910.0,960.0
2021-08-03,13930.0,14280.0,13922.0,13952.0,13922.0,14352.0,10444782.0,145726845103.0,2006.0
2021-08-04,13523.0,13850.0,13257.0,13457.0,13520.0,13952.0,10143212.0,136494479677.0,2341.0
2021-08-07,13750.0,13857.0,13462.0,13632.0,13670.0,13457.0,6447451.0,87893798583.0,1807.0
2021-08-08,13860.0,14040.0,13580.0,13870.0,14040.0,13632.0,7845311.0,108816988426.0,1738.0
2021-08-09,14210.0,14286.0,14000.0,14252.0,14286.0,13870.0,3278251.0,46720546140.0,820.0
2021-08-10,14679.0,14679.0,14286.0,14599.0,14495.0,14252.0,8127848.0,118655630402.0,2003.0
2021-08-11,14600.0,15036.0,14599.0,14821.0,14850.0,14599.0,8410755.0,124658843610.0,1779.0
2021-08-14,15050.0,15265.0,15000.0,15202.0,15265.0,14821.0,9107105.0,138443257205.0,1438.0
2021-08-15,15625.0,15658.0,15450.0,15651.0,15658.0,15202.0,15958139.0,249762482113.0,1929.0
2021-08-22,15661.0,16120.0,15400.0,15774.0,15800.0,15651.0,15661506.0,247039487060.0,2295.0
2021-08-23,16100.0,16100.0,15301.0,15390.0,15301.0,15774.0,7673273.0,118089148726.0,1499.0
2021-08-24,15000.0,15470.0,15000.0,15106.0,15050.0,15390.0,15938715.0,240770476667.0,4075.0
2021-08-25,15110.0,15300.0,14666.0,14916.0,15100.0,15106.0,13797898.0,205811830817.0,3181.0
2021-08-28,14920.0,15200.0,14920.0,15111.0,15110.0,14916.0,12213264.0,184551963938.0,2875.0
2021-08-29,15110.0,15410.0,14658.0,15077.0,14658.0,15111.0,12968617.0,195534226486.0,3512.0
2021-08-30,14625.0,14625.0,14625.0,14921.0,14625.0,15077.0,740681.0,10832459625.0,262.0
2021-08-31,14474.0,15000.0,14474.0,14535.0,14475.0,14921.0,14083435.0,204706560236.0,2197.0
2021-09-01,14220.0,14800.0,14142.0,14314.0,14300.0,14535.0,10969689.0,157023543402.0,2388.0
2021-09-04,14318.0,14743.0,14318.0,14724.0,14743.0,14314.0,10800874.0,159035284744.0,1529.0
2021-09-05,15150.0,15165.0,14851.0,15133.0,15165.0,14724.0,7095244.0,107372667285.0,1262.0
2021-09-06,15400.0,15586.0,14910.0,15546.0,15586.0,15133.0,23071645.0,358667902121.0,3557.0
2021-09-07,15730.0,16323.0,15400.0,16258.0,16323.0,15546.0,28602074.0,465006249102.0,2639.0
2021-09-08,16745.0,16745.0,16500.0,16744.0,16745.0,16258.0,12106248.0,202705921142.0,1308.0
2021-09-11,17246.0,17246.0,16367.0,17148.0,16700.0,16744.0,31353944.0,537658151724.0,3663.0
2021-09-12,16700.0,17070.0,16634.0,16665.0,16634.0,17148.0,3871831.0,64525516796.0,850.0
2021-09-13,16166.0,16497.0,16166.0,16177.0,16166.0,16665.0,10662963.0,172494333155.0,1073.0
2021-09-14,15720.0,16490.0,15692.0,15804.0,15692.0,16177.0,23439908.0,370436859919.0,3928.0
2021-09-15,15551.0,15999.0,15250.0,15505.0,15250.0,15804.0,9171858.0,142206901681.0,3479.0
2021-09-18,15505.0,15970.0,15040.0,15208.0,15040.0,15505.0,3878420.0,58984333643.0,890.0
2021-09-19,14752.0,14752.0,14752.0,14979.0,14752.0,15208.0,1077219.0,15891134688.0,338.0
2021-09-20,14530.0,14965.0,14530.0,14568.0,14530.0,14979.0,8271840.0,120500389210.0,1580.0
2021-09-21,13840.0,14420.0,13840.0,13861.0,13840.0,14568.0,13763247.0,190771496206.0,1694.0
2021-09-22,13447.0,13794.0,13446.0,13460.0,13446.0,13861.0,9387889.0,126361017545.0,1492.0
2021-09-25,13200.0,13688.0,13060.0,13310.0,13380.0,13460.0,15798505.0,210284452308.0,3113.0
2021-09-26,13330.0,13709.0,13330.0,13679.0,13709.0,13310.0,15977640.0,218551756901.0,2726.0
2021-09-28,13800.0,14089.0,13680.0,14075.0,14089.0,13679.0,13100210.0,184386621334.0,2105.0
2021-09-29,14180.0,14497.0,14117.0,14467.0,14497.0,14075.0,11700947.0,169277171935.0,2340.0
2021-10-02,14550.0,14901.0,14033.0,14364.0,14033.0,14467.0,24241919.0,348214398471.0,3798.0
2021-10-03,14564.0,14564.0,13934.0,14136.0,13934.0,14364.0,6911373.0,97702340634.0,1274.0
2021-10-04,13750.0,13900.0,13712.0,13719.0,13874.0,14136.0,11326413.0,155391622732.0,2235.0
2021-10-06,13801.0,13995.0,13712.0,13828.0,13839.0,13719.0,6715682.0,92865362174.0,1285.0
2021-10-09,13813.0,13828.0,13414.0,13454.0,13414.0,13828.0,6883528.0,92613249649.0,1279.0
2021-10-10,13100.0,13450.0,13051.0,13115.0,13199.0,13454.0,10810671.0,141787121893.0,1726.0
2021-10-11,13199.0,13508.0,13199.0,13460.0,13508.0,13115.0,16200323.0,218060670166.0,2102.0
2021-11-16,10620.0,10620.0,10620.0,10620.0,10620.0,9617.0,3027728.0,32154471360.0,164.0
2021-11-17,10933.0,10938.0,10310.0,10831.0,10700.0,10620.0,34852364.0,377495758304.0,3897.0
2021-11-20,10507.0,10690.0,10507.0,10508.0,10507.0,10831.0,5154933.0,54166419048.0,489.0
2021-11-21,10193.0,10193.0,10193.0,10262.0,10193.0,10508.0,2341696.0,23868907328.0,246.0
2021-11-22,9955.0,9955.0,9955.0,10055.0,9955.0,10262.0,2023557.0,20144509935.0,288.0
2021-11-23,9553.0,10500.0,9553.0,9872.0,9635.0,10055.0,29967794.0,295847483826.0,4612.0
2021-11-24,9655.0,10160.0,9576.0,9714.0,9587.0,9872.0,16212946.0,157493743747.0,2831.0
2021-11-27,9425.0,9550.0,9423.0,9495.0,9423.0,9714.0,2278428.0,21476918806.0,438.0
2021-11-28,9211.0,9380.0,9211.0,9217.0,9211.0,9495.0,14429182.0,132991203851.0,2004.0
2021-11-29,8990.0,9200.0,8941.0,8955.0,8941.0,9217.0,11879604.0,106379407228.0,1684.0
2021-11-30,8720.0,8857.0,8687.0,8696.0,8687.0,8955.0,9934056.0,86391403969.0,1376.0
2021-12-01,8465.0,8900.0,8436.0,8501.0,8695.0,8696.0,9701718.0,82474896856.0,1675.0
2021-12-04,8420.0,8756.0,8297.0,8570.0,8450.0,8501.0,9212374.0,78953872902.0,1665.0
2021-12-05,8390.0,8450.0,8313.0,8332.0,8313.0,8570.0,8331393.0,69416293750.0,1272.0
2021-12-06,8120.0,8318.0,8083.0,8093.0,8083.0,8332.0,10149618.0,82136791963.0,1523.0
2021-12-07,8000.0,8335.0,7851.0,8184.0,8335.0,8093.0,21327168.0,174541298337.0,2324.0
2021-12-08,8429.0,8429.0,8203.0,8419.0,8429.0,8184.0,24866012.0,209343398336.0,1755.0
2021-12-11,8430.0,8500.0,8167.0,8269.0,8167.0,8419.0,5372829.0,44425294849.0,794.0
2021-12-12,8021.0,8163.0,8021.0,8091.0,8021.0,8269.0,2149521.0,17241517320.0,200.0
2021-12-13,7849.0,8021.0,7849.0,7914.0,7849.0,8091.0,2245909.0,17641097434.0,295.0
2021-12-14,7677.0,7677.0,7677.0,7872.0,7677.0,7914.0,533783.0,4097852091.0,120.0
2021-12-15,7479.0,7870.0,7479.0,7515.0,7479.0,7872.0,8661061.0,65086975618.0,1197.0
2021-12-18,7301.0,7590.0,7290.0,7457.0,7326.0,7515.0,14332351.0,106881105310.0,1329.0
2021-12-19,7310.0,7320.0,7234.0,7373.0,7234.0,7457.0,1241148.0,9002579416.0,203.0
2021-12-20,7152.0,7152.0,7152.0,7334.0,7152.0,7373.0,523176.0,3741754752.0,126.0
2021-12-21,7114.0,7350.0,7114.0,7145.0,7133.0,7334.0,11755704.0,83996318057.0,1754.0
2021-12-22,7028.0,7359.0,7028.0,7281.0,7359.0,7145.0,10373118.0,75524482138.0,1473.0
2021-12-25,7400.0,7400.0,7063.0,7168.0,7063.0,7281.0,5888189.0,42206124845.0,1130.0
2021-12-26,6953.0,7050.0,6953.0,6978.0,6953.0,7168.0,2668161.0,18555995567.0,420.0
2021-12-27,6800.0,6950.0,6769.0,6794.0,6820.0,6978.0,13392620.0,90995259602.0,1972.0
2021-12-28,6800.0,6997.0,6800.0,6976.0,6997.0,6794.0,8418182.0,58726712889.0,762.0
2021-12-29,7140.0,7140.0,6821.0,6974.0,7050.0,6976.0,5399814.0,37656453000.0,1018.0
2022-01-01,7050.0,7183.0,6800.0,7125.0,7131.0,6974.0,15644440.0,111460536156.0,1504.0
2022-01-02,7187.0,7258.0,6970.0,7074.0,7000.0,7125.0,3940338.0,27875405464.0,779.0
2022-01-03,7139.0,7139.0,6862.0,6881.0,6862.0,7074.0,5477847.0,37691218725.0,1028.0
2022-01-04,6801.0,6802.0,6675.0,6717.0,6675.0,6881.0,2657967.0,17796392984.0,516.0
2022-01-05,6630.0,6675.0,6516.0,6526.0,6520.0,6717.0,6933468.0,45250181208.0,948.0
2022-01-08,6400.0,6530.0,6340.0,6370.0,6340.0,6526.0,5682769.0,36181933720.0,746.0
2022-01-09,6560.0,6560.0,6550.0,6560.0,6560.0,6370.0,17052558.0,111862750480.0,877.0
2022-01-10,6750.0,6750.0,6750.0,6710.0,6750.0,6560.0,2374196.0,16025823000.0,187.0
2022-01-11,6910.0,6910.0,6910.0,6800.0,6910.0,6710.0,1318629.0,9111726390.0,142.0
2022-01-12,7140.0,7140.0,7140.0,7140.0,7140.0,6800.0,3050409.0,21779920260.0,280.0
2022-01-15,7350.0,7350.0,7340.0,7350.0,7350.0,7140.0,22210738.0,163245793690.0,1045.0
2022-01-16,7570.0,7570.0,7130.0,7330.0,7130.0,7350.0,16070464.0,117772023710.0,1891.0
2022-01-17,7340.0,7340.0,7120.0,7170.0,7120.0,7330.0,5074626.0,36393861770.0,492.0
2022-01-18,6960.0,6960.0,6960.0,7150.0,6960.0,7170.0,316903.0,2205644880.0,95.0
2022-01-19,6940.0,6940.0,6940.0,7100.0,6940.0,7150.0,711926.0,4940766440.0,105.0
2022-01-22,6750.0,6750.0,6750.0,6940.0,6750.0,7100.0,1395946.0,9422635500.0,174.0
2022-01-23,6740.0,6740.0,6740.0,6910.0,6740.0,6940.0,405579.0,2733602460.0,58.0
2022-01-24,6710.0,6710.0,6710.0,6900.0,6710.0,6910.0,165547.0,1110820370.0,34.0
2022-01-25,6700.0,6700.0,6700.0,6880.0,6700.0,6900.0,232231.0,1555947700.0,30.0
2022-01-26,6540.0,6680.0,6540.0,6550.0,6540.0,6880.0,19230952.0,125900128700.0,1552.0
2022-01-29,6360.0,6730.0,6360.0,6550.0,6660.0,6550.0,19024341.0,124558595280.0,2202.0
2022-01-30,6660.0,6720.0,6360.0,6440.0,6360.0,6550.0,8274477.0,53292427180.0,1242.0
2022-01-31,6250.0,6630.0,6250.0,6610.0,6630.0,6440.0,21207024.0,140179079920.0,1490.0
2022-02-01,6800.0,6800.0,6800.0,6800.0,6800.0,6610.0,4056046.0,27581112800.0,337.0
2022-02-02,6860.0,7000.0,6600.0,6890.0,6950.0,6800.0,21564359.0,148474091690.0,1864.0
2022-02-05,6890.0,7090.0,6890.0,6960.0,6920.0,6890.0,8066786.0,56129099070.0,1028.0
2022-02-06,6920.0,6920.0,6760.0,6870.0,6760.0,6960.0,1304591.0,8824816610.0,189.0
2022-02-07,6670.0,6670.0,6670.0,6830.0,6670.0,6870.0,627356.0,4184464520.0,87.0
2022-02-08,6630.0,6830.0,6630.0,6640.0,6630.0,6830.0,7958126.0,52872266320.0,1037.0
2022-02-09,6510.0,6970.0,6510.0,6690.0,6700.0,6640.0,15434675.0,103327868790.0,1656.0
2022-02-12,6730.0,6790.0,6660.0,6700.0,6700.0,6690.0,9155987.0,61382776630.0,761.0
2022-02-13,6710.0,6750.0,6700.0,6710.0,6720.0,6700.0,11127901.0,74673086870.0,640.0
2022-02-14,6710.0,6910.0,6510.0,6790.0,6820.0,6710.0,7247106.0,49240817640.0,987.0
2022-02-16,6810.0,6900.0,6800.0,6800.0,6800.0,6790.0,8357057.0,56856746300.0,600.0
2022-02-19,6800.0,6810.0,6600.0,6640.0,6810.0,6800.0,7216723.0,47897246020.0,874.0
2022-02-20,6790.0,6790.0,6660.0,6670.0,6680.0,6640.0,3779586.0,25226334040.0,617.0
2022-02-21,6680.0,6860.0,6680.0,6730.0,6820.0,6670.0,6354640.0,42751093820.0,824.0
2022-02-22,6830.0,6930.0,6770.0,6870.0,6800.0,6730.0,5640100.0,38738577210.0,819.0
2022-02-23,6730.0,7000.0,6670.0,6880.0,6900.0,6870.0,4794535.0,32975948560.0,808.0
2022-02-26,6720.0,6900.0,6720.0,6860.0,6890.0,6880.0,14629142.0,100418688150.0,713.0
2022-02-27,6870.0,7000.0,6870.0,6920.0,6880.0,6860.0,3577570.0,24739960040.0,532.0
2022-02-28,6900.0,7120.0,6830.0,7030.0,7080.0,6920.0,14179280.0,99695119460.0,1178.0
2022-03-02,7180.0,7200.0,7030.0,7060.0,7030.0,7030.0,6822744.0,48180050290.0,657.0
2022-03-05,7060.0,7210.0,7060.0,7070.0,7070.0,7060.0,6560935.0,46381100490.0,599.0
2022-03-06,7020.0,7060.0,6910.0,6990.0,6940.0,7070.0,8138242.0,56896499560.0,1033.0
2022-03-07,6990.0,7150.0,6890.0,6990.0,6900.0,6990.0,7589236.0,53077843170.0,783.0
2022-03-08,6860.0,7050.0,6790.0,6840.0,6790.0,6990.0,8253191.0,56438441570.0,947.0
2022-03-09,6800.0,6850.0,6680.0,6760.0,6720.0,6840.0,6647370.0,44943469390.0,719.0
2022-03-12,6770.0,6800.0,6560.0,6630.0,6560.0,6760.0,7657276.0,50754863840.0,819.0
2022-03-13,6450.0,6570.0,6440.0,6470.0,6440.0,6630.0,3308593.0,21414209010.0,602.0
2022-03-14,6480.0,6520.0,6300.0,6380.0,6320.0,6470.0,4141373.0,26427337700.0,609.0
2022-03-15,6300.0,6490.0,6190.0,6310.0,6270.0,6380.0,4731933.0,29869607700.0,637.0
2022-03-16,6350.0,6490.0,6350.0,6470.0,6490.0,6310.0,8048044.0,52072505590.0,739.0
2022-03-19,6650.0,6660.0,6550.0,6610.0,6650.0,6470.0,7639426.0,50531358870.0,546.0
2022-03-26,6650.0,6790.0,6470.0,6590.0,6620.0,6610.0,4142526.0,27304374840.0,585.0
2022-03-27,6600.0,6650.0,6590.0,6600.0,6600.0,6590.0,6034580.0,39850182870.0,481.0
2022-03-29,6730.0,6750.0,6450.0,6580.0,6570.0,6600.0,4339573.0,28538247100.0,840.0
2022-03-30,6570.0,6640.0,6460.0,6550.0,6550.0,6580.0,3881041.0,25424039830.0,644.0
2022-04-03,6560.0,6650.0,6410.0,6530.0,6540.0,6550.0,7557001.0,49337198380.0,1031.0
2022-04-04,6540.0,6680.0,6510.0,6590.0,6540.0,6530.0,6602326.0,43506751190.0,946.0
2022-04-05,6550.0,6780.0,6550.0,6720.0,6780.0,6590.0,6060774.0,40750213880.0,735.0
2022-04-06,6920.0,6920.0,6800.0,6910.0,6920.0,6720.0,13889145.0,96000473800.0,1319.0
2022-04-09,6960.0,7110.0,6930.0,7080.0,7110.0,6910.0,15758353.0,111541458430.0,1798.0
2022-04-10,7120.0,7290.0,7120.0,7280.0,7290.0,7080.0,8609835.0,62712185540.0,875.0
2022-04-11,7310.0,7490.0,7070.0,7180.0,7100.0,7280.0,14875139.0,106769571220.0,1979.0
2022-04-12,6980.0,7130.0,6970.0,6970.0,6970.0,7180.0,4500135.0,31384784980.0,623.0
2022-04-13,6790.0,7080.0,6770.0,6840.0,6810.0,6970.0,9916204.0,67779509370.0,1177.0
2022-04-16,6750.0,6990.0,6640.0,6850.0,6860.0,6840.0,14367859.0,98393067090.0,1822.0
2022-04-17,6860.0,7050.0,6830.0,6980.0,7050.0,6850.0,10609380.0,74102713800.0,1203.0
2022-04-18,7180.0,7180.0,6950.0,7130.0,6990.0,6980.0,14151384.0,100877030260.0,1638.0
2022-04-19,7000.0,7200.0,6930.0,7100.0,7150.0,7130.0,14884098.0,105661225760.0,1660.0
2022-04-20,7050.0,7290.0,7050.0,7180.0,7170.0,7100.0,12019829.0,86282903230.0,1342.0
2022-04-24,7260.0,7260.0,6980.0,7030.0,7010.0,7180.0,8279630.0,58231035040.0,1453.0
2022-04-25,7000.0,7200.0,6940.0,7060.0,7100.0,7030.0,10205248.0,72053337950.0,1485.0
2022-04-26,7190.0,7270.0,7000.0,7230.0,7270.0,7060.0,18508695.0,133767645570.0,1489.0
2022-04-27,7440.0,7440.0,7230.0,7410.0,7440.0,7230.0,17857549.0,132351028670.0,1626.0
2022-04-30,7580.0,7630.0,7470.0,7610.0,7630.0,7410.0,8279155.0,63006311120.0,722.0
2022-05-01,7830.0,7830.0,7830.0,7830.0,7830.0,7610.0,4866649.0,38105861670.0,282.0
2022-05-02,8060.0,8060.0,7730.0,7970.0,7880.0,7830.0,34849380.0,277781344240.0,3106.0
2022-05-07,7990.0,8190.0,7750.0,8020.0,8060.0,7970.0,22148893.0,177656233030.0,2953.0
2022-05-08,8100.0,8180.0,7940.0,8050.0,8040.0,8020.0,11237222.0,90507152370.0,1617.0
2022-05-09,8000.0,8000.0,7810.0,7840.0,7810.0,8050.0,6899968.0,54076825380.0,904.0
2022-05-10,7620.0,8070.0,7610.0,7880.0,8070.0,7840.0,24633490.0,194195948740.0,2186.0
2022-05-11,8110.0,8110.0,8110.0,8110.0,8110.0,7880.0,5442274.0,44136842140.0,340.0
2022-05-14,8350.0,8350.0,8350.0,8350.0,8350.0,8110.0,4226520.0,35291442000.0,263.0
2022-05-15,8600.0,8600.0,8220.0,8540.0,8430.0,8350.0,48955204.0,418037365850.0,3991.0
2022-05-16,8500.0,8500.0,8290.0,8300.0,8290.0,8540.0,15454700.0,128199759280.0,2250.0
2022-05-17,8270.0,8290.0,8060.0,8100.0,8060.0,8300.0,16546525.0,134012419450.0,2249.0
2022-05-18,7900.0,8100.0,7860.0,7870.0,7860.0,8100.0,14682995.0,115531913170.0,1479.0
2022-05-21,7680.0,8080.0,7640.0,7820.0,7840.0,7870.0,8797852.0,68807427850.0,1327.0
2022-05-22,8040.0,8040.0,7720.0,7800.0,7760.0,7820.0,6013788.0,46883152490.0,857.0
2022-05-23,7740.0,7940.0,7570.0,7630.0,7570.0,7800.0,7061317.0,53902928870.0,698.0
2022-05-24,7410.0,7650.0,7410.0,7420.0,7410.0,7630.0,17443302.0,129462554150.0,1613.0
2022-05-25,7300.0,7640.0,7300.0,7600.0,7640.0,7420.0,13820846.0,105107398910.0,1536.0
2022-05-28,7780.0,7780.0,7380.0,7410.0,7380.0,7600.0,10618912.0,78692550670.0,886.0
2022-05-29,7220.0,7370.0,7190.0,7190.0,7260.0,7410.0,18446915.0,132721556290.0,1262.0
2022-05-30,7110.0,7380.0,7000.0,7100.0,7030.0,7190.0,7202732.0,51123218780.0,965.0
2022-05-31,6980.0,7160.0,6890.0,7030.0,7090.0,7100.0,5600510.0,39361310990.0,987.0
2022-06-01,7100.0,7140.0,6920.0,7020.0,6950.0,7030.0,8419181.0,59088916410.0,962.0
2022-06-06,6930.0,7010.0,6810.0,6820.0,6810.0,7020.0,5627425.0,38379927980.0,615.0
2022-06-07,6620.0,6770.0,6620.0,6630.0,6620.0,6820.0,12614804.0,83659351420.0,1338.0
2022-06-08,6510.0,6820.0,6510.0,6800.0,6820.0,6630.0,8172203.0,55530203640.0,837.0
2022-06-11,6960.0,6960.0,6600.0,6670.0,6630.0,6800.0,10017633.0,66858636360.0,1269.0
2022-06-12,6510.0,6860.0,6500.0,6680.0,6850.0,6670.0,10013117.0,66929510370.0,1149.0
2022-06-13,6880.0,6880.0,6840.0,6880.0,6880.0,6680.0,6136584.0,42212294810.0,608.0
2022-06-14,7000.0,7070.0,6820.0,6980.0,6820.0,6880.0,6157947.0,42963119210.0,905.0
2022-06-15,6950.0,7050.0,6780.0,6830.0,6780.0,6980.0,6313581.0,43092770350.0,863.0
2022-06-18,6630.0,6750.0,6630.0,6640.0,6630.0,6830.0,7333383.0,48675061630.0,716.0
2022-06-19,6500.0,6620.0,6450.0,6460.0,6470.0,6640.0,15225939.0,98399050320.0,1334.0
2022-06-20,6440.0,6580.0,6270.0,6330.0,6360.0,6460.0,13623002.0,86231639880.0,1464.0
2022-06-21,6370.0,6460.0,6300.0,6340.0,6330.0,6330.0,12051199.0,76446478490.0,952.0
2022-06-22,6350.0,6450.0,6350.0,6360.0,6420.0,6340.0,12817966.0,81575972950.0,932.0
2022-06-25,6420.0,6500.0,6330.0,6370.0,6370.0,6360.0,8630012.0,54991162880.0,1171.0
2022-06-26,6380.0,6560.0,6180.0,6290.0,6180.0,6370.0,13230496.0,83217809120.0,1574.0
2022-06-27,6290.0,6330.0,6150.0,6280.0,6300.0,6290.0,13290348.0,83520297390.0,1437.0
2022-06-28,6350.0,6430.0,6190.0,6280.0,6290.0,6280.0,9935936.0,62425445670.0,1171.0
2022-06-29,6380.0,6440.0,6160.0,6260.0,6250.0,6280.0,16916742.0,105826124610.0,1290.0
2022-07-02,6200.0,6300.0,6080.0,6100.0,6080.0,6260.0,9465411.0,57772062550.0,1144.0
2022-07-03,5960.0,6280.0,5930.0,6180.0,6280.0,6100.0,11745530.0,72548902390.0,1480.0
2022-07-04,6280.0,6360.0,6250.0,6340.0,6360.0,6180.0,14147709.0,89710133510.0,1346.0
2022-07-12,5990.0,5990.0,5990.0,6140.0,5990.0,6170.0,468582.0,2806806180.0,85.0
2022-07-13,5960.0,5960.0,5960.0,5970.0,5960.0,6140.0,2769934.0,16508806640.0,323.0
2022-07-16,5800.0,5800.0,5800.0,5930.0,5800.0,5970.0,753259.0,4368902200.0,100.0
2022-07-17,5760.0,5760.0,5760.0,5890.0,5760.0,5930.0,784348.0,4517844480.0,86.0
2022-07-19,5720.0,5720.0,5720.0,5850.0,5720.0,5890.0,663546.0,3795483120.0,110.0
2022-07-20,5680.0,5800.0,5680.0,5710.0,5730.0,5850.0,27008169.0,154129884660.0,2351.0
2022-07-23,5760.0,5870.0,5540.0,5670.0,5580.0,5710.0,11430787.0,64807564000.0,1671.0
2022-07-24,5680.0,5840.0,5680.0,5820.0,5840.0,5670.0,20540537.0,119605716860.0,2028.0
2022-07-25,5880.0,5990.0,5650.0,5820.0,5650.0,5820.0,13927713.0,81016942390.0,1604.0
2022-07-26,5660.0,5800.0,5650.0,5660.0,5650.0,5820.0,3967573.0,22475115700.0,442.0
2022-07-27,5510.0,5820.0,5500.0,5780.0,5770.0,5660.0,11423979.0,66011431490.0,811.0
2022-07-30,5710.0,5770.0,5610.0,5630.0,5610.0,5780.0,5100872.0,28692951450.0,591.0
2022-07-31,5510.0,5510.0,5470.0,5560.0,5470.0,5630.0,1423172.0,7789211260.0,172.0
2022-08-01,5400.0,5400.0,5400.0,5510.0,5400.0,5560.0,1008708.0,5447023200.0,121.0
2022-08-02,5350.0,5350.0,5350.0,5470.0,5350.0,5510.0,811424.0,4341118400.0,91.0
2022-08-03,5310.0,5630.0,5310.0,5470.0,5510.0,5470.0,15532451.0,85009803470.0,1190.0
2022-08-06,5500.0,5590.0,5420.0,5490.0,5450.0,5470.0,8312373.0,45651034630.0,889.0
2022-08-09,5360.0,5500.0,5330.0,5350.0,5330.0,5490.0,6613859.0,35394080020.0,820.0
2022-08-10,5250.0,5290.0,5190.0,5200.0,5190.0,5350.0,10691269.0,55555562110.0,973.0
2022-08-13,5120.0,5350.0,5120.0,5320.0,5330.0,5200.0,8815317.0,46889197390.0,794.0
2022-08-14,5320.0,5320.0,5170.0,5180.0,5170.0,5320.0,7236290.0,37492722310.0,718.0
2022-08-15,5100.0,5330.0,5030.0,5230.0,5310.0,5180.0,16781020.0,87695232630.0,1398.0
2022-08-16,5250.0,5370.0,5170.0,5290.0,5250.0,5230.0,4312835.0,22830959480.0,473.0
2022-08-17,5250.0,5350.0,5160.0,5200.0,5250.0,5290.0,5079455.0,26436302190.0,507.0
2022-08-20,5200.0,5350.0,5110.0,5300.0,5350.0,5200.0,7802014.0,41376304150.0,767.0
2022-08-21,5370.0,5450.0,5280.0,5440.0,5450.0,5300.0,7082206.0,38539691550.0,564.0
2022-08-22,5600.0,5600.0,5570.0,5600.0,5600.0,5440.0,6681392.0,37415626220.0,447.0
2022-08-23,5760.0,5760.0,5690.0,5760.0,5760.0,5600.0,6714851.0,38677034740.0,315.0
2022-08-24,5930.0,5930.0,5770.0,5910.0,5930.0,5760.0,15321364.0,90584634630.0,921.0
2022-08-27,6080.0,6080.0,5930.0,6080.0,6000.0,5910.0,17024251.0,103477973320.0,653.0
2022-08-28,6080.0,6260.0,5940.0,6230.0,6260.0,6080.0,35001171.0,217932519010.0,1353.0
2022-08-29,6410.0,6410.0,6410.0,6410.0,6410.0,6230.0,3735875.0,23946958750.0,227.0
2022-08-30,6600.0,6600.0,6600.0,6600.0,6600.0,6410.0,3718820.0,24544212000.0,212.0
2022-08-31,6790.0,6790.0,6560.0,6750.0,6580.0,6600.0,94561178.0,638304113840.0,4401.0
2022-09-03,6570.0,6950.0,6550.0,6700.0,6900.0,6750.0,41141841.0,275675872230.0,2203.0
2022-09-04,6900.0,6900.0,6860.0,6900.0,6900.0,6700.0,7908689.0,54565273300.0,356.0
2022-09-05,7100.0,7100.0,6830.0,7080.0,7010.0,6900.0,45058039.0,318795424140.0,2639.0
2022-09-06,7000.0,7150.0,6890.0,6990.0,6940.0,7080.0,12573857.0,87855949730.0,1154.0
2022-09-07,6950.0,7190.0,6850.0,7160.0,7190.0,6990.0,26552105.0,190135805300.0,1750.0
2022-09-10,7330.0,7330.0,7050.0,7180.0,7120.0,7160.0,9433800.0,67688937730.0,948.0
2022-09-11,7050.0,7230.0,6970.0,7030.0,7080.0,7180.0,17639843.0,124057508520.0,1038.0
2022-09-12,7150.0,7240.0,7020.0,7180.0,7240.0,7030.0,23876650.0,171334167420.0,1376.0
2022-09-13,7340.0,7390.0,7110.0,7290.0,7300.0,7180.0,13804407.0,100629717200.0,1272.0
2022-09-14,7200.0,7290.0,7100.0,7160.0,7190.0,7290.0,9677338.0,69304025260.0,759.0
2022-09-18,7150.0,7150.0,6950.0,7030.0,7020.0,7160.0,13282596.0,93365832830.0,787.0
2022-09-19,6980.0,7130.0,6900.0,7030.0,7000.0,7030.0,10249593.0,72040183940.0,644.0
2022-09-20,6960.0,7010.0,6820.0,6890.0,6900.0,7030.0,16089294.0,110797759130.0,786.0
2022-09-21,6720.0,6800.0,6690.0,6700.0,6690.0,6890.0,6337680.0,42453072500.0,530.0
2022-09-24,6500.0,6890.0,6500.0,6620.0,6500.0,6700.0,9218718.0,61014515720.0,564.0
2022-09-26,6430.0,6720.0,6430.0,6500.0,6500.0,6620.0,11394201.0,74075027470.0,691.0
2022-09-28,6370.0,6630.0,6370.0,6490.0,6550.0,6500.0,7763555.0,50381100520.0,727.0
2022-10-01,6500.0,6520.0,6300.0,6370.0,6300.0,6490.0,10877858.0,69332854550.0,535.0
2022-10-02,6210.0,6370.0,6180.0,6260.0,6250.0,6370.0,10917279.0,68381926860.0,610.0
2022-10-03,6240.0,6390.0,6240.0,6310.0,6380.0,6260.0,6099384.0,38507685620.0,521.0
2022-10-04,6320.0,6490.0,6310.0,6420.0,6490.0,6310.0,7638348.0,49031489670.0,684.0
2022-10-08,6430.0,6610.0,6430.0,6600.0,6610.0,6420.0,5505074.0,36344853740.0,365.0
2022-10-09,6780.0,6790.0,6620.0,6710.0,6780.0,6600.0,11678038.0,78363824270.0,820.0
2022-10-10,6670.0,6880.0,6660.0,6770.0,6870.0,6710.0,5552157.0,37571290490.0,477.0
2022-10-11,6650.0,6910.0,6650.0,6860.0,6900.0,6770.0,6147425.0,42159028970.0,433.0
2022-10-12,6900.0,7060.0,6850.0,7010.0,7060.0,6860.0,11365769.0,79662221250.0,724.0
2022-10-15,7060.0,7200.0,7060.0,7140.0,7150.0,7010.0,13319563.0,95053336870.0,850.0
2022-10-16,7120.0,7160.0,7000.0,7070.0,7070.0,7140.0,10195134.0,72121532260.0,629.0
2022-10-17,7080.0,7280.0,7050.0,7230.0,7250.0,7070.0,24032485.0,173869376040.0,1107.0
2022-10-18,7310.0,7420.0,7230.0,7320.0,7380.0,7230.0,9331043.0,68285882050.0,611.0
2022-10-19,7440.0,7440.0,7300.0,7360.0,7390.0,7320.0,9969994.0,73350367690.0,674.0
2022-10-22,7370.0,7500.0,7360.0,7400.0,7450.0,7360.0,13278194.0,98284736460.0,830.0
2022-10-23,7420.0,7550.0,7400.0,7470.0,7500.0,7400.0,9374083.0,70068201750.0,706.0
2022-10-24,7460.0,7600.0,7250.0,7370.0,7250.0,7470.0,9977603.0,73570556510.0,429.0
2022-10-25,7150.0,7150.0,7150.0,7310.0,7150.0,7370.0,827276.0,5915023400.0,63.0
2022-10-26,7100.0,7100.0,7100.0,7300.0,7100.0,7310.0,203667.0,1446035700.0,39.0
2022-10-29,7090.0,7090.0,7090.0,7280.0,7090.0,7300.0,266612.0,1890279080.0,37.0
2022-10-30,7070.0,7070.0,7070.0,7260.0,7070.0,7280.0,308938.0,2184191660.0,28.0
2022-10-31,7050.0,7050.0,7050.0,7210.0,7050.0,7260.0,742827.0,5236930350.0,52.0
2022-11-01,7000.0,7000.0,7000.0,7110.0,7000.0,7210.0,1444595.0,10112165000.0,91.0
2022-11-02,6900.0,6900.0,6900.0,7040.0,6900.0,7110.0,1051012.0,7251982800.0,64.0
2022-11-05,6830.0,7120.0,6830.0,6900.0,6950.0,7040.0,34102130.0,235351711580.0,1990.0
2022-11-06,7010.0,7080.0,6740.0,6950.0,7080.0,6900.0,16556457.0,115147942840.0,1119.0
2022-11-07,7000.0,7150.0,7000.0,7120.0,7150.0,6950.0,9782535.0,69667776750.0,929.0
2022-11-08,7220.0,7330.0,6910.0,7130.0,6930.0,7120.0,14189618.0,101140896010.0,1029.0
2022-11-09,7050.0,7200.0,6920.0,6970.0,6960.0,7130.0,16852621.0,117442067510.0,1044.0
2022-11-12,6970.0,7070.0,6850.0,6930.0,7070.0,6970.0,11123767.0,77104183170.0,840.0
2022-11-13,7060.0,7090.0,6950.0,7010.0,7070.0,6930.0,7216711.0,50622157870.0,619.0
2022-11-14,6910.0,7060.0,6800.0,6870.0,6930.0,7010.0,9211474.0,63322379540.0,661.0
2022-11-15,6920.0,7010.0,6750.0,6940.0,6960.0,6870.0,7844112.0,54469303820.0,504.0
2022-11-16,6830.0,6930.0,6740.0,6790.0,6810.0,6940.0,4644864.0,31560537530.0,475.0
2022-11-19,6810.0,6900.0,6590.0,6650.0,6700.0,6790.0,6927583.0,46072880980.0,552.0
2022-11-20,6540.0,6840.0,6510.0,6780.0,6840.0,6650.0,6809632.0,46167768450.0,555.0
2022-11-21,6810.0,6950.0,6670.0,6780.0,6820.0,6780.0,5612940.0,38039846790.0,519.0
2022-11-22,6660.0,6900.0,6610.0,6810.0,6840.0,6780.0,5720222.0,38962991420.0,505.0
2022-11-23,6930.0,6930.0,6740.0,6830.0,6820.0,6810.0,4489894.0,30659340760.0,395.0
2022-11-26,6820.0,6820.0,6630.0,6640.0,6630.0,6830.0,6674138.0,44332092150.0,735.0
2022-11-27,6500.0,6650.0,6450.0,6490.0,6630.0,6640.0,11901240.0,77234535420.0,948.0
2022-11-28,6500.0,6680.0,6500.0,6670.0,6680.0,6490.0,9791794.0,65327859500.0,431.0
2022-11-29,6690.0,6870.0,6600.0,6750.0,6650.0,6670.0,11582190.0,78178294930.0,920.0
2022-11-30,6600.0,6870.0,6580.0,6700.0,6650.0,6750.0,5562244.0,37272091610.0,636.0
2022-12-03,6600.0,6800.0,6550.0,6670.0,6550.0,6700.0,5425628.0,36179051950.0,551.0
2022-12-04,6570.0,6800.0,6490.0,6570.0,6580.0,6670.0,8229842.0,54084034860.0,893.0
2022-12-05,6510.0,6690.0,6480.0,6550.0,6500.0,6570.0,5014172.0,32867692160.0,596.0
2022-12-06,6540.0,6540.0,6360.0,6420.0,6390.0,6550.0,4972942.0,31906788090.0,691.0
2022-12-07,6450.0,6600.0,6400.0,6500.0,6500.0,6420.0,7059315.0,45896276620.0,792.0
2022-12-10,6580.0,6640.0,6310.0,6460.0,6330.0,6500.0,8250817.0,53292900580.0,744.0
2022-12-11,6330.0,6520.0,6330.0,6420.0,6360.0,6460.0,4541080.0,29175183190.0,458.0
2022-12-12,6490.0,6550.0,6360.0,6440.0,6420.0,6420.0,8706575.0,56026832400.0,782.0
2022-12-13,6410.0,6630.0,6410.0,6590.0,6590.0,6440.0,12895056.0,85011490290.0,1149.0
2022-12-14,6510.0,6780.0,6510.0,6640.0,6590.0,6590.0,9215885.0,61193069130.0,930.0
2022-12-17,6660.0,6760.0,6490.0,6660.0,6650.0,6640.0,13041370.0,86813873830.0,1197.0
2022-12-18,6730.0,6850.0,6670.0,6780.0,6690.0,6660.0,13639610.0,92526804510.0,1093.0
2022-12-19,6790.0,6900.0,6660.0,6740.0,6680.0,6780.0,6831282.0,46051402820.0,700.0
2022-12-20,6680.0,6840.0,6590.0,6720.0,6740.0,6740.0,12492173.0,83962762440.0,915.0
2022-12-21,6690.0,6920.0,6690.0,6910.0,6920.0,6720.0,22866757.0,157927402110.0,1377.0
2022-12-24,6910.0,7090.0,6870.0,6950.0,7050.0,6910.0,12955609.0,90007080040.0,1318.0
2022-12-25,7050.0,7100.0,6790.0,6930.0,6870.0,6950.0,10324849.0,71568096980.0,1132.0
2022-12-26,6940.0,7130.0,6810.0,7070.0,7060.0,6930.0,18297403.0,129398758560.0,1549.0
2022-12-28,7110.0,7250.0,6990.0,7100.0,7090.0,7070.0,17575841.0,124705579690.0,1817.0
2022-12-31,6930.0,7010.0,6890.0,6900.0,6890.0,7100.0,18982038.0,130911443580.0,1379.0
2023-01-01,6960.0,6960.0,6700.0,6740.0,6700.0,6900.0,17828759.0,120084150320.0,1247.0
2023-01-02,6710.0,6860.0,6650.0,6720.0,6740.0,6740.0,12277143.0,82452435400.0,1431.0
2023-01-03,6650.0,6900.0,6630.0,6730.0,6690.0,6720.0,11814897.0,79514212400.0,1242.0
2023-01-04,6710.0,6860.0,6630.0,6740.0,6690.0,6730.0,11547930.0,77825369860.0,1109.0
2023-01-07,6680.0,6940.0,6680.0,6930.0,6940.0,6740.0,23319536.0,161513336550.0,947.0
2023-01-08,7130.0,7130.0,7010.0,7130.0,7130.0,6930.0,37833406.0,269696276570.0,1655.0
2023-01-09,7220.0,7340.0,7210.0,7330.0,7340.0,7130.0,33859625.0,248359304970.0,1361.0
2023-01-10,7540.0,7540.0,7540.0,7540.0,7540.0,7330.0,27239094.0,205382768760.0,747.0
2023-01-11,7760.0,7760.0,7760.0,7760.0,7760.0,7540.0,10026861.0,77808441360.0,654.0
2023-01-14,7610.0,7990.0,7530.0,7820.0,7970.0,7760.0,47654076.0,372640885290.0,2939.0
2023-01-16,8050.0,8050.0,7870.0,8020.0,8000.0,7820.0,36604539.0,293568745310.0,2214.0
2023-01-17,8020.0,8100.0,7780.0,7820.0,7780.0,8020.0,24969537.0,195317792930.0,2008.0
2023-01-18,7610.0,7800.0,7590.0,7640.0,7590.0,7820.0,26331832.0,201169681430.0,2377.0
2023-01-21,7660.0,7860.0,7640.0,7820.0,7660.0,7640.0,29328901.0,229238196450.0,2235.0
2023-01-22,7840.0,7860.0,7590.0,7720.0,7740.0,7820.0,17042100.0,131615122850.0,1622.0
2023-01-23,7740.0,7950.0,7590.0,7920.0,7950.0,7720.0,42009743.0,332720204540.0,2143.0
2023-01-24,8090.0,8150.0,8050.0,8150.0,8150.0,7920.0,14278646.0,116314744060.0,844.0
2023-01-25,8390.0,8390.0,7970.0,8260.0,8300.0,8150.0,55728243.0,460559454680.0,3193.0
2023-01-28,8320.0,8500.0,8250.0,8480.0,8500.0,8260.0,51793893.0,439256295180.0,2122.0
2023-01-29,8500.0,8590.0,8230.0,8290.0,8230.0,8480.0,4311195.0,35734544730.0,189.0
2023-01-30,8050.0,8190.0,8050.0,8050.0,8050.0,8290.0,46228492.0,372325864650.0,1425.0
2023-01-31,8020.0,8240.0,7810.0,7920.0,7820.0,8050.0,27374766.0,216763933320.0,1495.0
2023-02-01,7750.0,8140.0,7730.0,7940.0,7760.0,7920.0,12764165.0,101390178970.0,938.0
2023-02-05,7740.0,8000.0,7710.0,7750.0,7710.0,7940.0,7029227.0,54505584330.0,515.0
2023-02-06,7600.0,7690.0,7520.0,7520.0,7530.0,7750.0,14321069.0,107761981810.0,717.0
2023-02-07,7520.0,7690.0,7430.0,7580.0,7590.0,7520.0,8479600.0,64303029760.0,559.0
2023-02-08,7660.0,7680.0,7360.0,7460.0,7650.0,7580.0,7991926.0,59618663200.0,585.0
2023-02-12,7550.0,7680.0,7550.0,7680.0,7680.0,7460.0,13231096.0,101553969290.0,726.0
2023-02-13,7870.0,7910.0,7590.0,7760.0,7600.0,7680.0,10273980.0,79727332340.0,707.0
2023-02-14,7600.0,7690.0,7530.0,7560.0,7530.0,7760.0,12191726.0,92120347400.0,576.0
2023-02-15,7370.0,7580.0,7350.0,7430.0,7410.0,7560.0,5516518.0,40968135840.0,380.0
2023-02-19,7320.0,7590.0,7210.0,7280.0,7210.0,7430.0,8605103.0,62666129580.0,528.0
2023-02-20,7140.0,7490.0,7140.0,7440.0,7490.0,7280.0,9378783.0,69756295770.0,451.0
2023-02-21,7630.0,7660.0,7410.0,7620.0,7490.0,7440.0,13848735.0,105484094740.0,698.0
2023-02-22,7500.0,7620.0,7400.0,7430.0,7500.0,7620.0,14476323.0,107539027480.0,543.0
2023-02-25,7490.0,7650.0,7490.0,7640.0,7650.0,7430.0,21763176.0,166375898510.0,792.0
2023-02-26,7860.0,7860.0,7420.0,7630.0,7440.0,7640.0,19774365.0,150963194340.0,1069.0
2023-02-27,7480.0,7580.0,7410.0,7420.0,7410.0,7630.0,26918775.0,199826080630.0,1419.0
2023-02-28,7360.0,7560.0,7210.0,7370.0,7400.0,7420.0,9615008.0,70862774520.0,772.0
2023-03-01,7410.0,7590.0,7410.0,7550.0,7510.0,7370.0,19932031.0,150424838630.0,965.0
2023-03-04,7550.0,7570.0,7390.0,7450.0,7450.0,7550.0,8500144.0,63299065150.0,588.0
2023-03-05,7450.0,7670.0,7390.0,7520.0,7400.0,7450.0,11834750.0,89014425340.0,783.0
2023-03-06,7390.0,7600.0,7310.0,7420.0,7340.0,7520.0,13238781.0,98209930810.0,811.0
2023-03-07,7360.0,7550.0,7350.0,7440.0,7460.0,7420.0,9420944.0,70044782190.0,624.0
2023-03-11,7440.0,7570.0,7330.0,7410.0,7340.0,7440.0,10560760.0,78260824340.0,726.0
2023-03-12,7250.0,7370.0,7190.0,7200.0,7190.0,7410.0,16421464.0,118152762640.0,714.0
2023-03-13,7040.0,7330.0,7040.0,7120.0,7100.0,7200.0,8145754.0,58003624980.0,731.0
2023-03-14,7010.0,7300.0,6920.0,7090.0,7150.0,7120.0,13117218.0,92936010380.0,1157.0
2023-03-15,7040.0,7300.0,7040.0,7290.0,7300.0,7090.0,8199810.0,59771119010.0,456.0
2023-03-18,7460.0,7500.0,7350.0,7490.0,7500.0,7290.0,15404360.0,115395914530.0,652.0
2023-03-19,7610.0,7710.0,7530.0,7710.0,7710.0,7490.0,24113928.0,185834908770.0,755.0
2023-03-25,7890.0,7930.0,7600.0,7750.0,7750.0,7710.0,16209122.0,125637326320.0,1080.0
2023-03-26,7750.0,7970.0,7590.0,7730.0,7760.0,7750.0,2033289.0,15714270780.0,176.0
2023-03-27,7740.0,7960.0,7680.0,7870.0,7960.0,7730.0,23620256.0,185897442280.0,1100.0
2023-03-28,8100.0,8100.0,8100.0,8100.0,8100.0,7870.0,3766924.0,30512084400.0,256.0
2023-03-29,8340.0,8340.0,8340.0,8340.0,8340.0,8100.0,4051202.0,33787024680.0,209.0
2023-04-03,8590.0,8590.0,8350.0,8590.0,8590.0,8340.0,64079269.0,550323906840.0,1489.0
2023-04-04,8840.0,8840.0,8610.0,8810.0,8800.0,8590.0,52365738.0,461296911700.0,2175.0
2023-04-05,8800.0,9070.0,8600.0,8940.0,9070.0,8810.0,28029567.0,250687643770.0,1508.0
2023-04-08,9200.0,9200.0,9120.0,9200.0,9200.0,8940.0,10650450.0,97978207280.0,451.0
2023-04-09,9470.0,9470.0,9320.0,9470.0,9440.0,9200.0,36546220.0,346016854110.0,1491.0
2023-04-10,9500.0,9750.0,9190.0,9490.0,9190.0,9470.0,29272839.0,277744802690.0,1540.0
2023-04-11,9210.0,9400.0,9210.0,9230.0,9340.0,9490.0,37910280.0,349895349130.0,1623.0
2023-04-15,9340.0,9500.0,9340.0,9500.0,9500.0,9230.0,19699932.0,187097575910.0,787.0
2023-04-16,9780.0,9780.0,9500.0,9700.0,9630.0,9500.0,22896410.0,222021496140.0,1699.0
2023-04-17,9640.0,9870.0,9520.0,9700.0,9760.0,9700.0,25477386.0,247221717780.0,1611.0
2023-04-18,9850.0,9990.0,9580.0,9970.0,9950.0,9700.0,51708745.0,515432618560.0,1621.0
2023-04-19,10240.0,10260.0,10000.0,10240.0,10260.0,9970.0,13601973.0,139328462740.0,519.0
2023-04-24,10540.0,10540.0,10540.0,10540.0,10540.0,10240.0,4098629.0,43199549660.0,248.0
2023-04-25,10850.0,10850.0,10850.0,10850.0,10850.0,10540.0,5734273.0,62216862050.0,250.0
2023-04-26,11170.0,11170.0,11170.0,11170.0,11170.0,10850.0,9269652.0,103542012840.0,356.0
2023-04-29,11500.0,11500.0,11500.0,11500.0,11500.0,11170.0,7702698.0,88581027000.0,360.0
2023-04-30,11840.0,11840.0,11640.0,11840.0,11710.0,11500.0,65462652.0,774779491800.0,1865.0
2023-05-01,11760.0,12190.0,11760.0,12130.0,12190.0,11840.0,62891338.0,762800790300.0,2640.0
2023-05-02,12490.0,12490.0,12140.0,12440.0,12490.0,12130.0,19347175.0,240682106660.0,1260.0
2023-05-03,12810.0,12810.0,12500.0,12810.0,12810.0,12440.0,28163746.0,360720251510.0,947.0
2023-05-06,13190.0,13190.0,12960.0,13180.0,13190.0,12810.0,26949428.0,355272903690.0,1171.0
2023-05-07,13550.0,13550.0,12790.0,12910.0,12790.0,13180.0,23964406.0,309337391590.0,915.0
2023-05-08,12530.0,12530.0,12530.0,12530.0,12530.0,12910.0,2486495.0,31155782350.0,59.0
2023-05-09,12160.0,12160.0,12160.0,12160.0,12160.0,12530.0,3489159.0,42428173440.0,128.0
2023-05-10,11800.0,12000.0,11800.0,11810.0,11800.0,12160.0,30958575.0,365580430880.0,1308.0
2023-05-13,11460.0,11460.0,11460.0,11460.0,11460.0,11810.0,3674533.0,42110148180.0,85.0
2023-05-14,11120.0,11800.0,11120.0,11300.0,11540.0,11460.0,65380643.0,738763411250.0,2406.0
2023-05-15,11140.0,11630.0,10970.0,11030.0,10970.0,11300.0,38455842.0,424092859910.0,1672.0
2023-05-17,10810.0,11360.0,10700.0,11270.0,11360.0,11030.0,23523894.0,265060243650.0,1384.0
2023-05-20,11120.0,11600.0,10940.0,11050.0,10940.0,11270.0,19190362.0,211960769290.0,1097.0
2023-05-21,10800.0,11350.0,10720.0,10960.0,11110.0,11050.0,9966689.0,109191016210.0,734.0
2023-05-22,10980.0,11280.0,10850.0,11190.0,11280.0,10960.0,15022863.0,168073375980.0,862.0
2023-05-23,11060.0,11520.0,11060.0,11510.0,11500.0,11190.0,23054976.0,265288766400.0,832.0
2023-05-24,11510.0,11850.0,11170.0,11410.0,11510.0,11510.0,18976895.0,216559604680.0,1195.0
2023-05-27,11080.0,11400.0,11070.0,11130.0,11070.0,11410.0,13311262.0,148102450410.0,865.0
2023-05-28,10820.0,10950.0,10800.0,10810.0,10800.0,11130.0,14067580.0,152029881160.0,657.0
2023-05-29,10500.0,11130.0,10500.0,11020.0,11090.0,10810.0,19847899.0,218631068300.0,981.0
2023-05-30,11280.0,11350.0,10840.0,11270.0,11130.0,11020.0,13724228.0,154669916930.0,792.0
2023-05-31,11000.0,11270.0,10940.0,11010.0,11120.0,11270.0,8489720.0,93497017420.0,609.0
2023-06-03,11000.0,11340.0,10730.0,11240.0,11340.0,11010.0,14145464.0,159063650620.0,838.0
2023-06-06,11210.0,11570.0,10930.0,11390.0,11360.0,11240.0,10274634.0,116980884280.0,797.0
2023-06-07,11180.0,11500.0,11100.0,11240.0,11190.0,11390.0,9592847.0,107859800650.0,719.0
2023-06-10,11180.0,11180.0,10910.0,10930.0,10910.0,11240.0,8674162.0,94773291200.0,266.0
2023-06-11,10700.0,11150.0,10610.0,10720.0,10610.0,10930.0,18643655.0,199828832650.0,1308.0
2023-06-12,10520.0,10910.0,10400.0,10480.0,10400.0,10720.0,10330715.0,108215380910.0,498.0
2023-06-13,10480.0,10480.0,10170.0,10240.0,10350.0,10480.0,11368621.0,116430273940.0,662.0
2023-06-14,10510.0,10540.0,10290.0,10530.0,10540.0,10240.0,13533235.0,142442115580.0,664.0
2023-06-17,10840.0,10840.0,10540.0,10790.0,10550.0,10530.0,10697705.0,115375508930.0,711.0
2023-06-18,10790.0,10790.0,10470.0,10480.0,10470.0,10790.0,19881769.0,208295925550.0,768.0
2023-06-19,10410.0,10650.0,10300.0,10480.0,10390.0,10480.0,6436621.0,67425908410.0,558.0
2023-06-20,10270.0,10790.0,10270.0,10490.0,10790.0,10480.0,19318860.0,202613920440.0,770.0
2023-06-21,10790.0,10800.0,10630.0,10790.0,10800.0,10490.0,20321622.0,219225482210.0,668.0
2023-06-24,10950.0,11110.0,10880.0,11100.0,11110.0,10790.0,17454695.0,193712283260.0,809.0
2023-06-25,11270.0,11380.0,10860.0,11160.0,11380.0,11100.0,8847158.0,98746969190.0,742.0
2023-06-26,11250.0,11430.0,11170.0,11290.0,11430.0,11160.0,12447223.0,140505638300.0,766.0
2023-06-27,11400.0,11500.0,10960.0,11260.0,11250.0,11290.0,11779629.0,132665013110.0,806.0
2023-06-28,11100.0,11420.0,11000.0,11230.0,11320.0,11260.0,9356045.0,105052328120.0,655.0
2023-07-01,11230.0,11480.0,11180.0,11330.0,11400.0,11230.0,8666762.0,98186519760.0,672.0
2023-07-02,11100.0,11400.0,11000.0,11230.0,11140.0,11330.0,8339385.0,93614310110.0,645.0
2023-07-03,11040.0,11490.0,11040.0,11210.0,11320.0,11230.0,18121248.0,203102556280.0,1005.0
2023-07-12,9940.0,9940.0,9650.0,9750.0,9720.0,10710.0,15140396.0,147686547320.0,577.0
2023-07-15,9550.0,9990.0,9460.0,9650.0,9990.0,9750.0,15984629.0,154248271530.0,1032.0
2023-07-16,9580.0,9750.0,9370.0,9380.0,9370.0,9650.0,17799532.0,167009734820.0,696.0
2023-07-17,9140.0,9290.0,9100.0,9100.0,9290.0,9380.0,14479514.0,131814887700.0,573.0
2023-07-18,9010.0,9370.0,9010.0,9360.0,9370.0,9100.0,7115940.0,66611146990.0,315.0
2023-07-19,9640.0,9640.0,9080.0,9550.0,9450.0,9360.0,10709711.0,102312445510.0,610.0
2023-07-22,9500.0,9500.0,9270.0,9290.0,9280.0,9550.0,7511335.0,69747589030.0,442.0
2023-07-23,9110.0,9500.0,9050.0,9230.0,9340.0,9290.0,6032862.0,55691369470.0,371.0
2023-07-24,9140.0,9500.0,9140.0,9490.0,9500.0,9230.0,5636847.0,53486867280.0,371.0
2023-07-25,9550.0,9770.0,9310.0,9590.0,9380.0,9490.0,4412773.0,42339193620.0,485.0
2023-07-26,9320.0,9590.0,9310.0,9410.0,9440.0,9590.0,2849635.0,26807420250.0,251.0
2023-07-29,9440.0,9500.0,9200.0,9350.0,9330.0,9410.0,2715801.0,25399045810.0,225.0
2023-07-30,9150.0,9200.0,9070.0,9070.0,9070.0,9350.0,12862451.0,116706620940.0,499.0
2023-07-31,8870.0,9300.0,8860.0,9070.0,9100.0,9070.0,2856329.0,25914146800.0,282.0
2023-08-01,8970.0,9340.0,8910.0,9160.0,9340.0,9070.0,5593285.0,51257290630.0,409.0
2023-08-05,9160.0,9430.0,9150.0,9400.0,9430.0,9160.0,6604791.0,62100734760.0,418.0
2023-08-06,9400.0,9570.0,9210.0,9380.0,9540.0,9400.0,3152889.0,29570632190.0,424.0
2023-08-07,9260.0,9600.0,9260.0,9420.0,9390.0,9380.0,4488785.0,42292145830.0,372.0
2023-08-08,9250.0,9450.0,9210.0,9270.0,9210.0,9420.0,3409394.0,31608215760.0,243.0
2023-08-09,9210.0,9390.0,9070.0,9210.0,9130.0,9270.0,3146594.0,28970656770.0,286.0
2023-08-12,9070.0,9070.0,8940.0,8950.0,8940.0,9210.0,5942417.0,53159764610.0,312.0
2023-08-13,8810.0,9210.0,8740.0,8950.0,8920.0,8950.0,3239430.0,29001153490.0,262.0
2023-08-14,8770.0,9020.0,8750.0,8930.0,8750.0,8950.0,4485796.0,40037710850.0,333.0
2023-08-15,8750.0,8970.0,8670.0,8730.0,8780.0,8930.0,9078712.0,79298950080.0,373.0
2023-08-16,8500.0,8950.0,8470.0,8530.0,8470.0,8730.0,10928020.0,93208581040.0,540.0
2023-08-19,8370.0,8590.0,8280.0,8320.0,8280.0,8530.0,10375642.0,86315621340.0,310.0
2023-08-20,8150.0,8560.0,8100.0,8320.0,8450.0,8320.0,3916720.0,32577255990.0,333.0
2023-08-21,8330.0,8560.0,8330.0,8540.0,8480.0,8320.0,6496918.0,55499150620.0,339.0
2023-08-22,8540.0,8650.0,8330.0,8460.0,8530.0,8540.0,3149825.0,26659602590.0,259.0
2023-08-23,8400.0,8650.0,8400.0,8540.0,8600.0,8460.0,2698335.0,23047285430.0,230.0
2023-08-26,8540.0,8790.0,8510.0,8780.0,8790.0,8540.0,9289863.0,81561995340.0,295.0
2023-08-27,9040.0,9040.0,9040.0,9040.0,9040.0,8780.0,5923991.0,53552878640.0,153.0
2023-08-28,9310.0,9310.0,9310.0,9310.0,9310.0,9040.0,3558663.0,33131152530.0,214.0
2023-08-29,9490.0,9580.0,9300.0,9480.0,9410.0,9310.0,8002472.0,75827095260.0,554.0
2023-08-30,9270.0,9500.0,9200.0,9340.0,9460.0,9480.0,6234069.0,58253190610.0,424.0
2023-09-02,9230.0,9620.0,9230.0,9570.0,9530.0,9340.0,10373257.0,99294400780.0,528.0
2023-09-03,9390.0,9490.0,9290.0,9330.0,9310.0,9570.0,5255242.0,49026018960.0,349.0
2023-09-04,9150.0,9530.0,9080.0,9340.0,9410.0,9330.0,4622512.0,43176168180.0,319.0
2023-09-05,9560.0,9620.0,9420.0,9620.0,9620.0,9340.0,15263056.0,146781307880.0,618.0
2023-09-09,9370.0,9500.0,9340.0,9350.0,9340.0,9620.0,4230744.0,39560266040.0,264.0
2023-09-10,9140.0,9490.0,9120.0,9400.0,9450.0,9350.0,4704111.0,44196384320.0,285.0
2023-09-11,9420.0,9620.0,9420.0,9470.0,9430.0,9400.0,2696251.0,25522419660.0,270.0
2023-09-12,9440.0,9530.0,9190.0,9400.0,9490.0,9470.0,4790339.0,45029167460.0,390.0
2023-09-13,9400.0,9680.0,9350.0,9670.0,9680.0,9400.0,9997477.0,96673653450.0,583.0
2023-09-17,9700.0,9960.0,9510.0,9900.0,9900.0,9670.0,11662529.0,115421755920.0,644.0
2023-09-18,10190.0,10190.0,10000.0,10180.0,10000.0,9900.0,10040486.0,102189583990.0,576.0
2023-09-19,10050.0,10070.0,9880.0,9900.0,9880.0,10180.0,5646644.0,55911056810.0,408.0
2023-09-20,9750.0,9920.0,9610.0,9710.0,9650.0,9900.0,4483710.0,43536800900.0,437.0
2023-09-23,9810.0,9810.0,9450.0,9560.0,9540.0,9710.0,3379108.0,32319044050.0,413.0
2023-09-25,9390.0,9470.0,9280.0,9310.0,9280.0,9560.0,8514791.0,79249439500.0,515.0
2023-09-26,9110.0,9480.0,9110.0,9390.0,9390.0,9310.0,3545076.0,33303923420.0,316.0
2023-09-27,9380.0,9510.0,9150.0,9280.0,9350.0,9390.0,3706107.0,34399978230.0,335.0
2023-09-30,9220.0,9330.0,9010.0,9060.0,9120.0,9280.0,6414411.0,58102615260.0,429.0
2023-10-01,9060.0,9230.0,9000.0,9070.0,9010.0,9060.0,6742975.0,61162574480.0,408.0
2023-10-02,9010.0,9130.0,8830.0,8950.0,8980.0,9070.0,7537431.0,67485134690.0,418.0
2023-10-04,9130.0,9130.0,8940.0,9020.0,9010.0,8950.0,3982682.0,35922660580.0,294.0
2023-10-07,9020.0,9100.0,8750.0,8830.0,8790.0,9020.0,10296902.0,90968623620.0,421.0
2023-10-08,8630.0,8640.0,8570.0,8580.0,8570.0,8830.0,10287211.0,88237469900.0,377.0
2023-10-09,8400.0,8720.0,8340.0,8490.0,8400.0,8580.0,4417902.0,37486108000.0,438.0
2023-10-10,8400.0,8710.0,8400.0,8530.0,8580.0,8490.0,3363000.0,28679445350.0,244.0
2023-10-11,8460.0,8700.0,8450.0,8600.0,8540.0,8530.0,2814680.0,24208534340.0,265.0
2023-10-14,8410.0,8650.0,8350.0,8420.0,8360.0,8600.0,3546593.0,29845411250.0,270.0
2023-10-15,8230.0,8450.0,8230.0,8390.0,8410.0,8420.0,3766685.0,31585621570.0,228.0
2023-10-16,8480.0,8600.0,8420.0,8540.0,8490.0,8390.0,2651303.0,22629816830.0,200.0
2023-10-17,8630.0,8720.0,8550.0,8640.0,8550.0,8540.0,3209724.0,27740864000.0,181.0
2023-10-18,8420.0,8600.0,8390.0,8430.0,8490.0,8640.0,3637196.0,30677075100.0,231.0
2023-10-21,8330.0,8490.0,8330.0,8430.0,8450.0,8430.0,2874520.0,24228160680.0,221.0
2023-10-22,8300.0,8560.0,8300.0,8450.0,8440.0,8430.0,3936129.0,33266653850.0,194.0
2023-10-23,8400.0,8400.0,8200.0,8220.0,8240.0,8450.0,4059508.0,33379685590.0,220.0
2023-10-24,8080.0,8330.0,7980.0,8030.0,7980.0,8220.0,6017546.0,48337566470.0,318.0
2023-10-25,7980.0,8160.0,7790.0,7960.0,8040.0,8030.0,4005342.0,31881126070.0,299.0
2023-10-28,7740.0,7750.0,7730.0,7730.0,7730.0,7960.0,6617382.0,51158040410.0,292.0
2023-10-29,7550.0,7930.0,7550.0,7790.0,7790.0,7730.0,2864295.0,22306292490.0,212.0
2023-10-30,7610.0,8020.0,7610.0,7990.0,7990.0,7790.0,3528181.0,28175720090.0,237.0
2023-10-31,8160.0,8160.0,7960.0,8020.0,8000.0,7990.0,3743336.0,30018041750.0,247.0
2023-11-01,7780.0,8000.0,7780.0,7940.0,8000.0,8020.0,2300695.0,18268585880.0,375.0
2023-11-04,7960.0,8170.0,7940.0,8130.0,8170.0,7940.0,10673588.0,86810145920.0,386.0
2023-11-05,8250.0,8300.0,8010.0,8180.0,8240.0,8130.0,1408169.0,11516339380.0,217.0
2023-11-06,8190.0,8420.0,8090.0,8360.0,8420.0,8180.0,5094764.0,42603277470.0,312.0
2023-11-07,8320.0,8610.0,8300.0,8570.0,8610.0,8360.0,3765881.0,32256331050.0,269.0
2023-11-08,8600.0,8800.0,8490.0,8680.0,8610.0,8570.0,3341222.0,29014280300.0,265.0
2023-11-11,8610.0,8610.0,8420.0,8440.0,8420.0,8680.0,6744502.0,56926554200.0,333.0
2023-11-12,8500.0,8610.0,8250.0,8430.0,8600.0,8440.0,5916820.0,49857473160.0,368.0
2023-11-13,8430.0,8670.0,8390.0,8540.0,8490.0,8430.0,3394586.0,28988587800.0,242.0
2023-11-14,8460.0,8750.0,8420.0,8530.0,8560.0,8540.0,1756092.0,14973420810.0,154.0
2023-11-15,8500.0,8550.0,8280.0,8330.0,8290.0,8530.0,4633479.0,38580391680.0,261.0
2023-11-18,8190.0,8480.0,8110.0,8280.0,8390.0,8330.0,3103903.0,25710825330.0,215.0
2023-11-19,8450.0,8450.0,8130.0,8340.0,8330.0,8280.0,2427444.0,20249363300.0,169.0
2023-11-20,8210.0,8480.0,8100.0,8220.0,8400.0,8340.0,1778201.0,14614261430.0,165.0
2023-11-21,8370.0,8440.0,8130.0,8280.0,8250.0,8220.0,4049548.0,33522331720.0,293.0
2023-11-22,8210.0,8430.0,8180.0,8310.0,8300.0,8280.0,2344408.0,19490193500.0,178.0
2023-11-25,8300.0,8300.0,8130.0,8200.0,8220.0,8310.0,3024727.0,24803502120.0,272.0
2023-11-26,8120.0,8390.0,8120.0,8260.0,8390.0,8200.0,2519469.0,20802272620.0,206.0
2023-11-27,8220.0,8450.0,8210.0,8300.0,8340.0,8260.0,3512715.0,29172147540.0,251.0
2023-11-28,8170.0,8430.0,8170.0,8330.0,8360.0,8300.0,3970488.0,33083826460.0,445.0
2023-11-29,8260.0,8570.0,8260.0,8500.0,8570.0,8330.0,7609568.0,64697931070.0,514.0
2023-12-02,8750.0,8750.0,8750.0,8750.0,8750.0,8500.0,2910541.0,25467233750.0,161.0
2023-12-03,9010.0,9010.0,8850.0,9010.0,9010.0,8750.0,18350527.0,165330884270.0,459.0
2023-12-04,9280.0,9280.0,9280.0,9280.0,9280.0,9010.0,3176417.0,29477149760.0,128.0
2023-12-05,9550.0,9550.0,9550.0,9550.0,9550.0,9280.0,3480312.0,33236979600.0,160.0
2023-12-06,9830.0,9830.0,9510.0,9800.0,9540.0,9550.0,85514013.0,838022138340.0,2262.0
2023-12-09,9640.0,9800.0,9510.0,9550.0,9510.0,9800.0,32322228.0,308729516890.0,1171.0
2023-12-10,9400.0,9490.0,9270.0,9280.0,9290.0,9550.0,14780772.0,137216226900.0,592.0
2023-12-11,9280.0,9540.0,9270.0,9420.0,9370.0,9280.0,9028390.0,85038028480.0,605.0
2023-12-12,9280.0,9530.0,9280.0,9440.0,9520.0,9420.0,4706268.0,44410418410.0,394.0
2023-12-13,9450.0,9720.0,9440.0,9690.0,9720.0,9440.0,9245391.0,89587959660.0,404.0
2023-12-16,9810.0,9980.0,9680.0,9850.0,9920.0,9690.0,18676999.0,184048170590.0,790.0
2023-12-18,9950.0,10050.0,9630.0,9920.0,9990.0,9850.0,13106263.0,130077857980.0,640.0
2023-12-19,9900.0,9960.0,9630.0,9710.0,9660.0,9920.0,10744587.0,104382457070.0,492.0
2023-12-20,9600.0,9800.0,9510.0,9580.0,9650.0,9710.0,2780876.0,26651982080.0,184.0
2023-12-23,9540.0,9780.0,9340.0,9490.0,9450.0,9580.0,8312578.0,78900425500.0,429.0
2023-12-24,9490.0,9600.0,9240.0,9360.0,9340.0,9490.0,7246887.0,67812213770.0,355.0
2023-12-25,9220.0,9400.0,9200.0,9290.0,9310.0,9360.0,5452977.0,50644919680.0,309.0
2023-12-26,9280.0,9290.0,9110.0,9200.0,9200.0,9290.0,4640633.0,42702606180.0,272.0
2023-12-27,9100.0,9470.0,9100.0,9400.0,9470.0,9200.0,4342685.0,40836991050.0,432.0
2023-12-30,9550.0,9680.0,9370.0,9520.0,9420.0,9400.0,4809659.0,45796714020.0,352.0
2023-12-31,9380.0,9420.0,9240.0,9300.0,9350.0,9520.0,5049540.0,46973123330.0,256.0
2024-01-01,9340.0,9340.0,9140.0,9200.0,9210.0,9300.0,5757858.0,52988937280.0,301.0
2024-01-02,9190.0,9340.0,9060.0,9160.0,9140.0,9200.0,8385905.0,76794260550.0,492.0
2024-01-14,7060.0,7070.0,6810.0,7070.0,7070.0,6870.0,5274048.0,37276712330.0,159.0
2024-01-15,7240.0,7240.0,6870.0,7090.0,7080.0,7070.0,7124850.0,50517313870.0,419.0
2024-01-16,6880.0,7300.0,6880.0,7240.0,7210.0,7090.0,12162547.0,88090904170.0,636.0
2024-01-17,7250.0,7350.0,7050.0,7180.0,7110.0,7240.0,3557759.0,25554625590.0,255.0
2024-01-20,7060.0,7230.0,7020.0,7110.0,7110.0,7180.0,4545276.0,32299696570.0,261.0
2024-01-21,6910.0,7100.0,6900.0,6920.0,6910.0,7110.0,4263198.0,29521313920.0,246.0
2024-01-22,6770.0,7000.0,6760.0,6830.0,6920.0,6920.0,4714936.0,32199912120.0,249.0
2024-01-23,6730.0,6920.0,6630.0,6730.0,6700.0,6830.0,2768923.0,18642404360.0,216.0
2024-01-24,6650.0,6870.0,6550.0,6680.0,6700.0,6730.0,4748732.0,31723968140.0,189.0
2024-01-27,6700.0,6780.0,6480.0,6580.0,6640.0,6680.0,5008837.0,32971864250.0,290.0
2024-01-28,6650.0,6730.0,6510.0,6650.0,6650.0,6580.0,5491548.0,36498100130.0,500.0
2024-01-29,6700.0,6700.0,6500.0,6540.0,6600.0,6650.0,4416688.0,28877662630.0,290.0
2024-01-30,6510.0,6630.0,6500.0,6540.0,6540.0,6540.0,3142508.0,20543470810.0,233.0
2024-01-31,6400.0,6610.0,6400.0,6520.0,6500.0,6540.0,6348839.0,41386316430.0,269.0
2024-02-03,6400.0,6710.0,6400.0,6650.0,6710.0,6520.0,5724779.0,38098363030.0,384.0
2024-02-04,6700.0,6800.0,6570.0,6680.0,6570.0,6650.0,1971596.0,13170175420.0,193.0
2024-02-05,6530.0,6780.0,6530.0,6620.0,6600.0,6680.0,3261607.0,21591914980.0,222.0
2024-02-06,6530.0,6730.0,6530.0,6590.0,6570.0,6620.0,2670041.0,17598880770.0,152.0
2024-02-07,6540.0,6670.0,6500.0,6540.0,6590.0,6590.0,2568790.0,16807799620.0,204.0
2024-02-10,6520.0,6690.0,6400.0,6520.0,6600.0,6540.0,2123247.0,13845624780.0,183.0
2024-02-12,6410.0,6600.0,6400.0,6450.0,6500.0,6520.0,2340776.0,15096172130.0,190.0
2024-02-13,6450.0,6530.0,6360.0,6440.0,6460.0,6450.0,4210104.0,27124419150.0,218.0
2024-02-14,6400.0,6540.0,6300.0,6370.0,6310.0,6440.0,1773188.0,11289624510.0,179.0
2024-02-17,6310.0,6310.0,6180.0,6190.0,6180.0,6370.0,6943302.0,43009596780.0,359.0
2024-02-18,6170.0,6370.0,6030.0,6280.0,6370.0,6190.0,4557618.0,28615038870.0,312.0
2024-02-19,6460.0,6460.0,6450.0,6460.0,6460.0,6280.0,1904986.0,12303959560.0,125.0
2024-02-20,6540.0,6650.0,6460.0,6590.0,6510.0,6460.0,5076134.0,33470194940.0,292.0
2024-02-21,6610.0,6610.0,6410.0,6480.0,6520.0,6590.0,2352766.0,15244014580.0,193.0
2024-02-24,6610.0,6610.0,6290.0,6310.0,6290.0,6480.0,9547061.0,60202333320.0,284.0
2024-02-26,6140.0,6190.0,6130.0,6130.0,6130.0,6310.0,13096884.0,80319613160.0,358.0
2024-02-27,5960.0,6170.0,5950.0,6010.0,6170.0,6130.0,6276871.0,37744163760.0,381.0
2024-02-28,6020.0,6190.0,5990.0,6080.0,6040.0,6010.0,2583398.0,15702478300.0,155.0
2024-03-02,6050.0,6260.0,6000.0,6170.0,6250.0,6080.0,5563706.0,34331600520.0,300.0
2024-03-03,6030.0,6350.0,6030.0,6310.0,6250.0,6170.0,6980963.0,44064889520.0,363.0
2024-03-04,6390.0,6420.0,6250.0,6340.0,6340.0,6310.0,4231891.0,26830896460.0,294.0
2024-03-05,6250.0,6480.0,6250.0,6380.0,6350.0,6340.0,4424078.0,28226670400.0,286.0
2024-03-06,6260.0,6400.0,6190.0,6290.0,6290.0,6380.0,4834025.0,30385512870.0,260.0
2024-03-10,6130.0,6230.0,6110.0,6140.0,6120.0,6290.0,2437663.0,14965277570.0,120.0
2024-03-11,6090.0,6200.0,6000.0,6140.0,6130.0,6140.0,6476180.0,39757359710.0,330.0
2024-03-12,6060.0,6320.0,6060.0,6270.0,6320.0,6140.0,14082399.0,88253365900.0,515.0
2024-03-13,6330.0,6330.0,6090.0,6190.0,6210.0,6270.0,5048593.0,31266315770.0,270.0
2024-03-16,6100.0,6210.0,6020.0,6150.0,6200.0,6190.0,6732117.0,41433004390.0,328.0
2024-03-17,6110.0,6330.0,6110.0,6310.0,6290.0,6150.0,4317341.0,27260218230.0,243.0
2024-03-18,6260.0,6470.0,6260.0,6390.0,6340.0,6310.0,4029571.0,25743160790.0,229.0
2024-03-24,6480.0,6580.0,6350.0,6530.0,6580.0,6390.0,7351730.0,47980580590.0,393.0
2024-03-25,6550.0,6720.0,6550.0,6680.0,6600.0,6530.0,5227702.0,34913056970.0,346.0
2024-03-26,6560.0,6690.0,6500.0,6610.0,6610.0,6680.0,2698552.0,17846444610.0,262.0
2024-03-27,6500.0,6700.0,6500.0,6570.0,6530.0,6610.0,2613370.0,17172142140.0,196.0
2024-03-30,6530.0,6630.0,6420.0,6510.0,6540.0,6570.0,3058446.0,19914532560.0,231.0
2024-04-02,6410.0,6410.0,6320.0,6320.0,6320.0,6510.0,7953099.0,50293753910.0,377.0
2024-04-03,6230.0,6340.0,6230.0,6300.0,6320.0,6320.0,3729046.0,23483133150.0,186.0
2024-04-06,6200.0,6250.0,6120.0,6180.0,6200.0,6300.0,8514462.0,52621798580.0,344.0
2024-04-07,6000.0,6160.0,6000.0,6010.0,6060.0,6180.0,17569067.0,105539074370.0,669.0
2024-04-08,6090.0,6090.0,5900.0,6030.0,6080.0,6010.0,5202007.0,31375265060.0,402.0
2024-04-09,6080.0,6110.0,5970.0,6030.0,6040.0,6030.0,7742474.0,46650875900.0,404.0
2024-04-13,5990.0,5990.0,5850.0,5860.0,5850.0,6030.0,1852898.0,10848757920.0,127.0
2024-04-14,5810.0,5810.0,5810.0,5810.0,5810.0,5860.0,650608.0,3780032480.0,21.0
2024-04-15,5760.0,5860.0,5760.0,5830.0,5790.0,5810.0,10127437.0,59070864040.0,473.0
2024-04-16,5780.0,5780.0,5780.0,5780.0,5780.0,5830.0,2715484.0,15695497520.0,67.0
2024-04-17,5730.0,5780.0,5730.0,5730.0,5730.0,5780.0,10419561.0,59720413840.0,379.0
2024-04-20,5770.0,5900.0,5770.0,5890.0,5900.0,5730.0,7777311.0,45810808790.0,378.0
2024-04-21,6060.0,6060.0,5810.0,5960.0,6030.0,5890.0,6804547.0,40525368080.0,436.0
2024-04-22,6100.0,6100.0,5900.0,6010.0,6020.0,5960.0,5317298.0,31941725360.0,266.0
2024-04-23,5900.0,6000.0,5850.0,5910.0,5880.0,6010.0,7004107.0,41391607850.0,317.0
2024-04-24,5900.0,6020.0,5750.0,5870.0,5840.0,5910.0,6509622.0,38188300630.0,421.0
2024-04-27,5930.0,5930.0,5750.0,5810.0,5780.0,5870.0,6860148.0,39873459500.0,371.0
2024-04-28,5760.0,5900.0,5690.0,5770.0,5870.0,5810.0,6326081.0,36522268140.0,388.0
2024-04-29,5770.0,5840.0,5690.0,5770.0,5800.0,5770.0,5761199.0,33249769450.0,297.0
2024-04-30,5710.0,5820.0,5680.0,5750.0,5800.0,5770.0,6223317.0,35763002090.0,358.0
2024-05-01,5800.0,5920.0,5800.0,5920.0,5920.0,5750.0,4063790.0,24044399030.0,182.0
2024-05-05,6090.0,6090.0,6000.0,6090.0,6010.0,5920.0,13704303.0,83436874160.0,522.0
2024-05-06,6120.0,6130.0,5910.0,5920.0,5910.0,6090.0,5007684.0,29631282350.0,281.0
2024-05-07,5840.0,5950.0,5750.0,5800.0,5800.0,5920.0,6486869.0,37640944190.0,294.0
2024-05-08,5710.0,5970.0,5710.0,5840.0,5830.0,5800.0,7119696.0,41581600760.0,282.0
2024-05-11,5760.0,5820.0,5690.0,5740.0,5770.0,5840.0,4346178.0,24933678440.0,233.0
2024-05-12,5680.0,5880.0,5600.0,5690.0,5650.0,5740.0,4764341.0,27092123750.0,279.0
2024-05-13,5640.0,5690.0,5520.0,5570.0,5540.0,5690.0,8093061.0,45116355980.0,329.0
2024-05-14,5500.0,5730.0,5500.0,5650.0,5610.0,5570.0,5314214.0,30035524610.0,239.0
2024-05-15,5540.0,5810.0,5490.0,5680.0,5680.0,5650.0,6009054.0,34123358740.0,405.0
2024-05-18,5680.0,5800.0,5600.0,5670.0,5620.0,5680.0,3033780.0,17196461880.0,171.0
2024-05-19,5510.0,5550.0,5500.0,5500.0,5500.0,5670.0,3464061.0,19059550920.0,158.0
2024-05-21,5390.0,5600.0,5390.0,5420.0,5430.0,5500.0,4056926.0,21983521370.0,168.0
2024-05-25,5380.0,5500.0,5320.0,5360.0,5320.0,5420.0,3398732.0,18225029480.0,133.0
2024-05-26,5260.0,5260.0,5260.0,5260.0,5260.0,5360.0,1623865.0,8541529900.0,51.0
2024-05-27,5160.0,5330.0,5160.0,5180.0,5210.0,5260.0,7255412.0,37616865380.0,300.0
2024-05-28,5200.0,5280.0,5150.0,5270.0,5280.0,5180.0,5277435.0,27822643820.0,167.0
2024-05-29,5370.0,5370.0,5370.0,5370.0,5370.0,5270.0,935560.0,5023957200.0,70.0
2024-06-01,5470.0,5470.0,5270.0,5410.0,5360.0,5370.0,6835134.0,36993712740.0,288.0
2024-06-02,5350.0,5400.0,5310.0,5330.0,5330.0,5410.0,8094254.0,43104546560.0,281.0
2024-06-05,5320.0,5400.0,5230.0,5250.0,5240.0,5330.0,6707958.0,35229097970.0,211.0
2024-06-08,5200.0,5200.0,5150.0,5150.0,5150.0,5250.0,949727.0,4893892790.0,48.0
2024-06-09,5050.0,5240.0,5050.0,5070.0,5200.0,5150.0,3649948.0,18520342220.0,166.0
2024-06-10,5160.0,5170.0,5110.0,5170.0,5150.0,5070.0,3300628.0,17053034520.0,182.0
2024-06-11,5160.0,5190.0,5070.0,5090.0,5070.0,5170.0,2769448.0,14085964890.0,116.0
2024-06-12,5000.0,5080.0,4990.0,5010.0,4990.0,5090.0,6464502.0,32368436430.0,207.0
2024-06-15,4920.0,4990.0,4910.0,4930.0,4920.0,5010.0,5092472.0,25086985900.0,168.0
2024-06-16,4910.0,5020.0,4860.0,4970.0,5010.0,4930.0,5805516.0,28831598760.0,197.0
2024-06-18,5060.0,5060.0,4890.0,5030.0,5050.0,4970.0,1691008.0,8513582380.0,116.0
2024-06-19,4930.0,5130.0,4930.0,5110.0,5110.0,5030.0,2532335.0,12933298090.0,124.0
2024-06-22,5080.0,5210.0,5060.0,5110.0,5110.0,5110.0,5503298.0,28123174560.0,214.0
2024-06-23,5060.0,5200.0,5050.0,5130.0,5110.0,5110.0,4284829.0,21963114720.0,163.0
2024-06-24,5060.0,5230.0,5060.0,5230.0,5230.0,5130.0,4200258.0,21959997560.0,148.0
2024-06-26,5240.0,5330.0,5140.0,5330.0,5330.0,5230.0,5242717.0,27917801470.0,158.0
2024-06-29,5320.0,5480.0,5250.0,5460.0,5480.0,5330.0,5633681.0,30779451140.0,191.0
2024-06-30,5310.0,5540.0,5300.0,5320.0,5300.0,5460.0,10853166.0,57757816860.0,275.0
2024-07-01,5200.0,5470.0,5200.0,5330.0,5330.0,5320.0,2640286.0,14098476810.0,121.0
2024-07-02,5450.0,5480.0,5280.0,5420.0,5410.0,5330.0,15461643.0,83859016320.0,344.0
2024-07-14,5000.0,5100.0,4870.0,5069.0,5100.0,5000.0,3699346.0,18773038724.0,102.0
2024-07-17,4980.0,5193.0,4980.0,5042.0,5009.0,5069.0,8112949.0,40902064953.0,308.0
2024-07-20,4950.0,5160.0,4900.0,4990.0,4920.0,5042.0,11633869.0,58061086410.0,269.0
2024-07-21,4910.0,4910.0,4850.0,4850.0,4850.0,4990.0,12013404.0,58318548430.0,261.0
2024-07-22,4820.0,4930.0,4780.0,4870.0,4870.0,4850.0,2907863.0,14188988990.0,137.0
2024-07-23,4780.0,4930.0,4780.0,4880.0,4850.0,4870.0,3680024.0,17965593270.0,148.0
2024-07-24,4830.0,5000.0,4830.0,4880.0,4910.0,4880.0,1671213.0,8145086050.0,123.0
2024-07-27,4890.0,4999.0,4850.0,4867.0,4862.0,4880.0,2736355.0,13300460020.0,131.0
2024-07-29,4810.0,4900.0,4721.0,4744.0,4730.0,4867.0,13441830.0,63765467857.0,270.0
2024-07-30,4651.0,4670.0,4606.0,4671.0,4670.0,4744.0,2332215.0,10765524736.0,120.0
2024-07-31,4531.0,4600.0,4531.0,4531.0,4590.0,4671.0,6491794.0,29416428132.0,156.0
2024-08-03,4550.0,4550.0,4396.0,4397.0,4396.0,4531.0,5996412.0,26363628292.0,112.0
2024-08-04,4354.0,4386.0,4354.0,4354.0,4358.0,4397.0,10579807.0,46067519879.0,193.0
2024-08-05,4312.0,4396.0,4311.0,4313.0,4311.0,4354.0,5060628.0,21825790180.0,142.0
2024-08-06,4270.0,4271.0,4270.0,4273.0,4270.0,4313.0,4066335.0,17363327184.0,95.0
2024-08-10,4231.0,4314.0,4231.0,4241.0,4234.0,4273.0,4524511.0,19189787093.0,178.0
2024-08-11,4200.0,4282.0,4199.0,4228.0,4210.0,4241.0,2808592.0,11852040028.0,113.0
2024-08-12,4187.0,4250.0,4186.0,4201.0,4186.0,4228.0,3482695.0,14599287624.0,70.0
2024-08-13,4159.0,4196.0,4159.0,4165.0,4159.0,4201.0,4048907.0,16840341243.0,68.0
2024-08-14,4142.0,4206.0,4142.0,4183.0,4206.0,4165.0,2478606.0,10408126641.0,121.0
2024-08-17,4266.0,4266.0,4266.0,4213.0,4266.0,4183.0,1734100.0,7397670600.0,58.0
2024-08-18,4297.0,4297.0,4297.0,4241.0,4297.0,4213.0,1609412.0,6915643364.0,48.0
2024-08-19,4325.0,4325.0,4325.0,4263.0,4325.0,4241.0,1276089.0,5519084925.0,57.0
2024-08-20,4348.0,4348.0,4251.0,4338.0,4265.0,4263.0,5805567.0,25183424495.0,170.0
2024-08-21,4254.0,4399.0,4252.0,4259.0,4279.0,4338.0,4740422.0,20185021223.0,158.0
2024-08-24,4300.0,4344.0,4191.0,4315.0,4344.0,4259.0,3189767.0,13847459220.0,98.0
2024-08-26,4401.0,4401.0,4230.0,4330.0,4315.0,4315.0,3771347.0,16343360524.0,126.0
2024-08-27,4315.0,4388.0,4250.0,4324.0,4321.0,4330.0,2069364.0,8930448254.0,100.0
2024-08-28,4281.0,4410.0,4281.0,4354.0,4410.0,4324.0,1940971.0,8531646448.0,92.0
2024-08-31,4291.0,4441.0,4291.0,4389.0,4441.0,4354.0,1924509.0,8539265771.0,86.0
2024-09-01,4476.0,4476.0,4430.0,4474.0,4476.0,4389.0,4494273.0,20113690036.0,148.0
2024-09-03,4474.0,4522.0,4474.0,4481.0,4522.0,4474.0,2527868.0,11342133901.0,114.0
2024-09-07,4430.0,4560.0,4411.0,4472.0,4450.0,4481.0,2139405.0,9545728211.0,86.0
2024-09-08,4430.0,4549.0,4420.0,4473.0,4440.0,4472.0,3139503.0,14044656513.0,109.0
2024-09-09,4440.0,4596.0,4340.0,4461.0,4520.0,4473.0,4142252.0,18474469908.0,169.0
2024-09-10,4422.0,4594.0,4421.0,4499.0,4594.0,4461.0,2196815.0,9970550315.0,90.0
2024-09-11,4633.0,4633.0,4633.0,4523.0,4633.0,4499.0,801333.0,3712575789.0,53.0
2024-09-14,4658.0,4658.0,4658.0,4658.0,4658.0,4523.0,6114246.0,28480157868.0,137.0
2024-09-15,4760.0,4760.0,4608.0,4654.0,4685.0,4658.0,3469717.0,16146252419.0,155.0
2024-09-16,4582.0,4793.0,4582.0,4789.0,4793.0,4654.0,12263190.0,58731778402.0,311.0
2024-09-17,4660.0,4932.0,4653.0,4919.0,4932.0,4789.0,5875031.0,28899614283.0,190.0
2024-09-18,5000.0,5066.0,4810.0,5062.0,5066.0,4919.0,7550106.0,38217483354.0,188.0
2024-09-22,4950.0,5190.0,4950.0,5030.0,5000.0,5062.0,5015776.0,25237554710.0,282.0
2024-09-23,4940.0,5180.0,4920.0,5130.0,5150.0,5030.0,8021066.0,41144985910.0,265.0
2024-09-24,5080.0,5280.0,5080.0,5260.0,5280.0,5130.0,7485207.0,39399944000.0,246.0
2024-09-25,5380.0,5390.0,5120.0,5210.0,5150.0,5260.0,5032671.0,26219524520.0,227.0
2024-09-28,5160.0,5170.0,5160.0,5160.0,5160.0,5210.0,37305705.0,192497534520.0,511.0
2024-09-29,5110.0,5170.0,5110.0,5120.0,5110.0,5160.0,4812008.0,24613560800.0,205.0
2024-09-30,5110.0,5120.0,5070.0,5100.0,5070.0,5120.0,2150906.0,10935471410.0,78.0
2024-10-01,5050.0,5050.0,5050.0,5100.0,5050.0,5100.0,301767.0,1523923350.0,15.0
2024-10-02,5050.0,5050.0,5050.0,5100.0,5050.0,5100.0,255000.0,1287750000.0,5.0
2024-10-05,5050.0,5050.0,5050.0,5090.0,5050.0,5100.0,923286.0,4662594300.0,21.0
2024-10-06,5040.0,5040.0,5040.0,5090.0,5040.0,5090.0,194775.0,981666000.0,5.0
2024-10-07,5040.0,5040.0,5040.0,5040.0,5040.0,5090.0,14594046.0,73553991840.0,272.0
2024-10-08,4990.0,5030.0,4990.0,5010.0,4990.0,5040.0,2493721.0,12468270080.0,107.0
2024-10-09,4970.0,5020.0,4960.0,4980.0,5000.0,5010.0,5298204.0,26404935680.0,307.0
2024-10-12,5030.0,5129.0,5030.0,5121.0,5129.0,4980.0,3965874.0,20317163787.0,179.0
2024-10-13,5040.0,5250.0,4981.0,5098.0,5095.0,5121.0,3516258.0,17915497593.0,210.0
2024-10-14,4949.0,4953.0,4946.0,5017.0,4946.0,5098.0,2172333.0,10748261463.0,78.0
2024-10-15,4867.0,4867.0,4867.0,4867.0,4867.0,5017.0,4015519.0,19543530973.0,99.0
2024-10-16,4721.0,4870.0,4721.0,4789.0,4834.0,4867.0,3363588.0,16055382621.0,109.0
2024-10-19,4646.0,4647.0,4646.0,4656.0,4646.0,4789.0,3874987.0,18003319106.0,120.0
2024-10-20,4517.0,4569.0,4517.0,4517.0,4517.0,4656.0,8269644.0,37357996902.0,159.0
2024-10-21,4390.0,4640.0,4382.0,4437.0,4400.0,4517.0,6731996.0,29867095757.0,156.0
2024-10-22,4304.0,4410.0,4304.0,4366.0,4305.0,4437.0,2392185.0,10315784542.0,104.0
2024-10-23,4236.0,4310.0,4236.0,4270.0,4310.0,4366.0,3149383.0,13350590836.0,131.0
2024-10-26,4398.0,4398.0,4398.0,4289.0,4398.0,4270.0,689086.0,3030600228.0,66.0
2024-10-27,4417.0,4417.0,4417.0,4338.0,4417.0,4289.0,1775742.0,7843452414.0,47.0
2024-10-28,4468.0,4468.0,4468.0,4351.0,4468.0,4338.0,477498.0,2133461064.0,30.0
2024-10-29,4481.0,4481.0,4481.0,4427.0,4481.0,4351.0,2740875.0,12281860875.0,109.0
2024-10-30,4559.0,4559.0,4379.0,4543.0,4559.0,4427.0,10262723.0,46627969310.0,226.0
2024-11-02,4472.0,4649.0,4407.0,4509.0,4418.0,4543.0,4181489.0,18848807073.0,157.0
2024-11-03,4390.0,4390.0,4374.0,4463.0,4374.0,4509.0,1534879.0,6717919215.0,64.0
2024-11-04,4330.0,4390.0,4330.0,4336.0,4339.0,4463.0,6256693.0,27131954208.0,183.0
2024-11-05,4290.0,4466.0,4290.0,4387.0,4401.0,4336.0,3793661.0,16671899278.0,140.0
2024-11-06,4301.0,4500.0,4301.0,4366.0,4339.0,4387.0,3856542.0,16824462630.0,111.0
2024-11-09,4333.0,4496.0,4333.0,4403.0,4496.0,4366.0,1364287.0,6124445352.0,69.0
2024-11-10,4535.0,4535.0,4535.0,4436.0,4535.0,4403.0,1137580.0,5158925300.0,79.0
2024-11-11,4569.0,4569.0,4569.0,4500.0,4569.0,4436.0,2191328.0,10012177632.0,66.0
2024-11-12,4635.0,4635.0,4635.0,4551.0,4635.0,4500.0,1716121.0,7954220835.0,59.0
2024-11-13,4687.0,4687.0,4687.0,4687.0,4687.0,4551.0,8320663.0,38998947481.0,172.0
2024-11-16,4827.0,4827.0,4827.0,4729.0,4827.0,4687.0,1278158.0,6169668666.0,74.0
2024-11-17,4870.0,4870.0,4870.0,4870.0,4870.0,4729.0,4295614.0,20919640180.0,105.0
2024-11-18,5016.0,5016.0,4870.0,5009.0,5016.0,4870.0,4970431.0,24895295731.0,140.0
2024-11-19,5159.0,5159.0,5016.0,5158.0,5159.0,5009.0,28824759.0,148669823255.0,517.0
2024-11-20,5284.0,5310.0,5023.0,5203.0,5202.0,5158.0,14598030.0,75957407997.0,659.0
2024-11-23,5290.0,5350.0,5180.0,5340.0,5350.0,5203.0,16539007.0,88273224230.0,389.0
2024-11-24,5480.0,5500.0,5460.0,5500.0,5500.0,5340.0,11266054.0,61953139580.0,273.0
2024-11-25,5660.0,5660.0,5660.0,5660.0,5660.0,5500.0,4122333.0,23332404780.0,130.0
2024-11-26,5820.0,5820.0,5690.0,5820.0,5820.0,5660.0,23945453.0,139261247040.0,520.0
2024-11-27,5890.0,5990.0,5660.0,5890.0,5920.0,5820.0,17738459.0,104522857100.0,530.0
2024-11-30,6050.0,6060.0,5740.0,5930.0,5850.0,5890.0,22103961.0,130976082740.0,599.0
2024-12-01,5760.0,6020.0,5760.0,5800.0,5860.0,5930.0,16750022.0,97175561120.0,382.0
2024-12-02,5970.0,5970.0,5820.0,5970.0,5970.0,5800.0,4396915.0,26242099390.0,177.0
2024-12-03,5980.0,6140.0,5960.0,6080.0,6080.0,5970.0,19712591.0,119770992070.0,713.0
2024-12-04,6100.0,6260.0,5960.0,6200.0,6260.0,6080.0,14163745.0,87868095600.0,451.0
2024-12-07,6040.0,6160.0,6020.0,6040.0,6020.0,6200.0,17349325.0,104722806820.0,491.0
2024-12-08,5860.0,6000.0,5860.0,5880.0,5930.0,6040.0,13981393.0,82252551520.0,412.0
2024-12-09,5880.0,6050.0,5880.0,6040.0,6050.0,5880.0,7063492.0,42694186260.0,220.0
2024-12-10,6220.0,6220.0,6070.0,6200.0,6090.0,6040.0,16702973.0,103551514910.0,481.0
2024-12-11,6200.0,6380.0,6130.0,6290.0,6380.0,6200.0,10159102.0,63860013530.0,335.0
2024-12-14,6470.0,6470.0,6470.0,6470.0,6470.0,6290.0,3951401.0,25565564470.0,157.0
2024-12-15,6660.0,6660.0,6460.0,6580.0,6500.0,6470.0,12625014.0,83016338960.0,467.0
2024-12-16,6400.0,6480.0,6390.0,6390.0,6390.0,6580.0,9843558.0,62911372020.0,273.0
2024-12-17,6200.0,6200.0,6200.0,6340.0,6200.0,6390.0,1153640.0,7152568000.0,45.0
2024-12-18,6150.0,6150.0,6150.0,6270.0,6150.0,6340.0,1419292.0,8728645800.0,71.0
2024-12-21,6090.0,6400.0,6090.0,6140.0,6130.0,6270.0,40707268.0,249771216750.0,1032.0
2024-12-22,6050.0,6130.0,5960.0,5990.0,5960.0,6140.0,33979660.0,203585409010.0,916.0
2024-12-28,6110.0,6160.0,6080.0,6150.0,6160.0,5990.0,16220609.0,99835070290.0,347.0
2024-12-29,6240.0,6240.0,5970.0,6040.0,5970.0,6150.0,21326050.0,128818957110.0,600.0
2024-12-30,5860.0,6020.0,5860.0,5880.0,5860.0,6040.0,24597056.0,144695456830.0,609.0
2024-12-31,5720.0,6050.0,5720.0,5970.0,5940.0,5880.0,18742181.0,111961281730.0,477.0
2025-01-01,5820.0,6140.0,5820.0,6120.0,6140.0,5970.0,18166425.0,111196397950.0,607.0
2025-01-04,6060.0,6300.0,6060.0,6300.0,6300.0,6120.0,9089898.0,57250480290.0,268.0
2025-01-05,6450.0,6480.0,6310.0,6470.0,6470.0,6300.0,17706323.0,114572021420.0,576.0
2025-01-06,6540.0,6660.0,6320.0,6570.0,6660.0,6470.0,21107501.0,138620663300.0,717.0
2025-01-07,6760.0,6760.0,6760.0,6760.0,6760.0,6570.0,4317011.0,29182994360.0,155.0
2025-01-08,6960.0,6960.0,6960.0,6960.0,6960.0,6760.0,6308660.0,43908273600.0,215.0
2025-01-11,7160.0,7160.0,6960.0,7150.0,7160.0,6960.0,60918218.0,435720483940.0,1476.0
2025-01-12,7160.0,7160.0,6940.0,6950.0,6940.0,7150.0,11087287.0,77020651270.0,445.0
2025-01-13,6770.0,7150.0,6770.0,7020.0,7090.0,6950.0,13925491.0,97820794940.0,627.0
2025-01-15,7220.0,7220.0,6810.0,6880.0,6810.0,7020.0,8720127.0,60019298510.0,377.0
2025-01-18,6700.0,6700.0,6680.0,6680.0,6680.0,6880.0,8812961.0,58871898480.0,198.0
2025-01-19,6650.0,6880.0,6490.0,6720.0,6700.0,6680.0,10141840.0,68179257430.0,394.0
2025-01-20,6710.0,6880.0,6520.0,6580.0,6520.0,6720.0,7018515.0,46148744710.0,232.0
2025-01-21,6420.0,6640.0,6390.0,6480.0,6640.0,6580.0,7357611.0,47668010670.0,320.0
2025-01-22,6670.0,6670.0,6550.0,6640.0,6670.0,6480.0,9044331.0,60025739180.0,358.0
2025-01-25,6610.0,6750.0,6480.0,6580.0,6490.0,6640.0,8026402.0,52780276330.0,385.0
2025-01-26,6390.0,6620.0,6390.0,6420.0,6390.0,6580.0,7663602.0,49209572770.0,315.0
2025-01-27,6230.0,6570.0,6230.0,6270.0,6230.0,6420.0,5337560.0,33487744080.0,224.0
2025-01-29,6120.0,6250.0,6090.0,6140.0,6130.0,6270.0,6762704.0,41534869170.0,325.0
2025-02-01,6140.0,6200.0,5960.0,5970.0,5960.0,6140.0,10050910.0,60022876920.0,258.0
2025-02-02,5820.0,6140.0,5820.0,6110.0,6120.0,5970.0,8829773.0,53969964380.0,357.0
2025-02-03,6120.0,6130.0,5930.0,6020.0,6110.0,6110.0,4376445.0,26332033380.0,226.0
2025-02-04,5910.0,6200.0,5910.0,6190.0,6200.0,6020.0,4037602.0,24991340170.0,175.0
2025-02-05,6050.0,6240.0,6010.0,6160.0,6200.0,6190.0,2715317.0,16679758740.0,205.0
2025-02-09,5980.0,6320.0,5980.0,6020.0,5980.0,6160.0,13285063.0,79922143790.0,385.0
2025-02-11,5850.0,6000.0,5840.0,5880.0,5840.0,6020.0,11441503.0,67256931280.0,296.0
2025-02-15,5710.0,5710.0,5710.0,5730.0,5710.0,5880.0,3417504.0,19513947840.0,54.0
2025-02-16,5560.0,5560.0,5560.0,5720.0,5560.0,5730.0,311059.0,1729488040.0,21.0
2025-02-17,5550.0,5800.0,5550.0,5560.0,5550.0,5720.0,11322251.0,62994046930.0,329.0
2025-02-18,5430.0,5690.0,5410.0,5500.0,5500.0,5560.0,9325597.0,51313442010.0,607.0
2025-02-19,5500.0,5620.0,5380.0,5470.0,5460.0,5500.0,4914578.0,26895513080.0,218.0
2025-02-22,5460.0,5600.0,5310.0,5320.0,5310.0,5470.0,8371832.0,44558964120.0,250.0
2025-02-23,5200.0,5470.0,5200.0,5390.0,5470.0,5320.0,21648596.0,116696327540.0,568.0
2025-02-24,5550.0,5550.0,5520.0,5550.0,5550.0,5390.0,12050131.0,66870843670.0,284.0
2025-02-25,5710.0,5710.0,5560.0,5690.0,5580.0,5550.0,8158101.0,46428971510.0,300.0
2025-02-26,5600.0,5700.0,5520.0,5560.0,5520.0,5690.0,9415581.0,52305579480.0,340.0
2025-03-01,5400.0,5550.0,5400.0,5430.0,5460.0,5560.0,18041712.0,97884248610.0,505.0
2025-03-02,5390.0,5590.0,5290.0,5570.0,5590.0,5430.0,10038265.0,55934538210.0,372.0
2025-03-03,5410.0,5450.0,5410.0,5410.0,5440.0,5570.0,10467431.0,56635759780.0,204.0
2025-03-04,5560.0,5560.0,5470.0,5500.0,5480.0,5410.0,4112567.0,22607247810.0,190.0
2025-03-05,5350.0,5590.0,5350.0,5500.0,5530.0,5500.0,3222034.0,17726463280.0,142.0
2025-03-08,5350.0,5400.0,5340.0,5340.0,5340.0,5500.0,5398109.0,28840105570.0,155.0
2025-03-09,5180.0,5290.0,5180.0,5180.0,5180.0,5340.0,8417167.0,43632439520.0,204.0
2025-03-10,5060.0,5320.0,5040.0,5110.0,5060.0,5180.0,7065007.0,36086323410.0,239.0
2025-03-11,4980.0,5010.0,4960.0,5000.0,4960.0,5110.0,2945829.0,14632011840.0,114.0
2025-03-12,4960.0,5150.0,4870.0,5090.0,5150.0,5000.0,6505309.0,33079504430.0,252.0
2025-03-15,5240.0,5240.0,5240.0,5200.0,5240.0,5090.0,2922921.0,15316106040.0,99.0
2025-03-16,5350.0,5350.0,5200.0,5260.0,5280.0,5200.0,18794933.0,98781636010.0,378.0
2025-03-17,5150.0,5390.0,5110.0,5250.0,5220.0,5260.0,4766659.0,25016119730.0,162.0
2025-03-18,5100.0,5150.0,5100.0,5190.0,5100.0,5250.0,1705021.0,8696457100.0,86.0
2025-03-25,5200.0,5330.0,5200.0,5230.0,5270.0,5190.0,1676583.0,8845415200.0,77.0
2025-03-26,5380.0,5380.0,5230.0,5270.0,5250.0,5230.0,3622847.0,19098700090.0,131.0
2025-03-29,5120.0,5350.0,5120.0,5190.0,5200.0,5270.0,3364830.0,17423723980.0,140.0
2025-03-30,5200.0,5340.0,5120.0,5280.0,5340.0,5190.0,2635909.0,14046590620.0,161.0
2025-04-05,5430.0,5430.0,5430.0,5430.0,5430.0,5280.0,4684535.0,25437025050.0,123.0
2025-04-06,5530.0,5590.0,5440.0,5510.0,5470.0,5430.0,7090362.0,39071038730.0,321.0
2025-04-07,5500.0,5500.0,5350.0,5370.0,5350.0,5510.0,4092438.0,21975497710.0,128.0
2025-04-08,5530.0,5530.0,5480.0,5530.0,5530.0,5370.0,4114007.0,22747773710.0,138.0
2025-04-09,5530.0,5640.0,5370.0,5460.0,5370.0,5530.0,4603090.0,25125105410.0,182.0
2025-04-12,5300.0,5520.0,5300.0,5360.0,5340.0,5460.0,4293289.0,22991003810.0,167.0
2025-04-13,5520.0,5520.0,5500.0,5520.0,5520.0,5360.0,4117313.0,22725291540.0,119.0
2025-04-14,5680.0,5680.0,5600.0,5680.0,5680.0,5520.0,19851966.0,112746091320.0,355.0
2025-04-15,5550.0,5810.0,5550.0,5690.0,5730.0,5680.0,8117204.0,46165860860.0,321.0
2025-04-16,5820.0,5860.0,5660.0,5840.0,5860.0,5690.0,9255918.0,54047857650.0,230.0
2025-04-19,6010.0,6010.0,6010.0,6000.0,6010.0,5840.0,3815347.0,22930235470.0,125.0
2025-04-20,6180.0,6180.0,6180.0,6100.0,6180.0,6000.0,2174905.0,13440912900.0,67.0
2025-04-21,6280.0,6280.0,6280.0,6280.0,6280.0,6100.0,5157710.0,32390418800.0,104.0
2025-04-22,6460.0,6460.0,6300.0,6440.0,6460.0,6280.0,24205572.0,155951601350.0,568.0
2025-04-23,6300.0,6620.0,6250.0,6490.0,6520.0,6440.0,7101035.0,46097918720.0,303.0
2025-04-26,6680.0,6680.0,6510.0,6680.0,6680.0,6490.0,17042140.0,113775507020.0,425.0
2025-04-27,6600.0,6830.0,6480.0,6590.0,6700.0,6680.0,17958326.0,118277385970.0,405.0
2025-04-28,6600.0,6780.0,6600.0,6770.0,6780.0,6590.0,4606243.0,31193438540.0,164.0
2025-04-29,6970.0,6970.0,6810.0,6970.0,6970.0,6770.0,29793646.0,207649630950.0,495.0
2025-04-30,7170.0,7170.0,7170.0,7170.0,7170.0,6970.0,3919738.0,28104521460.0,121.0
2025-05-03,6960.0,7240.0,6960.0,7090.0,7120.0,7170.0,41117155.0,291501042970.0,811.0
2025-05-04,6960.0,7300.0,6940.0,7220.0,7300.0,7090.0,13350368.0,96413374570.0,428.0
2025-05-05,7430.0,7430.0,7420.0,7430.0,7430.0,7220.0,33206800.0,246720570990.0,526.0
2025-05-06,7650.0,7650.0,7650.0,7650.0,7650.0,7430.0,7214659.0,55192141350.0,215.0
2025-05-07,7870.0,7870.0,7870.0,7870.0,7870.0,7650.0,4399877.0,34627031990.0,161.0
2025-05-10,8100.0,8100.0,7640.0,7890.0,7810.0,7870.0,28630587.0,225950918350.0,1027.0
2025-05-11,7890.0,7890.0,7660.0,7690.0,7660.0,7890.0,5401271.0,41525813690.0,216.0
2025-05-12,7910.0,7920.0,7700.0,7850.0,7850.0,7690.0,29074116.0,228167349410.0,813.0
2025-05-13,7890.0,7920.0,7620.0,7700.0,7620.0,7850.0,11557254.0,89016129660.0,431.0
2025-05-14,7510.0,7780.0,7480.0,7640.0,7700.0,7700.0,18615639.0,142311700610.0,572.0
2025-05-17,7700.0,7850.0,7520.0,7630.0,7600.0,7640.0,15839195.0,120931644350.0,455.0
2025-05-18,7470.0,7850.0,7470.0,7800.0,7850.0,7630.0,16227839.0,126500304090.0,492.0
2025-05-19,7800.0,7970.0,7600.0,7700.0,7720.0,7800.0,11611902.0,89405802280.0,440.0
2025-05-20,7510.0,7710.0,7470.0,7510.0,7470.0,7700.0,8234461.0,61811657840.0,222.0
2025-05-21,7290.0,7400.0,7290.0,7290.0,7370.0,7510.0,19750753.0,144076816160.0,421.0
2025-05-24,7290.0,7500.0,7260.0,7340.0,7450.0,7290.0,8488599.0,62306001450.0,295.0
2025-05-25,7500.0,7500.0,7120.0,7130.0,7120.0,7340.0,20515205.0,146281204040.0,355.0
2025-05-26,6960.0,7340.0,6940.0,7270.0,7340.0,7130.0,12176317.0,88467347540.0,536.0
2025-05-27,7340.0,7480.0,7170.0,7450.0,7480.0,7270.0,16825322.0,125307848300.0,341.0
2025-05-28,7670.0,7670.0,7520.0,7660.0,7650.0,7450.0,21915337.0,167849391500.0,586.0
2025-05-31,7720.0,7880.0,7650.0,7820.0,7760.0,7660.0,13783508.0,107841423570.0,527.0
2025-06-01,7610.0,7830.0,7590.0,7590.0,7590.0,7820.0,9767135.0,74152491880.0,292.0
2025-06-02,7590.0,7810.0,7560.0,7670.0,7590.0,7590.0,7182772.0,55087655550.0,221.0
2025-06-03,7440.0,7660.0,7440.0,7470.0,7440.0,7670.0,5568382.0,41572649540.0,243.0
2025-06-07,7270.0,7270.0,7250.0,7250.0,7250.0,7470.0,5510111.0,39950304750.0,105.0
2025-06-08,7040.0,7180.0,7040.0,7070.0,7090.0,7250.0,8372361.0,59210443830.0,321.0
2025-06-09,7090.0,7280.0,6950.0,7080.0,7090.0,7070.0,5103053.0,36117950550.0,220.0
2025-06-10,7000.0,7270.0,6880.0,7090.0,7100.0,7080.0,4944662.0,35068032450.0,241.0
2025-06-11,7000.0,7280.0,6910.0,7070.0,7170.0,7090.0,2809275.0,19852649790.0,156.0
2025-06-28,6860.0,6860.0,6860.0,7060.0,6860.0,7070.0,154924.0,1062778640.0,10.0
2025-06-29,6850.0,6850.0,6850.0,7060.0,6850.0,7060.0,22196.0,152042600.0,2.0
2025-06-30,6850.0,6850.0,6850.0,7060.0,6850.0,7060.0,82209.0,563131650.0,4.0
2025-07-15,6850.0,6850.0,6850.0,7020.0,6850.0,7060.0,758001.0,5192306850.0,25.0
2025-07-27,6180.0,6180.0,6180.0,6340.0,6180.0,6370.0,641190.0,3962554200.0,10.0
2025-07-28,6150.0,6150.0,6150.0,6150.0,6150.0,6340.0,5379781.0,33085653150.0,70.0
2025-07-29,5970.0,5970.0,5970.0,6150.0,5970.0,6150.0,105656.0,630766320.0,9.0
2025-07-30,5970.0,5970.0,5970.0,6150.0,5970.0,6150.0,81291.0,485307270.0,8.0
2025-08-02,5970.0,5970.0,5970.0,6150.0,5970.0,6150.0,26689.0,159333330.0,2.0
2025-08-03,5970.0,5970.0,5970.0,6140.0,5970.0,6150.0,135129.0,806720130.0,4.0
2025-08-04,5960.0,5960.0,5960.0,6000.0,5960.0,6140.0,3181410.0,18961203600.0,35.0
2025-08-05,5820.0,5820.0,5820.0,5860.0,5820.0,6000.0,3132935.0,18233681700.0,45.0
2025-08-06,5690.0,5690.0,5690.0,5720.0,5690.0,5860.0,3308107.0,18823128830.0,47.0
2025-08-09,5550.0,5550.0,5550.0,5550.0,5550.0,5720.0,7672877.0,42584467350.0,113.0
2025-08-10,5390.0,5390.0,5390.0,5390.0,5390.0,5550.0,4110172.0,22153827080.0,51.0
2025-08-11,5230.0,5230.0,5230.0,5230.0,5230.0,5390.0,131256135.0,686469586050.0,1546.0
2025-08-12,5080.0,5100.0,5080.0,5080.0,5080.0,5230.0,6366831.0,32347501480.0,129.0
2025-08-13,4930.0,4930.0,4930.0,5050.0,4930.0,5080.0,870570.0,4291910100.0,21.0
2025-08-16,4900.0,5070.0,4900.0,4910.0,4920.0,5050.0,24460652.0,119997250760.0,489.0
2025-08-17,4830.0,5050.0,4830.0,5040.0,5050.0,4910.0,23991954.0,120914855370.0,448.0
2025-08-18,5000.0,5180.0,4890.0,4990.0,4900.0,5040.0,13793084.0,68840803560.0,352.0
2025-08-19,4900.0,5000.0,4850.0,4870.0,4850.0,4990.0,10514681.0,51245732660.0,199.0
2025-08-20,4740.0,4870.0,4730.0,4750.0,4740.0,4870.0,10132554.0,48168961330.0,225.0
2025-08-23,4739.0,4891.0,4707.0,4789.0,4800.0,4750.0,3671346.0,17601820075.0,164.0
2025-08-25,4675.0,4797.0,4646.0,4650.0,4646.0,4789.0,6654855.0,30942306700.0,178.0
2025-08-26,4511.0,4780.0,4511.0,4619.0,4666.0,4650.0,3452089.0,15922734419.0,178.0
2025-08-27,4489.0,4757.0,4489.0,4654.0,4650.0,4619.0,8260969.0,38442797865.0,171.0
2025-08-30,4521.0,4793.0,4515.0,4576.0,4759.0,4654.0,5241804.0,23985675931.0,191.0
2025-08-31,4708.0,4713.0,4708.0,4713.0,4713.0,4576.0,5460508.0,25734263698.0,221.0
2025-09-02,4854.0,4854.0,4854.0,4832.0,4854.0,4713.0,3628859.0,17614481586.0,80.0
2025-09-03,4976.0,4976.0,4976.0,4959.0,4976.0,4832.0,3801150.0,18914522400.0,61.0
2025-09-06,5107.0,5107.0,4813.0,5052.0,5034.0,4959.0,11542709.0,58316608435.0,219.0
2025-09-07,5000.0,5203.0,4910.0,5167.0,5203.0,5052.0,12424827.0,64201742060.0,239.0
2025-09-08,5322.0,5322.0,5301.0,5321.0,5322.0,5167.0,9913493.0,52754404582.0,158.0
2025-09-09,5210.0,5321.0,5162.0,5199.0,5163.0,5321.0,8194172.0,42597562727.0,203.0
2025-09-13,5060.0,5320.0,5050.0,5160.0,5210.0,5199.0,4886195.0,25194765460.0,151.0
2025-09-14,5100.0,5310.0,5100.0,5290.0,5310.0,5160.0,10833083.0,57305380600.0,219.0
2025-09-15,5290.0,5420.0,5160.0,5260.0,5160.0,5290.0,2671911.0,14031111010.0,126.0
2025-09-16,5130.0,5270.0,5110.0,5180.0,5110.0,5260.0,3387535.0,17481198410.0,109.0
2025-09-17,5030.0,5310.0,5030.0,5130.0,5040.0,5180.0,2147184.0,10934926040.0,85.0
2025-09-20,4980.0,4980.0,4980.0,5110.0,4980.0,5130.0,534390.0,2661262200.0,11.0
2025-09-21,4960.0,4960.0,4960.0,5000.0,4960.0,5110.0,2800097.0,13888481120.0,46.0
2025-09-22,4930.0,5140.0,4910.0,4980.0,5060.0,5000.0,3067777.0,15264628670.0,130.0
2025-09-23,5060.0,5060.0,4860.0,4900.0,4900.0,4980.0,4912321.0,24070583840.0,324.0
2025-09-24,4760.0,5020.0,4760.0,4870.0,4940.0,4900.0,2153025.0,10445278030.0,96.0
2025-09-27,5015.0,5016.0,5014.0,4999.0,5016.0,4870.0,3626214.0,18188509409.0,129.0
2025-09-28,5148.0,5148.0,5148.0,5114.0,5148.0,4999.0,3182200.0,16381965600.0,102.0
2025-09-29,5267.0,5267.0,5012.0,5267.0,5267.0,5114.0,7471795.0,39353418695.0,166.0
2025-09-30,5300.0,5389.0,5111.0,5267.0,5200.0,5267.0,8363457.0,44050062012.0,196.0
2025-10-01,5109.0,5327.0,5109.0,5197.0,5110.0,5267.0,7615867.0,39576594831.0,204.0
2025-10-04,5120.0,5350.0,5120.0,5350.0,5350.0,5197.0,16931609.0,90547217740.0,291.0
2025-10-05,5350.0,5500.0,5350.0,5450.0,5500.0,5350.0,15501311.0,84524256450.0,336.0
2025-10-06,5500.0,5590.0,5360.0,5460.0,5500.0,5450.0,8227719.0,44898486010.0,253.0
2025-10-07,5300.0,5620.0,5300.0,5610.0,5620.0,5460.0,10899321.0,61146740950.0,236.0
2025-10-08,5750.0,5750.0,5450.0,5520.0,5580.0,5610.0,6982188.0,38520894260.0,175.0
2025-10-11,5590.0,5680.0,5590.0,5680.0,5680.0,5520.0,3453143.0,19609153280.0,123.0
2025-10-12,5850.0,5850.0,5850.0,5850.0,5850.0,5680.0,3189817.0,18660429450.0,80.0
2025-10-13,6020.0,6020.0,6020.0,6020.0,6020.0,5850.0,7162331.0,43117232620.0,138.0
2025-10-14,6200.0,6200.0,5960.0,6180.0,6020.0,6020.0,34598311.0,213945250320.0,678.0
2025-10-15,6170.0,6170.0,6000.0,6000.0,6160.0,6180.0,10613197.0,63701963280.0,215.0
2025-10-18,5920.0,6180.0,5920.0,6180.0,6180.0,6000.0,13987373.0,86428030040.0,274.0
2025-10-19,6360.0,6360.0,6000.0,6220.0,6060.0,6180.0,9501261.0,59123357630.0,287.0
2025-10-20,6070.0,6300.0,6060.0,6190.0,6060.0,6220.0,4008849.0,24566586610.0,211.0
2025-10-21,6020.0,6290.0,6010.0,6150.0,6110.0,6190.0,7271990.0,44637722300.0,228.0
2025-10-22,6170.0,6330.0,6170.0,6320.0,6330.0,6150.0,15147654.0,95752781640.0,308.0
2025-10-25,6500.0,6500.0,6420.0,6500.0,6500.0,6320.0,26853086.0,174444137710.0,473.0
2025-10-26,6580.0,6690.0,6530.0,6670.0,6690.0,6500.0,19683604.0,131245334910.0,414.0
2025-10-27,6710.0,6810.0,6490.0,6670.0,6670.0,6670.0,6462796.0,43108336100.0,306.0
2025-10-28,6670.0,6720.0,6600.0,6680.0,6720.0,6670.0,11376347.0,76086393500.0,300.0
2025-10-29,6720.0,6880.0,6520.0,6700.0,6780.0,6680.0,9165685.0,61458233780.0,300.0
2025-11-01,6640.0,6780.0,6500.0,6660.0,6500.0,6700.0,8099499.0,53609828850.0,333.0
2025-11-02,6490.0,6740.0,6490.0,6660.0,6740.0,6660.0,6528444.0,43399329210.0,226.0
2025-11-03,6600.0,6820.0,6600.0,6720.0,6700.0,6660.0,12276222.0,82800097360.0,287.0
2025-11-04,6550.0,6720.0,6520.0,6570.0,6660.0,6720.0,17241784.0,113309361750.0,574.0
2025-11-05,6700.0,6700.0,6420.0,6570.0,6640.0,6570.0,3042727.0,19967284090.0,145.0
2025-11-08,6610.0,6760.0,6510.0,6670.0,6650.0,6570.0,11022920.0,73511391380.0,292.0
2025-11-09,6520.0,6640.0,6470.0,6470.0,6470.0,6670.0,13087625.0,84734786040.0,349.0
2025-11-10,6300.0,6620.0,6280.0,6380.0,6540.0,6470.0,5654698.0,36096018130.0,200.0
2025-11-11,6570.0,6570.0,6410.0,6530.0,6450.0,6380.0,5261919.0,34379985540.0,180.0
2025-11-12,6400.0,6670.0,6350.0,6520.0,6500.0,6530.0,4967834.0,32382477230.0,178.0
2025-11-15,6410.0,6600.0,6410.0,6510.0,6530.0,6520.0,5224627.0,34015807990.0,180.0
2025-11-16,6510.0,6700.0,6510.0,6680.0,6700.0,6510.0,6245335.0,41737063440.0,190.0
2025-11-17,6710.0,6870.0,6710.0,6810.0,6800.0,6680.0,8251282.0,56179080180.0,233.0
2025-11-18,6820.0,6850.0,6700.0,6810.0,6820.0,6810.0,7920187.0,53958367480.0,245.0
2025-11-19,6840.0,6900.0,6620.0,6810.0,6830.0,6810.0,1685775.0,11487615890.0,119.0
2025-11-22,6760.0,6900.0,6760.0,6840.0,6820.0,6810.0,2467499.0,16878486850.0,104.0
2025-11-23,6820.0,7040.0,6820.0,7000.0,7040.0,6840.0,5453955.0,38154059590.0,226.0
2025-11-25,7120.0,7210.0,7040.0,7170.0,7130.0,7000.0,4191790.0,30037400550.0,190.0
2025-11-26,7200.0,7200.0,6960.0,6980.0,6960.0,7170.0,19430468.0,135695586540.0,498.0
2025-11-29,6980.0,7100.0,6960.0,6980.0,6980.0,6980.0,3739556.0,26100806450.0,161.0
2025-11-30,6780.0,7000.0,6780.0,6980.0,6980.0,6980.0,3356383.0,23424783670.0,162.0
2025-12-01,7040.0,7090.0,6980.0,7020.0,7030.0,6980.0,4801157.0,33709055570.0,179.0
2025-12-02,7230.0,7230.0,7230.0,7230.0,7230.0,7020.0,4825482.0,34888234860.0,130.0
2025-12-03,7440.0,7440.0,7440.0,7440.0,7440.0,7230.0,3478851.0,25882651440.0,106.0
2025-12-06,7660.0,7660.0,7660.0,7550.0,7660.0,7440.0,4573552.0,35033408320.0,136.0
2025-12-07,7770.0,7770.0,7620.0,7770.0,7770.0,7550.0,70032140.0,544043339750.0,1007.0
2025-12-08,7900.0,7900.0,7540.0,7660.0,7640.0,7770.0,26499977.0,202977187390.0,571.0
2025-12-09,7560.0,7750.0,7530.0,7640.0,7650.0,7660.0,4743178.0,36127914060.0,209.0
2025-12-10,7540.0,7770.0,7540.0,7660.0,7730.0,7640.0,15135130.0,115971259730.0,291.0
2025-12-13,7600.0,7880.0,7600.0,7780.0,7780.0,7660.0,15916422.0,123884068410.0,463.0
2025-12-14,7850.0,7880.0,7550.0,7760.0,7790.0,7780.0,11215056.0,86953647130.0,458.0
2025-12-15,7800.0,7990.0,7800.0,7910.0,7990.0,7760.0,10213214.0,81062305050.0,397.0
2025-12-16,7990.0,8130.0,7710.0,7940.0,7770.0,7910.0,11066009.0,87854890220.0,447.0
2025-12-17,7940.0,8100.0,7940.0,7960.0,7980.0,7940.0,4051365.0,32421951880.0,188.0
2025-12-20,8000.0,8190.0,7970.0,8170.0,8190.0,7960.0,13453168.0,109910370650.0,367.0
2025-12-21,8210.0,8410.0,8150.0,8250.0,8250.0,8170.0,9181405.0,76051052640.0,341.0
2025-12-22,8110.0,8290.0,8070.0,8250.0,8280.0,8250.0,12165954.0,100334011650.0,707.0
2025-12-23,8200.0,8310.0,8130.0,8260.0,8260.0,8250.0,11198820.0,92530688740.0,258.0
2025-12-24,8500.0,8500.0,8500.0,8500.0,8500.0,8260.0,14009928.0,119084388000.0,265.0
2025-12-27,8750.0,8750.0,8750.0,8630.0,8750.0,8500.0,8741516.0,76488265000.0,173.0
2025-12-28,8880.0,8880.0,8880.0,8840.0,8880.0,8630.0,14142124.0,125582061120.0,249.0
2025-12-29,9100.0,9100.0,8580.0,8930.0,8830.0,8840.0,21119784.0,188611900660.0,656.0
2025-12-30,8670.0,8680.0,8670.0,8750.0,8670.0,8930.0,12129454.0,105163670810.0,267.0
2025-12-31,8490.0,8850.0,8490.0,8660.0,8730.0,8750.0,11252604.0,96977583110.0,448.0
2026-01-04,8410.0,8790.0,8410.0,8430.0,8500.0,8660.0,12724825.0,107225767700.0,346.0
2026-01-05,8440.0,8680.0,8430.0,8670.0,8680.0,8430.0,13200828.0,114453211940.0,257.0
2026-01-06,8930.0,8930.0,8680.0,8930.0,8930.0,8670.0,13394364.0,119580064180.0,291.0
2026-01-07,9170.0,9170.0,8670.0,8730.0,8670.0,8930.0,17412204.0,152012443070.0,478.0
2026-01-10,8470.0,8470.0,8470.0,8470.0,8470.0,8730.0,1880242.0,15925649740.0,64.0
2026-01-11,8220.0,8470.0,8220.0,8240.0,8230.0,8470.0,14742439.0,121518515450.0,358.0
2026-01-12,8260.0,8480.0,8060.0,8320.0,8270.0,8240.0,5545355.0,46128248300.0,265.0
2026-01-13,8200.0,8440.0,8080.0,8190.0,8080.0,8320.0,2921792.0,23931623090.0,185.0
2026-01-14,7950.0,7970.0,7950.0,7950.0,7950.0,8190.0,7217852.0,57383332400.0,152.0
2026-01-18,7770.0,8110.0,7730.0,7900.0,7900.0,7950.0,6765496.0,53427213620.0,302.0
2026-01-19,7920.0,8130.0,7850.0,8100.0,8130.0,7900.0,13667142.0,110710905310.0,446.0
2026-01-20,8340.0,8340.0,8110.0,8340.0,8340.0,8100.0,7151361.0,59608248350.0,190.0
2026-01-21,8590.0,8590.0,8590.0,8590.0,8590.0,8340.0,4332139.0,37213074010.0,129.0
2026-01-24,8840.0,8840.0,8420.0,8750.0,8840.0,8590.0,22434377.0,196343875690.0,827.0
2026-01-25,8510.0,8520.0,8490.0,8500.0,8490.0,8750.0,1624799.0,13807104100.0,58.0
2026-01-26,8250.0,8250.0,8250.0,8250.0,8250.0,8500.0,107887.0,890067750.0,9.0
2026-01-27,8010.0,8250.0,8010.0,8020.0,8010.0,8250.0,11927613.0,95607357160.0,310.0
2026-01-28,7780.0,8000.0,7780.0,7850.0,7870.0,8020.0,11708208.0,91893392710.0,603.0
2026-01-31,7660.0,7830.0,7620.0,7790.0,7620.0,7850.0,3752561.0,28636672100.0,124.0
2026-02-01,7560.0,7890.0,7560.0,7740.0,7890.0,7790.0,8642680.0,66610898680.0,322.0
2026-02-02,7600.0,7890.0,7600.0,7750.0,7790.0,7740.0,3864510.0,30044989070.0,137.0
2026-02-03,7720.0,7720.0,7520.0,7620.0,7520.0,7750.0,8435087.0,63502257460.0,276.0
2026-02-07,7560.0,7840.0,7510.0,7770.0,7800.0,7620.0,11620721.0,90307394480.0,320.0
2026-02-08,7590.0,7890.0,7540.0,7570.0,7540.0,7770.0,7477242.0,56613532100.0,195.0
2026-02-09,7370.0,7400.0,7350.0,7350.0,7350.0,7570.0,5871997.0,43161989150.0,139.0
2026-02-10,7140.0,7350.0,7130.0,7170.0,7130.0,7350.0,7814742.0,56004638580.0,231.0
2026-02-14,7080.0,7290.0,6960.0,7160.0,6970.0,7170.0,4053626.0,28915866160.0,162.0
2026-02-15,7000.0,7000.0,6950.0,7100.0,6950.0,7160.0,3175152.0,22069593000.0,114.0
2026-02-16,6890.0,7090.0,6890.0,7050.0,6940.0,7100.0,3429326.0,23751736450.0,138.0
2026-02-17,7250.0,7260.0,7110.0,7190.0,7160.0,7050.0,8377935.0,60699110730.0,251.0
2026-02-18,7010.0,7290.0,6980.0,7170.0,7050.0,7190.0,3907565.0,27841881040.0,117.0
2026-02-21,6960.0,6960.0,6960.0,6960.0,6960.0,7170.0,936168.0,6515729280.0,21.0
2026-02-22,6760.0,6760.0,6760.0,6760.0,6760.0,6960.0,3545603.0,23968276280.0,74.0
2026-02-23,6560.0,6760.0,6560.0,6610.0,6570.0,6760.0,9830915.0,65013591180.0,219.0
2026-02-24,6540.0,6770.0,6420.0,6470.0,6420.0,6610.0,5623091.0,36375249680.0,146.0
2026-02-25,6330.0,6640.0,6310.0,6510.0,6580.0,6470.0,5391322.0,35101977570.0,143.0
2026-06-07,6700.0,6700.0,6700.0,6700.0,6700.0,6510.0,998146.0,6687578200.0,47.0
2026-06-08,6900.0,6900.0,6900.0,6900.0,6900.0,6700.0,1649968.0,11384779200.0,72.0
2026-06-09,7100.0,7100.0,7100.0,7100.0,7100.0,6900.0,1585678.0,11258313800.0,47.0
2026-06-10,7310.0,7310.0,7310.0,7310.0,7310.0,7100.0,408854.0,2988722740.0,36.0
2026-06-13,7520.0,7520.0,7520.0,7360.0,7520.0,7310.0,1102214.0,8288649280.0,44.0
2026-06-14,7580.0,7580.0,7580.0,7440.0,7580.0,7360.0,1571432.0,11911454560.0,52.0
2026-06-15,7660.0,7660.0,7660.0,7490.0,7660.0,7440.0,1090449.0,8352839340.0,39.0
2026-06-16,7710.0,7710.0,7710.0,7600.0,7710.0,7490.0,2324692.0,17923375320.0,57.0
2026-06-17,7820.0,7820.0,7820.0,7760.0,7820.0,7600.0,3355846.0,26242715720.0,74.0
2026-06-20,7990.0,7990.0,7990.0,7930.0,7990.0,7760.0,3200782.0,25574248180.0,72.0
2026-06-21,8160.0,8160.0,8160.0,8140.0,8160.0,7930.0,3876300.0,31630608000.0,91.0
2026-06-22,8380.0,8380.0,8380.0,8320.0,8380.0,8140.0,3139604.0,26309881520.0,72.0
2026-06-23,8560.0,8560.0,8560.0,8460.0,8560.0,8320.0,2518249.0,21556211440.0,55.0
2026-06-27,8710.0,8710.0,8710.0,8630.0,8710.0,8460.0,3344732.0,29132615720.0,68.0
2026-06-28,8880.0,8880.0,8880.0,8820.0,8880.0,8630.0,3942998.0,35013822240.0,105.0
2026-07-11,12000.0,12360.0,11640.0,12020.0,12180.0,8070.0,202705607.0,2437181367960.0,2743.0
2026-07-12,11660.0,11660.0,11660.0,11660.0,11660.0,12020.0,6496832.0,75753061120.0,99.0
2026-07-13,11320.0,12000.0,11320.0,11610.0,12000.0,11660.0,143469884.0,1666079372160.0,1972.0
2026-07-14,11950.0,11950.0,11950.0,11950.0,11950.0,11610.0,34836246.0,416293139700.0,458.0
2026-07-15,12300.0,12300.0,12060.0,12300.0,12300.0,11950.0,67229019.0,826685343220.0,924.0
2026-07-18,11940.0,12420.0,11940.0,12020.0,12210.0,12300.0,62590453.0,752164258810.0,1971.0
2026-07-19,12380.0,12380.0,12380.0,12380.0,12380.0,12020.0,8278015.0,102481825700.0,257.0
2026-07-20,12750.0,12750.0,12750.0,12750.0,12750.0,12380.0,3850474.0,49093543500.0,147.0
2026-07-21,13130.0,13130.0,13130.0,13130.0,13130.0,12750.0,3869072.0,50800915360.0,145.0
2026-07-22,13520.0,13520.0,13230.0,13520.0,13520.0,13130.0,34546292.0,467014252880.0,987.0
2026-07-25,13920.0,13920.0,13120.0,13740.0,13640.0,13520.0,64491652.0,886232761610.0,2449.0
2026-07-26,14150.0,14150.0,13450.0,13920.0,13750.0,13740.0,52793375.0,734983548850.0,1811.0
2026-07-27,13750.0,13750.0,13510.0,13520.0,13510.0,13920.0,48802666.0,659667015410.0,1475.0
2026-07-28,13130.0,13920.0,13120.0,13650.0,13920.0,13520.0,42500327.0,580057281190.0,1534.0
2026-07-29,13800.0,14050.0,13460.0,13980.0,14050.0,13650.0,21376828.0,298953255700.0,867.0
2026-08-01,14390.0,14390.0,13590.0,14070.0,13590.0,13980.0,19633909.0,276319214780.0,841.0
2026-08-02,14290.0,14290.0,13650.0,13740.0,13940.0,14070.0,38553795.0,529879514690.0,1268.0
2026-08-03,13920.0,14150.0,13920.0,14080.0,14060.0,13740.0,20881519.0,293921295010.0,866.0
2026-08-05,14500.0,14500.0,14080.0,14420.0,14490.0,14080.0,34518750.0,497732016610.0,1243.0
2026-08-08,14840.0,14850.0,14770.0,14840.0,14850.0,14420.0,13745377.0,204000663700.0,503.0
2026-08-09,15270.0,15280.0,14400.0,14560.0,14400.0,14840.0,26727130.0,389199309150.0,1108.0
2026-08-10,14130.0,14490.0,14130.0,14160.0,14300.0,14560.0,25576670.0,362116270990.0,973.0
2026-08-11,14030.0,14490.0,13740.0,13790.0,13750.0,14160.0,21534984.0,297046414870.0,865.0
2026-08-16,14200.0,14200.0,14200.0,14200.0,14200.0,13790.0,402982.0,5722344400.0,27.0
2026-08-17,14620.0,14620.0,14420.0,14610.0,14620.0,14200.0,29152040.0,426046653850.0,968.0
2026-08-18,14200.0,14610.0,14180.0,14200.0,14180.0,14610.0,26922734.0,382191126990.0,961.0
2026-08-19,13830.0,14050.0,13780.0,13900.0,13860.0,14200.0,10468739.0,145504545810.0,548.0
2026-08-22,14160.0,14310.0,13780.0,14040.0,13930.0,13900.0,17178477.0,241255696040.0,783.0
2026-08-23,13970.0,14310.0,13620.0,13770.0,13770.0,14040.0,22874297.0,314892093050.0,959.0
2026-08-24,13900.0,14140.0,13640.0,13820.0,13810.0,13770.0,12420931.0,171705214440.0,521.0
2026-08-25,13870.0,14230.0,13870.0,14200.0,14230.0,13820.0,15968694.0,226834483810.0,527.0
2026-08-26,13810.0,14620.0,13810.0,14330.0,14620.0,14200.0,41336599.0,592260974880.0,1215.0
2026-08-29,14750.0,14750.0,14700.0,14750.0,14750.0,14330.0,18081329.0,266681737180.0,752.0
2026-08-31,14990.0,15190.0,14370.0,15010.0,14880.0,14750.0,16921339.0,253939425290.0,968.0
2026-09-01,15460.0,15460.0,14560.0,14940.0,14560.0,15010.0,13150745.0,196423875920.0,717.0
2026-09-02,14500.0,14510.0,14500.0,14500.0,14500.0,14940.0,16803686.0,243654689810.0,468.0
2026-09-05,14220.0,14930.0,14220.0,14660.0,14500.0,14500.0,14042393.0,205884076520.0,621.0
2026-09-06,14400.0,15080.0,14400.0,14820.0,14840.0,14660.0,11053357.0,163835627750.0,540.0
2026-09-07,14830.0,15260.0,14830.0,15250.0,15260.0,14820.0,8024127.0,122390300780.0,336.0
2026-09-08,15700.0,15700.0,15200.0,15670.0,15700.0,15250.0,13469249.0,211000543580.0,556.0
