date,open,high,low,close,last,yesterday,volume,value,trades
2009-05-18,1205.0,1241.0,1200.0,1204.0,1201.0,1000.0,612322042.0,737313616800.0,1632.0
2009-05-19,1240.0,1240.0,1240.0,1240.0,1240.0,1204.0,145981617.0,181017205080.0,3938.0
2009-05-20,1256.0,1277.0,1255.0,1271.0,1277.0,1240.0,103791602.0,131954707643.0,5598.0
2009-05-23,1290.0,1290.0,1256.0,1269.0,1257.0,1271.0,13641791.0,17314104651.0,1129.0
2009-05-24,1269.0,1269.0,1231.0,1256.0,1260.0,1269.0,126463300.0,158824644494.0,6182.0
2009-05-25,1257.0,1273.0,1255.0,1256.0,1255.0,1256.0,29336312.0,36845487356.0,1377.0
2009-05-26,1250.0,1263.0,1249.0,1256.0,1260.0,1256.0,21938798.0,27565253218.0,1210.0
2009-05-27,1260.0,1271.0,1259.0,1264.0,1261.0,1256.0,5252030.0,6640717956.0,447.0
2009-05-30,1269.0,1273.0,1261.0,1267.0,1267.0,1264.0,8891604.0,11265636962.0,547.0
2009-05-31,1263.0,1268.0,1260.0,1261.0,1260.0,1267.0,24984387.0,31510197955.0,1246.0
2009-06-01,1257.0,1257.0,1232.0,1240.0,1240.0,1261.0,15759128.0,19544283445.0,1705.0
2009-06-02,1234.0,1245.0,1234.0,1240.0,1242.0,1240.0,16889158.0,20942873001.0,1450.0
2009-06-03,1242.0,1255.0,1240.0,1245.0,1241.0,1240.0,3728915.0,4644912535.0,307.0
2009-06-06,1240.0,1243.0,1234.0,1240.0,1236.0,1245.0,13926707.0,17268863877.0,2085.0
2009-06-07,1234.0,1241.0,1234.0,1240.0,1240.0,1240.0,17274139.0,21417889521.0,2752.0
2009-06-08,1238.0,1241.0,1232.0,1240.0,1240.0,1240.0,15259974.0,18921635318.0,2628.0
2009-06-09,1240.0,1241.0,1230.0,1239.0,1240.0,1240.0,21397315.0,26513593630.0,3405.0
2009-06-10,1239.0,1244.0,1239.0,1240.0,1241.0,1239.0,13715539.0,17009085917.0,2347.0
2009-06-13,1239.0,1241.0,1205.0,1234.0,1211.0,1240.0,10650085.0,13146819975.0,2445.0
2009-06-14,1217.0,1221.0,1197.0,1216.0,1197.0,1234.0,11675966.0,14197132074.0,2000.0
2009-06-15,1200.0,1203.0,1181.0,1200.0,1182.0,1216.0,23280888.0,27931304118.0,3847.0
2009-06-16,1182.0,1182.0,1164.0,1171.0,1164.0,1200.0,3465616.0,4037212099.0,516.0
2009-06-17,1164.0,1173.0,1164.0,1169.0,1168.0,1171.0,1792116.0,2089729052.0,231.0
2009-06-20,1170.0,1189.0,1165.0,1169.0,1171.0,1169.0,2434055.0,2844444431.0,369.0
2009-06-21,1170.0,1175.0,1170.0,1169.0,1170.0,1169.0,1129370.0,1321956988.0,175.0
2009-06-22,1173.0,1193.0,1172.0,1171.0,1189.0,1169.0,586908.0,694842579.0,68.0
2009-06-23,1181.0,1196.0,1181.0,1176.0,1190.0,1171.0,1167837.0,1386576976.0,99.0
2009-06-24,1199.0,1211.0,1199.0,1188.0,1211.0,1176.0,1549201.0,1871316772.0,89.0
2009-06-27,1222.0,1223.0,1221.0,1202.0,1223.0,1188.0,1663798.0,2034796954.0,88.0
2009-06-28,1238.0,1238.0,1235.0,1238.0,1238.0,1202.0,7436760.0,9206639525.0,964.0
2009-06-29,1238.0,1260.0,1223.0,1241.0,1241.0,1238.0,5535261.0,6869097560.0,1058.0
2009-06-30,1250.0,1260.0,1239.0,1250.0,1245.0,1241.0,3210263.0,4022206818.0,579.0
2009-07-01,1245.0,1259.0,1238.0,1250.0,1238.0,1250.0,1780855.0,2224321320.0,121.0
2009-07-04,1238.0,1249.0,1230.0,1240.0,1240.0,1250.0,8148131.0,10100199357.0,848.0
2009-07-05,1231.0,1252.0,1230.0,1247.0,1248.0,1240.0,6667604.0,8316427732.0,775.0
2009-07-07,1250.0,1251.0,1248.0,1248.0,1250.0,1247.0,1650729.0,2062950282.0,308.0
2009-07-11,1250.0,1268.0,1250.0,1259.0,1268.0,1248.0,6932980.0,8726471950.0,1183.0
2009-07-12,1260.0,1267.0,1259.0,1262.0,1265.0,1259.0,4740895.0,5984268689.0,649.0
2009-07-14,1270.0,1299.0,1270.0,1285.0,1297.0,1262.0,19794781.0,25433088973.0,1105.0
2009-07-15,1290.0,1310.0,1290.0,1296.0,1305.0,1285.0,31224484.0,40469848218.0,816.0
2009-07-18,1303.0,1310.0,1280.0,1295.0,1288.0,1296.0,44745489.0,57967278497.0,2282.0
2009-07-19,1300.0,1330.0,1290.0,1306.0,1325.0,1295.0,10628371.0,13883808785.0,666.0
2009-07-26,1098.0,1127.0,1080.0,1093.0,1095.0,1091.0,6405665.0,7000975408.0,408.0
2009-07-27,1074.0,1097.0,1061.0,1067.0,1062.0,1093.0,11885187.0,12681788863.0,840.0
2009-07-28,1050.0,1075.0,1036.0,1068.0,1068.0,1067.0,4941513.0,5277273494.0,649.0
2009-07-29,1066.0,1085.0,1062.0,1069.0,1085.0,1068.0,3321859.0,3553852312.0,424.0
2009-08-01,1063.0,1073.0,1063.0,1069.0,1070.0,1069.0,2492608.0,2665618363.0,358.0
2009-08-02,1066.0,1085.0,1064.0,1071.0,1071.0,1069.0,3431005.0,3675489915.0,533.0
2009-08-03,1071.0,1079.0,1070.0,1072.0,1073.0,1071.0,3618769.0,3879473262.0,568.0
2009-08-04,1073.0,1090.0,1070.0,1074.0,1075.0,1072.0,2500059.0,2687798756.0,342.0
2009-08-05,1076.0,1084.0,1072.0,1076.0,1075.0,1074.0,5154594.0,5546570880.0,462.0
2009-08-08,1077.0,1080.0,1072.0,1077.0,1077.0,1076.0,3277020.0,3529457197.0,199.0
2009-08-09,1080.0,1090.0,1080.0,1082.0,1090.0,1077.0,4466521.0,4833000345.0,235.0
2009-08-10,1095.0,1100.0,1080.0,1084.0,1084.0,1082.0,2014683.0,2188892769.0,202.0
2009-08-11,1088.0,1090.0,1084.0,1086.0,1090.0,1084.0,2655619.0,2887793656.0,218.0
2009-08-12,1090.0,1100.0,1086.0,1088.0,1099.0,1086.0,2557837.0,2788210382.0,226.0
2009-08-15,1092.0,1110.0,1090.0,1092.0,1106.0,1088.0,1124911.0,1239238360.0,86.0
2009-08-16,1106.0,1110.0,1100.0,1101.0,1109.0,1092.0,3229688.0,3564272816.0,201.0
2009-08-17,1110.0,1110.0,1105.0,1105.0,1110.0,1101.0,2255361.0,2498491005.0,141.0
2009-08-18,1105.0,1118.0,1100.0,1106.0,1108.0,1105.0,2462746.0,2725965213.0,143.0
2009-08-19,1105.0,1109.0,1076.0,1102.0,1076.0,1106.0,4069774.0,4482559120.0,117.0
2009-08-22,1104.0,1110.0,1103.0,1105.0,1109.0,1102.0,1860804.0,2062572267.0,140.0
2009-08-23,1110.0,1122.0,1108.0,1107.0,1122.0,1105.0,1739764.0,1931236637.0,123.0
2009-08-24,1111.0,1122.0,1080.0,1102.0,1090.0,1107.0,3141945.0,3457701906.0,186.0
2009-08-25,1094.0,1120.0,1076.0,1119.0,1080.0,1102.0,53412521.0,59744791711.0,209.0
2009-08-26,1086.0,1099.0,1086.0,1087.0,1086.0,1119.0,5226396.0,5679330528.0,240.0
2009-08-29,1055.0,1080.0,1055.0,1076.0,1055.0,1087.0,2062539.0,2197044540.0,150.0
2009-08-30,1076.0,1090.0,1044.0,1064.0,1090.0,1076.0,3732676.0,3964836762.0,202.0
2009-08-31,1072.0,1094.0,1071.0,1078.0,1090.0,1064.0,2232447.0,2431741253.0,151.0
2009-09-01,1082.0,1110.0,1079.0,1086.0,1110.0,1078.0,2533701.0,2765950350.0,246.0
2009-09-02,1080.0,1111.0,1078.0,1094.0,1107.0,1086.0,2220428.0,2445165667.0,267.0
2009-09-05,1090.0,1098.0,1090.0,1094.0,1090.0,1094.0,1464630.0,1600933275.0,279.0
2009-09-06,1094.0,1094.0,1063.0,1090.0,1063.0,1094.0,1253456.0,1353754106.0,170.0
2009-09-07,1085.0,1091.0,1080.0,1089.0,1084.0,1090.0,1034545.0,1124571875.0,101.0
2009-09-08,1080.0,1084.0,1070.0,1089.0,1070.0,1089.0,163230.0,175847840.0,25.0
2009-09-09,1069.0,1120.0,1069.0,1119.0,1089.0,1089.0,20423337.0,22844366550.0,111.0
2009-09-13,1088.0,1089.0,1086.0,1117.0,1086.0,1119.0,205165.0,223085625.0,35.0
2009-09-14,1084.0,1120.0,1084.0,1117.0,1084.0,1117.0,25738532.0,28742989126.0,114.0
2009-09-15,1084.0,1090.0,1084.0,1097.0,1084.0,1117.0,2517419.0,2730274126.0,148.0
2009-09-16,1072.0,1079.0,1070.0,1095.0,1070.0,1097.0,307821.0,330233797.0,76.0
2009-09-19,1075.0,1087.0,1071.0,1094.0,1071.0,1095.0,177354.0,190390169.0,28.0
2009-09-21,1082.0,1094.0,1073.0,1093.0,1080.0,1094.0,438931.0,475527948.0,46.0
2009-09-22,1070.0,1070.0,1065.0,1089.0,1070.0,1093.0,598827.0,639871940.0,55.0
2009-09-23,1078.0,1100.0,1065.0,1084.0,1090.0,1089.0,2245116.0,2424300140.0,129.0
2009-09-26,1087.0,1088.0,1070.0,1083.0,1070.0,1084.0,237498.0,254876320.0,42.0
2009-09-27,1075.0,1083.0,1070.0,1082.0,1078.0,1083.0,765692.0,824277982.0,79.0
2009-09-28,1079.0,1079.0,1067.0,1081.0,1067.0,1082.0,454291.0,486524095.0,45.0
2009-09-29,1074.0,1086.0,1070.0,1080.0,1076.0,1081.0,995676.0,1072843035.0,79.0
2009-09-30,1082.0,1096.0,1080.0,1082.0,1080.0,1080.0,1516870.0,1647395603.0,116.0
2009-10-03,1088.0,1112.0,1088.0,1094.0,1105.0,1082.0,1960958.0,2173815137.0,157.0
2009-10-04,1111.0,1115.0,1098.0,1098.0,1109.0,1094.0,1101909.0,1221796091.0,96.0
2009-10-05,1100.0,1124.0,1099.0,1105.0,1124.0,1098.0,1697251.0,1892380182.0,166.0
2009-10-06,1124.0,1138.0,1124.0,1112.0,1138.0,1105.0,1191362.0,1346491378.0,74.0
2009-10-07,1145.0,1145.0,1145.0,1115.0,1145.0,1112.0,345489.0,395584905.0,29.0
2009-10-10,1148.0,1148.0,1148.0,1118.0,1148.0,1115.0,351386.0,403391128.0,36.0
2009-10-11,1151.0,1151.0,1151.0,1121.0,1151.0,1118.0,323244.0,372053844.0,30.0
2009-10-12,1154.0,1154.0,1127.0,1145.0,1141.0,1121.0,3689301.0,4237061159.0,280.0
2009-10-13,1141.0,1166.0,1120.0,1144.0,1166.0,1145.0,2245298.0,2568177658.0,192.0
2009-10-17,1150.0,1152.0,1139.0,1144.0,1143.0,1144.0,986104.0,1127991557.0,88.0
2009-10-18,1150.0,1155.0,1139.0,1145.0,1155.0,1144.0,1255724.0,1440719142.0,110.0
2009-10-19,1150.0,1175.0,1147.0,1149.0,1160.0,1145.0,965892.0,1120814010.0,100.0
2009-10-20,1151.0,1175.0,1150.0,1152.0,1155.0,1149.0,1134813.0,1315834247.0,124.0
2009-10-21,1154.0,1170.0,1153.0,1153.0,1155.0,1152.0,365862.0,424736654.0,52.0
2009-10-24,1157.0,1186.0,1152.0,1158.0,1186.0,1153.0,1458671.0,1701372702.0,163.0
2009-10-25,1192.0,1192.0,1191.0,1163.0,1192.0,1158.0,616772.0,735142224.0,53.0
2009-10-26,1197.0,1197.0,1197.0,1163.0,1197.0,1163.0,22500.0,26932500.0,2.0
2009-10-27,1197.0,1197.0,1197.0,1163.0,1197.0,1163.0,36325.0,43481025.0,5.0
2009-10-28,1197.0,1197.0,1197.0,1169.0,1197.0,1163.0,704539.0,843333183.0,35.0
2009-10-31,1204.0,1204.0,1204.0,1169.0,1204.0,1169.0,1.0,1204.0,1.0
2009-11-01,1204.0,1204.0,1204.0,1171.0,1204.0,1169.0,226254.0,272409816.0,12.0
2009-11-02,1206.0,1206.0,1206.0,1173.0,1206.0,1171.0,183610.0,221433660.0,13.0
2009-11-03,1208.0,1208.0,1208.0,1176.0,1208.0,1173.0,304297.0,367590776.0,22.0
2009-11-04,1211.0,1211.0,1211.0,1177.0,1211.0,1176.0,60342.0,73074162.0,10.0
2009-11-07,1218.0,1218.0,1218.0,1177.0,1218.0,1177.0,28992.0,35312256.0,2.0
2009-11-08,1218.0,1218.0,1218.0,1177.0,1218.0,1177.0,8564.0,10430952.0,1.0
2009-11-09,1218.0,1218.0,1218.0,1177.0,1218.0,1177.0,26141.0,31839738.0,6.0
2009-11-10,1218.0,1218.0,1218.0,1180.0,1218.0,1177.0,237927.0,289795086.0,12.0
2009-11-11,1221.0,1221.0,1221.0,1181.0,1221.0,1180.0,60212.0,73518852.0,5.0
2009-11-14,1222.0,1222.0,1222.0,1222.0,1222.0,1181.0,52612.0,64291864.0,6.0
2009-11-15,1264.0,1264.0,1264.0,1264.0,1264.0,1222.0,13000.0,16432000.0,2.0
2009-11-16,1308.0,1308.0,1308.0,1308.0,1308.0,1264.0,5255648.0,6874387584.0,128.0
2009-11-17,1319.0,1319.0,1263.0,1281.0,1263.0,1308.0,11415250.0,14625101730.0,512.0
2009-11-18,1238.0,1261.0,1237.0,1242.0,1241.0,1281.0,2882498.0,3571523650.0,228.0
2009-11-21,1238.0,1238.0,1199.0,1215.0,1199.0,1242.0,2143340.0,2578150709.0,124.0
2009-11-22,1180.0,1215.0,1180.0,1211.0,1207.0,1215.0,654333.0,782507335.0,85.0
2009-11-23,1215.0,1248.0,1201.0,1214.0,1237.0,1211.0,506728.0,624599887.0,71.0
2009-11-24,1239.0,1256.0,1230.0,1244.0,1256.0,1214.0,2343131.0,2939652566.0,133.0
2009-11-25,1280.0,1280.0,1203.0,1244.0,1226.0,1244.0,886612.0,1104420821.0,138.0
2009-11-29,1244.0,1244.0,1201.0,1223.0,1201.0,1244.0,1558115.0,1871623867.0,204.0
2009-11-30,1181.0,1200.0,1181.0,1212.0,1200.0,1223.0,856323.0,1013579629.0,93.0
2009-12-01,1201.0,1221.0,1185.0,1211.0,1203.0,1212.0,351416.0,422033247.0,71.0
2009-12-02,1230.0,1231.0,1219.0,1212.0,1225.0,1211.0,258825.0,316802601.0,39.0
2009-12-05,1221.0,1242.0,1185.0,1213.0,1240.0,1212.0,200159.0,246396669.0,24.0
2009-12-07,1249.0,1249.0,1230.0,1215.0,1237.0,1213.0,223229.0,276524871.0,53.0
2009-12-08,1239.0,1239.0,1199.0,1216.0,1234.0,1215.0,360982.0,441928124.0,55.0
2009-12-09,1205.0,1230.0,1183.0,1215.0,1230.0,1216.0,432718.0,523257198.0,75.0
2009-12-12,1190.0,1213.0,1180.0,1210.0,1180.0,1215.0,1212950.0,1457517988.0,198.0
2009-12-13,1200.0,1229.0,1200.0,1213.0,1219.0,1210.0,2272395.0,2759547744.0,322.0
2009-12-14,1220.0,1239.0,1200.0,1216.0,1220.0,1213.0,1044131.0,1275220674.0,155.0
2009-12-15,1220.0,1230.0,1200.0,1215.0,1200.0,1216.0,1538953.0,1868176232.0,202.0
2009-12-16,1216.0,1216.0,1186.0,1211.0,1200.0,1215.0,2906366.0,3519330349.0,403.0
2009-12-19,1212.0,1220.0,1210.0,1214.0,1220.0,1211.0,2446938.0,2971359450.0,332.0
2009-12-20,1210.0,1234.0,1210.0,1215.0,1234.0,1214.0,550532.0,670019393.0,80.0
2009-12-21,1220.0,1220.0,1216.0,1215.0,1220.0,1215.0,557738.0,678897648.0,38.0
2009-12-22,1215.0,1219.0,1215.0,1215.0,1215.0,1215.0,495705.0,602630462.0,37.0
2009-12-23,1215.0,1240.0,1215.0,1217.0,1240.0,1215.0,506689.0,621277556.0,54.0
2009-12-28,1247.0,1248.0,1217.0,1218.0,1222.0,1217.0,900137.0,1098996690.0,125.0
2009-12-29,1222.0,1222.0,1220.0,1219.0,1221.0,1218.0,1892746.0,2310020448.0,249.0
2009-12-30,1220.0,1228.0,1218.0,1220.0,1221.0,1219.0,987200.0,1206134202.0,125.0
2010-01-02,1225.0,1234.0,1220.0,1220.0,1225.0,1220.0,215800.0,264803022.0,25.0
2010-01-03,1230.0,1234.0,1201.0,1220.0,1219.0,1220.0,2860298.0,3491112305.0,314.0
2010-01-04,1220.0,1221.0,1205.0,1220.0,1205.0,1220.0,148376.0,180201715.0,24.0
2010-01-05,1220.0,1220.0,1200.0,1220.0,1200.0,1220.0,290251.0,353463390.0,12.0
2010-01-06,1218.0,1220.0,1201.0,1220.0,1217.0,1220.0,187808.0,227643194.0,20.0
2010-01-09,1220.0,1220.0,1201.0,1220.0,1210.0,1220.0,600143.0,731861210.0,68.0
2010-01-10,1220.0,1229.0,1200.0,1219.0,1220.0,1220.0,1353192.0,1648540474.0,170.0
2010-01-11,1199.0,1220.0,1199.0,1216.0,1210.0,1219.0,949244.0,1147062315.0,131.0
2010-01-12,1210.0,1213.0,1199.0,1213.0,1210.0,1216.0,933092.0,1126451320.0,122.0
2010-01-13,1200.0,1210.0,1200.0,1212.0,1210.0,1213.0,309939.0,372278400.0,43.0
2010-01-16,1200.0,1209.0,1200.0,1209.0,1209.0,1212.0,916550.0,1100093142.0,113.0
2010-01-17,1200.0,1208.0,1190.0,1206.0,1200.0,1209.0,853099.0,1023292500.0,125.0
2010-01-18,1194.0,1200.0,1191.0,1203.0,1200.0,1206.0,1442952.0,1730744509.0,109.0
2010-01-19,1191.0,1200.0,1190.0,1202.0,1194.0,1203.0,548384.0,657504267.0,80.0
2010-01-20,1181.0,1201.0,1181.0,1202.0,1200.0,1202.0,326573.0,391454225.0,48.0
2010-01-23,1200.0,1210.0,1200.0,1202.0,1210.0,1202.0,220952.0,265738760.0,31.0
2010-01-24,1210.0,1220.0,1205.0,1203.0,1214.0,1202.0,246358.0,299776013.0,25.0
2010-01-25,1202.0,1229.0,1200.0,1205.0,1207.0,1203.0,1478202.0,1785888016.0,52.0
2010-01-26,1201.0,1213.0,1200.0,1203.0,1210.0,1205.0,1825585.0,2192400638.0,117.0
2010-01-27,1214.0,1215.0,1200.0,1203.0,1213.0,1203.0,269873.0,325056544.0,38.0
2010-01-30,1202.0,1212.0,1201.0,1203.0,1212.0,1203.0,151301.0,181719601.0,26.0
2010-01-31,1201.0,1212.0,1200.0,1210.0,1204.0,1203.0,2863941.0,3466408219.0,351.0
2010-02-01,1204.0,1220.0,1204.0,1212.0,1220.0,1210.0,2158484.0,2616790566.0,169.0
2010-02-02,1228.0,1237.0,1225.0,1215.0,1230.0,1212.0,502556.0,617763352.0,36.0
2010-02-03,1250.0,1255.0,1231.0,1218.0,1239.0,1215.0,331436.0,413376186.0,47.0
2010-02-06,1209.0,1243.0,1209.0,1218.0,1220.0,1218.0,168686.0,206733818.0,18.0
2010-02-07,1225.0,1225.0,1219.0,1218.0,1222.0,1218.0,127968.0,156603025.0,28.0
2010-02-08,1234.0,1239.0,1234.0,1219.0,1239.0,1218.0,139755.0,172893975.0,13.0
2010-02-09,1216.0,1246.0,1216.0,1220.0,1242.0,1219.0,238656.0,295561010.0,32.0
2010-02-10,1221.0,1247.0,1220.0,1222.0,1238.0,1220.0,480264.0,593336865.0,78.0
2010-02-14,1240.0,1264.0,1240.0,1224.0,1264.0,1222.0,172673.0,215748391.0,35.0
2010-02-16,1266.0,1266.0,1266.0,1226.0,1266.0,1224.0,137694.0,174320604.0,19.0
2010-02-17,1268.0,1268.0,1260.0,1230.0,1268.0,1226.0,296823.0,375790629.0,33.0
2010-02-20,1242.0,1273.0,1242.0,1238.0,1273.0,1230.0,582319.0,741245587.0,26.0
2010-02-21,1280.0,1281.0,1280.0,1242.0,1281.0,1238.0,325475.0,416890525.0,38.0
2010-02-22,1285.0,1285.0,1255.0,1244.0,1274.0,1242.0,193901.0,246815333.0,28.0
2010-02-23,1270.0,1287.0,1241.0,1261.0,1287.0,1244.0,1368629.0,1756148649.0,73.0
2010-02-24,1300.0,1300.0,1267.0,1269.0,1288.0,1261.0,708413.0,918583987.0,86.0
2010-02-27,1278.0,1300.0,1241.0,1272.0,1241.0,1269.0,573579.0,737201767.0,40.0
2010-02-28,1280.0,1290.0,1272.0,1273.0,1280.0,1272.0,315636.0,404911248.0,58.0
2010-03-01,1281.0,1304.0,1280.0,1280.0,1304.0,1273.0,1050538.0,1359590898.0,102.0
2010-03-02,1300.0,1324.0,1295.0,1304.0,1324.0,1280.0,14245922.0,18575188741.0,189.0
2010-03-06,1311.0,1349.0,1311.0,1346.0,1343.0,1304.0,9553198.0,12862394887.0,279.0
2010-03-07,1340.0,1370.0,1320.0,1348.0,1330.0,1346.0,1107895.0,1497276043.0,94.0
2010-03-08,1320.0,1350.0,1320.0,1345.0,1340.0,1348.0,1294939.0,1735845586.0,85.0
2010-03-09,1339.0,1350.0,1304.0,1344.0,1350.0,1345.0,842772.0,1130568982.0,75.0
2010-03-10,1351.0,1362.0,1330.0,1343.0,1361.0,1344.0,1254774.0,1684217207.0,270.0
2010-03-13,1350.0,1351.0,1305.0,1339.0,1332.0,1343.0,711474.0,943763497.0,45.0
2010-03-14,1330.0,1348.0,1330.0,1339.0,1339.0,1339.0,730950.0,978176250.0,49.0
2010-03-15,1330.0,1330.0,1303.0,1334.0,1325.0,1339.0,790618.0,1044500401.0,66.0
2010-03-16,1319.0,1330.0,1311.0,1332.0,1320.0,1334.0,374498.0,493921815.0,31.0
2010-03-17,1330.0,1339.0,1330.0,1332.0,1335.0,1332.0,370032.0,492936999.0,25.0
2010-03-27,1310.0,1340.0,1310.0,1332.0,1340.0,1332.0,157509.0,211029510.0,7.0
2010-03-28,1350.0,1378.0,1350.0,1358.0,1377.0,1332.0,1838519.0,2531051105.0,102.0
2010-03-29,1405.0,1405.0,1380.0,1363.0,1390.0,1358.0,437685.0,610913092.0,32.0
2010-03-30,1371.0,1371.0,1350.0,1363.0,1350.0,1363.0,349706.0,475994636.0,22.0
2010-03-31,1349.0,1378.0,1349.0,1364.0,1368.0,1363.0,170165.0,234148885.0,31.0
2010-04-03,1364.0,1411.0,1364.0,1404.0,1411.0,1364.0,3847575.0,5403602752.0,75.0
2010-04-04,1453.0,1453.0,1390.0,1449.0,1400.0,1404.0,6226582.0,9019492360.0,180.0
2010-04-05,1445.0,1445.0,1400.0,1444.0,1419.0,1449.0,517628.0,734331320.0,49.0
2010-04-06,1411.0,1494.0,1411.0,1461.0,1494.0,1444.0,12370975.0,18075300322.0,356.0
2010-04-07,1512.0,1512.0,1512.0,1476.0,1512.0,1461.0,932857.0,1410479784.0,31.0
2010-04-10,1527.0,1527.0,1512.0,1527.0,1527.0,1476.0,12589920.0,19223871384.0,355.0
2010-04-11,1580.0,1580.0,1580.0,1565.0,1580.0,1527.0,2266788.0,3581525040.0,63.0
2010-04-12,1619.0,1619.0,1556.0,1615.0,1572.0,1565.0,21084842.0,34058227538.0,702.0
2010-04-13,1619.0,1619.0,1559.0,1570.0,1559.0,1615.0,2799156.0,4380133023.0,164.0
2010-04-14,1517.0,1526.0,1516.0,1521.0,1516.0,1570.0,2940520.0,4461702907.0,203.0
2010-04-17,1473.0,1481.0,1468.0,1498.0,1470.0,1521.0,1458965.0,2146253408.0,110.0
2010-04-18,1461.0,1550.0,1461.0,1518.0,1510.0,1498.0,1494135.0,2302277831.0,100.0
2010-04-19,1568.0,1571.0,1548.0,1570.0,1571.0,1518.0,5808557.0,9121607213.0,266.0
2010-04-20,1619.0,1619.0,1516.0,1569.0,1540.0,1570.0,1094386.0,1715516965.0,88.0
2010-04-21,1540.0,1553.0,1515.0,1558.0,1516.0,1569.0,981901.0,1505496137.0,78.0
2010-04-24,1510.0,1550.0,1504.0,1532.0,1550.0,1558.0,1541543.0,2320551226.0,76.0
2010-04-25,1520.0,1520.0,1480.0,1523.0,1483.0,1532.0,672287.0,1002637879.0,51.0
2010-04-26,1480.0,1550.0,1480.0,1523.0,1533.0,1523.0,776742.0,1183240330.0,51.0
2010-04-27,1540.0,1576.0,1511.0,1560.0,1576.0,1523.0,4364946.0,6810177595.0,147.0
2010-04-28,1608.0,1614.0,1583.0,1610.0,1601.0,1560.0,9408634.0,15148034039.0,338.0
2010-05-01,1666.0,1666.0,1600.0,1628.0,1660.0,1610.0,2145494.0,3509743403.0,108.0
2010-05-02,1628.0,1628.0,1600.0,1626.0,1612.0,1628.0,434274.0,700036620.0,49.0
2010-05-03,1600.0,1643.0,1600.0,1626.0,1622.0,1626.0,320571.0,521061766.0,38.0
2010-05-04,1626.0,1665.0,1624.0,1630.0,1665.0,1626.0,1319255.0,2158576938.0,86.0
2010-05-05,1630.0,1687.0,1630.0,1678.0,1687.0,1630.0,6717260.0,11268813997.0,217.0
2010-05-08,1736.0,1736.0,1729.0,1736.0,1736.0,1678.0,5128196.0,8901583886.0,183.0
2010-05-09,1789.0,1796.0,1762.0,1795.0,1796.0,1736.0,5960285.0,10696633387.0,202.0
2010-05-10,1848.0,1848.0,1750.0,1808.0,1750.0,1795.0,1995841.0,3623184874.0,129.0
2010-05-11,1761.0,1800.0,1745.0,1793.0,1767.0,1808.0,995918.0,1752569015.0,61.0
2010-05-12,1779.0,1799.0,1745.0,1790.0,1799.0,1793.0,506543.0,897987249.0,55.0
2010-05-15,1798.0,1820.0,1774.0,1790.0,1778.0,1790.0,1074292.0,1924426628.0,62.0
2010-05-16,1820.0,1852.0,1728.0,1815.0,1843.0,1790.0,1868118.0,3421697309.0,102.0
2010-05-18,1876.0,1878.0,1860.0,1877.0,1878.0,1815.0,8433392.0,15826056605.0,258.0
2010-05-19,1935.0,1935.0,1836.0,1860.0,1851.0,1877.0,2605738.0,4837546045.0,131.0
2010-05-22,1870.0,1879.0,1795.0,1837.0,1795.0,1860.0,1427368.0,2584396516.0,72.0
2010-05-23,1775.0,1781.0,1773.0,1774.0,1773.0,1837.0,6641540.0,11779144530.0,224.0
2010-05-24,1793.0,1803.0,1742.0,1774.0,1750.0,1774.0,844733.0,1499342050.0,70.0
2010-05-25,1718.0,1788.0,1718.0,1771.0,1772.0,1774.0,2698294.0,4777894213.0,84.0
2010-05-26,1814.0,1814.0,1720.0,1760.0,1724.0,1771.0,975375.0,1693971479.0,67.0
2010-05-29,1730.0,1730.0,1699.0,1749.0,1729.0,1760.0,609287.0,1038527312.0,50.0
2010-05-30,1690.0,1724.0,1690.0,1741.0,1692.0,1749.0,436961.0,740675366.0,35.0
2010-05-31,1692.0,1707.0,1690.0,1732.0,1700.0,1741.0,587477.0,996056495.0,38.0
2010-06-01,1690.0,1748.0,1690.0,1731.0,1729.0,1732.0,533815.0,922370496.0,62.0
2010-06-02,1720.0,1750.0,1719.0,1732.0,1750.0,1731.0,381472.0,664039938.0,43.0
2010-06-06,1760.0,1769.0,1700.0,1727.0,1700.0,1732.0,1871218.0,3225269008.0,75.0
2010-06-07,1688.0,1701.0,1667.0,1724.0,1672.0,1727.0,250759.0,422419277.0,27.0
2010-06-08,1673.0,1680.0,1664.0,1702.0,1664.0,1724.0,1166495.0,1943435917.0,87.0
2010-06-09,1643.0,1643.0,1643.0,1690.0,1643.0,1702.0,615612.0,1011450516.0,41.0
2010-06-12,1631.0,1631.0,1631.0,1684.0,1631.0,1690.0,334524.0,545608644.0,16.0
2010-06-13,1626.0,1641.0,1626.0,1627.0,1630.0,1684.0,4092712.0,6660603797.0,292.0
2010-06-14,1627.0,1658.0,1627.0,1637.0,1637.0,1627.0,1859668.0,3058306436.0,89.0
2010-06-15,1658.0,1694.0,1654.0,1651.0,1654.0,1637.0,859289.0,1451694476.0,51.0
2010-06-16,1700.0,1700.0,1668.0,1656.0,1679.0,1651.0,781080.0,1305255283.0,41.0
2010-06-19,1656.0,1685.0,1640.0,1658.0,1656.0,1656.0,1407994.0,2337739143.0,52.0
2010-06-20,1650.0,1687.0,1640.0,1658.0,1656.0,1658.0,992657.0,1644711914.0,48.0
2010-06-21,1641.0,1652.0,1640.0,1656.0,1650.0,1658.0,515634.0,849289234.0,38.0
2010-06-22,1685.0,1687.0,1685.0,1656.0,1687.0,1656.0,30000.0,50578306.0,4.0
2010-06-23,1699.0,1709.0,1695.0,1658.0,1700.0,1656.0,119439.0,203124491.0,22.0
2010-06-27,1715.0,1715.0,1695.0,1660.0,1696.0,1658.0,111226.0,189491210.0,23.0
2010-06-28,1700.0,1709.0,1700.0,1666.0,1707.0,1660.0,415214.0,706655536.0,47.0
2010-06-29,1710.0,1720.0,1698.0,1671.0,1710.0,1666.0,427512.0,729354985.0,38.0
2010-06-30,1707.0,1737.0,1700.0,1688.0,1737.0,1671.0,961525.0,1660593178.0,55.0
2010-07-03,1701.0,1755.0,1701.0,1705.0,1755.0,1688.0,801784.0,1405398139.0,55.0
2010-07-04,1745.0,1772.0,1722.0,1724.0,1722.0,1705.0,1357488.0,2374626763.0,77.0
2010-07-05,1752.0,1752.0,1725.0,1725.0,1727.0,1724.0,254839.0,442911930.0,22.0
2010-07-06,1747.0,1757.0,1734.0,1728.0,1757.0,1725.0,458029.0,798968792.0,40.0
2010-07-07,1757.0,1788.0,1750.0,1751.0,1778.0,1728.0,1440553.0,2561966352.0,76.0
2010-07-11,1752.0,1794.0,1752.0,1760.0,1780.0,1751.0,812768.0,1452625692.0,48.0
2010-07-12,1776.0,1777.0,1770.0,1761.0,1772.0,1760.0,282511.0,501206252.0,45.0
2010-07-13,1764.0,1777.0,1730.0,1761.0,1769.0,1761.0,916429.0,1612613598.0,59.0
2010-07-14,1732.0,1775.0,1732.0,1762.0,1775.0,1761.0,1181664.0,2083763247.0,107.0
2010-07-17,1751.0,1787.0,1751.0,1768.0,1784.0,1762.0,1052537.0,1872128572.0,107.0
2010-07-18,1782.0,1838.0,1770.0,1833.0,1838.0,1768.0,11135382.0,20408416165.0,378.0
2010-08-01,1511.0,1569.0,1489.0,1510.0,1490.0,1394.0,3826721.0,5778306604.0,188.0
2010-08-02,1530.0,1530.0,1481.0,1511.0,1481.0,1510.0,587761.0,891392696.0,61.0
2010-08-03,1511.0,1520.0,1465.0,1488.0,1508.0,1511.0,2166638.0,3201156141.0,136.0
2010-08-04,1510.0,1529.0,1488.0,1495.0,1529.0,1488.0,1544080.0,2319403781.0,157.0
2010-08-07,1529.0,1540.0,1510.0,1505.0,1516.0,1495.0,1014793.0,1547913675.0,99.0
2010-08-08,1530.0,1540.0,1480.0,1504.0,1480.0,1505.0,2641698.0,3973072712.0,158.0
2010-08-09,1500.0,1545.0,1490.0,1505.0,1490.0,1504.0,2363059.0,3557745090.0,101.0
2010-08-10,1520.0,1530.0,1511.0,1511.0,1525.0,1505.0,1037105.0,1578629974.0,87.0
2010-08-11,1545.0,1571.0,1545.0,1570.0,1571.0,1511.0,3306171.0,5191718432.0,133.0
2010-08-14,1599.0,1632.0,1590.0,1625.0,1620.0,1570.0,4799704.0,7798281473.0,278.0
2010-08-15,1618.0,1645.0,1618.0,1627.0,1630.0,1625.0,1436426.0,2339468077.0,129.0
2010-08-16,1635.0,1650.0,1602.0,1629.0,1630.0,1627.0,1578258.0,2575593837.0,107.0
2010-08-17,1601.0,1639.0,1600.0,1629.0,1630.0,1629.0,669976.0,1091412600.0,63.0
2010-08-18,1630.0,1694.0,1602.0,1683.0,1694.0,1629.0,3153303.0,5307877873.0,169.0
2010-08-21,1739.0,1750.0,1670.0,1713.0,1710.0,1683.0,2229500.0,3846958362.0,102.0
2010-08-22,1720.0,1745.0,1670.0,1712.0,1721.0,1713.0,541453.0,925605562.0,59.0
2010-08-23,1698.0,1716.0,1650.0,1704.0,1697.0,1712.0,924720.0,1556562648.0,56.0
2010-08-24,1660.0,1709.0,1660.0,1702.0,1705.0,1704.0,697778.0,1182464850.0,46.0
2010-08-25,1711.0,1770.0,1670.0,1757.0,1770.0,1702.0,4304803.0,7564488443.0,154.0
2010-08-28,1800.0,1826.0,1723.0,1785.0,1800.0,1757.0,1761652.0,3181536745.0,96.0
2010-08-29,1731.0,1856.0,1731.0,1844.0,1856.0,1785.0,2852187.0,5276963313.0,167.0
2010-08-30,1860.0,1917.0,1860.0,1889.0,1862.0,1844.0,2089099.0,3991859902.0,135.0
2010-08-31,1815.0,1899.0,1815.0,1883.0,1869.0,1889.0,706939.0,1316228482.0,55.0
2010-09-04,1850.0,1900.0,1850.0,1884.0,1898.0,1883.0,893877.0,1687147094.0,74.0
2010-09-05,1870.0,1915.0,1854.0,1888.0,1874.0,1884.0,783156.0,1488735710.0,63.0
2010-09-06,1888.0,1909.0,1835.0,1880.0,1835.0,1888.0,691837.0,1281087901.0,51.0
2010-09-07,1841.0,1865.0,1805.0,1865.0,1865.0,1880.0,711616.0,1290566659.0,66.0
2010-09-08,1864.0,1870.0,1793.0,1863.0,1848.0,1865.0,193213.0,352545429.0,29.0
2010-09-12,1840.0,1880.0,1810.0,1847.0,1832.0,1863.0,1173529.0,2137434858.0,64.0
2010-09-13,1804.0,1824.0,1800.0,1813.0,1800.0,1847.0,2425219.0,4374332250.0,94.0
2010-09-14,1809.0,1885.0,1809.0,1841.0,1885.0,1813.0,6616476.0,12178109253.0,136.0
2010-09-15,1889.0,1889.0,1845.0,1844.0,1848.0,1841.0,702537.0,1303939850.0,53.0
2010-09-18,1913.0,1913.0,1771.0,1842.0,1830.0,1844.0,265729.0,483224134.0,40.0
2010-09-19,1820.0,1832.0,1769.0,1833.0,1769.0,1842.0,483163.0,861025678.0,44.0
2010-09-20,1760.0,1770.0,1760.0,1811.0,1768.0,1833.0,953514.0,1678520710.0,58.0
2010-09-21,1740.0,1839.0,1740.0,1807.0,1800.0,1811.0,667207.0,1195283459.0,60.0
2010-09-22,1807.0,1819.0,1750.0,1803.0,1760.0,1807.0,253700.0,447335048.0,43.0
2010-09-25,1810.0,1818.0,1781.0,1803.0,1818.0,1803.0,244692.0,440747680.0,37.0
2010-09-26,1810.0,1810.0,1740.0,1791.0,1747.0,1803.0,809501.0,1423250153.0,44.0
2010-09-27,1765.0,1780.0,1751.0,1787.0,1780.0,1791.0,316850.0,556478787.0,27.0
2010-09-28,1779.0,1800.0,1761.0,1788.0,1761.0,1787.0,451967.0,809571581.0,29.0
2010-09-29,1798.0,1825.0,1772.0,1794.0,1800.0,1788.0,1129830.0,2038186728.0,60.0
2010-10-02,1801.0,1865.0,1801.0,1859.0,1865.0,1794.0,3097878.0,5760977138.0,144.0
2010-10-03,1931.0,1933.0,1881.0,1918.0,1890.0,1859.0,3456284.0,6629774291.0,242.0
2010-10-05,1927.0,1960.0,1902.0,1920.0,1931.0,1918.0,1153150.0,2218583062.0,87.0
2010-10-06,1910.0,1996.0,1908.0,1971.0,1930.0,1920.0,4650074.0,9164870044.0,206.0
2010-10-09,1985.0,1987.0,1903.0,1960.0,1906.0,1971.0,783483.0,1509970666.0,75.0
2010-10-10,1900.0,1901.0,1882.0,1949.0,1882.0,1960.0,443847.0,836086331.0,19.0
2010-10-11,1872.0,1934.0,1872.0,1885.0,1910.0,1949.0,2915878.0,5483520273.0,168.0
2010-10-12,1887.0,1887.0,1810.0,1850.0,1810.0,1885.0,1640423.0,2981403252.0,94.0
2010-10-13,1776.0,1800.0,1776.0,1818.0,1795.0,1850.0,1401350.0,2491150387.0,99.0
2010-10-16,1746.0,1890.0,1746.0,1813.0,1820.0,1818.0,1102277.0,1988707945.0,66.0
2010-10-17,1804.0,1853.0,1804.0,1813.0,1836.0,1813.0,1094176.0,1982619485.0,56.0
2010-10-18,1859.0,1885.0,1850.0,1848.0,1883.0,1813.0,1790924.0,3355632687.0,111.0
2010-10-19,1859.0,1889.0,1787.0,1840.0,1800.0,1848.0,730185.0,1324691247.0,51.0
2010-10-20,1801.0,1817.0,1767.0,1825.0,1781.0,1840.0,839522.0,1497552686.0,50.0
2010-10-23,1839.0,1879.0,1797.0,1821.0,1829.0,1825.0,523241.0,942362823.0,34.0
2010-10-24,1800.0,1800.0,1750.0,1813.0,1790.0,1821.0,409025.0,719828209.0,52.0
2010-10-25,1761.0,1784.0,1741.0,1775.0,1750.0,1813.0,1873182.0,3277106271.0,72.0
2010-10-26,1780.0,1810.0,1760.0,1783.0,1797.0,1775.0,1730492.0,3095338371.0,59.0
2010-10-27,1750.0,1797.0,1727.0,1756.0,1796.0,1783.0,2130065.0,3712066112.0,119.0
2010-10-30,1744.0,1799.0,1744.0,1759.0,1785.0,1756.0,421226.0,750406459.0,36.0
2010-10-31,1760.0,1779.0,1733.0,1757.0,1738.0,1759.0,400595.0,697389167.0,35.0
2010-11-01,1757.0,1770.0,1730.0,1757.0,1751.0,1757.0,213934.0,375195195.0,27.0
2010-11-02,1750.0,1777.0,1750.0,1758.0,1759.0,1757.0,273477.0,482158530.0,30.0
2010-11-03,1750.0,1779.0,1750.0,1758.0,1760.0,1758.0,177068.0,312033354.0,22.0
2010-11-06,1751.0,1818.0,1751.0,1761.0,1795.0,1758.0,263580.0,471733258.0,33.0
2010-11-07,1772.0,1772.0,1750.0,1760.0,1752.0,1761.0,258679.0,453898246.0,32.0
2010-11-08,1783.0,1783.0,1730.0,1760.0,1760.0,1760.0,151476.0,265308786.0,24.0
2010-11-09,1778.0,1779.0,1758.0,1760.0,1779.0,1760.0,130769.0,230475829.0,20.0
2010-11-10,1750.0,1762.0,1740.0,1760.0,1742.0,1760.0,159620.0,279893100.0,28.0
2010-11-13,1756.0,1757.0,1730.0,1759.0,1746.0,1760.0,210021.0,366024117.0,24.0
2010-11-14,1731.0,1750.0,1731.0,1759.0,1742.0,1759.0,91531.0,159747391.0,9.0
2010-11-15,1760.0,1767.0,1725.0,1755.0,1767.0,1759.0,792961.0,1383364180.0,66.0
2010-11-16,1731.0,1787.0,1704.0,1755.0,1761.0,1755.0,270976.0,474725030.0,47.0
2010-11-20,1755.0,1800.0,1755.0,1755.0,1758.0,1755.0,59775.0,105303530.0,16.0
2010-11-21,1753.0,1768.0,1740.0,1755.0,1760.0,1755.0,122562.0,214827722.0,23.0
2010-11-22,1760.0,1788.0,1754.0,1759.0,1788.0,1755.0,611151.0,1084061302.0,41.0
2010-11-23,1770.0,1799.0,1760.0,1762.0,1781.0,1759.0,349040.0,623416665.0,40.0
2010-11-24,1781.0,1788.0,1760.0,1763.0,1768.0,1762.0,2447556.0,4315667926.0,199.0
2010-11-27,1779.0,1799.0,1770.0,1766.0,1770.0,1763.0,574172.0,1022361100.0,51.0
2010-11-28,1788.0,1788.0,1750.0,1765.0,1760.0,1766.0,938989.0,1653587801.0,61.0
2010-11-29,1760.0,1788.0,1740.0,1763.0,1751.0,1765.0,508107.0,892059407.0,48.0
2010-11-30,1763.0,1774.0,1745.0,1761.0,1774.0,1763.0,608640.0,1068087080.0,59.0
2010-12-01,1743.0,1788.0,1741.0,1760.0,1755.0,1761.0,723921.0,1271578441.0,44.0
2010-12-04,1779.0,1779.0,1761.0,1760.0,1777.0,1760.0,91666.0,162439909.0,13.0
2010-12-05,1778.0,1810.0,1757.0,1791.0,1800.0,1760.0,2400370.0,4320797234.0,63.0
2010-12-06,1800.0,1818.0,1790.0,1806.0,1803.0,1791.0,3269289.0,5904067517.0,124.0
2010-12-07,1815.0,1815.0,1801.0,1806.0,1808.0,1806.0,257832.0,466134790.0,23.0
2010-12-08,1810.0,1819.0,1800.0,1808.0,1810.0,1806.0,972159.0,1763247400.0,53.0
2010-12-11,1800.0,1815.0,1790.0,1808.0,1815.0,1808.0,217351.0,392437024.0,22.0
2010-12-12,1819.0,1820.0,1800.0,1808.0,1810.0,1808.0,158528.0,286479304.0,32.0
2010-12-13,1800.0,1815.0,1800.0,1808.0,1811.0,1808.0,209864.0,379570714.0,15.0
2010-12-14,1800.0,1815.0,1800.0,1808.0,1815.0,1808.0,842159.0,1521414250.0,44.0
2010-12-18,1790.0,1800.0,1790.0,1806.0,1794.0,1808.0,515700.0,924914280.0,22.0
2010-12-19,1775.0,1803.0,1770.0,1804.0,1803.0,1806.0,181116.0,322371551.0,28.0
2010-12-20,1771.0,1800.0,1769.0,1803.0,1780.0,1804.0,110763.0,196573142.0,19.0
2010-12-21,1799.0,1821.0,1780.0,1802.0,1800.0,1803.0,873698.0,1572668559.0,59.0
2010-12-22,1800.0,1802.0,1782.0,1802.0,1800.0,1802.0,1390633.0,2504833924.0,45.0
2010-12-25,1800.0,1820.0,1775.0,1817.0,1813.0,1802.0,7271350.0,13213362849.0,134.0
2010-12-26,1810.0,1810.0,1779.0,1815.0,1800.0,1817.0,570345.0,1029924336.0,28.0
2010-12-27,1800.0,1800.0,1772.0,1807.0,1773.0,1815.0,927644.0,1658091141.0,46.0
2010-12-28,1800.0,1810.0,1770.0,1783.0,1780.0,1807.0,3087623.0,5505692087.0,84.0
2010-12-29,1783.0,1783.0,1770.0,1783.0,1779.0,1783.0,152058.0,269953237.0,21.0
2011-01-01,1779.0,1780.0,1771.0,1782.0,1775.0,1783.0,398996.0,707985191.0,39.0
2011-01-02,1756.0,1778.0,1756.0,1781.0,1772.0,1782.0,191331.0,339180372.0,20.0
2011-01-03,1780.0,1798.0,1780.0,1783.0,1797.0,1781.0,676940.0,1213173198.0,44.0
2011-01-04,1755.0,1792.0,1755.0,1782.0,1785.0,1783.0,838011.0,1491669399.0,54.0
2011-01-05,1768.0,1792.0,1761.0,1781.0,1768.0,1782.0,275976.0,487779997.0,19.0
2011-01-08,1787.0,1787.0,1764.0,1781.0,1766.0,1781.0,134822.0,239310851.0,24.0
2011-01-09,1772.0,1786.0,1771.0,1781.0,1775.0,1781.0,514545.0,915591574.0,48.0
2011-01-10,1775.0,1776.0,1755.0,1779.0,1776.0,1781.0,623684.0,1103984930.0,47.0
2011-01-11,1770.0,1790.0,1760.0,1778.0,1765.0,1779.0,204684.0,360655821.0,29.0
2011-01-12,1765.0,1780.0,1760.0,1777.0,1770.0,1778.0,170027.0,300057106.0,18.0
2011-01-15,1770.0,1780.0,1761.0,1776.0,1769.0,1777.0,355596.0,627625489.0,37.0
2011-01-16,1767.0,1778.0,1761.0,1775.0,1778.0,1776.0,1256913.0,2229979480.0,58.0
2011-01-17,1780.0,1780.0,1760.0,1775.0,1767.0,1775.0,854870.0,1518238657.0,40.0
2011-01-18,1766.0,1771.0,1760.0,1774.0,1770.0,1775.0,344078.0,606169383.0,15.0
2011-01-19,1760.0,1844.0,1760.0,1840.0,1844.0,1774.0,4345621.0,7996122371.0,125.0
2011-01-22,1913.0,1913.0,1909.0,1913.0,1913.0,1840.0,5365676.0,10263188476.0,195.0
2011-01-23,1988.0,1988.0,1854.0,1956.0,1854.0,1913.0,5331316.0,10427770494.0,281.0
2011-01-24,1940.0,1940.0,1878.0,1880.0,1878.0,1956.0,3536284.0,6647577232.0,173.0
2011-01-26,1879.0,1940.0,1867.0,1884.0,1882.0,1880.0,815312.0,1546601162.0,85.0
2011-01-29,1900.0,1910.0,1870.0,1886.0,1900.0,1884.0,408548.0,775679174.0,39.0
2011-01-30,1886.0,1917.0,1885.0,1891.0,1885.0,1886.0,1037521.0,1971024413.0,89.0
2011-01-31,1885.0,1900.0,1861.0,1888.0,1866.0,1891.0,553123.0,1036328971.0,53.0
2011-02-01,1900.0,1910.0,1831.0,1888.0,1910.0,1888.0,1010755.0,1906869400.0,83.0
2011-02-05,1910.0,1920.0,1900.0,1895.0,1900.0,1888.0,1242050.0,2367334236.0,80.0
2011-02-06,1910.0,1970.0,1900.0,1966.0,1970.0,1895.0,6456737.0,12695518991.0,270.0
2011-02-07,2043.0,2044.0,1975.0,2023.0,1983.0,1966.0,3091039.0,6256635837.0,247.0
2011-02-08,2006.0,2006.0,1943.0,2016.0,2001.0,2023.0,785692.0,1566417158.0,85.0
2011-02-09,2003.0,2060.0,2000.0,2036.0,2000.0,2016.0,3448770.0,7022190745.0,196.0
2011-02-12,2038.0,2038.0,1971.0,2031.0,1985.0,2036.0,379911.0,758937964.0,55.0
2011-02-13,1987.0,2001.0,1950.0,2011.0,1980.0,2031.0,969710.0,1906459782.0,98.0
2011-02-14,1961.0,1999.0,1951.0,2005.0,1998.0,2011.0,609549.0,1205501785.0,62.0
2011-02-15,1930.0,1950.0,1930.0,1994.0,1950.0,2005.0,528476.0,1025960467.0,63.0
2011-02-16,1915.0,1950.0,1915.0,1979.0,1915.0,1994.0,620355.0,1189266609.0,47.0
2011-02-19,1949.0,1949.0,1900.0,1900.0,1900.0,1979.0,3175965.0,6035824435.0,93.0
2011-02-20,1937.0,1937.0,1870.0,1899.0,1893.0,1900.0,110276.0,207283979.0,23.0
2011-02-22,1894.0,1900.0,1882.0,1899.0,1890.0,1899.0,475949.0,902720634.0,66.0
2011-02-23,1885.0,1900.0,1885.0,1898.0,1885.0,1899.0,429444.0,812812263.0,44.0
2011-02-26,1896.0,1899.0,1871.0,1897.0,1871.0,1898.0,208761.0,393586794.0,48.0
2011-02-27,1894.0,1900.0,1860.0,1897.0,1899.0,1897.0,164275.0,310335404.0,21.0
2011-02-28,1855.0,1898.0,1822.0,1849.0,1822.0,1897.0,2002595.0,3649777297.0,96.0
2011-03-01,1835.0,1835.0,1795.0,1801.0,1800.0,1849.0,5671979.0,10214756792.0,58.0
2011-03-02,1837.0,1870.0,1837.0,1804.0,1841.0,1801.0,199846.0,369311681.0,41.0
2011-03-05,1860.0,1870.0,1810.0,1816.0,1869.0,1804.0,632183.0,1177551863.0,45.0
2011-03-06,1845.0,1888.0,1831.0,1826.0,1850.0,1816.0,783873.0,1454725133.0,46.0
2011-03-07,1880.0,1890.0,1850.0,1855.0,1881.0,1826.0,1646760.0,3096484154.0,91.0
2011-03-08,1920.0,1929.0,1890.0,1900.0,1929.0,1855.0,55283684.0,105059848585.0,130.0
2011-03-09,1939.0,1939.0,1899.0,1901.0,1899.0,1900.0,433224.0,826642642.0,44.0
2011-03-12,1897.0,1897.0,1825.0,1871.0,1830.0,1901.0,1730242.0,3168037953.0,90.0
2011-03-13,1830.0,1914.0,1830.0,1871.0,1914.0,1871.0,189173.0,352357114.0,24.0
2011-03-14,1900.0,1915.0,1831.0,1865.0,1840.0,1871.0,1047203.0,1933469294.0,43.0
2011-03-15,1855.0,1885.0,1805.0,1861.0,1885.0,1865.0,426132.0,777448990.0,59.0
2011-03-16,1889.0,1935.0,1889.0,1902.0,1929.0,1861.0,56706584.0,107855343516.0,157.0
2011-03-19,1902.0,1940.0,1890.0,1909.0,1925.0,1902.0,1123979.0,2166685259.0,61.0
2011-03-26,1861.0,1985.0,1861.0,1923.0,1985.0,1909.0,962251.0,1895677925.0,69.0
2011-03-27,1990.0,1999.0,1954.0,1962.0,1999.0,1923.0,2130015.0,4256123674.0,119.0
2011-03-28,2029.0,2029.0,1980.0,1964.0,1980.0,1962.0,217605.0,436415918.0,21.0
2011-03-29,1965.0,2020.0,1965.0,2000.0,2020.0,1964.0,4277674.0,8553952284.0,108.0
2011-03-30,2019.0,2034.0,2000.0,2002.0,2034.0,2000.0,344097.0,694964521.0,48.0
2011-04-03,2002.0,2049.0,2002.0,2004.0,2026.0,2002.0,438486.0,887830713.0,56.0
2011-04-04,2028.0,2084.0,2028.0,2016.0,2060.0,2004.0,736366.0,1523878027.0,85.0
2011-04-05,2084.0,2090.0,2000.0,2019.0,2009.0,2016.0,569062.0,1158193061.0,69.0
2011-04-06,2020.0,2048.0,1939.0,2000.0,2000.0,2019.0,1589086.0,3129912892.0,110.0
2011-04-09,2020.0,2020.0,1960.0,1990.0,1960.0,2000.0,2085711.0,4132507533.0,133.0
2011-04-10,1950.0,1989.0,1920.0,1981.0,1931.0,1990.0,744623.0,1446107820.0,73.0
2011-04-11,1970.0,1998.0,1940.0,1977.0,1962.0,1981.0,824741.0,1618234430.0,66.0
2011-04-12,1970.0,2056.0,1943.0,2049.0,2056.0,1977.0,7496547.0,15363356834.0,199.0
2011-04-13,2130.0,2130.0,2130.0,2130.0,2130.0,2049.0,14737338.0,31390529940.0,332.0
2011-04-16,2180.0,2180.0,2062.0,2134.0,2081.0,2130.0,6059293.0,12933007204.0,274.0
2011-04-17,2089.0,2089.0,2049.0,2092.0,2050.0,2134.0,2017293.0,4134555434.0,138.0
2011-04-18,2099.0,2100.0,2013.0,2081.0,2033.0,2092.0,1108260.0,2275382438.0,86.0
2011-04-19,2010.0,2058.0,2010.0,2077.0,2032.0,2081.0,374952.0,762657582.0,42.0
2011-04-20,2032.0,2118.0,2005.0,2073.0,2099.0,2077.0,1471158.0,3038753840.0,129.0
2011-04-23,2050.0,2100.0,2050.0,2073.0,2100.0,2073.0,480862.0,998737000.0,85.0
2011-04-24,2100.0,2100.0,2034.0,2070.0,2034.0,2073.0,940130.0,1938653855.0,72.0
2011-04-25,2041.0,2069.0,1988.0,2011.0,2040.0,2070.0,3049107.0,6071033678.0,135.0
2011-04-26,2000.0,2039.0,1931.0,2007.0,2000.0,2011.0,473687.0,934777706.0,51.0
2011-04-27,2000.0,2007.0,1941.0,2005.0,1970.0,2007.0,35223780.0,70611166237.0,97.0
2011-04-30,1925.0,1925.0,1925.0,1925.0,1925.0,2005.0,4099515.0,7891566375.0,139.0
2011-05-01,1848.0,1950.0,1848.0,1918.0,1950.0,1925.0,865677.0,1636957198.0,74.0
2011-05-02,1993.0,1994.0,1993.0,1956.0,1994.0,1918.0,2048467.0,4084329482.0,64.0
2011-05-03,2033.0,2033.0,1921.0,1958.0,1950.0,1956.0,437357.0,861580471.0,49.0
2011-05-04,1990.0,1990.0,1947.0,1957.0,1960.0,1958.0,972425.0,1901660180.0,38.0
2011-05-08,1931.0,1942.0,1879.0,1941.0,1888.0,1957.0,974300.0,1841788235.0,100.0
2011-05-09,1959.0,1979.0,1925.0,1942.0,1977.0,1941.0,288116.0,564758696.0,50.0
2011-05-10,2004.0,2004.0,1950.0,1950.0,1970.0,1942.0,1243169.0,2447088243.0,116.0
2011-05-11,1950.0,2017.0,1950.0,1971.0,2017.0,1950.0,2087449.0,4155082071.0,160.0
2011-05-14,1913.0,2000.0,1893.0,1950.0,1950.0,1971.0,1286835.0,2452345359.0,76.0
2011-05-15,1913.0,2000.0,1913.0,1953.0,1980.0,1950.0,1373837.0,2690665124.0,71.0
2011-05-16,1950.0,1994.0,1950.0,1954.0,1953.0,1953.0,164072.0,323110754.0,41.0
2011-05-17,1970.0,1970.0,1876.0,1952.0,1900.0,1954.0,967735.0,1881462698.0,79.0
2011-05-18,1926.0,2000.0,1926.0,1999.0,2000.0,1952.0,33112058.0,66195534384.0,104.0
2011-05-21,1999.0,1999.0,1964.0,1995.0,1965.0,1999.0,575106.0,1134061503.0,89.0
2011-05-22,1995.0,2010.0,1947.0,1993.0,2010.0,1995.0,616417.0,1222212410.0,67.0
2011-05-23,1993.0,1995.0,1960.0,1990.0,1994.0,1993.0,719314.0,1421167914.0,78.0
2011-05-24,1987.0,1991.0,1950.0,1991.0,1990.0,1990.0,37428065.0,74509434486.0,59.0
2011-05-25,1927.0,1990.0,1927.0,1981.0,1960.0,1991.0,777976.0,1507744083.0,62.0
2011-05-28,1927.0,1941.0,1912.0,1975.0,1921.0,1981.0,429368.0,827004740.0,53.0
2011-05-29,1921.0,1939.0,1896.0,1904.0,1896.0,1975.0,5064267.0,9642672274.0,63.0
2011-05-30,1830.0,1980.0,1830.0,1908.0,1980.0,1904.0,691967.0,1333226639.0,101.0
2011-05-31,1970.0,1970.0,1880.0,1908.0,1950.0,1908.0,535340.0,1020908571.0,82.0
2011-06-01,1907.0,1919.0,1850.0,1905.0,1919.0,1908.0,474956.0,895558322.0,85.0
2011-06-06,1920.0,1920.0,1836.0,1900.0,1875.0,1905.0,350461.0,649157174.0,71.0
2011-06-07,1872.0,1900.0,1871.0,1899.0,1886.0,1900.0,328038.0,617829760.0,48.0
2011-06-08,1850.0,1920.0,1831.0,1893.0,1872.0,1899.0,734510.0,1369616396.0,116.0
2011-06-11,1841.0,1870.0,1838.0,1890.0,1844.0,1893.0,240107.0,443881389.0,52.0
2011-06-12,1821.0,1849.0,1815.0,1884.0,1840.0,1890.0,400316.0,732356771.0,75.0
2011-06-13,1842.0,1920.0,1842.0,1886.0,1900.0,1884.0,1076906.0,2036223267.0,87.0
2011-06-14,1860.0,1920.0,1860.0,1898.0,1900.0,1886.0,3133502.0,5957594969.0,168.0
2011-06-15,1910.0,1930.0,1852.0,1897.0,1910.0,1898.0,728557.0,1379916430.0,67.0
2011-06-18,1900.0,1949.0,1900.0,1903.0,1930.0,1897.0,899198.0,1728692873.0,62.0
2011-06-19,1936.0,1939.0,1875.0,1903.0,1900.0,1903.0,465129.0,887147682.0,58.0
2011-06-20,1900.0,1979.0,1898.0,1926.0,1979.0,1903.0,1649947.0,3233734441.0,127.0
2011-06-21,1940.0,2003.0,1940.0,1984.0,1990.0,1926.0,3128058.0,6261626939.0,156.0
2011-06-22,1941.0,2000.0,1941.0,1984.0,1969.0,1984.0,481123.0,956230150.0,50.0
2011-06-25,1950.0,1950.0,1930.0,1981.0,1944.0,1984.0,228708.0,442943552.0,52.0
2011-06-26,1931.0,1931.0,1902.0,1971.0,1903.0,1981.0,627161.0,1201230317.0,76.0
2011-06-27,1900.0,1920.0,1893.0,1945.0,1893.0,1971.0,1367989.0,2589916914.0,97.0
2011-06-28,1869.0,1930.0,1869.0,1943.0,1922.0,1945.0,190009.0,360887954.0,37.0
2011-06-29,1991.0,2016.0,1950.0,1956.0,1980.0,1943.0,1271761.0,2522531829.0,138.0
2011-07-02,1982.0,2009.0,1906.0,1938.0,1910.0,1956.0,2533366.0,4883064590.0,88.0
2011-07-03,1960.0,1972.0,1895.0,1928.0,1895.0,1938.0,1369681.0,2614179790.0,66.0
2011-07-04,1900.0,1954.0,1888.0,1928.0,1901.0,1928.0,898919.0,1733467630.0,67.0
2011-07-05,1901.0,1950.0,1901.0,1928.0,1920.0,1928.0,147915.0,284259271.0,47.0
2011-07-06,1950.0,1980.0,1930.0,1934.0,1957.0,1928.0,890810.0,1742634735.0,85.0
2011-07-09,1971.0,1990.0,1950.0,1939.0,1983.0,1934.0,526417.0,1039873325.0,62.0
2011-07-10,1980.0,1980.0,1941.0,1940.0,1956.0,1939.0,293706.0,573543438.0,47.0
2011-07-11,1937.0,1963.0,1937.0,1941.0,1954.0,1940.0,229981.0,449172593.0,64.0
2011-07-12,1951.0,1955.0,1900.0,1940.0,1919.0,1941.0,805214.0,1557861852.0,80.0
2011-07-13,1920.0,1980.0,1911.0,1917.0,1940.0,1940.0,4532011.0,8688507562.0,88.0
2011-07-16,1935.0,1993.0,1935.0,1949.0,1993.0,1917.0,1897048.0,3768877138.0,132.0
2011-07-18,1990.0,2026.0,1990.0,2008.0,2026.0,1949.0,6075379.0,12200109787.0,748.0
2011-07-24,1950.0,1998.0,1950.0,1969.0,1961.0,1958.0,958783.0,1887679276.0,27.0
2011-07-25,2000.0,2000.0,1931.0,1970.0,1950.0,1969.0,389362.0,769112291.0,50.0
2011-07-26,1900.0,1956.0,1899.0,1965.0,1941.0,1970.0,436841.0,841053919.0,58.0
2011-07-27,1960.0,2000.0,1940.0,1975.0,2000.0,1965.0,1899187.0,3773267349.0,89.0
2011-07-30,1959.0,1979.0,1952.0,1975.0,1979.0,1975.0,181028.0,356064752.0,26.0
2011-07-31,1940.0,1995.0,1940.0,1977.0,1990.0,1975.0,1729674.0,3425757726.0,57.0
2011-08-01,1961.0,2005.0,1961.0,2002.0,2000.0,1977.0,4910209.0,9828452785.0,163.0
2011-08-02,1987.0,2020.0,1986.0,2002.0,2019.0,2002.0,582977.0,1167087554.0,65.0
2011-08-03,1976.0,2037.0,1976.0,2006.0,2025.0,2002.0,842387.0,1703321112.0,64.0
2011-08-06,2006.0,2006.0,1982.0,2005.0,2000.0,2006.0,348766.0,693567718.0,33.0
2011-08-07,2000.0,2022.0,2000.0,2005.0,2000.0,2005.0,256367.0,513411981.0,45.0
2011-08-08,2030.0,2085.0,2030.0,2037.0,2080.0,2005.0,1866442.0,3873842341.0,258.0
2011-08-09,2080.0,2084.0,2056.0,2046.0,2075.0,2037.0,1067813.0,2213769736.0,120.0
2011-08-10,2080.0,2110.0,2060.0,2059.0,2108.0,2046.0,996252.0,2091379038.0,97.0
2011-08-13,2115.0,2141.0,2115.0,2107.0,2141.0,2059.0,2414506.0,5167058520.0,106.0
2011-08-14,2191.0,2191.0,2189.0,2191.0,2191.0,2107.0,10773851.0,23605210118.0,550.0
2011-08-15,2181.0,2226.0,2181.0,2200.0,2200.0,2191.0,2120216.0,4680424814.0,160.0
2011-08-16,2196.0,2265.0,2146.0,2223.0,2219.0,2200.0,4526266.0,10060330819.0,316.0
2011-09-03,1940.0,1940.0,1891.0,1917.0,1900.0,1723.0,2647842.0,5075932695.0,236.0
2011-09-04,1920.0,1920.0,1852.0,1909.0,1870.0,1917.0,2112709.0,4008269350.0,202.0
2011-09-05,1900.0,1900.0,1840.0,1894.0,1865.0,1909.0,1689880.0,3146825143.0,202.0
2011-09-06,1875.0,1969.0,1860.0,1932.0,1969.0,1894.0,4114743.0,7992684501.0,192.0
2011-09-07,2009.0,2009.0,1942.0,1999.0,1990.0,1932.0,13454555.0,26898106240.0,520.0
2011-09-10,1999.0,1999.0,1930.0,1986.0,1947.0,1999.0,1510809.0,2952501850.0,158.0
2011-09-11,1976.0,1976.0,1920.0,1973.0,1940.0,1986.0,1280716.0,2477106086.0,122.0
2011-09-12,1922.0,1940.0,1895.0,1951.0,1895.0,1973.0,1629098.0,3101199549.0,114.0
2011-09-13,1890.0,1920.0,1873.0,1919.0,1873.0,1951.0,2310258.0,4339497798.0,237.0
2011-09-14,1870.0,1909.0,1843.0,1899.0,1889.0,1919.0,1586312.0,2940353231.0,160.0
2011-09-17,1880.0,1890.0,1850.0,1896.0,1869.0,1899.0,488290.0,913321974.0,54.0
2011-09-18,1862.0,1890.0,1830.0,1882.0,1835.0,1896.0,1811922.0,3362837093.0,195.0
2011-09-19,1859.0,1859.0,1827.0,1877.0,1832.0,1882.0,537562.0,986739047.0,74.0
2011-09-20,1834.0,1887.0,1834.0,1875.0,1874.0,1877.0,507086.0,941678138.0,101.0
2011-09-21,1875.0,1908.0,1870.0,1877.0,1901.0,1875.0,532676.0,1007210357.0,101.0
2011-09-25,1900.0,1909.0,1830.0,1880.0,1835.0,1877.0,1054040.0,1996011058.0,93.0
2011-09-26,1833.0,1879.0,1830.0,1877.0,1840.0,1880.0,444869.0,822028925.0,82.0
2011-09-27,1850.0,1882.0,1840.0,1875.0,1850.0,1877.0,662270.0,1234276611.0,69.0
2011-09-28,1850.0,1860.0,1840.0,1873.0,1850.0,1875.0,371965.0,686629608.0,64.0
2011-10-01,1841.0,1875.0,1820.0,1869.0,1838.0,1873.0,568988.0,1044179839.0,83.0
2011-10-02,1831.0,1839.0,1821.0,1867.0,1836.0,1869.0,205959.0,376474918.0,35.0
2011-10-03,1826.0,1850.0,1793.0,1854.0,1801.0,1867.0,1241777.0,2252121760.0,142.0
2011-10-04,1845.0,1845.0,1810.0,1851.0,1817.0,1854.0,430519.0,782477732.0,68.0
2011-10-05,1802.0,1835.0,1788.0,1842.0,1835.0,1851.0,1035814.0,1867650891.0,126.0
2011-10-08,1848.0,1885.0,1805.0,1838.0,1814.0,1842.0,1675997.0,3066694804.0,193.0
2011-10-09,1840.0,1840.0,1800.0,1833.0,1805.0,1838.0,795626.0,1438646021.0,110.0
2011-10-10,1829.0,1843.0,1810.0,1831.0,1810.0,1833.0,1530030.0,2796439346.0,101.0
2011-10-11,1807.0,1829.0,1790.0,1816.0,1800.0,1831.0,2540726.0,4574737531.0,189.0
2011-10-12,1800.0,1800.0,1771.0,1812.0,1789.0,1816.0,532696.0,948431715.0,90.0
2011-10-15,1797.0,1797.0,1755.0,1808.0,1759.0,1812.0,390550.0,688861667.0,77.0
2011-10-16,1765.0,1766.0,1736.0,1798.0,1736.0,1808.0,766073.0,1330435796.0,120.0
2011-10-17,1727.0,1740.0,1727.0,1787.0,1739.0,1798.0,889601.0,1542418819.0,114.0
2011-10-18,1743.0,1755.0,1726.0,1782.0,1745.0,1787.0,509995.0,886784299.0,74.0
2011-10-19,1792.0,1827.0,1740.0,1782.0,1742.0,1782.0,500847.0,894924807.0,88.0
2011-10-22,1769.0,1780.0,1724.0,1780.0,1731.0,1782.0,388619.0,684472434.0,57.0
2011-10-23,1731.0,1738.0,1720.0,1774.0,1722.0,1780.0,618306.0,1066834199.0,64.0
2011-10-24,1720.0,1750.0,1704.0,1758.0,1750.0,1774.0,1941691.0,3361554404.0,103.0
2011-10-25,1728.0,1770.0,1728.0,1759.0,1758.0,1758.0,2526338.0,4446718227.0,126.0
2011-10-26,1757.0,1790.0,1757.0,1760.0,1777.0,1759.0,559100.0,988802865.0,66.0
2011-10-29,1724.0,1788.0,1724.0,1761.0,1765.0,1760.0,453483.0,802341063.0,37.0
2011-10-30,1713.0,1769.0,1712.0,1760.0,1762.0,1761.0,494724.0,867137278.0,56.0
2011-10-31,1755.0,1763.0,1740.0,1759.0,1740.0,1760.0,848587.0,1489864828.0,56.0
2011-11-01,1730.0,1740.0,1720.0,1758.0,1730.0,1759.0,148818.0,257494989.0,37.0
2011-11-02,1730.0,1750.0,1730.0,1754.0,1749.0,1758.0,875193.0,1519422197.0,70.0
2011-11-05,1765.0,1765.0,1691.0,1751.0,1700.0,1754.0,295226.0,502909053.0,67.0
2011-11-06,1737.0,1737.0,1681.0,1740.0,1685.0,1751.0,824164.0,1386013135.0,103.0
2011-11-08,1681.0,1700.0,1671.0,1735.0,1700.0,1740.0,403427.0,675115036.0,73.0
2011-11-09,1666.0,1735.0,1666.0,1734.0,1730.0,1735.0,356738.0,614896556.0,55.0
2011-11-12,1727.0,1738.0,1683.0,1731.0,1683.0,1734.0,688272.0,1178669264.0,51.0
2011-11-13,1775.0,1775.0,1662.0,1725.0,1662.0,1731.0,477468.0,795134087.0,63.0
2011-11-14,1680.0,1700.0,1656.0,1724.0,1700.0,1725.0,171270.0,288516770.0,33.0
2011-11-16,1710.0,1710.0,1666.0,1724.0,1676.0,1724.0,51180.0,85715940.0,24.0
2011-11-19,1659.0,1700.0,1659.0,1723.0,1699.0,1724.0,201331.0,340319669.0,48.0
2011-11-20,1695.0,1740.0,1694.0,1722.0,1733.0,1723.0,678933.0,1166671934.0,147.0
2011-11-21,1749.0,1770.0,1740.0,1729.0,1755.0,1722.0,1218864.0,2136444579.0,179.0
2011-11-22,1700.0,1750.0,1660.0,1726.0,1740.0,1729.0,634917.0,1081521949.0,84.0
2011-11-23,1667.0,1700.0,1667.0,1716.0,1697.0,1726.0,1503063.0,2540575090.0,94.0
2011-11-26,1680.0,1733.0,1680.0,1715.0,1733.0,1716.0,1013386.0,1735561300.0,102.0
2011-11-27,1706.0,1755.0,1651.0,1717.0,1668.0,1715.0,1397298.0,2405034511.0,122.0
2011-11-28,1726.0,1735.0,1700.0,1716.0,1720.0,1717.0,2775564.0,4762624555.0,144.0
2011-11-29,1716.0,1737.0,1716.0,1717.0,1730.0,1716.0,398704.0,688125336.0,58.0
2011-11-30,1684.0,1700.0,1649.0,1674.0,1685.0,1717.0,3427973.0,5661122890.0,196.0
2011-12-03,1637.0,1693.0,1632.0,1671.0,1693.0,1674.0,1590050.0,2647343270.0,70.0
2011-12-04,1716.0,1734.0,1710.0,1681.0,1725.0,1671.0,1000123.0,1722380888.0,61.0
2011-12-07,1700.0,1748.0,1700.0,1698.0,1740.0,1681.0,1579304.0,2744170116.0,117.0
2011-12-10,1760.0,1760.0,1710.0,1700.0,1712.0,1698.0,421863.0,729414200.0,40.0
2011-12-11,1716.0,1747.0,1716.0,1704.0,1730.0,1700.0,560623.0,974648651.0,63.0
2011-12-12,1720.0,1743.0,1701.0,1707.0,1743.0,1704.0,547128.0,949135619.0,100.0
2011-12-13,1740.0,1750.0,1727.0,1712.0,1745.0,1707.0,683750.0,1192623377.0,70.0
2011-12-14,1750.0,1763.0,1726.0,1714.0,1760.0,1712.0,215317.0,378260507.0,59.0
2011-12-17,1750.0,1770.0,1750.0,1717.0,1764.0,1714.0,344693.0,606751728.0,62.0
2011-12-18,1760.0,1769.0,1742.0,1720.0,1750.0,1717.0,366445.0,644561811.0,51.0
2011-12-19,1768.0,1768.0,1740.0,1722.0,1758.0,1720.0,279306.0,490801573.0,41.0
2011-12-20,1720.0,1756.0,1711.0,1722.0,1750.0,1722.0,63652.0,109639336.0,16.0
2011-12-21,1730.0,1750.0,1716.0,1722.0,1723.0,1722.0,160888.0,277144749.0,27.0
2011-12-24,1750.0,1750.0,1680.0,1721.0,1704.0,1722.0,264990.0,451871322.0,37.0
2011-12-25,1700.0,1714.0,1700.0,1721.0,1710.0,1721.0,109386.0,187193483.0,29.0
2011-12-26,1724.0,1724.0,1691.0,1720.0,1691.0,1721.0,184388.0,312781287.0,32.0
2011-12-27,1685.0,1708.0,1683.0,1719.0,1690.0,1720.0,226752.0,382733614.0,23.0
2011-12-28,1700.0,1700.0,1680.0,1718.0,1700.0,1719.0,188042.0,317053032.0,34.0
2011-12-31,1690.0,1710.0,1680.0,1716.0,1686.0,1718.0,376270.0,635838368.0,45.0
2012-01-01,1685.0,1715.0,1674.0,1715.0,1715.0,1716.0,208774.0,350548681.0,51.0
2012-01-02,1715.0,1715.0,1678.0,1714.0,1678.0,1715.0,226999.0,383334385.0,25.0
2012-01-03,1700.0,1710.0,1680.0,1714.0,1700.0,1714.0,136863.0,233388572.0,18.0
2012-01-04,1700.0,1782.0,1700.0,1727.0,1782.0,1714.0,1225554.0,2167521640.0,122.0
2012-01-07,1792.0,1796.0,1763.0,1739.0,1771.0,1727.0,976066.0,1749002972.0,73.0
2012-01-08,1770.0,1770.0,1701.0,1739.0,1760.0,1739.0,99843.0,174552633.0,18.0
2012-01-09,1770.0,1789.0,1763.0,1742.0,1771.0,1739.0,429854.0,763675331.0,59.0
2012-01-10,1728.0,1760.0,1728.0,1742.0,1730.0,1742.0,221476.0,385498332.0,85.0
2012-01-11,1811.0,1811.0,1811.0,1745.0,1811.0,1742.0,250010.0,452768110.0,27.0
2012-01-15,1814.0,1814.0,1805.0,1814.0,1814.0,1745.0,5274168.0,9566272924.0,238.0
2012-01-16,1840.0,1856.0,1814.0,1816.0,1820.0,1814.0,495343.0,908599593.0,68.0
2012-01-17,1800.0,1800.0,1744.0,1810.0,1750.0,1816.0,479719.0,839787921.0,82.0
2012-01-18,1759.0,1850.0,1759.0,1816.0,1850.0,1810.0,1525158.0,2790842220.0,122.0
2012-01-21,1753.0,1800.0,1744.0,1809.0,1755.0,1816.0,573915.0,1003975251.0,76.0
2012-01-23,1740.0,1755.0,1737.0,1806.0,1744.0,1809.0,283074.0,494428774.0,53.0
2012-01-25,1734.0,1766.0,1734.0,1799.0,1754.0,1806.0,553535.0,965546420.0,50.0
2012-01-28,1870.0,1870.0,1870.0,1803.0,1870.0,1799.0,287205.0,537073350.0,25.0
2012-01-29,1875.0,1875.0,1828.0,1871.0,1850.0,1803.0,7516746.0,14063723440.0,371.0
2012-01-30,1860.0,1909.0,1850.0,1892.0,1852.0,1871.0,4943285.0,9359554069.0,261.0
2012-01-31,1884.0,1884.0,1817.0,1877.0,1818.0,1892.0,1103768.0,2011014013.0,62.0
2012-02-01,1838.0,1870.0,1802.0,1871.0,1802.0,1877.0,777966.0,1427786854.0,68.0
2012-02-04,1802.0,1830.0,1797.0,1866.0,1801.0,1871.0,389752.0,702318271.0,51.0
2012-02-05,1794.0,1810.0,1792.0,1866.0,1792.0,1866.0,34508.0,61942732.0,17.0
2012-02-06,1792.0,1810.0,1792.0,1847.0,1792.0,1866.0,1350078.0,2420121072.0,99.0
2012-02-07,1775.0,1792.0,1774.0,1843.0,1792.0,1847.0,283032.0,502278823.0,34.0
2012-02-08,1770.0,1775.0,1770.0,1842.0,1770.0,1843.0,65685.0,116351255.0,13.0
2012-02-12,1769.0,1770.0,1769.0,1827.0,1769.0,1842.0,1106548.0,1957497064.0,59.0
2012-02-13,1800.0,1800.0,1754.0,1821.0,1754.0,1827.0,426692.0,748420068.0,44.0
2012-02-14,1749.0,1749.0,1749.0,1818.0,1749.0,1821.0,221667.0,387695583.0,20.0
2012-02-15,1746.0,1746.0,1746.0,1815.0,1746.0,1818.0,206718.0,360929628.0,17.0
2012-02-18,1743.0,1779.0,1743.0,1799.0,1743.0,1815.0,1233875.0,2156614788.0,108.0
2012-02-19,1728.0,1735.0,1728.0,1763.0,1728.0,1799.0,2663145.0,4602168660.0,115.0
2012-02-20,1693.0,1732.0,1693.0,1744.0,1693.0,1763.0,1942907.0,3325210655.0,128.0
2012-03-04,1676.0,1676.0,1675.0,1736.0,1675.0,1744.0,599828.0,1004712900.0,45.0
2012-03-05,1667.0,1668.0,1667.0,1704.0,1667.0,1736.0,2457567.0,4096769189.0,122.0
2012-03-06,1636.0,1666.0,1636.0,1699.0,1636.0,1704.0,380871.0,623181653.0,59.0
2012-03-07,1632.0,1636.0,1632.0,1684.0,1632.0,1699.0,1152694.0,1881199812.0,151.0
2012-03-10,1617.0,1617.0,1617.0,1677.0,1617.0,1684.0,568838.0,919811046.0,54.0
2012-03-11,1610.0,1610.0,1610.0,1675.0,1610.0,1677.0,146098.0,235217780.0,18.0
2012-03-12,1608.0,1608.0,1608.0,1675.0,1608.0,1675.0,13124.0,21103392.0,5.0
2012-03-13,1608.0,1608.0,1608.0,1674.0,1608.0,1675.0,45288.0,72823104.0,17.0
2012-03-14,1608.0,1608.0,1608.0,1673.0,1608.0,1674.0,69709.0,112092072.0,18.0
2012-03-17,1580.0,1580.0,1517.0,1521.0,1544.0,1673.0,4974379.0,7567043869.0,354.0
2012-03-18,1550.0,1550.0,1518.0,1525.0,1520.0,1521.0,3156017.0,4821861591.0,262.0
2012-03-24,1570.0,1570.0,1551.0,1534.0,1558.0,1525.0,1187550.0,1855816875.0,64.0
2012-03-25,1575.0,1576.0,1508.0,1534.0,1520.0,1534.0,725395.0,1114655708.0,56.0
2012-03-26,1520.0,1523.0,1500.0,1531.0,1500.0,1534.0,455602.0,685507040.0,70.0
2012-03-27,1501.0,1518.0,1477.0,1524.0,1480.0,1531.0,954586.0,1422164213.0,122.0
2012-03-28,1510.0,1510.0,1482.0,1519.0,1498.0,1524.0,1014654.0,1519543518.0,85.0
2012-04-02,1490.0,1490.0,1476.0,1517.0,1480.0,1519.0,284894.0,421984545.0,38.0
2012-04-03,1490.0,1490.0,1457.0,1505.0,1457.0,1517.0,1327260.0,1951038153.0,103.0
2012-04-04,1457.0,1498.0,1445.0,1502.0,1450.0,1505.0,362000.0,527064499.0,49.0
2012-04-07,1489.0,1489.0,1442.0,1489.0,1442.0,1502.0,1191454.0,1719283557.0,107.0
2012-04-08,1440.0,1450.0,1430.0,1484.0,1430.0,1489.0,473233.0,677183029.0,54.0
2012-04-09,1430.0,1455.0,1425.0,1470.0,1425.0,1484.0,1283385.0,1829003692.0,59.0
2012-04-10,1413.0,1433.0,1412.0,1459.0,1412.0,1470.0,1022160.0,1443389668.0,110.0
2012-04-11,1401.0,1517.0,1401.0,1491.0,1517.0,1459.0,3690709.0,5550807994.0,201.0
2012-04-14,1499.0,1540.0,1499.0,1498.0,1530.0,1491.0,1029708.0,1569519538.0,124.0
2012-04-15,1557.0,1557.0,1530.0,1531.0,1557.0,1498.0,3046785.0,4738050634.0,125.0
2012-04-16,1592.0,1592.0,1533.0,1550.0,1580.0,1531.0,2216055.0,3490509323.0,149.0
2012-04-17,1569.0,1569.0,1510.0,1548.0,1529.0,1550.0,801215.0,1229975129.0,81.0
2012-04-18,1530.0,1540.0,1487.0,1538.0,1487.0,1548.0,1762423.0,2675596061.0,189.0
2012-04-21,1502.0,1510.0,1484.0,1534.0,1490.0,1538.0,568151.0,852043759.0,43.0
2012-04-22,1489.0,1500.0,1481.0,1527.0,1481.0,1534.0,895798.0,1338854984.0,77.0
2012-04-23,1499.0,1526.0,1482.0,1525.0,1499.0,1527.0,401044.0,599791446.0,52.0
2012-04-24,1510.0,1510.0,1470.0,1519.0,1488.0,1525.0,728904.0,1080278847.0,66.0
2012-04-28,1479.0,1480.0,1462.0,1514.0,1480.0,1519.0,580199.0,854941730.0,48.0
2012-04-29,1470.0,1500.0,1454.0,1503.0,1490.0,1514.0,1220003.0,1791725548.0,118.0
2012-04-30,1452.0,1479.0,1451.0,1498.0,1479.0,1503.0,623087.0,912739270.0,77.0
2012-05-01,1496.0,1496.0,1470.0,1494.0,1495.0,1498.0,1027500.0,1516543053.0,72.0
2012-05-02,1494.0,1499.0,1472.0,1494.0,1499.0,1494.0,389158.0,580161787.0,44.0
2012-05-05,1500.0,1538.0,1451.0,1495.0,1490.0,1494.0,596306.0,895229321.0,73.0
2012-05-06,1515.0,1515.0,1476.0,1494.0,1480.0,1495.0,267570.0,396551331.0,51.0
2012-05-07,1471.0,1499.0,1453.0,1492.0,1470.0,1494.0,741269.0,1095516474.0,110.0
2012-05-08,1492.0,1492.0,1458.0,1491.0,1470.0,1492.0,183760.0,270916034.0,32.0
2012-05-09,1461.0,1501.0,1460.0,1491.0,1500.0,1491.0,652794.0,972064977.0,67.0
2012-05-12,1490.0,1515.0,1470.0,1491.0,1515.0,1491.0,344083.0,514336511.0,72.0
2012-05-13,1471.0,1490.0,1440.0,1486.0,1440.0,1491.0,744764.0,1085612140.0,99.0
2012-05-14,1460.0,1490.0,1460.0,1483.0,1488.0,1486.0,1489271.0,2197288385.0,91.0
2012-05-15,1490.0,1500.0,1458.0,1483.0,1490.0,1483.0,528942.0,783557457.0,42.0
2012-05-16,1501.0,1540.0,1489.0,1490.0,1533.0,1483.0,1217388.0,1840125115.0,122.0
2012-05-19,1519.0,1549.0,1519.0,1509.0,1549.0,1490.0,1836513.0,2836665080.0,206.0
2012-05-20,1521.0,1569.0,1521.0,1535.0,1569.0,1509.0,2426253.0,3798357342.0,151.0
2012-05-21,1596.0,1596.0,1590.0,1596.0,1596.0,1535.0,7634399.0,12184400204.0,314.0
2012-05-22,1610.0,1632.0,1610.0,1608.0,1630.0,1596.0,2335274.0,3791518098.0,197.0
2012-05-23,1639.0,1672.0,1615.0,1624.0,1671.0,1608.0,2038340.0,3362310394.0,157.0
2012-05-26,1620.0,1620.0,1560.0,1619.0,1604.0,1624.0,1427738.0,2290191307.0,110.0
2012-05-27,1599.0,1610.0,1592.0,1616.0,1595.0,1619.0,948537.0,1520951822.0,89.0
2012-05-28,1595.0,1619.0,1562.0,1614.0,1610.0,1616.0,460186.0,735700544.0,50.0
2012-05-29,1600.0,1600.0,1570.0,1613.0,1598.0,1614.0,253301.0,401355774.0,34.0
2012-05-30,1549.0,1600.0,1549.0,1608.0,1580.0,1613.0,1877997.0,3002803593.0,94.0
2012-06-02,1580.0,1600.0,1546.0,1607.0,1580.0,1608.0,211205.0,333473359.0,29.0
2012-06-05,1556.0,1570.0,1556.0,1607.0,1566.0,1607.0,62250.0,97676942.0,17.0
2012-06-06,1561.0,1591.0,1550.0,1605.0,1560.0,1607.0,270537.0,424260284.0,43.0
2012-06-09,1560.0,1560.0,1541.0,1583.0,1541.0,1605.0,1788575.0,2756805820.0,52.0
2012-06-10,1520.0,1550.0,1520.0,1579.0,1550.0,1583.0,387925.0,594680795.0,47.0
2012-06-11,1550.0,1592.0,1536.0,1578.0,1537.0,1579.0,214306.0,333532748.0,35.0
2012-06-12,1530.0,1589.0,1520.0,1574.0,1525.0,1578.0,477933.0,731747854.0,102.0
2012-06-13,1526.0,1575.0,1526.0,1573.0,1568.0,1574.0,248656.0,386035898.0,36.0
2012-06-16,1542.0,1559.0,1526.0,1572.0,1527.0,1573.0,167436.0,258149969.0,23.0
2012-06-17,1526.0,1546.0,1525.0,1571.0,1525.0,1572.0,146638.0,223939514.0,28.0
2012-06-19,1525.0,1545.0,1510.0,1570.0,1510.0,1571.0,121060.0,183823601.0,35.0
2012-06-20,1508.0,1510.0,1508.0,1567.0,1508.0,1570.0,291892.0,440263136.0,26.0
2012-06-23,1505.0,1569.0,1505.0,1562.0,1505.0,1567.0,497254.0,750994541.0,34.0
2012-06-24,1500.0,1509.0,1500.0,1559.0,1500.0,1562.0,301226.0,452317842.0,41.0
2012-06-25,1500.0,1525.0,1497.0,1546.0,1497.0,1559.0,1276435.0,1920061901.0,73.0
2012-06-26,1486.0,1486.0,1485.0,1543.0,1485.0,1546.0,258515.0,383954775.0,69.0
2012-06-27,1482.0,1600.0,1482.0,1520.0,1482.0,1543.0,2173499.0,3233598427.0,105.0
2012-06-30,1566.0,1566.0,1474.0,1518.0,1505.0,1520.0,493483.0,741504098.0,41.0
2012-07-01,1482.0,1530.0,1460.0,1516.0,1530.0,1518.0,1983808.0,3000770039.0,93.0
2012-07-02,1501.0,1576.0,1500.0,1529.0,1576.0,1516.0,1390387.0,2177966259.0,101.0
2012-07-03,1540.0,1590.0,1510.0,1545.0,1590.0,1529.0,3401834.0,5283732097.0,97.0
2012-07-04,1550.0,1606.0,1550.0,1552.0,1562.0,1545.0,742413.0,1185719950.0,56.0
2012-07-07,1503.0,1610.0,1502.0,1558.0,1610.0,1552.0,703844.0,1124032507.0,51.0
2012-07-08,1613.0,1620.0,1500.0,1565.0,1590.0,1558.0,1690448.0,2668728987.0,94.0
2012-07-09,1530.0,1594.0,1530.0,1566.0,1570.0,1565.0,885784.0,1391859049.0,43.0
2012-07-10,1570.0,1590.0,1560.0,1567.0,1587.0,1566.0,398562.0,628301541.0,37.0
2012-07-11,1587.0,1587.0,1531.0,1565.0,1584.0,1567.0,573137.0,889125629.0,51.0
2012-07-14,1565.0,1570.0,1530.0,1564.0,1570.0,1565.0,444343.0,690727319.0,39.0
2012-07-15,1533.0,1570.0,1510.0,1561.0,1570.0,1564.0,547558.0,840136544.0,75.0
2012-07-16,1521.0,1560.0,1521.0,1559.0,1560.0,1561.0,536581.0,827729533.0,47.0
2012-07-17,1530.0,1605.0,1522.0,1574.0,1605.0,1559.0,3039367.0,4819308507.0,234.0
2012-07-24,1480.0,1480.0,1450.0,1477.0,1480.0,1474.0,610408.0,901860900.0,27.0
2012-07-25,1477.0,1484.0,1477.0,1477.0,1477.0,1477.0,2644858.0,3906462136.0,62.0
2012-07-28,1500.0,1500.0,1418.0,1476.0,1418.0,1477.0,73145.0,104192630.0,16.0
2012-07-29,1417.0,1423.0,1417.0,1471.0,1417.0,1476.0,478705.0,678347185.0,40.0
2012-07-30,1413.0,1413.0,1413.0,1469.0,1413.0,1471.0,164132.0,231918516.0,30.0
2012-07-31,1411.0,1411.0,1411.0,1469.0,1411.0,1469.0,25830.0,36446130.0,12.0
2012-08-01,1411.0,1411.0,1411.0,1467.0,1411.0,1469.0,164260.0,231770860.0,26.0
2012-08-04,1409.0,1409.0,1409.0,1467.0,1409.0,1467.0,500.0,704500.0,1.0
2012-08-05,1409.0,1409.0,1409.0,1466.0,1409.0,1467.0,107870.0,151988830.0,7.0
2012-08-06,1408.0,1408.0,1408.0,1466.0,1408.0,1466.0,100.0,140800.0,1.0
2012-08-07,1408.0,1408.0,1408.0,1445.0,1408.0,1466.0,1855856.0,2613045248.0,98.0
2012-08-08,1388.0,1400.0,1388.0,1441.0,1400.0,1445.0,331606.0,460269848.0,17.0
2012-08-11,1384.0,1384.0,1384.0,1441.0,1384.0,1441.0,7850.0,10864400.0,4.0
2012-08-12,1384.0,1384.0,1384.0,1430.0,1384.0,1441.0,1004376.0,1390056384.0,33.0
2012-08-13,1373.0,1388.0,1373.0,1424.0,1373.0,1430.0,526382.0,722857486.0,47.0
2012-08-14,1368.0,1368.0,1368.0,1414.0,1368.0,1424.0,893648.0,1222510464.0,34.0
2012-08-15,1358.0,1358.0,1358.0,1408.0,1358.0,1414.0,519541.0,705536678.0,25.0
2012-08-18,1355.0,1355.0,1352.0,1408.0,1352.0,1408.0,11000.0,14873500.0,5.0
2012-08-21,1352.0,1352.0,1352.0,1408.0,1352.0,1408.0,18500.0,25012000.0,5.0
2012-08-22,1352.0,1352.0,1352.0,1408.0,1352.0,1408.0,39403.0,53272856.0,19.0
2012-08-25,1352.0,1352.0,1352.0,1408.0,1352.0,1408.0,4000.0,5408000.0,5.0
2012-08-26,1352.0,1352.0,1352.0,1408.0,1352.0,1408.0,38294.0,51773488.0,7.0
2012-08-27,1352.0,1352.0,1352.0,1407.0,1352.0,1408.0,63447.0,85780344.0,5.0
2012-09-02,1351.0,1351.0,1351.0,1407.0,1351.0,1407.0,736.0,994336.0,1.0
2012-09-03,1351.0,1351.0,1351.0,1407.0,1351.0,1407.0,11100.0,14996100.0,4.0
2012-09-04,1350.0,1350.0,1297.0,1318.0,1341.0,1407.0,2375985.0,3131983657.0,206.0
2012-09-05,1325.0,1340.0,1290.0,1316.0,1290.0,1318.0,848173.0,1108593257.0,103.0
2012-09-08,1309.0,1330.0,1299.0,1316.0,1300.0,1316.0,636227.0,838516175.0,69.0
2012-09-09,1310.0,1314.0,1294.0,1314.0,1314.0,1316.0,753490.0,981458422.0,68.0
2012-09-10,1302.0,1318.0,1300.0,1314.0,1315.0,1314.0,595759.0,781825187.0,38.0
2012-09-11,1300.0,1319.0,1275.0,1313.0,1318.0,1314.0,786074.0,1025565194.0,77.0
2012-09-15,1300.0,1300.0,1280.0,1310.0,1290.0,1313.0,706817.0,910390779.0,62.0
2012-09-16,1311.0,1311.0,1258.0,1300.0,1258.0,1310.0,1116995.0,1409019708.0,204.0
2012-09-17,1257.0,1257.0,1248.0,1293.0,1257.0,1300.0,767181.0,959618648.0,140.0
2012-09-18,1270.0,1290.0,1242.0,1287.0,1281.0,1293.0,827584.0,1040816980.0,86.0
2012-09-19,1250.0,1327.0,1238.0,1297.0,1327.0,1287.0,1778115.0,2339658130.0,128.0
2012-09-22,1330.0,1346.0,1301.0,1307.0,1345.0,1297.0,1186884.0,1590278245.0,95.0
2012-09-23,1359.0,1359.0,1322.0,1340.0,1340.0,1307.0,25668157.0,34404476711.0,70.0
2012-09-24,1326.0,1390.0,1326.0,1343.0,1389.0,1340.0,461102.0,634187080.0,52.0
2012-09-25,1389.0,1396.0,1375.0,1356.0,1390.0,1343.0,1268773.0,1769883587.0,78.0
2012-09-26,1400.0,1410.0,1381.0,1365.0,1390.0,1356.0,1084615.0,1518712475.0,102.0
2012-09-29,1390.0,1415.0,1380.0,1372.0,1400.0,1365.0,1191001.0,1661360117.0,112.0
2012-09-30,1405.0,1405.0,1366.0,1374.0,1396.0,1372.0,1482203.0,2046277255.0,82.0
2012-10-01,1370.0,1410.0,1327.0,1376.0,1364.0,1374.0,1047068.0,1447770959.0,91.0
2012-10-02,1321.0,1410.0,1321.0,1380.0,1400.0,1376.0,1228876.0,1714548456.0,111.0
2012-10-03,1418.0,1420.0,1370.0,1388.0,1375.0,1380.0,1950719.0,2731800676.0,76.0
2012-10-06,1402.0,1402.0,1333.0,1383.0,1333.0,1388.0,807605.0,1097038177.0,56.0
2012-10-07,1400.0,1400.0,1330.0,1383.0,1365.0,1383.0,166936.0,229720079.0,37.0
2012-10-08,1399.0,1399.0,1333.0,1382.0,1346.0,1383.0,234357.0,320331109.0,47.0
2012-10-09,1340.0,1396.0,1340.0,1382.0,1396.0,1382.0,247450.0,342644391.0,31.0
2012-10-10,1358.0,1390.0,1343.0,1380.0,1343.0,1382.0,552604.0,754252671.0,53.0
2012-10-13,1379.0,1387.0,1325.0,1379.0,1337.0,1380.0,428085.0,587500376.0,54.0
2012-10-14,1350.0,1370.0,1324.0,1373.0,1360.0,1379.0,743580.0,994428086.0,74.0
2012-10-15,1370.0,1370.0,1320.0,1370.0,1366.0,1373.0,557366.0,751742243.0,62.0
2012-10-16,1359.0,1370.0,1316.0,1368.0,1318.0,1370.0,377939.0,505257835.0,68.0
2012-10-17,1368.0,1368.0,1314.0,1363.0,1314.0,1368.0,540970.0,713895871.0,57.0
2012-10-20,1309.0,1350.0,1309.0,1362.0,1309.0,1363.0,109400.0,145038500.0,26.0
2012-10-21,1320.0,1320.0,1308.0,1362.0,1308.0,1362.0,35404.0,46312932.0,7.0
2012-10-22,1308.0,1308.0,1308.0,1362.0,1308.0,1362.0,2000.0,2616000.0,2.0
2012-10-23,1308.0,1308.0,1308.0,1362.0,1308.0,1362.0,174.0,227592.0,2.0
2012-10-24,1308.0,1308.0,1308.0,1358.0,1308.0,1362.0,421992.0,551965536.0,39.0
2012-10-27,1304.0,1304.0,1304.0,1347.0,1304.0,1358.0,1117486.0,1457201744.0,77.0
2012-10-28,1294.0,1294.0,1294.0,1346.0,1294.0,1347.0,122983.0,159140002.0,15.0
2012-10-29,1293.0,1293.0,1293.0,1346.0,1293.0,1346.0,12484.0,16141812.0,3.0
2012-10-31,1293.0,1293.0,1293.0,1346.0,1293.0,1346.0,8619.0,11144367.0,3.0
2012-11-04,1293.0,1293.0,1293.0,1326.0,1293.0,1346.0,2009194.0,2597887842.0,89.0
2012-11-05,1273.0,1273.0,1273.0,1326.0,1273.0,1326.0,13013.0,16565549.0,6.0
2012-11-06,1273.0,1273.0,1273.0,1325.0,1273.0,1326.0,65050.0,82808650.0,7.0
2012-11-07,1272.0,1272.0,1272.0,1325.0,1272.0,1325.0,16620.0,21140640.0,2.0
2012-11-10,1272.0,1272.0,1272.0,1325.0,1272.0,1325.0,575.0,731400.0,10.0
2012-11-11,1272.0,1272.0,1272.0,1325.0,1272.0,1325.0,1000.0,1272000.0,1.0
2012-11-13,1272.0,1272.0,1272.0,1325.0,1272.0,1325.0,13627.0,17333544.0,5.0
2012-11-14,1272.0,1272.0,1272.0,1319.0,1272.0,1325.0,599339.0,762359208.0,36.0
2012-11-17,1267.0,1267.0,1267.0,1312.0,1267.0,1319.0,696429.0,882375543.0,18.0
2012-11-18,1260.0,1310.0,1260.0,1293.0,1260.0,1312.0,1957302.0,2470737816.0,155.0
2012-11-19,1260.0,1279.0,1242.0,1285.0,1269.0,1293.0,815627.0,1015073129.0,106.0
2012-11-20,1242.0,1279.0,1234.0,1282.0,1234.0,1285.0,348229.0,430709716.0,49.0
2012-11-21,1232.0,1279.0,1231.0,1254.0,1231.0,1282.0,3135300.0,3872817299.0,130.0
2012-11-26,1232.0,1232.0,1204.0,1249.0,1204.0,1254.0,520586.0,628074528.0,77.0
2012-11-27,1248.0,1248.0,1200.0,1243.0,1204.0,1249.0,667488.0,801172133.0,86.0
2012-11-28,1202.0,1202.0,1194.0,1241.0,1194.0,1243.0,273730.0,327285404.0,49.0
2012-12-01,1192.0,1194.0,1192.0,1235.0,1192.0,1241.0,697410.0,831615320.0,112.0
2012-12-02,1192.0,1220.0,1186.0,1230.0,1186.0,1235.0,557371.0,662792559.0,88.0
2012-12-03,1181.0,1181.0,1181.0,1228.0,1181.0,1230.0,194636.0,229865116.0,52.0
2012-12-04,1179.0,1181.0,1179.0,1222.0,1179.0,1228.0,645240.0,760777960.0,57.0
2012-12-05,1174.0,1198.0,1174.0,1217.0,1198.0,1222.0,603477.0,708646303.0,48.0
2012-12-08,1170.0,1265.0,1170.0,1220.0,1263.0,1217.0,6696169.0,8170105355.0,257.0
2012-12-09,1249.0,1268.0,1233.0,1224.0,1240.0,1220.0,483370.0,610662549.0,107.0
2012-12-10,1250.0,1270.0,1240.0,1229.0,1259.0,1224.0,739843.0,933052623.0,77.0
2012-12-11,1243.0,1269.0,1219.0,1233.0,1240.0,1229.0,1031867.0,1287298886.0,62.0
2012-12-12,1260.0,1268.0,1245.0,1238.0,1251.0,1233.0,1124433.0,1411073830.0,59.0
2012-12-15,1250.0,1264.0,1240.0,1239.0,1260.0,1238.0,386606.0,486385446.0,51.0
2012-12-16,1240.0,1261.0,1240.0,1240.0,1261.0,1239.0,242507.0,304236708.0,38.0
2012-12-17,1260.0,1275.0,1215.0,1241.0,1268.0,1240.0,599923.0,747452293.0,46.0
2012-12-18,1270.0,1278.0,1232.0,1242.0,1250.0,1241.0,267568.0,336259118.0,37.0
2012-12-19,1260.0,1290.0,1260.0,1248.0,1263.0,1242.0,1021524.0,1300540342.0,80.0
2012-12-22,1289.0,1290.0,1267.0,1249.0,1279.0,1248.0,125934.0,160960838.0,28.0
2012-12-23,1265.0,1271.0,1201.0,1248.0,1201.0,1249.0,559849.0,692305371.0,92.0
2012-12-24,1240.0,1263.0,1240.0,1248.0,1250.0,1248.0,443610.0,554244416.0,44.0
2012-12-25,1260.0,1260.0,1220.0,1248.0,1250.0,1248.0,304070.0,379061076.0,46.0
2012-12-26,1210.0,1260.0,1210.0,1248.0,1250.0,1248.0,583083.0,728431238.0,57.0
2012-12-29,1250.0,1297.0,1221.0,1251.0,1297.0,1248.0,651334.0,830997873.0,104.0
2012-12-30,1301.0,1301.0,1270.0,1260.0,1280.0,1251.0,976983.0,1270520164.0,70.0
2012-12-31,1253.0,1301.0,1236.0,1262.0,1299.0,1260.0,562376.0,719686658.0,81.0
2013-01-01,1250.0,1295.0,1227.0,1263.0,1270.0,1262.0,422013.0,537831088.0,32.0
2013-01-02,1234.0,1270.0,1233.0,1263.0,1236.0,1263.0,136822.0,172606570.0,25.0
2013-01-06,1234.0,1280.0,1234.0,1263.0,1280.0,1263.0,133231.0,168462815.0,19.0
2013-01-07,1265.0,1280.0,1241.0,1263.0,1241.0,1263.0,608606.0,769976484.0,28.0
2013-01-08,1271.0,1271.0,1232.0,1263.0,1264.0,1263.0,50509.0,62814784.0,18.0
2013-01-09,1240.0,1259.0,1223.0,1263.0,1224.0,1263.0,58916.0,72942386.0,24.0
2013-01-13,1250.0,1300.0,1215.0,1262.0,1243.0,1263.0,308913.0,386534641.0,76.0
2013-01-14,1227.0,1238.0,1212.0,1256.0,1212.0,1262.0,663320.0,807328560.0,75.0
2013-01-15,1260.0,1290.0,1217.0,1257.0,1276.0,1256.0,459971.0,585452516.0,86.0
2013-01-16,1231.0,1290.0,1208.0,1258.0,1290.0,1257.0,588241.0,742367998.0,89.0
2013-01-19,1235.0,1238.0,1230.0,1258.0,1238.0,1258.0,64065.0,79190210.0,12.0
2013-01-20,1249.0,1275.0,1249.0,1259.0,1261.0,1258.0,459241.0,580859037.0,44.0
2013-01-21,1260.0,1260.0,1213.0,1258.0,1213.0,1259.0,241852.0,297930124.0,56.0
2013-01-22,1220.0,1300.0,1208.0,1259.0,1299.0,1258.0,1103612.0,1391865367.0,151.0
2013-01-23,1270.0,1300.0,1270.0,1263.0,1299.0,1259.0,493382.0,639883989.0,53.0
2013-01-26,1270.0,1310.0,1270.0,1266.0,1310.0,1263.0,489406.0,633138602.0,52.0
2013-01-27,1272.0,1273.0,1230.0,1267.0,1230.0,1266.0,107225412.0,135854316838.0,34.0
2013-01-28,1270.0,1300.0,1270.0,1268.0,1300.0,1267.0,695861.0,887508639.0,52.0
2013-01-30,1224.0,1295.0,1224.0,1270.0,1295.0,1268.0,584021.0,753194755.0,33.0
2013-02-02,1278.0,1281.0,1270.0,1271.0,1281.0,1270.0,472677.0,604849534.0,26.0
2013-02-03,1280.0,1289.0,1235.0,1272.0,1278.0,1271.0,592101.0,757530689.0,38.0
2013-02-04,1281.0,1281.0,1240.0,1272.0,1241.0,1272.0,348022.0,444695685.0,24.0
2013-02-05,1281.0,1290.0,1273.0,1272.0,1273.0,1272.0,316833.0,405617300.0,27.0
2013-02-06,1290.0,1290.0,1270.0,1273.0,1280.0,1272.0,779460.0,997648731.0,43.0
2013-02-09,1290.0,1290.0,1270.0,1274.0,1274.0,1273.0,1093103.0,1396557021.0,36.0
2013-02-11,1290.0,1290.0,1255.0,1275.0,1273.0,1274.0,772095.0,986626786.0,32.0
2013-02-12,1275.0,1280.0,1260.0,1276.0,1279.0,1275.0,1344630.0,1717672350.0,56.0
2013-02-13,1277.0,1281.0,1273.0,1277.0,1279.0,1276.0,1350000.0,1725756235.0,43.0
2013-02-16,1289.0,1290.0,1250.0,1278.0,1280.0,1277.0,1103175.0,1412087123.0,37.0
2013-02-17,1290.0,1295.0,1280.0,1279.0,1280.0,1278.0,877500.0,1128478192.0,32.0
2013-02-18,1283.0,1290.0,1241.0,1280.0,1279.0,1279.0,818418.0,1050415166.0,34.0
2013-02-19,1288.0,1290.0,1270.0,1281.0,1280.0,1280.0,562200.0,723703834.0,38.0
2013-02-20,1281.0,1289.0,1252.0,1282.0,1289.0,1281.0,1778938.0,2282139887.0,66.0
2013-02-23,1289.0,1289.0,1250.0,1282.0,1251.0,1282.0,693218.0,889163632.0,30.0
2013-02-24,1310.0,1310.0,1250.0,1285.0,1281.0,1282.0,805529.0,1048115640.0,38.0
2013-02-25,1300.0,1300.0,1253.0,1286.0,1285.0,1285.0,693265.0,898493995.0,32.0
2013-02-26,1298.0,1310.0,1263.0,1288.0,1263.0,1286.0,647320.0,841060541.0,33.0
2013-02-27,1300.0,1308.0,1261.0,1289.0,1262.0,1288.0,713331.0,923802560.0,46.0
2013-03-02,1294.0,1296.0,1262.0,1290.0,1263.0,1289.0,622644.0,805528457.0,21.0
2013-03-03,1299.0,1299.0,1264.0,1290.0,1290.0,1290.0,952258.0,1230989962.0,52.0
2013-03-04,1293.0,1341.0,1290.0,1334.0,1341.0,1290.0,7686070.0,10255060182.0,286.0
2013-03-05,1370.0,1380.0,1282.0,1333.0,1334.0,1334.0,1193757.0,1588855004.0,98.0
2013-03-06,1386.0,1386.0,1288.0,1336.0,1350.0,1333.0,615215.0,835605557.0,56.0
2013-03-09,1380.0,1380.0,1299.0,1338.0,1314.0,1336.0,782798.0,1054265059.0,47.0
2013-03-10,1391.0,1391.0,1316.0,1343.0,1322.0,1338.0,661807.0,912197416.0,59.0
2013-03-11,1375.0,1375.0,1310.0,1344.0,1310.0,1343.0,409289.0,556580937.0,31.0
2013-03-12,1380.0,1380.0,1312.0,1345.0,1318.0,1344.0,596650.0,805094828.0,57.0
2013-03-13,1348.0,1379.0,1306.0,1346.0,1379.0,1345.0,1059947.0,1428888665.0,67.0
2013-03-16,1379.0,1379.0,1322.0,1348.0,1332.0,1346.0,348950.0,479593813.0,37.0
2013-03-17,1368.0,1368.0,1365.0,1349.0,1365.0,1348.0,316894.0,433485493.0,18.0
2013-03-18,1379.0,1379.0,1328.0,1351.0,1361.0,1349.0,329703.0,454032669.0,31.0
2013-03-25,1370.0,1384.0,1369.0,1352.0,1384.0,1351.0,203265.0,278626549.0,37.0
2013-03-26,1390.0,1391.0,1362.0,1353.0,1370.0,1352.0,160505.0,222324870.0,27.0
2013-03-27,1390.0,1390.0,1356.0,1354.0,1356.0,1353.0,271115.0,371910294.0,37.0
2013-03-30,1386.0,1390.0,1351.0,1355.0,1380.0,1354.0,191922.0,265173025.0,23.0
2013-03-31,1380.0,1390.0,1370.0,1357.0,1380.0,1355.0,370400.0,511375040.0,34.0
2013-04-03,1389.0,1391.0,1353.0,1363.0,1389.0,1357.0,991689.0,1377959717.0,81.0
2013-04-06,1417.0,1417.0,1392.0,1368.0,1393.0,1363.0,569026.0,803810556.0,73.0
2013-04-07,1420.0,1422.0,1367.0,1374.0,1421.0,1368.0,686846.0,973112991.0,55.0
2013-04-08,1424.0,1428.0,1400.0,1382.0,1425.0,1374.0,913666.0,1299680405.0,128.0
2013-04-09,1429.0,1429.0,1401.0,1386.0,1426.0,1382.0,424274.0,606047974.0,15.0
2013-04-10,1441.0,1441.0,1390.0,1391.0,1429.0,1386.0,484049.0,695627225.0,66.0
2013-04-13,1382.0,1434.0,1382.0,1393.0,1410.0,1391.0,544941.0,770055851.0,41.0
2013-04-15,1427.0,1448.0,1405.0,1395.0,1430.0,1393.0,316909.0,453728977.0,22.0
2013-04-16,1441.0,1441.0,1391.0,1399.0,1400.0,1395.0,680255.0,968565343.0,46.0
2013-04-17,1428.0,1429.0,1381.0,1401.0,1410.0,1399.0,651242.0,921976878.0,34.0
2013-04-20,1422.0,1423.0,1378.0,1402.0,1416.0,1401.0,487238.0,689758116.0,18.0
2013-04-21,1420.0,1420.0,1378.0,1403.0,1385.0,1402.0,578379.0,815627347.0,40.0
2013-04-22,1410.0,1420.0,1391.0,1404.0,1417.0,1403.0,520375.0,735976511.0,40.0
2013-04-23,1440.0,1460.0,1410.0,1410.0,1410.0,1404.0,956616.0,1374237232.0,56.0
2013-04-24,1411.0,1465.0,1411.0,1413.0,1465.0,1410.0,413864.0,601365838.0,57.0
2013-04-27,1459.0,1463.0,1420.0,1417.0,1420.0,1413.0,516980.0,752563940.0,36.0
2013-04-28,1449.0,1465.0,1430.0,1419.0,1430.0,1417.0,305319.0,441478529.0,27.0
2013-04-29,1396.0,1457.0,1393.0,1421.0,1427.0,1419.0,382263.0,551190624.0,41.0
2013-04-30,1421.0,1450.0,1396.0,1422.0,1407.0,1421.0,332786.0,475630814.0,34.0
2013-05-01,1435.0,1440.0,1400.0,1423.0,1440.0,1422.0,554617.0,792322292.0,38.0
2013-05-04,1449.0,1450.0,1370.0,1424.0,1449.0,1423.0,881648.0,1257503204.0,78.0
2013-05-05,1448.0,1470.0,1400.0,1425.0,1433.0,1424.0,385636.0,553093743.0,50.0
2013-05-06,1440.0,1440.0,1390.0,1425.0,1392.0,1425.0,663935.0,948163416.0,65.0
2013-05-07,1405.0,1434.0,1395.0,1425.0,1395.0,1425.0,514695.0,732995755.0,33.0
2013-05-08,1460.0,1460.0,1380.0,1425.0,1416.0,1425.0,503383.0,718861693.0,66.0
2013-05-11,1448.0,1460.0,1368.0,1420.0,1368.0,1425.0,1009038.0,1410534573.0,108.0
2013-05-12,1409.0,1415.0,1380.0,1417.0,1381.0,1420.0,604073.0,842908917.0,50.0
2013-05-13,1380.0,1420.0,1361.0,1415.0,1361.0,1417.0,427885.0,594632707.0,50.0
2013-05-14,1365.0,1415.0,1359.0,1410.0,1359.0,1415.0,703148.0,970860346.0,62.0
2013-05-15,1361.0,1400.0,1361.0,1409.0,1387.0,1410.0,111109.0,153737668.0,23.0
2013-05-18,1366.0,1389.0,1353.0,1407.0,1356.0,1409.0,187852.0,255295471.0,32.0
2013-05-19,1380.0,1400.0,1357.0,1406.0,1400.0,1407.0,220665.0,303577913.0,31.0
2013-05-20,1366.0,1400.0,1366.0,1405.0,1366.0,1406.0,143209.0,196742207.0,29.0
2013-05-21,1398.0,1398.0,1360.0,1404.0,1360.0,1405.0,123993.0,168837220.0,11.0
2013-05-22,1360.0,1386.0,1350.0,1403.0,1360.0,1404.0,136134.0,184888558.0,25.0
2013-05-25,1361.0,1370.0,1361.0,1403.0,1370.0,1403.0,11932.0,16268252.0,9.0
2013-05-26,1367.0,1395.0,1367.0,1402.0,1370.0,1403.0,197970.0,272934924.0,29.0
2013-05-27,1375.0,1394.0,1375.0,1401.0,1376.0,1402.0,121527.0,167561218.0,24.0
2013-05-28,1365.0,1397.0,1365.0,1401.0,1389.0,1401.0,101384.0,140355409.0,20.0
2013-05-29,1394.0,1419.0,1394.0,1401.0,1394.0,1401.0,318151.0,445917128.0,48.0
2013-06-01,1402.0,1421.0,1401.0,1403.0,1420.0,1401.0,564232.0,799052469.0,60.0
2013-06-02,1390.0,1420.0,1390.0,1404.0,1420.0,1403.0,220379.0,312080494.0,38.0
2013-06-03,1428.0,1433.0,1410.0,1406.0,1421.0,1404.0,546942.0,778852207.0,57.0
2013-06-08,1430.0,1432.0,1401.0,1410.0,1419.0,1406.0,1256069.0,1784525931.0,63.0
2013-06-09,1426.0,1426.0,1374.0,1409.0,1375.0,1410.0,700389.0,979834334.0,37.0
2013-06-10,1371.0,1409.0,1370.0,1409.0,1409.0,1409.0,8054515.0,11344903098.0,29.0
2013-06-11,1381.0,1407.0,1367.0,1406.0,1406.0,1409.0,477906.0,656342645.0,46.0
2013-06-12,1380.0,1406.0,1380.0,1406.0,1406.0,1406.0,7937307.0,11159567706.0,15.0
2013-06-15,1411.0,1462.0,1411.0,1427.0,1462.0,1406.0,10251376.0,14630898345.0,114.0
2013-06-16,1484.0,1484.0,1470.0,1475.0,1484.0,1427.0,4444035.0,6594437750.0,210.0
2013-06-17,1534.0,1534.0,1480.0,1532.0,1534.0,1475.0,14055991.0,21537745002.0,242.0
2013-06-18,1593.0,1593.0,1592.0,1593.0,1593.0,1532.0,6259430.0,9971264990.0,217.0
2013-06-19,1656.0,1656.0,1600.0,1624.0,1620.0,1593.0,3725959.0,6099174529.0,223.0
2013-06-22,1688.0,1688.0,1660.0,1688.0,1688.0,1624.0,13021491.0,21980239108.0,350.0
2013-06-23,1755.0,1755.0,1731.0,1755.0,1755.0,1688.0,37352578.0,65553281254.0,868.0
2013-06-25,1799.0,1799.0,1685.0,1700.0,1685.0,1755.0,4937295.0,8375964186.0,441.0
2013-06-26,1680.0,1729.0,1646.0,1691.0,1700.0,1700.0,1467588.0,2447117857.0,184.0
2013-06-29,1749.0,1758.0,1749.0,1758.0,1758.0,1691.0,15180662.0,26687199020.0,473.0
2013-06-30,1824.0,1828.0,1800.0,1827.0,1828.0,1758.0,13473521.0,24617717891.0,381.0
2013-07-01,1900.0,1900.0,1875.0,1899.0,1900.0,1827.0,16226964.0,30815710730.0,630.0
2013-07-02,1850.0,1900.0,1824.0,1834.0,1880.0,1899.0,6082049.0,11154116114.0,445.0
2013-07-03,1850.0,1900.0,1850.0,1883.0,1886.0,1834.0,4238456.0,8031729386.0,347.0
2013-07-06,1939.0,1955.0,1808.0,1903.0,1808.0,1883.0,6820910.0,12981118357.0,421.0
2013-07-07,1849.0,1860.0,1827.0,1828.0,1827.0,1903.0,18467525.0,33761898618.0,585.0
2013-07-08,1800.0,1901.0,1775.0,1898.0,1880.0,1828.0,14758686.0,28010644869.0,817.0
2013-07-09,1900.0,1973.0,1900.0,1963.0,1972.0,1898.0,11480528.0,22538379357.0,625.0
2013-07-10,1981.0,2041.0,1980.0,2040.0,2041.0,1963.0,15755386.0,32135671996.0,566.0
2013-07-13,2121.0,2121.0,2000.0,2112.0,2067.0,2040.0,56257501.0,118820326067.0,1648.0
2013-07-14,2099.0,2099.0,2028.0,2045.0,2054.0,2112.0,8349545.0,17075842802.0,559.0
2013-07-15,2110.0,2126.0,2085.0,2125.0,2126.0,2045.0,34806903.0,73964891831.0,1137.0
2013-07-16,2210.0,2210.0,2161.0,2209.0,2210.0,2125.0,54399278.0,120170265350.0,2849.0
2013-07-17,2250.0,2290.0,2202.0,2259.0,2221.0,2209.0,38146725.0,86165792514.0,3480.0
2013-07-20,2278.0,2278.0,2169.0,2192.0,2169.0,2259.0,33010850.0,72344276842.0,4794.0
2013-07-27,1980.0,1980.0,1913.0,1942.0,1938.0,1982.0,2087845.0,4054476462.0,174.0
2013-07-28,1919.0,1940.0,1877.0,1899.0,1900.0,1942.0,10923830.0,20739782817.0,771.0
2013-07-29,1896.0,1974.0,1860.0,1968.0,1974.0,1899.0,8566323.0,16855413097.0,420.0
2013-07-31,2010.0,2046.0,2000.0,2014.0,2046.0,1968.0,3666016.0,7458279391.0,240.0
2013-08-03,2094.0,2094.0,2002.0,2086.0,2070.0,2014.0,26733947.0,55767712174.0,1535.0
2013-08-04,2050.0,2150.0,2010.0,2056.0,2030.0,2086.0,16022083.0,32939580157.0,1395.0
2013-08-05,2049.0,2049.0,1974.0,1983.0,1975.0,2056.0,12360757.0,24505314157.0,710.0
2013-08-06,1974.0,2018.0,1926.0,1971.0,1983.0,1983.0,15129786.0,29823515734.0,1856.0
2013-08-07,1991.0,2049.0,1991.0,2024.0,2049.0,1971.0,14774790.0,29901436477.0,1124.0
2013-08-11,2095.0,2104.0,2070.0,2102.0,2104.0,2024.0,16055328.0,33756070333.0,618.0
2013-08-12,2186.0,2186.0,2186.0,2186.0,2186.0,2102.0,15661842.0,34236786612.0,379.0
2013-08-13,2273.0,2273.0,2273.0,2273.0,2273.0,2186.0,33846260.0,76932548980.0,811.0
2013-08-14,2200.0,2363.0,2192.0,2327.0,2363.0,2273.0,69666355.0,162085965017.0,4500.0
2013-08-17,2420.0,2420.0,2336.0,2413.0,2420.0,2327.0,32028500.0,77282533742.0,1733.0
2013-08-18,2400.0,2439.0,2317.0,2366.0,2400.0,2413.0,22006976.0,52074554234.0,1561.0
2013-08-19,2371.0,2460.0,2371.0,2445.0,2439.0,2366.0,27317940.0,66788114007.0,1390.0
2013-08-20,2399.0,2399.0,2348.0,2350.0,2348.0,2445.0,32855486.0,77200172416.0,1350.0
2013-08-21,2310.0,2350.0,2256.0,2283.0,2302.0,2350.0,13000084.0,29683123129.0,1098.0
2013-08-24,2249.0,2347.0,2249.0,2283.0,2259.0,2283.0,5124201.0,11697983976.0,557.0
2013-08-25,2339.0,2340.0,2251.0,2297.0,2269.0,2283.0,6621882.0,15208780840.0,601.0
2013-08-26,2298.0,2339.0,2207.0,2266.0,2240.0,2297.0,6880429.0,15592358532.0,545.0
2013-08-27,2245.0,2290.0,2176.0,2182.0,2176.0,2266.0,6628810.0,14462505882.0,454.0
2013-08-28,2095.0,2095.0,2095.0,2177.0,2095.0,2182.0,315031.0,659989945.0,29.0
2013-08-31,2090.0,2118.0,2090.0,2093.0,2090.0,2177.0,5082239.0,10625457264.0,305.0
2013-09-01,2010.0,2079.0,2010.0,2018.0,2010.0,2093.0,8702060.0,17556501178.0,545.0
2013-09-03,1999.0,2000.0,1938.0,1940.0,1938.0,2018.0,10311141.0,20000652292.0,409.0
2013-09-04,1863.0,1863.0,1863.0,1906.0,1863.0,1940.0,2307777.0,4299388551.0,143.0
2013-09-07,1830.0,1830.0,1830.0,1852.0,1830.0,1906.0,3725765.0,6818149950.0,154.0
2013-09-08,1800.0,1920.0,1800.0,1851.0,1862.0,1852.0,7095650.0,13133653492.0,471.0
2013-09-09,1920.0,1920.0,1800.0,1849.0,1848.0,1851.0,2189529.0,4040678226.0,229.0
2013-09-10,1922.0,1922.0,1922.0,1922.0,1922.0,1849.0,5550000.0,10667100000.0,159.0
2013-09-11,1998.0,1998.0,1998.0,1998.0,1998.0,1922.0,6791255.0,13568927490.0,169.0
2013-09-14,2064.0,2064.0,1930.0,2004.0,2002.0,1998.0,3876881.0,7778921263.0,367.0
2013-09-15,2070.0,2084.0,2026.0,2082.0,2084.0,2004.0,17446122.0,36331506823.0,872.0
2013-09-16,2128.0,2165.0,2083.0,2162.0,2165.0,2082.0,18361711.0,39703471093.0,1172.0
2013-09-17,2245.0,2248.0,2210.0,2247.0,2248.0,2162.0,16812266.0,37784920606.0,1350.0
2013-09-18,2335.0,2336.0,2299.0,2336.0,2336.0,2247.0,22968181.0,53649474235.0,1225.0
2013-09-21,2429.0,2429.0,2300.0,2421.0,2373.0,2336.0,26715533.0,64665861000.0,1006.0
2013-09-22,2421.0,2515.0,2370.0,2444.0,2500.0,2421.0,17094806.0,41782508934.0,1248.0
2013-09-23,2489.0,2541.0,2412.0,2538.0,2530.0,2444.0,25312417.0,64232199733.0,1069.0
2013-09-24,2610.0,2610.0,2437.0,2484.0,2437.0,2538.0,8314182.0,20656002129.0,820.0
2013-09-25,2399.0,2490.0,2385.0,2429.0,2450.0,2484.0,12413681.0,30156503533.0,887.0
2013-09-28,2526.0,2526.0,2461.0,2522.0,2520.0,2429.0,21419807.0,54029094918.0,988.0
2013-09-29,2426.0,2500.0,2422.0,2439.0,2422.0,2522.0,9138348.0,22290816665.0,475.0
2013-09-30,2342.0,2369.0,2342.0,2342.0,2342.0,2439.0,9476945.0,22198438032.0,560.0
2013-10-01,2400.0,2430.0,2350.0,2382.0,2370.0,2342.0,4555578.0,10879129462.0,477.0
2013-10-02,2450.0,2450.0,2290.0,2384.0,2390.0,2382.0,8377722.0,19975851283.0,537.0
2013-10-05,2380.0,2380.0,2289.0,2292.0,2300.0,2384.0,12863133.0,29476644497.0,634.0
2013-10-06,2300.0,2320.0,2220.0,2269.0,2248.0,2292.0,3641035.0,8224605764.0,352.0
2013-10-07,2359.0,2359.0,2305.0,2357.0,2359.0,2269.0,13460808.0,31726550041.0,920.0
2013-10-08,2371.0,2440.0,2311.0,2355.0,2330.0,2357.0,6637552.0,15633164028.0,563.0
2013-10-09,2349.0,2370.0,2302.0,2346.0,2350.0,2355.0,5938728.0,13930756891.0,496.0
2013-10-12,2350.0,2375.0,2333.0,2347.0,2352.0,2346.0,9343541.0,21925673318.0,648.0
2013-10-13,2410.0,2440.0,2391.0,2439.0,2440.0,2347.0,44272687.0,107968929604.0,1459.0
2013-10-14,2530.0,2536.0,2444.0,2532.0,2536.0,2439.0,45522006.0,115266238422.0,2452.0
2013-10-15,2620.0,2633.0,2551.0,2627.0,2633.0,2532.0,36159807.0,95001236412.0,1981.0
2013-10-19,2732.0,2732.0,2650.0,2731.0,2695.0,2627.0,89650294.0,244800903801.0,2726.0
2013-10-20,2622.0,2777.0,2622.0,2691.0,2760.0,2731.0,24160335.0,65012233862.0,1717.0
2013-10-21,2779.0,2779.0,2693.0,2714.0,2700.0,2691.0,16487642.0,44752965408.0,987.0
2013-10-22,2730.0,2730.0,2620.0,2648.0,2622.0,2714.0,8452633.0,22379183905.0,524.0
2013-10-28,2900.0,3016.0,2900.0,3000.0,3016.0,2648.0,39474559.0,118416073698.0,2060.0
2013-10-29,3120.0,3120.0,2951.0,3004.0,2972.0,3000.0,160770477.0,482944450293.0,3058.0
2013-10-30,2970.0,2990.0,2884.0,2903.0,2884.0,3004.0,24703347.0,71725973561.0,1524.0
2013-11-02,2900.0,3019.0,2800.0,2959.0,2950.0,2903.0,22050957.0,65258629144.0,1796.0
2013-11-03,2975.0,3032.0,2920.0,2984.0,2931.0,2959.0,13777834.0,41115018637.0,1322.0
2013-11-04,2960.0,3045.0,2891.0,2995.0,2990.0,2984.0,15709079.0,47042156466.0,1037.0
2013-11-05,3030.0,3060.0,2876.0,2970.0,2940.0,2995.0,12015500.0,35691948685.0,1130.0
2013-11-06,2900.0,2982.0,2873.0,2925.0,2921.0,2970.0,12164985.0,35586167370.0,1098.0
2013-11-09,3042.0,3042.0,3024.0,3042.0,3042.0,2925.0,27757286.0,84437018574.0,907.0
2013-11-10,2950.0,3100.0,2940.0,3016.0,2992.0,3042.0,11570002.0,34900663855.0,998.0
2013-11-11,3000.0,3050.0,2945.0,2985.0,2970.0,3016.0,9745076.0,29093801772.0,802.0
2013-11-12,2968.0,2988.0,2871.0,2948.0,2980.0,2985.0,6996440.0,20622276969.0,611.0
2013-11-16,2930.0,2987.0,2831.0,2866.0,2831.0,2948.0,9717505.0,27846913663.0,984.0
2013-11-17,2801.0,2826.0,2752.0,2757.0,2752.0,2866.0,12764358.0,35195163243.0,1089.0
2013-11-18,2691.0,2850.0,2691.0,2797.0,2750.0,2757.0,13119059.0,36694449062.0,1091.0
2013-11-19,2771.0,2908.0,2770.0,2871.0,2830.0,2797.0,16776612.0,48169719198.0,986.0
2013-11-20,2945.0,2967.0,2800.0,2895.0,2910.0,2871.0,77759639.0,225118811583.0,1554.0
2013-11-23,3007.0,3010.0,2981.0,3010.0,3010.0,2895.0,161931492.0,487405587061.0,3850.0
2013-11-24,3130.0,3130.0,3130.0,3130.0,3130.0,3010.0,5341629.0,16719298770.0,147.0
2013-11-25,3255.0,3255.0,3186.0,3252.0,3190.0,3130.0,232661175.0,756572273206.0,7809.0
2013-11-26,3280.0,3382.0,3210.0,3365.0,3382.0,3252.0,57676983.0,194091718911.0,3187.0
2013-11-27,3499.0,3499.0,3452.0,3499.0,3499.0,3365.0,50571414.0,176937547144.0,2437.0
2013-11-30,3638.0,3638.0,3580.0,3638.0,3638.0,3499.0,70852332.0,257726288389.0,2114.0
2013-12-01,3760.0,3760.0,3493.0,3573.0,3493.0,3638.0,93773253.0,335063968453.0,5190.0
2013-12-02,3510.0,3715.0,3510.0,3674.0,3715.0,3573.0,47541908.0,174646563035.0,3734.0
2013-12-03,3748.0,3819.0,3650.0,3749.0,3730.0,3674.0,41466270.0,155452372190.0,4377.0
2013-12-04,3750.0,3828.0,3680.0,3751.0,3799.0,3749.0,21135414.0,79275151815.0,2034.0
2013-12-07,3809.0,3850.0,3713.0,3804.0,3733.0,3751.0,13896628.0,52859381265.0,1776.0
2013-12-08,3789.0,3829.0,3662.0,3727.0,3696.0,3804.0,22678221.0,84515641174.0,2167.0
2013-12-09,3725.0,3725.0,3580.0,3611.0,3600.0,3727.0,20780471.0,75036572982.0,2298.0
2013-12-10,3710.0,3755.0,3701.0,3752.0,3755.0,3611.0,18385045.0,68977823076.0,685.0
2013-12-11,3890.0,3890.0,3770.0,3819.0,3800.0,3752.0,27864868.0,106415401785.0,2668.0
2013-12-14,3667.0,3778.0,3667.0,3695.0,3674.0,3819.0,25702171.0,94974377154.0,1899.0
2013-12-15,3697.0,3809.0,3697.0,3758.0,3770.0,3695.0,15376945.0,57785547034.0,1382.0
2013-12-16,3800.0,3842.0,3788.0,3806.0,3800.0,3758.0,21236379.0,80834156267.0,1776.0
2013-12-17,3840.0,3908.0,3750.0,3831.0,3790.0,3806.0,17156817.0,65726815855.0,2058.0
2013-12-18,3859.0,3984.0,3765.0,3900.0,3909.0,3831.0,28282811.0,110297230319.0,2526.0
2013-12-21,4000.0,4056.0,3961.0,4048.0,4056.0,3900.0,19521782.0,79025655225.0,1792.0
2013-12-22,4100.0,4100.0,3920.0,3941.0,4015.0,4048.0,234525679.0,924298969457.0,1349.0
2013-12-24,4059.0,4098.0,3889.0,3932.0,3999.0,3941.0,89391481.0,351522890855.0,2488.0
2013-12-25,4000.0,4000.0,3850.0,3900.0,3925.0,3932.0,51004941.0,198927425304.0,1519.0
2013-12-28,3900.0,3900.0,3751.0,3795.0,3800.0,3900.0,11817041.0,44843785910.0,1407.0
2013-12-29,3761.0,3870.0,3761.0,3820.0,3850.0,3795.0,17504792.0,66873848940.0,1530.0
2013-12-30,3899.0,3900.0,3778.0,3821.0,3798.0,3820.0,14422326.0,55111771917.0,1426.0
2014-01-01,3880.0,3880.0,3803.0,3848.0,3848.0,3821.0,7356517.0,28305528602.0,799.0
2014-01-04,3830.0,3880.0,3800.0,3847.0,3850.0,3848.0,12673800.0,48755580461.0,996.0
2014-01-05,3800.0,3880.0,3800.0,3856.0,3880.0,3847.0,10028098.0,38665016223.0,904.0
2014-01-06,3856.0,3890.0,3804.0,3835.0,3810.0,3856.0,12636210.0,48453866433.0,1131.0
2014-01-07,3878.0,3878.0,3691.0,3760.0,3700.0,3835.0,9107142.0,34245127947.0,924.0
2014-01-08,3710.0,3750.0,3672.0,3699.0,3687.0,3760.0,23627092.0,87400929652.0,2434.0
2014-01-11,3702.0,3750.0,3668.0,3707.0,3699.0,3699.0,9463673.0,35081226622.0,1075.0
2014-01-12,3700.0,3700.0,3559.0,3567.0,3620.0,3707.0,16325986.0,58226734845.0,1102.0
2014-01-13,3709.0,3709.0,3709.0,3709.0,3709.0,3567.0,15135871.0,56138945539.0,579.0
2014-01-14,3857.0,3857.0,3739.0,3833.0,3854.0,3709.0,27466238.0,105283780584.0,2539.0
2014-01-15,3835.0,3850.0,3701.0,3755.0,3784.0,3833.0,7074417.0,26566593585.0,863.0
2014-01-18,3820.0,3820.0,3760.0,3789.0,3799.0,3755.0,9261497.0,35091819497.0,1040.0
2014-01-20,3820.0,3820.0,3638.0,3676.0,3699.0,3789.0,8735049.0,32105959125.0,1150.0
2014-01-21,3779.0,3823.0,3656.0,3773.0,3676.0,3676.0,11030426.0,41612385498.0,1262.0
2014-01-22,3655.0,3780.0,3623.0,3656.0,3659.0,3773.0,12218160.0,44675634059.0,981.0
2014-01-25,3621.0,3802.0,3600.0,3727.0,3600.0,3656.0,9211038.0,34328240726.0,1097.0
2014-01-26,3700.0,3750.0,3578.0,3589.0,3578.0,3727.0,12090878.0,43393737202.0,1185.0
2014-01-27,3620.0,3620.0,3446.0,3465.0,3540.0,3589.0,16083244.0,55734177585.0,1396.0
2014-01-28,3510.0,3603.0,3510.0,3602.0,3603.0,3465.0,9849297.0,35473562657.0,766.0
2014-01-29,3730.0,3746.0,3690.0,3733.0,3746.0,3602.0,5638881.0,21052473172.0,763.0
2014-02-01,3867.0,3867.0,3750.0,3812.0,3808.0,3733.0,8709738.0,33204737246.0,1173.0
2014-02-02,3820.0,3820.0,3660.0,3713.0,3684.0,3812.0,4880484.0,18084112885.0,696.0
2014-02-03,3718.0,3718.0,3580.0,3678.0,3665.0,3713.0,42146533.0,155007458970.0,459.0
2014-02-04,3700.0,3718.0,3580.0,3659.0,3620.0,3678.0,2170241.0,7884629841.0,423.0
2014-02-05,3541.0,3599.0,3513.0,3556.0,3513.0,3659.0,3750600.0,13185009323.0,363.0
2014-02-08,3415.0,3449.0,3414.0,3415.0,3414.0,3556.0,16119344.0,55042003257.0,1058.0
2014-02-09,3320.0,3500.0,3320.0,3421.0,3450.0,3415.0,4300999.0,14719812455.0,699.0
2014-02-10,3450.0,3500.0,3285.0,3315.0,3285.0,3421.0,8324235.0,27598308358.0,753.0
2014-02-12,3183.0,3183.0,3183.0,3183.0,3183.0,3315.0,7717553.0,24564971199.0,232.0
2014-02-15,3190.0,3309.0,3190.0,3211.0,3204.0,3183.0,3267381.0,10545075372.0,532.0
2014-02-16,3224.0,3339.0,3224.0,3336.0,3319.0,3211.0,9092514.0,30329681279.0,491.0
2014-02-17,3469.0,3469.0,3320.0,3460.0,3459.0,3336.0,7777224.0,26909185575.0,922.0
2014-02-18,3440.0,3498.0,3340.0,3423.0,3431.0,3460.0,4841132.0,16557823622.0,683.0
2014-02-19,3450.0,3559.0,3450.0,3496.0,3487.0,3423.0,3681956.0,12984304928.0,607.0
2014-02-22,3521.0,3635.0,3521.0,3599.0,3578.0,3496.0,14757262.0,53115848870.0,1074.0
2014-02-23,3650.0,3675.0,3501.0,3600.0,3599.0,3599.0,4694095.0,16897535944.0,715.0
2014-02-24,3620.0,3630.0,3486.0,3574.0,3576.0,3600.0,6562549.0,23453498688.0,743.0
2014-02-25,3569.0,3569.0,3456.0,3521.0,3500.0,3574.0,2972887.0,10345724639.0,551.0
2014-02-26,3500.0,3661.0,3400.0,3589.0,3588.0,3521.0,13288714.0,47693385802.0,1771.0
2014-03-01,3732.0,3732.0,3696.0,3723.0,3696.0,3589.0,19855793.0,73932154670.0,1397.0
2014-03-02,3730.0,3730.0,3601.0,3659.0,3651.0,3723.0,4751104.0,17353052612.0,921.0
2014-03-03,3610.0,3645.0,3513.0,3569.0,3513.0,3659.0,4509647.0,16026166959.0,836.0
2014-03-04,3460.0,3686.0,3459.0,3622.0,3622.0,3569.0,6285494.0,22764408537.0,981.0
2014-03-05,3680.0,3766.0,3650.0,3746.0,3746.0,3622.0,34507106.0,129264084244.0,1631.0
2014-03-08,3748.0,3818.0,3652.0,3743.0,3743.0,3746.0,27212154.0,101844904310.0,1433.0
2014-03-09,3680.0,3681.0,3604.0,3637.0,3637.0,3743.0,13016663.0,47340082803.0,1808.0
2014-03-31,1410.0,1459.0,1400.0,1429.0,1438.0,1392.0,56140197.0,80250166172.0,4875.0
2014-04-05,1485.0,1485.0,1410.0,1458.0,1439.0,1429.0,30336593.0,44216377662.0,2696.0
2014-04-06,1440.0,1440.0,1400.0,1402.0,1400.0,1458.0,19335503.0,27107182480.0,1218.0
2014-04-07,1368.0,1394.0,1356.0,1390.0,1381.0,1402.0,6030215.0,8290483009.0,1082.0
2014-04-08,1380.0,1413.0,1340.0,1366.0,1349.0,1390.0,11351231.0,15452098895.0,1510.0
2014-04-09,1365.0,1365.0,1313.0,1355.0,1330.0,1366.0,3924547.0,5204233012.0,664.0
2014-04-12,1340.0,1340.0,1301.0,1305.0,1314.0,1355.0,12830860.0,16704312113.0,764.0
2014-04-13,1262.0,1285.0,1253.0,1266.0,1253.0,1305.0,10278376.0,12880569904.0,637.0
2014-04-14,1219.0,1230.0,1216.0,1246.0,1216.0,1266.0,5762501.0,7015783964.0,559.0
2014-04-15,1210.0,1285.0,1210.0,1252.0,1254.0,1246.0,11922430.0,14938587790.0,947.0
2014-04-16,1290.0,1290.0,1230.0,1253.0,1252.0,1252.0,8836404.0,11083202202.0,776.0
2014-04-19,1251.0,1255.0,1210.0,1242.0,1229.0,1253.0,6214132.0,7640765283.0,785.0
2014-04-20,1270.0,1271.0,1238.0,1247.0,1255.0,1242.0,6070105.0,7606819749.0,612.0
2014-04-21,1260.0,1271.0,1240.0,1253.0,1240.0,1247.0,11638930.0,14591526861.0,751.0
2014-04-22,1261.0,1274.0,1250.0,1255.0,1260.0,1253.0,8754361.0,11001094550.0,607.0
2014-04-23,1255.0,1260.0,1242.0,1255.0,1255.0,1255.0,11290734.0,14170520993.0,643.0
2014-04-26,1258.0,1290.0,1250.0,1276.0,1274.0,1255.0,21947080.0,28001960038.0,1723.0
2014-04-27,1285.0,1290.0,1248.0,1255.0,1250.0,1276.0,13090387.0,16409885584.0,1101.0
2014-04-28,1250.0,1255.0,1220.0,1247.0,1220.0,1255.0,13925641.0,17367065813.0,822.0
2014-04-29,1247.0,1249.0,1198.0,1224.0,1220.0,1247.0,8829589.0,10697309155.0,727.0
2014-04-30,1230.0,1235.0,1200.0,1219.0,1207.0,1224.0,5597782.0,6776356699.0,500.0
2014-05-03,1219.0,1220.0,1171.0,1205.0,1190.0,1219.0,5672931.0,6729995850.0,550.0
2014-05-04,1195.0,1195.0,1161.0,1195.0,1171.0,1205.0,4639448.0,5454877914.0,465.0
2014-05-05,1189.0,1200.0,1153.0,1185.0,1157.0,1195.0,5764357.0,6746482158.0,621.0
2014-05-06,1170.0,1170.0,1138.0,1151.0,1150.0,1185.0,11958688.0,13708404455.0,986.0
2014-05-07,1170.0,1172.0,1149.0,1154.0,1159.0,1151.0,21164902.0,24423719250.0,1032.0
2014-05-10,1160.0,1200.0,1158.0,1196.0,1200.0,1154.0,36930836.0,44180019111.0,1824.0
2014-05-11,1219.0,1229.0,1170.0,1195.0,1170.0,1196.0,8426780.0,10059382319.0,735.0
2014-05-12,1195.0,1195.0,1151.0,1176.0,1179.0,1195.0,9313171.0,10870205300.0,760.0
2014-05-14,1186.0,1210.0,1178.0,1186.0,1190.0,1176.0,9471863.0,11271881736.0,813.0
2014-05-17,1151.0,1166.0,1148.0,1175.0,1153.0,1186.0,4423594.0,5089276870.0,446.0
2014-05-18,1156.0,1185.0,1155.0,1170.0,1159.0,1175.0,9372959.0,10942457523.0,674.0
2014-05-19,1185.0,1185.0,1151.0,1171.0,1170.0,1170.0,8252442.0,9666464713.0,540.0
2014-05-20,1176.0,1199.0,1168.0,1174.0,1179.0,1171.0,4868454.0,5743862466.0,468.0
2014-05-21,1180.0,1184.0,1158.0,1174.0,1175.0,1174.0,7664897.0,8993606100.0,592.0
2014-05-24,1190.0,1190.0,1153.0,1172.0,1170.0,1174.0,4111254.0,4805490993.0,352.0
2014-05-25,1170.0,1173.0,1145.0,1167.0,1148.0,1172.0,3404545.0,3920178258.0,367.0
2014-05-26,1150.0,1165.0,1138.0,1162.0,1156.0,1167.0,2898773.0,3321005152.0,459.0
2014-05-28,1162.0,1164.0,1130.0,1155.0,1136.0,1162.0,5964418.0,6837431745.0,678.0
2014-05-31,1155.0,1160.0,1130.0,1153.0,1134.0,1155.0,7292450.0,8391206598.0,569.0
2014-06-01,1149.0,1149.0,1107.0,1139.0,1130.0,1153.0,5530627.0,6185447332.0,492.0
2014-06-02,1148.0,1154.0,1139.0,1141.0,1142.0,1139.0,3772334.0,4324451823.0,493.0
2014-06-03,1152.0,1153.0,1117.0,1140.0,1147.0,1141.0,9317901.0,10620879435.0,611.0
2014-06-07,1144.0,1150.0,1125.0,1140.0,1146.0,1140.0,2202711.0,2516687351.0,252.0
2014-06-08,1149.0,1185.0,1140.0,1181.0,1170.0,1140.0,26064109.0,30792014914.0,2036.0
2014-06-09,1195.0,1211.0,1188.0,1199.0,1200.0,1181.0,16079960.0,19273345476.0,1194.0
2014-06-10,1209.0,1209.0,1160.0,1193.0,1181.0,1199.0,4803571.0,5670702973.0,346.0
2014-06-11,1170.0,1183.0,1161.0,1189.0,1178.0,1193.0,3425827.0,4035051803.0,305.0
2014-06-14,1180.0,1181.0,1142.0,1181.0,1146.0,1189.0,5259442.0,6141893019.0,367.0
2014-06-15,1147.0,1154.0,1134.0,1167.0,1144.0,1181.0,5125175.0,5860227132.0,314.0
2014-06-16,1170.0,1179.0,1158.0,1168.0,1162.0,1167.0,4418704.0,5163552205.0,269.0
2014-06-17,1175.0,1189.0,1174.0,1170.0,1180.0,1168.0,2278532.0,2688558969.0,236.0
2014-06-18,1200.0,1216.0,1180.0,1202.0,1216.0,1170.0,11345348.0,13713041781.0,1084.0
2014-06-21,1211.0,1219.0,1180.0,1200.0,1180.0,1202.0,7035638.0,8432902982.0,330.0
2014-06-22,1200.0,1205.0,1181.0,1199.0,1186.0,1200.0,3394779.0,4061320656.0,229.0
2014-06-23,1200.0,1200.0,1186.0,1198.0,1186.0,1199.0,5630431.0,6730846471.0,303.0
2014-06-24,1200.0,1200.0,1163.0,1197.0,1171.0,1198.0,2556776.0,3044076009.0,194.0
2014-06-25,1196.0,1215.0,1187.0,1210.0,1200.0,1197.0,18295482.0,22145687824.0,561.0
2014-06-28,1200.0,1200.0,1165.0,1202.0,1172.0,1210.0,4062686.0,4803291348.0,225.0
2014-06-29,1160.0,1160.0,1154.0,1200.0,1154.0,1202.0,548843.0,633624693.0,66.0
2014-06-30,1152.0,1156.0,1152.0,1192.0,1152.0,1200.0,2331772.0,2686308759.0,164.0
2014-07-01,1145.0,1210.0,1145.0,1189.0,1195.0,1192.0,6260411.0,7421179401.0,412.0
2014-07-02,1200.0,1209.0,1189.0,1190.0,1190.0,1189.0,3215264.0,3842274217.0,280.0
2014-07-05,1192.0,1237.0,1192.0,1234.0,1237.0,1190.0,15146954.0,18684712456.0,1227.0
2014-07-06,1240.0,1240.0,1185.0,1220.0,1190.0,1234.0,5486476.0,6581837012.0,500.0
2014-07-07,1172.0,1210.0,1172.0,1215.0,1185.0,1220.0,2652059.0,3167505273.0,198.0
2014-07-08,1167.0,1224.0,1167.0,1193.0,1185.0,1215.0,66788473.0,79702292703.0,4508.0
2014-07-09,1173.0,1175.0,1146.0,1152.0,1150.0,1193.0,42172019.0,48591938226.0,2457.0
2014-07-12,1121.0,1157.0,1107.0,1119.0,1125.0,1152.0,31637619.0,35405599285.0,2350.0
2014-07-13,1124.0,1133.0,1100.0,1111.0,1128.0,1119.0,15820707.0,17570077229.0,1199.0
2014-07-14,1119.0,1134.0,1111.0,1123.0,1133.0,1111.0,16062048.0,18042547083.0,970.0
2014-07-15,1123.0,1135.0,1121.0,1126.0,1133.0,1123.0,15633567.0,17599890262.0,1038.0
2014-07-16,1144.0,1160.0,1126.0,1144.0,1155.0,1126.0,26714326.0,30558560197.0,1769.0
2014-07-20,1157.0,1170.0,1144.0,1154.0,1153.0,1144.0,79351646.0,91611176607.0,5823.0
2014-07-27,1000.0,1015.0,999.0,1002.0,1001.0,984.0,34865133.0,34932614233.0,2011.0
2014-07-28,1017.0,1018.0,1000.0,1006.0,1002.0,1002.0,10723100.0,10798841818.0,935.0
2014-08-02,1016.0,1016.0,999.0,1000.0,1001.0,1006.0,15523654.0,15528717037.0,876.0
2014-08-03,1000.0,1003.0,990.0,1000.0,1002.0,1000.0,62142736.0,62144610162.0,2591.0
2014-08-04,1000.0,1004.0,1000.0,1000.0,1000.0,1000.0,16602247.0,16603438672.0,791.0
2014-08-05,1000.0,1002.0,999.0,1000.0,1000.0,1000.0,51720711.0,51721054825.0,1413.0
2014-08-06,1000.0,1002.0,999.0,1000.0,1001.0,1000.0,18335618.0,18344256469.0,1122.0
2014-08-09,1001.0,1002.0,980.0,1000.0,982.0,1000.0,18311838.0,18313791763.0,1049.0
2014-08-10,1000.0,1004.0,999.0,1000.0,1002.0,1000.0,45512268.0,45528487308.0,1742.0
2014-08-11,1002.0,1003.0,1000.0,1001.0,1003.0,1000.0,6824246.0,6836578096.0,582.0
2014-08-12,1001.0,1004.0,1000.0,1001.0,1003.0,1001.0,24546654.0,24576763086.0,1442.0
2014-08-13,1004.0,1010.0,1001.0,1002.0,1004.0,1001.0,10619869.0,10648628096.0,696.0
2014-08-16,1003.0,1008.0,1001.0,1003.0,1005.0,1002.0,17321572.0,17382162106.0,948.0
2014-08-17,1005.0,1010.0,1004.0,1005.0,1010.0,1003.0,14796270.0,14864426077.0,873.0
2014-08-18,1008.0,1010.0,1003.0,1004.0,1010.0,1005.0,10100972.0,10144113273.0,551.0
2014-08-19,1004.0,1007.0,1001.0,1004.0,1004.0,1004.0,19347594.0,19416605130.0,983.0
2014-08-20,1004.0,1008.0,1003.0,1004.0,1006.0,1004.0,11623397.0,11672479147.0,627.0
2014-08-23,1004.0,1006.0,1003.0,1004.0,1004.0,1004.0,13537438.0,13597424654.0,708.0
2014-08-24,1006.0,1006.0,1004.0,1005.0,1006.0,1004.0,17704749.0,17791602749.0,775.0
2014-08-25,1006.0,1007.0,1001.0,1004.0,1006.0,1005.0,46792862.0,46988237812.0,2871.0
2014-08-26,1009.0,1009.0,1004.0,1005.0,1007.0,1004.0,18257199.0,18351783984.0,1257.0
2014-08-27,1008.0,1008.0,1004.0,1005.0,1005.0,1005.0,20744777.0,20847962154.0,979.0
2014-08-30,1005.0,1006.0,1004.0,1005.0,1005.0,1005.0,20500369.0,20603022301.0,784.0
2014-08-31,1005.0,1007.0,1004.0,1005.0,1006.0,1005.0,15966344.0,16049036371.0,1007.0
2014-09-01,1006.0,1006.0,1003.0,1005.0,1006.0,1005.0,15324233.0,15393609124.0,678.0
2014-09-02,1005.0,1007.0,1004.0,1005.0,1005.0,1005.0,18122674.0,18211557515.0,922.0
2014-09-03,1005.0,1007.0,1004.0,1005.0,1005.0,1005.0,14116649.0,14187740214.0,647.0
2014-09-06,1005.0,1008.0,1004.0,1005.0,1008.0,1005.0,13285326.0,13353423473.0,603.0
2014-09-07,1005.0,1009.0,1004.0,1005.0,1005.0,1005.0,14008195.0,14077494989.0,622.0
2014-09-08,1006.0,1009.0,1004.0,1005.0,1005.0,1005.0,22292058.0,22405249894.0,772.0
2014-09-09,1007.0,1010.0,1000.0,1005.0,1008.0,1005.0,12345782.0,12409717368.0,587.0
2014-09-10,1005.0,1006.0,1000.0,1004.0,1000.0,1005.0,18471296.0,18552599069.0,873.0
2014-09-13,1000.0,1001.0,1000.0,1000.0,1000.0,1004.0,28517492.0,28517588609.0,1425.0
2014-09-14,1000.0,1007.0,1000.0,1002.0,1006.0,1000.0,15849562.0,15877731212.0,641.0
2014-09-15,1005.0,1006.0,1003.0,1005.0,1005.0,1002.0,13626102.0,13693324350.0,512.0
2014-09-16,1006.0,1007.0,1003.0,1005.0,1006.0,1005.0,11179880.0,11234343184.0,535.0
2014-09-17,1007.0,1007.0,1000.0,1005.0,1005.0,1005.0,8332227.0,8371761963.0,427.0
2014-09-20,1006.0,1008.0,1004.0,1005.0,1008.0,1005.0,1566311.0,1574415185.0,289.0
2014-09-21,1006.0,1007.0,990.0,1005.0,1005.0,1005.0,9288788.0,9333432795.0,597.0
2014-09-22,1007.0,1010.0,1000.0,1005.0,1010.0,1005.0,4590018.0,4610765012.0,319.0
2014-09-23,1010.0,1010.0,1002.0,1005.0,1004.0,1005.0,3923873.0,3943439193.0,270.0
2014-09-24,1005.0,1005.0,1000.0,1004.0,1003.0,1005.0,5225918.0,5237930603.0,468.0
2014-09-27,1004.0,1004.0,1000.0,1003.0,1003.0,1004.0,16593475.0,16635967952.0,697.0
2014-09-28,1002.0,1004.0,1000.0,1003.0,1003.0,1003.0,18382598.0,18429142733.0,687.0
2014-09-29,1000.0,1004.0,1000.0,1003.0,1003.0,1003.0,3437091.0,3446496591.0,199.0
2014-09-30,1004.0,1005.0,1000.0,1003.0,1004.0,1003.0,4685013.0,4695561306.0,340.0
2014-10-01,1005.0,1005.0,1000.0,1003.0,1000.0,1003.0,1071011.0,1072889201.0,263.0
2014-10-04,1000.0,1002.0,1000.0,1002.0,1001.0,1003.0,2516294.0,2516472250.0,338.0
2014-10-06,1000.0,1001.0,1000.0,1001.0,1000.0,1002.0,3632811.0,3632915904.0,360.0
2014-10-07,1000.0,1002.0,999.0,1001.0,1000.0,1001.0,2987466.0,2987590515.0,303.0
2014-10-08,1000.0,1010.0,998.0,1002.0,1010.0,1001.0,20727361.0,20771900245.0,1869.0
2014-10-19,1005.0,1016.0,1000.0,1003.0,1004.0,1002.0,4838232.0,4857138014.0,330.0
2014-10-20,1003.0,1043.0,999.0,1040.0,1041.0,1003.0,68501213.0,71235626627.0,4239.0
2014-10-21,1040.0,1060.0,1016.0,1036.0,1025.0,1040.0,29781351.0,30859291086.0,2190.0
2014-10-22,1040.0,1040.0,1005.0,1016.0,1013.0,1036.0,15913578.0,16169737075.0,1218.0
2014-10-25,1020.0,1022.0,1000.0,1010.0,1002.0,1016.0,12891777.0,13009879564.0,750.0
2014-10-26,1005.0,1007.0,999.0,1001.0,1002.0,1010.0,34000185.0,34043688093.0,4100.0
2014-10-27,1004.0,1013.0,999.0,1001.0,1002.0,1001.0,10829343.0,10839370243.0,705.0
2014-10-28,1002.0,1005.0,1000.0,1002.0,1002.0,1001.0,12482704.0,12504642503.0,855.0
2014-10-29,1002.0,1025.0,1001.0,1006.0,1006.0,1002.0,12398776.0,12475863883.0,918.0
2014-11-01,1010.0,1046.0,1006.0,1046.0,1046.0,1006.0,250211914.0,261678899542.0,6180.0
2014-11-02,1087.0,1087.0,1074.0,1087.0,1087.0,1046.0,250281999.0,272025626259.0,8915.0
2014-11-05,1115.0,1130.0,1091.0,1129.0,1130.0,1087.0,207369225.0,234024864523.0,8929.0
2014-11-08,1160.0,1173.0,1101.0,1150.0,1130.0,1129.0,93112235.0,107104683237.0,6111.0
2014-11-09,1140.0,1175.0,1124.0,1155.0,1147.0,1150.0,41120560.0,47507281594.0,2432.0
2014-11-10,1144.0,1171.0,1131.0,1151.0,1160.0,1155.0,35562031.0,40915911008.0,1974.0
2014-11-11,1145.0,1197.0,1144.0,1182.0,1167.0,1151.0,48644343.0,57503137550.0,2901.0
2014-11-12,1179.0,1186.0,1149.0,1167.0,1160.0,1182.0,36475668.0,42550772929.0,2290.0
2014-11-15,1140.0,1140.0,1121.0,1123.0,1121.0,1167.0,60155997.0,67530455887.0,2509.0
2014-11-16,1113.0,1139.0,1113.0,1125.0,1127.0,1123.0,15806776.0,17785814387.0,1187.0
2014-11-17,1140.0,1169.0,1125.0,1147.0,1125.0,1125.0,21925176.0,25152660062.0,1715.0
2014-11-18,1145.0,1145.0,1106.0,1121.0,1124.0,1147.0,15065233.0,16887217029.0,939.0
2014-11-19,1121.0,1130.0,1080.0,1110.0,1095.0,1121.0,12945064.0,14367441989.0,1023.0
2014-11-22,1127.0,1127.0,1082.0,1107.0,1097.0,1110.0,17432784.0,19298134506.0,1170.0
2014-11-23,1100.0,1151.0,1100.0,1147.0,1149.0,1107.0,38021975.0,43623820868.0,2066.0
2014-11-24,1188.0,1192.0,1169.0,1190.0,1183.0,1147.0,103162823.0,122727240675.0,4693.0
2014-11-25,1143.0,1143.0,1143.0,1143.0,1143.0,1190.0,13932165.0,15924464595.0,313.0
2014-11-26,1098.0,1098.0,1098.0,1123.0,1098.0,1143.0,6093599.0,6690771702.0,226.0
2014-11-29,1090.0,1099.0,1079.0,1084.0,1079.0,1123.0,48438466.0,52510035242.0,7302.0
2014-11-30,1042.0,1058.0,1041.0,1041.0,1041.0,1084.0,19653012.0,20466646543.0,809.0
2014-12-01,1012.0,1060.0,1002.0,1017.0,1030.0,1041.0,38093457.0,38745878910.0,2549.0
2014-12-02,1040.0,1042.0,1013.0,1025.0,1030.0,1017.0,13281017.0,13612406015.0,970.0
2014-12-03,1036.0,1036.0,997.0,1018.0,1004.0,1025.0,103646934.0,105509998094.0,2280.0
2014-12-06,1010.0,1014.0,1000.0,1002.0,1002.0,1018.0,13394505.0,13422315597.0,712.0
2014-12-07,1015.0,1015.0,995.0,1000.0,1002.0,1002.0,19500505.0,19503127032.0,1109.0
2014-12-08,1015.0,1030.0,1000.0,1015.0,1017.0,1000.0,13414644.0,13619056921.0,992.0
2014-12-09,1028.0,1028.0,1007.0,1016.0,1015.0,1015.0,13385744.0,13593898148.0,567.0
2014-12-10,1016.0,1021.0,998.0,1001.0,1001.0,1016.0,20598333.0,20613606938.0,882.0
2014-12-14,1000.0,1000.0,961.0,973.0,961.0,1001.0,30190651.0,29382151444.0,1507.0
2014-12-15,950.0,961.0,935.0,938.0,953.0,973.0,30739146.0,28823332634.0,1282.0
2014-12-16,955.0,975.0,953.0,957.0,962.0,938.0,9137761.0,8835231405.0,585.0
2014-12-17,957.0,986.0,939.0,958.0,958.0,957.0,11945081.0,11442119323.0,856.0
2014-12-20,960.0,960.0,933.0,943.0,940.0,958.0,11939350.0,11237566162.0,912.0
2014-12-22,950.0,978.0,945.0,958.0,973.0,943.0,7679794.0,7443340572.0,612.0
2014-12-24,966.0,975.0,949.0,958.0,953.0,958.0,4678388.0,4476215777.0,403.0
2014-12-27,958.0,958.0,930.0,950.0,941.0,958.0,4933090.0,4615962628.0,493.0
2014-12-28,943.0,954.0,935.0,948.0,939.0,950.0,7685561.0,7269723838.0,600.0
2014-12-29,936.0,949.0,920.0,940.0,937.0,948.0,6170722.0,5735555709.0,693.0
2014-12-30,939.0,940.0,927.0,936.0,930.0,940.0,5536237.0,5153488274.0,588.0
2014-12-31,930.0,935.0,912.0,927.0,912.0,936.0,6765246.0,6215020976.0,510.0
2015-01-03,940.0,940.0,905.0,921.0,908.0,927.0,6465621.0,5905576888.0,516.0
2015-01-04,911.0,912.0,905.0,914.0,905.0,921.0,7329346.0,6651646760.0,486.0
2015-01-05,908.0,908.0,889.0,902.0,890.0,914.0,10638614.0,9554617104.0,1318.0
2015-01-06,898.0,902.0,870.0,889.0,870.0,902.0,8592720.0,7576768595.0,530.0
2015-01-07,869.0,888.0,860.0,876.0,865.0,889.0,8388843.0,7277186257.0,1256.0
2015-01-10,867.0,885.0,850.0,858.0,850.0,876.0,10316733.0,8786551463.0,2149.0
2015-01-11,833.0,851.0,824.0,828.0,849.0,858.0,14291239.0,11836812133.0,684.0
2015-01-12,859.0,861.0,840.0,861.0,861.0,828.0,13709417.0,11800119649.0,563.0
2015-01-13,874.0,874.0,840.0,859.0,856.0,861.0,5039043.0,4304895790.0,476.0
2015-01-14,865.0,865.0,838.0,846.0,839.0,859.0,10634202.0,8950092780.0,2754.0
2015-01-17,846.0,864.0,835.0,846.0,849.0,846.0,3984274.0,3374628128.0,280.0
2015-01-18,850.0,850.0,820.0,843.0,829.0,846.0,2399596.0,1987589988.0,219.0
2015-01-19,829.0,829.0,810.0,811.0,810.0,843.0,17638615.0,14304041141.0,648.0
2015-01-20,810.0,810.0,779.0,784.0,800.0,811.0,13935249.0,10925327354.0,602.0
2015-01-21,800.0,800.0,761.0,779.0,767.0,784.0,7161111.0,5542216372.0,497.0
2015-01-24,810.0,810.0,808.0,810.0,810.0,779.0,45304180.0,36695770822.0,1877.0
2015-01-25,824.0,834.0,800.0,819.0,813.0,810.0,12177761.0,9981814729.0,969.0
2015-01-26,823.0,823.0,800.0,815.0,820.0,819.0,8562447.0,6958311182.0,546.0
2015-01-27,820.0,832.0,812.0,827.0,828.0,815.0,19067857.0,15770274731.0,408.0
2015-01-28,836.0,860.0,826.0,850.0,860.0,827.0,32542754.0,27655831315.0,1355.0
2015-01-31,863.0,884.0,859.0,883.0,884.0,850.0,30023433.0,26506277897.0,1110.0
2015-02-01,895.0,895.0,851.0,883.0,870.0,883.0,18286261.0,16145076714.0,1377.0
2015-02-02,885.0,897.0,869.0,881.0,872.0,883.0,13425654.0,11825909784.0,759.0
2015-02-03,889.0,894.0,863.0,879.0,874.0,881.0,11433250.0,10050689467.0,722.0
2015-02-04,881.0,900.0,870.0,887.0,879.0,879.0,19125252.0,16969245259.0,1623.0
2015-02-07,890.0,894.0,857.0,875.0,860.0,887.0,9976677.0,8679754692.0,883.0
2015-02-08,857.0,860.0,843.0,863.0,856.0,875.0,7055033.0,6004490308.0,707.0
2015-02-09,868.0,868.0,829.0,834.0,830.0,863.0,17045530.0,14208027211.0,1074.0
2015-02-10,828.0,860.0,820.0,838.0,853.0,834.0,7151354.0,6024591752.0,413.0
2015-02-14,853.0,865.0,835.0,839.0,839.0,838.0,4382912.0,3692715369.0,295.0
2015-02-15,840.0,841.0,820.0,837.0,830.0,839.0,5895137.0,4915321520.0,426.0
2015-02-16,834.0,839.0,823.0,835.0,839.0,837.0,7072491.0,5890682311.0,512.0
2015-02-17,836.0,836.0,820.0,830.0,822.0,835.0,6672295.0,5507207135.0,436.0
2015-02-18,825.0,834.0,815.0,828.0,831.0,830.0,6173348.0,5098732026.0,510.0
2015-02-21,836.0,858.0,830.0,851.0,850.0,828.0,12764853.0,10858190177.0,725.0
2015-02-22,860.0,860.0,820.0,840.0,825.0,851.0,8750254.0,7313838116.0,563.0
2015-02-23,839.0,839.0,811.0,833.0,826.0,840.0,4767380.0,3916908530.0,289.0
2015-02-24,837.0,840.0,816.0,828.0,816.0,833.0,6936133.0,5716359038.0,692.0
2015-02-25,825.0,830.0,812.0,824.0,823.0,828.0,6743929.0,5535977322.0,424.0
2015-02-28,839.0,839.0,817.0,824.0,817.0,824.0,3002996.0,2476890370.0,252.0
2015-03-01,824.0,830.0,814.0,822.0,820.0,824.0,10004667.0,8215420822.0,790.0
2015-03-02,822.0,850.0,821.0,832.0,830.0,822.0,9242521.0,7720827530.0,724.0
2015-03-03,840.0,840.0,828.0,834.0,834.0,832.0,42846587.0,35727611166.0,853.0
2015-03-04,832.0,839.0,822.0,829.0,830.0,834.0,15743971.0,13054484366.0,903.0
2015-03-07,833.0,833.0,799.0,803.0,800.0,829.0,44774484.0,35971828254.0,4223.0
2015-03-08,802.0,821.0,799.0,803.0,800.0,803.0,27848077.0,22369205815.0,3032.0
2015-03-09,804.0,818.0,790.0,798.0,790.0,803.0,21341427.0,17032474596.0,1425.0
2015-03-10,800.0,800.0,784.0,789.0,791.0,798.0,10375585.0,8170303789.0,515.0
2015-03-11,800.0,810.0,793.0,808.0,808.0,789.0,39707850.0,32068242166.0,678.0
2015-03-14,820.0,840.0,818.0,839.0,840.0,808.0,47920306.0,40214880990.0,2307.0
2015-03-15,872.0,872.0,861.0,872.0,872.0,839.0,37765923.0,32929793802.0,1070.0
2015-03-16,906.0,906.0,872.0,895.0,879.0,872.0,57742568.0,51703516752.0,2897.0
2015-03-17,888.0,888.0,865.0,874.0,870.0,895.0,11570073.0,10091874363.0,907.0
2015-03-18,880.0,908.0,880.0,904.0,908.0,874.0,73029923.0,66053768737.0,11790.0
2015-03-25,917.0,927.0,905.0,919.0,917.0,904.0,11180177.0,10273652500.0,594.0
2015-04-07,1023.0,1046.0,1023.0,1034.0,1043.0,919.0,317818256.0,328501910839.0,41698.0
2015-04-08,1047.0,1075.0,1041.0,1073.0,1075.0,1034.0,282561908.0,303080355680.0,12426.0
2015-04-11,1075.0,1115.0,1070.0,1103.0,1094.0,1073.0,379558020.0,418721487876.0,33870.0
2015-04-12,1099.0,1110.0,1059.0,1085.0,1084.0,1103.0,185673153.0,201465729546.0,12490.0
2015-04-13,1090.0,1108.0,1045.0,1077.0,1091.0,1085.0,102550722.0,110422603366.0,6175.0
2015-04-14,1095.0,1100.0,1075.0,1086.0,1081.0,1077.0,27260624.0,29611210397.0,1844.0
2015-04-15,1060.0,1090.0,1046.0,1061.0,1060.0,1086.0,72003468.0,76363083976.0,4095.0
2015-04-18,1050.0,1051.0,1020.0,1030.0,1027.0,1061.0,43642067.0,44948500284.0,2991.0
2015-04-19,1029.0,1071.0,1025.0,1054.0,1042.0,1030.0,37979780.0,40020057087.0,3630.0
2015-04-20,1058.0,1058.0,1019.0,1027.0,1025.0,1054.0,23126837.0,23747996645.0,1670.0
2015-04-21,1024.0,1041.0,1013.0,1027.0,1035.0,1027.0,23146086.0,23773579395.0,1391.0
2015-04-22,1040.0,1049.0,1026.0,1033.0,1030.0,1027.0,19116386.0,19755120805.0,1355.0
2015-04-25,1040.0,1050.0,1027.0,1039.0,1030.0,1033.0,23281132.0,24178243881.0,4547.0
2015-04-26,1027.0,1027.0,1001.0,1016.0,1001.0,1039.0,9778216.0,9931740730.0,735.0
2015-04-27,999.0,1000.0,976.0,982.0,978.0,1016.0,31191167.0,30626303772.0,2684.0
2015-04-28,979.0,1003.0,974.0,991.0,980.0,982.0,18177941.0,18016589746.0,1267.0
2015-04-29,1020.0,1020.0,980.0,999.0,996.0,991.0,9182282.0,9176761447.0,637.0
2015-05-03,1010.0,1010.0,960.0,962.0,960.0,999.0,46387633.0,44621398348.0,2293.0
2015-05-04,960.0,960.0,924.0,930.0,932.0,962.0,25432764.0,23661151415.0,1447.0
2015-05-05,932.0,940.0,899.0,908.0,900.0,930.0,22063500.0,20038480057.0,1315.0
2015-05-06,906.0,924.0,895.0,907.0,918.0,908.0,11033482.0,10009140877.0,732.0
2015-05-09,921.0,921.0,871.0,875.0,871.0,907.0,20310893.0,17766197201.0,1040.0
2015-05-10,877.0,900.0,844.0,874.0,880.0,875.0,11939033.0,10431167597.0,658.0
2015-05-11,875.0,908.0,874.0,906.0,904.0,874.0,27139468.0,24598686427.0,1266.0
2015-05-12,930.0,942.0,920.0,939.0,940.0,906.0,27125231.0,25477709192.0,1446.0
2015-05-13,950.0,955.0,923.0,938.0,940.0,939.0,17081026.0,16025385629.0,818.0
2015-05-17,938.0,938.0,901.0,918.0,926.0,938.0,12857722.0,11809753797.0,1122.0
2015-05-18,931.0,942.0,924.0,926.0,926.0,918.0,5958435.0,5558872701.0,402.0
2015-05-19,939.0,945.0,930.0,932.0,935.0,926.0,5542894.0,5193721914.0,352.0
2015-05-20,934.0,941.0,912.0,930.0,925.0,932.0,6254538.0,5812645420.0,518.0
2015-05-23,930.0,930.0,893.0,905.0,900.0,930.0,11860159.0,10734063388.0,1083.0
2015-05-24,922.0,922.0,897.0,911.0,914.0,905.0,10519720.0,9585708513.0,1256.0
2015-05-25,923.0,938.0,919.0,922.0,921.0,911.0,7276782.0,6743237781.0,398.0
2015-05-26,924.0,929.0,900.0,916.0,915.0,922.0,9997435.0,9151181960.0,2327.0
2015-05-27,921.0,921.0,910.0,916.0,912.0,916.0,2516486.0,2305023715.0,305.0
2015-05-30,914.0,924.0,914.0,919.0,915.0,916.0,10015441.0,9201728386.0,527.0
2015-05-31,920.0,920.0,912.0,919.0,919.0,919.0,5033757.0,4620577731.0,329.0
2015-06-01,918.0,920.0,900.0,914.0,909.0,919.0,5636980.0,5120582538.0,324.0
2015-06-02,901.0,922.0,900.0,914.0,914.0,914.0,5862215.0,5357065434.0,431.0
2015-06-06,903.0,920.0,900.0,914.0,900.0,914.0,4172100.0,3814515093.0,304.0
2015-06-07,914.0,914.0,895.0,910.0,900.0,914.0,3878507.0,3501482786.0,355.0
2015-06-08,900.0,901.0,865.0,882.0,865.0,910.0,8732571.0,7643754925.0,556.0
2015-06-09,880.0,880.0,850.0,875.0,860.0,882.0,3651608.0,3139889042.0,325.0
2015-06-10,851.0,899.0,851.0,882.0,899.0,875.0,8660639.0,7654407072.0,1002.0
2015-06-13,900.0,900.0,884.0,888.0,890.0,882.0,7583867.0,6754546198.0,715.0
2015-06-14,892.0,913.0,880.0,895.0,880.0,888.0,8035262.0,7215677291.0,532.0
2015-06-15,880.0,880.0,870.0,883.0,877.0,895.0,7444828.0,6530642622.0,590.0
2015-06-16,887.0,927.0,880.0,907.0,927.0,883.0,10564747.0,9599994355.0,607.0
2015-06-17,928.0,952.0,928.0,951.0,950.0,907.0,24117540.0,22945971325.0,686.0
2015-06-20,961.0,985.0,928.0,949.0,940.0,951.0,22678593.0,21523227517.0,1585.0
2015-06-21,940.0,969.0,934.0,951.0,947.0,949.0,9104498.0,8659010612.0,804.0
2015-06-22,947.0,981.0,935.0,968.0,969.0,951.0,13746248.0,13313048945.0,976.0
2015-06-23,979.0,996.0,979.0,987.0,990.0,968.0,28264791.0,27906607027.0,2464.0
2015-06-24,983.0,996.0,961.0,981.0,989.0,987.0,17536605.0,17201650320.0,1652.0
2015-06-27,980.0,1006.0,974.0,988.0,985.0,981.0,8404194.0,8318934039.0,573.0
2015-06-28,972.0,986.0,956.0,972.0,965.0,988.0,7273818.0,7019098933.0,425.0
2015-06-29,964.0,999.0,964.0,982.0,984.0,972.0,7200970.0,7096487717.0,520.0
2015-06-30,990.0,1026.0,986.0,1014.0,1020.0,982.0,42941682.0,43543687581.0,3057.0
2015-07-01,1028.0,1028.0,1000.0,1014.0,1000.0,1014.0,15824633.0,16049321654.0,986.0
2015-07-04,1040.0,1064.0,1036.0,1059.0,1064.0,1014.0,50302661.0,53288170387.0,3256.0
2015-07-05,1082.0,1082.0,1050.0,1069.0,1069.0,1059.0,41570583.0,44423194079.0,2674.0
2015-07-06,1074.0,1090.0,1060.0,1084.0,1090.0,1069.0,29000685.0,31442737417.0,1704.0
2015-07-07,1103.0,1120.0,1080.0,1101.0,1084.0,1084.0,40887212.0,45035368033.0,2646.0
2015-07-11,1069.0,1108.0,1050.0,1083.0,1089.0,1101.0,21418094.0,23192955065.0,1660.0
2015-07-12,1100.0,1109.0,1081.0,1093.0,1090.0,1083.0,27034358.0,29560245347.0,1926.0
2015-07-13,1139.0,1147.0,1109.0,1133.0,1128.0,1093.0,90536422.0,102581286991.0,5918.0
2015-07-14,1159.0,1159.0,1080.0,1123.0,1131.0,1133.0,80960247.0,90899009117.0,3503.0
2015-07-15,1127.0,1127.0,1067.0,1069.0,1090.0,1123.0,181827702.0,194427122659.0,4964.0
2015-07-27,931.0,944.0,930.0,933.0,939.0,1059.0,16490417.0,15381398437.0,527.0
2015-07-28,930.0,966.0,930.0,949.0,966.0,933.0,15403437.0,14615787735.0,881.0
2015-07-29,967.0,996.0,960.0,993.0,996.0,949.0,30855736.0,30630491043.0,1488.0
2015-08-01,1000.0,1029.0,991.0,1009.0,995.0,993.0,14319955.0,14444880950.0,751.0
2015-08-02,990.0,1000.0,979.0,996.0,979.0,1009.0,6067720.0,5989320327.0,410.0
2015-08-03,996.0,1003.0,979.0,995.0,986.0,996.0,11352042.0,11298984882.0,567.0
2015-08-04,990.0,998.0,976.0,990.0,982.0,995.0,5447364.0,5366049815.0,378.0
2015-08-05,981.0,992.0,970.0,986.0,970.0,990.0,5870143.0,5775813723.0,391.0
2015-08-08,989.0,989.0,944.0,956.0,945.0,986.0,8050613.0,7638064790.0,555.0
2015-08-09,956.0,969.0,931.0,950.0,940.0,956.0,6432379.0,6090002008.0,441.0
2015-08-10,960.0,960.0,930.0,943.0,931.0,950.0,5894228.0,5532706065.0,384.0
2015-08-12,950.0,950.0,920.0,926.0,922.0,943.0,10714373.0,9919429348.0,581.0
2015-08-15,920.0,920.0,896.0,904.0,898.0,926.0,15327377.0,13860766538.0,748.0
2015-08-16,900.0,910.0,895.0,901.0,897.0,904.0,15712769.0,14154461681.0,723.0
2015-08-17,895.0,918.0,891.0,913.0,896.0,901.0,47640618.0,43487901814.0,786.0
2015-08-18,910.0,910.0,890.0,904.0,901.0,913.0,7436009.0,6690773704.0,401.0
2015-08-19,905.0,911.0,894.0,906.0,905.0,904.0,6434435.0,5833411161.0,365.0
2015-08-22,908.0,912.0,896.0,905.0,896.0,906.0,5197065.0,4693565593.0,349.0
2015-08-23,894.0,899.0,890.0,900.0,892.0,905.0,5200836.0,4646707420.0,322.0
2015-08-24,900.0,905.0,890.0,899.0,900.0,900.0,4345562.0,3897638003.0,269.0
2015-08-25,901.0,901.0,875.0,885.0,885.0,899.0,15160023.0,13419864099.0,842.0
2015-08-26,881.0,903.0,880.0,887.0,887.0,885.0,5211579.0,4629347738.0,290.0
2015-08-29,900.0,924.0,900.0,904.0,908.0,887.0,6965311.0,6366714076.0,463.0
2015-08-30,909.0,920.0,901.0,905.0,902.0,904.0,3553661.0,3228593019.0,362.0
2015-08-31,910.0,910.0,892.0,903.0,896.0,905.0,2660338.0,2387304565.0,180.0
2015-09-01,900.0,919.0,899.0,909.0,902.0,903.0,11954811.0,10864366952.0,269.0
2015-09-02,908.0,917.0,903.0,910.0,914.0,909.0,5962322.0,5428237636.0,320.0
2015-09-05,920.0,943.0,920.0,927.0,941.0,910.0,7729171.0,7217233210.0,605.0
2015-09-06,940.0,942.0,920.0,930.0,937.0,927.0,5172973.0,4829692560.0,433.0
2015-09-07,928.0,947.0,928.0,934.0,937.0,930.0,4674197.0,4388680222.0,338.0
2015-09-08,948.0,951.0,933.0,943.0,940.0,934.0,11344809.0,10699214826.0,500.0
2015-09-09,940.0,952.0,940.0,945.0,942.0,943.0,10307584.0,9747463505.0,490.0
2015-09-12,964.0,965.0,936.0,949.0,937.0,945.0,8216670.0,7810469549.0,508.0
2015-09-13,937.0,937.0,908.0,928.0,915.0,949.0,6392510.0,5847200730.0,424.0
2015-09-14,911.0,950.0,905.0,917.0,921.0,928.0,18088234.0,16595373365.0,712.0
2015-09-15,917.0,929.0,896.0,910.0,900.0,917.0,5011530.0,4516697611.0,309.0
2015-09-16,910.0,910.0,898.0,901.0,908.0,910.0,11997606.0,10809910994.0,670.0
2015-09-19,900.0,925.0,900.0,905.0,910.0,901.0,5322566.0,4839923690.0,390.0
2015-09-20,911.0,911.0,860.0,884.0,879.0,905.0,12720215.0,11244620974.0,697.0
2015-09-21,874.0,897.0,856.0,874.0,890.0,884.0,15747490.0,13763103876.0,685.0
2015-09-22,900.0,910.0,885.0,886.0,895.0,874.0,5955906.0,5343192801.0,304.0
2015-09-23,905.0,911.0,898.0,895.0,900.0,886.0,6141662.0,5541959341.0,342.0
2015-09-26,910.0,910.0,891.0,896.0,894.0,895.0,6686352.0,5994428550.0,347.0
2015-09-27,900.0,908.0,891.0,898.0,898.0,896.0,6590900.0,5930757203.0,304.0
2015-09-28,903.0,907.0,897.0,900.0,898.0,898.0,6791016.0,6116625079.0,287.0
2015-09-29,900.0,910.0,900.0,903.0,907.0,900.0,4585385.0,4159682384.0,650.0
2015-09-30,900.0,906.0,895.0,902.0,899.0,903.0,4485247.0,4033502543.0,604.0
2015-10-03,892.0,898.0,875.0,882.0,877.0,902.0,11007055.0,9711640883.0,871.0
2015-10-04,881.0,899.0,868.0,881.0,890.0,882.0,11881903.0,10463762460.0,756.0
2015-10-05,899.0,899.0,888.0,884.0,888.0,881.0,3072862.0,2741142416.0,394.0
2015-10-06,885.0,895.0,879.0,884.0,887.0,884.0,5640329.0,4989481580.0,541.0
2015-10-07,886.0,890.0,880.0,884.0,880.0,884.0,3395917.0,3007336150.0,399.0
2015-10-10,880.0,889.0,870.0,882.0,871.0,884.0,3885903.0,3416019171.0,455.0
2015-10-11,875.0,882.0,869.0,881.0,871.0,882.0,32964898.0,29036273412.0,222.0
2015-10-12,871.0,892.0,871.0,881.0,874.0,881.0,2497788.0,2199394893.0,190.0
2015-10-13,879.0,885.0,871.0,881.0,882.0,881.0,10482678.0,9232944322.0,886.0
2015-10-14,907.0,925.0,890.0,924.0,925.0,881.0,37157673.0,34320514320.0,1635.0
2015-10-17,946.0,970.0,933.0,961.0,970.0,924.0,32001251.0,30759162459.0,1435.0
2015-10-18,989.0,1007.0,948.0,978.0,960.0,961.0,33583705.0,32839309876.0,2020.0
2015-10-19,969.0,989.0,945.0,960.0,950.0,978.0,11984489.0,11508873390.0,1238.0
2015-10-20,950.0,950.0,920.0,939.0,923.0,960.0,12820885.0,12037305650.0,972.0
2015-10-21,945.0,949.0,921.0,937.0,939.0,939.0,7028186.0,6579694737.0,698.0
2015-10-25,940.0,940.0,896.0,906.0,900.0,937.0,9797960.0,8850379965.0,777.0
2015-10-26,893.0,918.0,893.0,908.0,910.0,906.0,6213948.0,5649120266.0,591.0
2015-10-27,926.0,930.0,911.0,911.0,920.0,908.0,3318203.0,3049447591.0,213.0
2015-10-28,921.0,928.0,911.0,913.0,925.0,911.0,3225185.0,2958759140.0,217.0
2015-10-31,926.0,927.0,914.0,915.0,914.0,913.0,3546328.0,3257237560.0,178.0
2015-11-01,917.0,922.0,906.0,915.0,908.0,915.0,5341252.0,4889339742.0,274.0
2015-11-02,920.0,927.0,909.0,915.0,914.0,915.0,2693861.0,2461202121.0,154.0
2015-11-03,913.0,914.0,907.0,913.0,910.0,915.0,3148472.0,2863585210.0,174.0
2015-11-04,910.0,920.0,905.0,913.0,912.0,913.0,3710561.0,3389429111.0,206.0
2015-11-07,924.0,929.0,903.0,912.0,913.0,913.0,16059709.0,14652545616.0,501.0
2015-11-08,920.0,920.0,900.0,906.0,900.0,912.0,6334354.0,5714206177.0,304.0
2015-11-09,906.0,906.0,897.0,903.0,900.0,906.0,5796327.0,5213831244.0,294.0
2015-11-10,900.0,900.0,886.0,895.0,893.0,903.0,7620956.0,6796120508.0,400.0
2015-11-11,894.0,900.0,879.0,885.0,891.0,895.0,11727836.0,10373577583.0,580.0
2015-11-14,885.0,892.0,879.0,883.0,882.0,885.0,5660475.0,4990347601.0,316.0
2015-11-15,882.0,893.0,880.0,884.0,883.0,883.0,4726136.0,4184756451.0,306.0
2015-11-16,880.0,887.0,878.0,882.0,878.0,884.0,5734287.0,5047910611.0,368.0
2015-11-17,880.0,884.0,878.0,881.0,879.0,882.0,4283489.0,3770639312.0,243.0
2015-11-18,877.0,881.0,872.0,881.0,877.0,881.0,45994198.0,40499270147.0,329.0
2015-11-21,877.0,884.0,875.0,880.0,880.0,881.0,7481220.0,6578185539.0,330.0
2015-11-22,877.0,885.0,875.0,880.0,876.0,880.0,16904732.0,14868927032.0,261.0
2015-11-23,884.0,884.0,865.0,873.0,867.0,880.0,8725327.0,7595512989.0,1032.0
2015-11-24,873.0,873.0,862.0,868.0,867.0,873.0,7286065.0,6301590895.0,2124.0
2015-11-25,863.0,884.0,863.0,874.0,875.0,868.0,15318609.0,13385360164.0,1673.0
2015-11-28,875.0,875.0,867.0,873.0,867.0,874.0,4048497.0,3523446409.0,1346.0
2015-11-29,870.0,870.0,852.0,866.0,861.0,873.0,8576808.0,7411211206.0,1027.0
2015-11-30,861.0,868.0,850.0,859.0,850.0,866.0,7252672.0,6201049966.0,370.0
2015-12-01,860.0,862.0,841.0,855.0,850.0,859.0,4738038.0,4029169462.0,293.0
2015-12-05,870.0,889.0,859.0,863.0,865.0,855.0,7768100.0,6731107051.0,414.0
2015-12-06,870.0,875.0,860.0,864.0,860.0,863.0,4278732.0,3704934221.0,283.0
2015-12-07,861.0,870.0,858.0,864.0,859.0,864.0,2639554.0,2275581131.0,183.0
2015-12-08,868.0,871.0,860.0,865.0,870.0,864.0,3925498.0,3406719416.0,210.0
2015-12-09,865.0,893.0,865.0,883.0,890.0,865.0,11223986.0,9915276610.0,571.0
2015-12-13,879.0,890.0,875.0,882.0,880.0,883.0,3304021.0,2908881485.0,202.0
2015-12-14,882.0,907.0,875.0,894.0,903.0,882.0,8686580.0,7794039177.0,490.0
2015-12-15,906.0,921.0,900.0,910.0,915.0,894.0,9626902.0,8787719586.0,568.0
2015-12-16,930.0,930.0,883.0,907.0,883.0,910.0,12141364.0,11010644450.0,748.0
2015-12-19,899.0,899.0,865.0,888.0,865.0,907.0,7915246.0,6974141304.0,2493.0
2015-12-20,880.0,880.0,860.0,871.0,860.0,888.0,9204173.0,7984137530.0,1260.0
2015-12-21,878.0,879.0,860.0,868.0,862.0,871.0,4674561.0,4033346375.0,275.0
2015-12-22,865.0,870.0,862.0,867.0,864.0,868.0,7490428.0,6489207546.0,354.0
2015-12-23,865.0,885.0,865.0,872.0,873.0,867.0,5526654.0,4851570904.0,2381.0
2015-12-26,871.0,885.0,870.0,876.0,876.0,872.0,20265311.0,17755235691.0,2125.0
2015-12-27,872.0,890.0,871.0,882.0,882.0,876.0,10641786.0,9396265120.0,928.0
2015-12-28,890.0,891.0,879.0,885.0,881.0,882.0,13995729.0,12385799220.0,349.0
2015-12-30,892.0,929.0,890.0,927.0,927.0,885.0,60937576.0,56466010201.0,2248.0
2016-01-02,939.0,939.0,903.0,929.0,917.0,927.0,27849678.0,25862146827.0,622.0
2016-01-03,911.0,920.0,903.0,915.0,914.0,929.0,8809164.0,8029131308.0,477.0
2016-01-04,915.0,927.0,892.0,906.0,895.0,915.0,11831790.0,10714650471.0,644.0
2016-01-05,905.0,933.0,893.0,921.0,920.0,906.0,22093682.0,20354640794.0,1066.0
2016-01-06,923.0,967.0,923.0,957.0,967.0,921.0,91057654.0,87186513688.0,3169.0
2016-01-09,975.0,978.0,939.0,956.0,939.0,957.0,29181452.0,27888042074.0,1421.0
2016-01-10,947.0,969.0,933.0,948.0,946.0,956.0,15079751.0,14301950165.0,804.0
2016-01-11,949.0,986.0,947.0,975.0,978.0,948.0,35811921.0,34934347631.0,1799.0
2016-01-12,985.0,1012.0,975.0,991.0,999.0,975.0,53384139.0,52924510032.0,2611.0
2016-01-13,1000.0,1036.0,999.0,1027.0,1029.0,991.0,48880763.0,50194506406.0,2661.0
2016-01-16,1071.0,1072.0,1027.0,1048.0,1050.0,1027.0,118490964.0,124133226884.0,3796.0
2016-01-17,1089.0,1089.0,996.0,1028.0,1001.0,1048.0,139258757.0,143116545675.0,5297.0
2016-01-18,1016.0,1038.0,977.0,1015.0,1030.0,1028.0,83637827.0,84856962987.0,2286.0
2016-01-19,1031.0,1055.0,1023.0,1039.0,1030.0,1015.0,57487528.0,59734321935.0,2747.0
2016-01-20,1040.0,1044.0,1011.0,1034.0,1040.0,1039.0,55607683.0,57493897493.0,2545.0
2016-01-23,1045.0,1085.0,1040.0,1079.0,1085.0,1034.0,112692886.0,121609156402.0,4174.0
2016-01-24,1119.0,1132.0,1100.0,1128.0,1132.0,1079.0,213968051.0,241331179383.0,7132.0
2016-01-25,1132.0,1136.0,1096.0,1119.0,1136.0,1128.0,89532847.0,100158922550.0,4070.0
2016-01-26,1136.0,1174.0,1135.0,1163.0,1146.0,1119.0,176202042.0,204850356676.0,6947.0
2016-01-27,1178.0,1221.0,1160.0,1203.0,1210.0,1163.0,295095659.0,354941285307.0,10859.0
2016-01-30,1203.0,1249.0,1165.0,1208.0,1170.0,1203.0,96971310.0,117175959608.0,4379.0
2016-01-31,1161.0,1181.0,1148.0,1150.0,1148.0,1208.0,125914037.0,144806267105.0,4518.0
2016-02-01,1179.0,1205.0,1150.0,1182.0,1188.0,1150.0,120472523.0,142386630626.0,5161.0
2016-02-02,1200.0,1206.0,1142.0,1172.0,1147.0,1182.0,93946713.0,110103395095.0,4553.0
2016-02-03,1167.0,1168.0,1136.0,1148.0,1150.0,1172.0,60201625.0,69138713849.0,2989.0
2016-02-06,1154.0,1165.0,1133.0,1146.0,1150.0,1148.0,62324943.0,71426425303.0,3229.0
2016-02-07,1160.0,1203.0,1155.0,1197.0,1199.0,1146.0,244202624.0,292386516829.0,9823.0
2016-02-08,1254.0,1256.0,1205.0,1247.0,1256.0,1197.0,231722070.0,288896838711.0,7056.0
2016-02-09,1308.0,1309.0,1200.0,1294.0,1213.0,1247.0,301324481.0,389948038207.0,10490.0
2016-02-10,1232.0,1287.0,1230.0,1239.0,1230.0,1294.0,193868948.0,240229665804.0,8234.0
2016-02-13,1228.0,1228.0,1178.0,1187.0,1178.0,1239.0,89475769.0,106166370801.0,4883.0
2016-02-14,1190.0,1205.0,1148.0,1176.0,1180.0,1187.0,66540451.0,78233324996.0,4120.0
2016-02-15,1182.0,1234.0,1182.0,1221.0,1206.0,1176.0,104561880.0,127705113072.0,4789.0
2016-02-16,1223.0,1250.0,1165.0,1186.0,1175.0,1221.0,73311794.0,86928124377.0,4356.0
2016-02-17,1181.0,1225.0,1161.0,1203.0,1215.0,1186.0,55989723.0,67343422365.0,3351.0
2016-02-20,1255.0,1263.0,1235.0,1262.0,1247.0,1203.0,211343014.0,266674643467.0,7385.0
2016-02-21,1258.0,1258.0,1199.0,1207.0,1199.0,1262.0,76865495.0,92774443870.0,3307.0
2016-02-22,1219.0,1245.0,1180.0,1209.0,1203.0,1207.0,54739284.0,66184882842.0,2550.0
2016-02-23,1209.0,1210.0,1160.0,1173.0,1170.0,1209.0,35573811.0,41732513347.0,2067.0
2016-02-24,1180.0,1190.0,1147.0,1165.0,1179.0,1173.0,36309849.0,42307616099.0,2086.0
2016-02-27,1182.0,1194.0,1150.0,1164.0,1170.0,1165.0,29850973.0,34734676123.0,2500.0
2016-02-28,1165.0,1173.0,1130.0,1147.0,1140.0,1164.0,36143134.0,41465791437.0,2926.0
2016-02-29,1150.0,1157.0,1102.0,1130.0,1123.0,1147.0,33549389.0,37914928693.0,3015.0
2016-03-01,1139.0,1152.0,1126.0,1144.0,1128.0,1130.0,30424627.0,34794993576.0,1986.0
2016-03-02,1140.0,1150.0,1115.0,1131.0,1121.0,1144.0,53083822.0,60049891474.0,2791.0
2016-03-05,1131.0,1134.0,1105.0,1120.0,1130.0,1131.0,54712609.0,61287959385.0,3580.0
2016-03-06,1132.0,1164.0,1097.0,1135.0,1143.0,1120.0,44981592.0,51074838855.0,3590.0
2016-03-07,1145.0,1191.0,1145.0,1190.0,1191.0,1135.0,110732860.0,131724870857.0,4343.0
2016-03-08,1200.0,1208.0,1160.0,1185.0,1180.0,1190.0,102767023.0,121790962218.0,5016.0
2016-03-09,1189.0,1198.0,1160.0,1175.0,1169.0,1185.0,64943728.0,76308185496.0,3352.0
2016-03-12,1170.0,1198.0,1159.0,1180.0,1180.0,1175.0,76693147.0,90479971118.0,3560.0
2016-03-14,1190.0,1210.0,1158.0,1177.0,1180.0,1180.0,44496581.0,52366670345.0,3044.0
2016-03-15,1180.0,1180.0,1130.0,1158.0,1140.0,1177.0,41052151.0,47528727741.0,2060.0
2016-03-16,1151.0,1179.0,1130.0,1143.0,1158.0,1158.0,43805950.0,50073184530.0,2240.0
2016-03-26,1158.0,1200.0,1147.0,1191.0,1200.0,1143.0,14475430.0,17233227904.0,577.0
2016-03-27,1220.0,1235.0,1188.0,1209.0,1197.0,1191.0,41683982.0,50384781852.0,2062.0
2016-03-28,1198.0,1226.0,1172.0,1213.0,1218.0,1209.0,39108555.0,47439491142.0,1870.0
2016-03-29,1210.0,1232.0,1199.0,1226.0,1232.0,1213.0,58113861.0,71229521731.0,2720.0
2016-03-30,1235.0,1268.0,1226.0,1245.0,1230.0,1226.0,31470628.0,39171011398.0,1650.0
2016-04-02,1251.0,1255.0,1208.0,1222.0,1220.0,1245.0,24327764.0,29731120903.0,1742.0
2016-04-03,1230.0,1240.0,1166.0,1188.0,1180.0,1222.0,23991655.0,28501705277.0,1356.0
2016-04-04,1172.0,1199.0,1166.0,1178.0,1168.0,1188.0,11549381.0,13610484250.0,935.0
2016-04-05,1170.0,1184.0,1160.0,1170.0,1178.0,1178.0,20058979.0,23467017901.0,1265.0
2016-04-06,1175.0,1176.0,1145.0,1154.0,1150.0,1170.0,28530201.0,32914565249.0,1788.0
2016-04-09,1158.0,1180.0,1148.0,1160.0,1160.0,1154.0,20705910.0,24014500648.0,1412.0
2016-04-10,1146.0,1151.0,1136.0,1140.0,1138.0,1160.0,17577310.0,20033613635.0,1134.0
2016-04-11,1149.0,1185.0,1136.0,1158.0,1145.0,1140.0,71748503.0,83103974227.0,1708.0
2016-04-12,1145.0,1160.0,1120.0,1132.0,1120.0,1158.0,15786640.0,17873970735.0,984.0
2016-04-13,1144.0,1159.0,1100.0,1128.0,1118.0,1132.0,33821482.0,38156089995.0,1307.0
2016-04-16,1117.0,1117.0,1072.0,1074.0,1072.0,1128.0,29352584.0,31538285875.0,1332.0
2016-04-17,1040.0,1100.0,1030.0,1078.0,1087.0,1074.0,80507044.0,86783113926.0,3531.0
2016-04-18,1088.0,1125.0,1081.0,1100.0,1085.0,1078.0,12597459.0,13858976559.0,844.0
2016-04-19,1104.0,1104.0,1045.0,1059.0,1045.0,1100.0,15051944.0,15946368579.0,1031.0
2016-04-20,1069.0,1070.0,1045.0,1051.0,1050.0,1059.0,13776159.0,14478107080.0,896.0
2016-04-23,1067.0,1070.0,1045.0,1056.0,1050.0,1051.0,8727406.0,9215516264.0,539.0
2016-04-24,1067.0,1108.0,1050.0,1088.0,1108.0,1056.0,19647924.0,21376675610.0,1171.0
2016-04-25,1110.0,1142.0,1090.0,1136.0,1142.0,1088.0,43677935.0,49610439287.0,1899.0
2016-04-26,1151.0,1154.0,1101.0,1118.0,1109.0,1136.0,12621730.0,14106029260.0,785.0
2016-04-27,1108.0,1138.0,1080.0,1095.0,1090.0,1118.0,14824056.0,16226369598.0,919.0
2016-04-30,1080.0,1080.0,1053.0,1062.0,1064.0,1095.0,13603977.0,14449358602.0,943.0
2016-05-01,1068.0,1073.0,1050.0,1059.0,1060.0,1062.0,12527084.0,13271080827.0,787.0
2016-05-02,1055.0,1072.0,1050.0,1056.0,1056.0,1059.0,16279714.0,17195709629.0,786.0
2016-05-03,1055.0,1060.0,1045.0,1050.0,1051.0,1056.0,10208096.0,10722273938.0,647.0
2016-05-04,1046.0,1070.0,1045.0,1054.0,1054.0,1050.0,19150617.0,20189048893.0,796.0
2016-05-07,1054.0,1061.0,1012.0,1033.0,1038.0,1054.0,17308942.0,17874076913.0,938.0
2016-05-08,1030.0,1060.0,1027.0,1052.0,1046.0,1033.0,45697043.0,48060732055.0,1064.0
2016-05-09,1055.0,1077.0,1041.0,1059.0,1055.0,1052.0,10406204.0,11018832874.0,721.0
2016-05-10,1058.0,1058.0,1020.0,1037.0,1040.0,1059.0,8201653.0,8475461820.0,586.0
2016-05-11,1040.0,1040.0,1012.0,1026.0,1030.0,1037.0,7301864.0,7470160874.0,567.0
2016-05-14,1020.0,1045.0,1020.0,1027.0,1022.0,1026.0,7344376.0,7545379514.0,578.0
2016-05-15,1025.0,1036.0,1002.0,1013.0,1011.0,1027.0,20990633.0,21262949977.0,1018.0
2016-05-16,1011.0,1049.0,1011.0,1037.0,1039.0,1013.0,16836131.0,17453029394.0,876.0
2016-05-17,1042.0,1042.0,1021.0,1034.0,1035.0,1037.0,4402468.0,4532272965.0,322.0
2016-05-18,1037.0,1065.0,1026.0,1055.0,1033.0,1034.0,19244778.0,20296855204.0,537.0
2016-05-21,1060.0,1060.0,1030.0,1046.0,1044.0,1055.0,5900360.0,6138269217.0,451.0
2016-05-23,1046.0,1082.0,1035.0,1065.0,1054.0,1046.0,16793194.0,17892041667.0,1046.0
2016-05-24,1051.0,1096.0,1046.0,1084.0,1060.0,1065.0,20068223.0,21746688642.0,575.0
2016-05-25,1060.0,1070.0,1049.0,1068.0,1056.0,1084.0,5472808.0,5785274793.0,443.0
2016-05-28,1060.0,1089.0,1045.0,1071.0,1047.0,1068.0,23836951.0,25526521747.0,705.0
2016-05-29,1059.0,1064.0,1040.0,1054.0,1043.0,1071.0,6092247.0,6364303798.0,380.0
2016-05-30,1052.0,1052.0,1035.0,1048.0,1041.0,1054.0,3527398.0,3665397273.0,297.0
2016-05-31,1055.0,1065.0,1031.0,1058.0,1038.0,1048.0,17223648.0,18229112774.0,346.0
2016-06-01,1040.0,1044.0,1030.0,1048.0,1040.0,1058.0,4362837.0,4519224231.0,330.0
2016-06-05,1032.0,1040.0,1029.0,1040.0,1035.0,1048.0,5109712.0,5279367383.0,396.0
2016-06-06,1038.0,1057.0,1014.0,1035.0,1022.0,1040.0,31761117.0,32868592223.0,1063.0
2016-06-07,1020.0,1039.0,1015.0,1028.0,1030.0,1035.0,6938745.0,7116008526.0,387.0
2016-06-08,1022.0,1035.0,1017.0,1025.0,1017.0,1028.0,8682992.0,8897856493.0,642.0
2016-06-11,1024.0,1024.0,1001.0,1008.0,1010.0,1025.0,17609315.0,17750857584.0,984.0
2016-06-12,999.0,1019.0,993.0,1012.0,1016.0,1008.0,32535329.0,32925944304.0,593.0
2016-06-13,1014.0,1014.0,1000.0,1004.0,1003.0,1012.0,8003311.0,8020432806.0,420.0
2016-06-14,1000.0,1019.0,990.0,1011.0,1007.0,1004.0,43930381.0,44424927839.0,763.0
2016-06-15,1010.0,1041.0,1000.0,1028.0,1015.0,1011.0,28378659.0,29164751606.0,569.0
2016-06-18,1021.0,1038.0,1003.0,1030.0,1025.0,1028.0,15895672.0,16364968912.0,309.0
2016-06-19,1010.0,1011.0,998.0,1002.0,1000.0,1030.0,13175231.0,13198639759.0,571.0
2016-06-20,1002.0,1010.0,986.0,1000.0,1000.0,1002.0,4185059.0,4178189009.0,284.0
2016-06-21,988.0,1040.0,988.0,1013.0,1031.0,1000.0,32716217.0,33140402630.0,1071.0
2016-06-22,1039.0,1045.0,1012.0,1028.0,1019.0,1013.0,12334187.0,12678223857.0,709.0
2016-06-25,1014.0,1048.0,1000.0,1026.0,1010.0,1028.0,24295569.0,24925276194.0,597.0
2016-06-26,1019.0,1026.0,1004.0,1019.0,1005.0,1026.0,4751784.0,4805172397.0,267.0
2016-06-28,1027.0,1048.0,1012.0,1032.0,1028.0,1019.0,12333503.0,12727875547.0,673.0
2016-06-29,1037.0,1038.0,1012.0,1029.0,1019.0,1032.0,19311066.0,19870432314.0,301.0
2016-07-02,1027.0,1027.0,1007.0,1020.0,1009.0,1029.0,5071022.0,5129535524.0,363.0
2016-07-03,1020.0,1020.0,1001.0,1006.0,1019.0,1020.0,10237057.0,10294770371.0,505.0
2016-07-04,1003.0,1028.0,999.0,1016.0,1001.0,1006.0,21107801.0,21440055847.0,487.0
2016-07-05,1000.0,1013.0,999.0,1012.0,1010.0,1016.0,23783868.0,24062540797.0,237.0
2016-07-09,1013.0,1015.0,1000.0,1010.0,1002.0,1012.0,4911620.0,4946335682.0,339.0
2016-07-10,1001.0,1010.0,999.0,1002.0,1003.0,1010.0,18492826.0,18528722422.0,625.0
2016-07-11,1000.0,1020.0,1000.0,1014.0,1001.0,1002.0,22942497.0,23264113732.0,446.0
2016-07-12,1010.0,1010.0,999.0,1002.0,1010.0,1014.0,23337797.0,23381996286.0,715.0
2016-07-13,1000.0,1017.0,999.0,1003.0,1001.0,1002.0,25340469.0,25425044037.0,948.0
2016-07-16,1001.0,1010.0,999.0,1002.0,1010.0,1003.0,30395281.0,30459139561.0,915.0
2016-07-17,1001.0,1010.0,1000.0,1002.0,1001.0,1002.0,13225602.0,13246032397.0,434.0
2016-07-18,1009.0,1009.0,1000.0,1002.0,1002.0,1002.0,38518042.0,38596017048.0,1262.0
2016-07-19,1003.0,1014.0,1001.0,1004.0,1002.0,1002.0,22318715.0,22397472232.0,873.0
2017-02-01,670.0,680.0,651.0,665.0,670.0,1004.0,153336718.0,101950133156.0,4546.0
2017-02-04,670.0,685.0,663.0,677.0,680.0,665.0,68420749.0,46313103521.0,3086.0
2017-02-05,682.0,691.0,677.0,680.0,691.0,677.0,121391908.0,82511203710.0,3641.0
2017-02-06,686.0,714.0,682.0,704.0,709.0,680.0,63506910.0,44697967876.0,3052.0
2017-02-07,725.0,739.0,720.0,738.0,739.0,704.0,84295609.0,62228191806.0,2381.0
2017-02-08,759.0,760.0,731.0,741.0,738.0,738.0,49126911.0,36404268423.0,2316.0
2017-02-11,741.0,751.0,738.0,743.0,750.0,741.0,54082332.0,40166281308.0,1759.0
2017-02-12,753.0,755.0,743.0,745.0,743.0,743.0,10695865.0,7968613984.0,660.0
2017-02-13,745.0,755.0,745.0,747.0,746.0,745.0,23632028.0,17648284735.0,841.0
2017-02-14,747.0,750.0,747.0,747.0,748.0,747.0,32033068.0,23944124008.0,944.0
2017-02-15,747.0,750.0,746.0,747.0,748.0,747.0,25148794.0,18790361021.0,851.0
2017-02-18,749.0,749.0,747.0,747.0,747.0,747.0,41263836.0,30828877149.0,1125.0
2017-02-20,740.0,741.0,728.0,735.0,732.0,747.0,40313858.0,29611188990.0,1095.0
2017-02-21,735.0,744.0,731.0,737.0,738.0,735.0,67236835.0,49539913959.0,2042.0
2017-02-22,740.0,750.0,737.0,738.0,750.0,737.0,65381133.0,48267181303.0,2245.0
2017-02-25,739.0,746.0,738.0,740.0,746.0,738.0,48146616.0,35616275934.0,1310.0
2017-02-26,745.0,745.0,740.0,741.0,745.0,740.0,32671610.0,24212063871.0,909.0
2017-02-27,742.0,750.0,741.0,743.0,742.0,741.0,15515746.0,11528536788.0,542.0
2017-02-28,744.0,746.0,743.0,743.0,743.0,743.0,62551897.0,46476504588.0,1454.0
2017-03-01,743.0,744.0,743.0,743.0,743.0,743.0,33913721.0,25198326787.0,871.0
2017-03-04,743.0,744.0,743.0,743.0,743.0,743.0,18576109.0,13803196885.0,520.0
2017-03-05,744.0,744.0,742.0,743.0,743.0,743.0,74421808.0,55295706822.0,1673.0
2017-03-06,743.0,745.0,742.0,743.0,743.0,743.0,66737727.0,49586099505.0,1443.0
2017-03-07,738.0,738.0,706.0,729.0,706.0,743.0,5882791.0,4176196719.0,400.0
2017-03-08,696.0,710.0,693.0,693.0,710.0,729.0,50973958.0,35334640148.0,1592.0
2017-03-11,670.0,720.0,670.0,694.0,680.0,693.0,9031936.0,6274135311.0,567.0
2017-03-12,677.0,700.0,676.0,690.0,676.0,694.0,4972745.0,3392328360.0,349.0
2017-03-13,678.0,689.0,668.0,685.0,669.0,690.0,4462802.0,3013640933.0,344.0
2017-03-14,670.0,677.0,660.0,675.0,664.0,685.0,7018382.0,4657642399.0,580.0
2017-03-15,670.0,676.0,665.0,675.0,675.0,675.0,2764110.0,1859659508.0,210.0
2017-03-18,680.0,680.0,664.0,673.0,669.0,675.0,5382835.0,3605693137.0,347.0
2017-03-25,667.0,676.0,667.0,672.0,668.0,673.0,3575776.0,2398723583.0,227.0
2017-03-26,667.0,681.0,666.0,673.0,670.0,672.0,5597892.0,3780955693.0,318.0
2017-03-27,678.0,681.0,664.0,672.0,669.0,673.0,4075019.0,2728087843.0,331.0
2017-03-28,663.0,671.0,662.0,670.0,663.0,672.0,3946297.0,2623683403.0,332.0
2017-03-29,666.0,677.0,662.0,669.0,666.0,670.0,5103250.0,3401464229.0,308.0
2017-04-03,669.0,670.0,660.0,667.0,662.0,669.0,4575594.0,3036868924.0,374.0
2017-04-04,661.0,670.0,653.0,664.0,660.0,667.0,10188144.0,6757631342.0,604.0
2017-04-05,667.0,670.0,655.0,662.0,657.0,664.0,10084928.0,6666303150.0,476.0
2017-04-08,665.0,679.0,645.0,659.0,645.0,662.0,11461844.0,7541027117.0,658.0
2017-04-09,653.0,670.0,640.0,650.0,650.0,659.0,15558221.0,10118514437.0,762.0
2017-04-10,645.0,659.0,633.0,642.0,642.0,650.0,24354088.0,15641221905.0,1238.0
2017-04-12,634.0,644.0,633.0,641.0,642.0,642.0,8585898.0,5489993548.0,545.0
2017-04-15,641.0,642.0,621.0,632.0,623.0,641.0,20715434.0,13083576312.0,1105.0
2017-04-16,625.0,635.0,617.0,620.0,620.0,632.0,16438429.0,10199939854.0,870.0
2017-04-17,616.0,623.0,615.0,619.0,617.0,620.0,14124064.0,8746539313.0,755.0
2017-04-18,619.0,620.0,612.0,617.0,616.0,619.0,10515841.0,6483553296.0,550.0
2017-04-19,618.0,620.0,603.0,612.0,604.0,617.0,17922965.0,10962650354.0,944.0
2017-04-22,607.0,619.0,602.0,611.0,605.0,612.0,17161452.0,10481753414.0,978.0
2017-04-23,610.0,613.0,604.0,608.0,609.0,611.0,19452360.0,11822176032.0,906.0
2017-04-24,610.0,613.0,607.0,609.0,610.0,608.0,8990069.0,5475689675.0,466.0
2017-04-26,612.0,620.0,606.0,612.0,613.0,609.0,12564195.0,7698213621.0,608.0
2017-04-29,628.0,631.0,614.0,619.0,631.0,612.0,11712188.0,7287239210.0,703.0
2017-04-30,630.0,649.0,624.0,642.0,649.0,619.0,14434372.0,9311495358.0,645.0
2017-05-01,674.0,674.0,652.0,674.0,674.0,642.0,114042941.0,76845924073.0,3191.0
2017-05-02,677.0,690.0,654.0,673.0,663.0,674.0,21143927.0,14228948146.0,1216.0
2017-05-03,660.0,670.0,655.0,664.0,659.0,673.0,11109478.0,7325649693.0,587.0
2017-05-06,658.0,670.0,642.0,657.0,649.0,664.0,10275074.0,6713494486.0,577.0
2017-05-07,649.0,676.0,641.0,663.0,650.0,657.0,14037686.0,9315561177.0,686.0
2017-05-08,659.0,662.0,642.0,658.0,643.0,663.0,4688025.0,3038746479.0,301.0
2017-05-09,648.0,680.0,627.0,648.0,645.0,658.0,31545157.0,20451795822.0,1357.0
2017-05-10,645.0,660.0,640.0,652.0,645.0,648.0,13878335.0,9059999751.0,352.0
2017-05-13,657.0,659.0,648.0,652.0,650.0,652.0,2881797.0,1877375089.0,219.0
2017-05-14,645.0,662.0,643.0,652.0,651.0,652.0,5856401.0,3820896091.0,321.0
2017-05-15,650.0,674.0,645.0,659.0,654.0,652.0,11484106.0,7594637230.0,494.0
2017-05-16,667.0,680.0,656.0,667.0,680.0,659.0,11430591.0,7648902712.0,599.0
2017-05-17,680.0,691.0,666.0,675.0,677.0,667.0,10016753.0,6798694387.0,520.0
2017-05-20,679.0,708.0,677.0,692.0,677.0,675.0,14010390.0,9706734375.0,778.0
2017-05-21,689.0,708.0,675.0,690.0,675.0,692.0,10380469.0,7157985060.0,586.0
2017-05-22,685.0,705.0,677.0,692.0,679.0,690.0,8367843.0,5804124811.0,491.0
2017-05-23,675.0,698.0,662.0,679.0,662.0,692.0,7680121.0,5127562572.0,474.0
2017-05-24,675.0,675.0,650.0,661.0,657.0,679.0,10582489.0,6911898570.0,630.0
2017-05-27,651.0,655.0,638.0,657.0,640.0,661.0,4003951.0,2580707416.0,316.0
2017-05-28,657.0,657.0,635.0,650.0,638.0,657.0,5758175.0,3677798362.0,324.0
2017-05-29,645.0,645.0,627.0,644.0,630.0,650.0,4788221.0,3015478036.0,383.0
2017-05-30,630.0,630.0,622.0,637.0,624.0,644.0,5703435.0,3566622958.0,435.0
2017-06-18,630.0,630.0,611.0,622.0,614.0,637.0,10373438.0,6376426240.0,428.0
2017-06-19,611.0,611.0,600.0,604.0,605.0,622.0,16460332.0,9946441873.0,789.0
2017-06-20,596.0,610.0,596.0,601.0,600.0,604.0,9330180.0,5591918569.0,435.0
2017-06-21,599.0,609.0,590.0,600.0,592.0,601.0,9852527.0,5908905587.0,457.0
2017-06-24,593.0,604.0,586.0,597.0,590.0,600.0,6063879.0,3584233887.0,367.0
2017-06-25,596.0,600.0,588.0,597.0,591.0,597.0,2766578.0,1645355847.0,201.0
2017-06-28,590.0,599.0,589.0,595.0,591.0,597.0,4691027.0,2775028370.0,247.0
2017-07-01,590.0,595.0,580.0,593.0,583.0,595.0,3807859.0,2223666324.0,278.0
2017-07-02,590.0,590.0,575.0,589.0,579.0,593.0,4295585.0,2481758145.0,348.0
2017-07-03,576.0,585.0,567.0,583.0,570.0,589.0,5541403.0,3166968561.0,351.0
2017-07-04,565.0,600.0,564.0,583.0,580.0,583.0,12400682.0,7224166841.0,500.0
2017-07-05,580.0,582.0,573.0,582.0,573.0,583.0,2339276.0,1348463310.0,186.0
2017-07-08,578.0,580.0,569.0,580.0,570.0,582.0,3204654.0,1838867247.0,214.0
2017-07-09,580.0,595.0,580.0,582.0,588.0,580.0,4686158.0,2760926635.0,275.0
2017-07-10,583.0,599.0,583.0,585.0,584.0,582.0,4948564.0,2925462839.0,221.0
2017-07-11,581.0,600.0,581.0,589.0,600.0,585.0,5911112.0,3518896364.0,288.0
2017-07-12,599.0,599.0,590.0,590.0,594.0,589.0,2716007.0,1618957462.0,198.0
2017-07-15,590.0,619.0,590.0,609.0,599.0,590.0,21779106.0,13263757817.0,918.0
2017-07-16,608.0,610.0,595.0,606.0,596.0,609.0,5363457.0,3223946610.0,385.0
2017-07-17,590.0,597.0,583.0,601.0,586.0,606.0,4666600.0,2748915926.0,253.0
2017-07-18,590.0,601.0,577.0,597.0,593.0,601.0,8112403.0,4802350715.0,426.0
2018-03-26,630.0,639.0,620.0,628.0,623.0,597.0,69976402.0,43930488272.0,2229.0
2018-03-27,631.0,650.0,624.0,631.0,630.0,628.0,93994761.0,59290453117.0,4127.0
2018-03-28,639.0,640.0,628.0,633.0,635.0,631.0,34580596.0,21894863723.0,1342.0
2018-04-03,640.0,641.0,633.0,634.0,634.0,633.0,10442902.0,6631388120.0,420.0
2018-04-04,631.0,636.0,631.0,634.0,634.0,634.0,27230974.0,17257166184.0,990.0
2018-04-07,633.0,636.0,633.0,634.0,634.0,634.0,25541255.0,16190471461.0,883.0
2018-04-08,634.0,635.0,633.0,634.0,634.0,634.0,30230672.0,19164162216.0,926.0
2018-04-09,634.0,636.0,633.0,634.0,634.0,634.0,43654646.0,27679093518.0,1418.0
2018-04-10,634.0,636.0,634.0,634.0,634.0,634.0,45564820.0,28890664069.0,1759.0
2018-04-11,634.0,645.0,633.0,635.0,634.0,634.0,26893063.0,17066195900.0,749.0
2018-04-15,634.0,639.0,634.0,635.0,635.0,635.0,35242965.0,22380877054.0,886.0
2018-04-16,635.0,638.0,635.0,635.0,635.0,635.0,11658895.0,7405366001.0,319.0
2018-04-17,635.0,640.0,635.0,635.0,636.0,635.0,12404090.0,7881055136.0,361.0
2018-04-18,635.0,638.0,635.0,635.0,635.0,635.0,14654510.0,9307000264.0,394.0
2018-04-21,635.0,637.0,635.0,635.0,635.0,635.0,11865770.0,7536796350.0,358.0
2018-04-22,635.0,636.0,634.0,635.0,635.0,635.0,150011125.0,95258423865.0,1997.0
2018-04-23,635.0,639.0,635.0,635.0,635.0,635.0,18998410.0,12071037280.0,513.0
2018-04-24,635.0,636.0,635.0,635.0,635.0,635.0,11977001.0,7605425101.0,290.0
2018-04-25,635.0,636.0,635.0,635.0,635.0,635.0,17748172.0,11270148175.0,480.0
2018-04-28,635.0,636.0,634.0,635.0,635.0,635.0,39519032.0,25093661255.0,959.0
2018-04-29,635.0,636.0,635.0,635.0,635.0,635.0,23217346.0,14743021260.0,564.0
2018-04-30,635.0,636.0,635.0,635.0,636.0,635.0,50920854.0,32335044090.0,758.0
2018-05-01,635.0,636.0,634.0,635.0,635.0,635.0,51678790.0,32812650099.0,1202.0
2018-05-05,636.0,636.0,635.0,635.0,635.0,635.0,29204149.0,18544667921.0,667.0
2018-05-06,635.0,637.0,635.0,635.0,635.0,635.0,21650080.0,13750440374.0,523.0
2018-05-07,635.0,640.0,635.0,635.0,635.0,635.0,8081324.0,5135157320.0,230.0
2018-05-08,635.0,637.0,634.0,635.0,635.0,635.0,10467093.0,6646256709.0,260.0
2018-05-09,635.0,636.0,635.0,635.0,635.0,635.0,24785207.0,15738660585.0,555.0
2018-05-12,635.0,636.0,633.0,635.0,635.0,635.0,45424621.0,28838943927.0,881.0
2018-05-13,635.0,636.0,635.0,635.0,635.0,635.0,49565748.0,31474362308.0,1063.0
2018-05-14,635.0,636.0,635.0,635.0,635.0,635.0,5946967.0,3776522734.0,185.0
2018-05-15,636.0,636.0,635.0,635.0,635.0,635.0,33193139.0,21078590516.0,668.0
2018-05-16,636.0,636.0,635.0,635.0,635.0,635.0,3713921.0,2358409099.0,120.0
2018-05-19,635.0,636.0,634.0,635.0,635.0,635.0,9699410.0,6158900793.0,270.0
2018-05-20,635.0,636.0,634.0,635.0,635.0,635.0,30292932.0,19236016228.0,672.0
2018-05-21,635.0,636.0,635.0,635.0,635.0,635.0,24979906.0,15862275030.0,551.0
2018-05-22,635.0,636.0,635.0,635.0,635.0,635.0,6673321.0,4237562518.0,190.0
2018-05-23,635.0,636.0,634.0,635.0,635.0,635.0,8627360.0,5478404920.0,234.0
2018-05-26,635.0,636.0,635.0,635.0,635.0,635.0,5292890.0,3361066440.0,162.0
2018-05-27,635.0,636.0,635.0,635.0,635.0,635.0,9082865.0,5767691235.0,246.0
2018-05-28,636.0,636.0,635.0,635.0,635.0,635.0,32203616.0,20449349810.0,710.0
2018-05-29,635.0,636.0,635.0,635.0,635.0,635.0,7820554.0,4966337510.0,232.0
2018-05-30,636.0,636.0,633.0,635.0,635.0,635.0,38425207.0,24393753100.0,791.0
2018-06-02,635.0,639.0,634.0,635.0,635.0,635.0,30620743.0,19440823468.0,766.0
2018-06-03,635.0,636.0,634.0,635.0,635.0,635.0,17780612.0,11290690279.0,871.0
2018-06-09,636.0,636.0,633.0,635.0,634.0,635.0,28856902.0,18314485297.0,826.0
2018-06-10,635.0,635.0,633.0,634.0,633.0,635.0,12607062.0,7994074728.0,347.0
2018-06-11,635.0,635.0,630.0,632.0,630.0,634.0,21450840.0,13561101788.0,382.0
2018-06-12,634.0,635.0,629.0,634.0,630.0,632.0,81095641.0,51390856872.0,1640.0
2018-06-13,634.0,635.0,629.0,633.0,631.0,634.0,76703241.0,48573538215.0,1693.0
2018-06-17,633.0,638.0,632.0,634.0,636.0,633.0,95878303.0,60824326694.0,2313.0
2018-06-18,637.0,645.0,633.0,636.0,634.0,634.0,81538854.0,51832380211.0,1994.0
2018-06-19,632.0,636.0,631.0,635.0,632.0,636.0,72931845.0,46285242955.0,1683.0
2018-06-20,632.0,640.0,632.0,635.0,638.0,635.0,76951040.0,48861003676.0,1639.0
2018-06-23,635.0,642.0,630.0,633.0,631.0,635.0,16784439.0,10622195604.0,466.0
2018-06-24,631.0,634.0,630.0,632.0,633.0,633.0,9881410.0,6242547266.0,354.0
2018-06-25,635.0,641.0,601.0,630.0,630.0,632.0,16331272.0,10281222186.0,545.0
2018-06-26,633.0,633.0,611.0,624.0,611.0,630.0,12019829.0,7482651768.0,319.0
2018-06-27,625.0,629.0,615.0,626.0,615.0,624.0,26634304.0,16678763897.0,609.0
2018-06-30,626.0,635.0,625.0,631.0,629.0,626.0,22451150.0,14158434974.0,689.0
2018-07-01,631.0,635.0,600.0,627.0,630.0,631.0,54412084.0,34143379564.0,1794.0
2018-07-02,630.0,630.0,608.0,624.0,610.0,627.0,10565884.0,6569641462.0,324.0
2018-07-03,604.0,618.0,593.0,619.0,593.0,624.0,3460240.0,2075535744.0,230.0
2018-07-04,594.0,629.0,594.0,626.0,595.0,619.0,56474722.0,35372273387.0,1326.0
2018-07-07,600.0,640.0,595.0,624.0,609.0,626.0,44052806.0,27472411818.0,1429.0
2018-07-08,612.0,614.0,600.0,620.0,600.0,624.0,3482303.0,2106887480.0,170.0
2018-07-10,595.0,610.0,592.0,613.0,598.0,620.0,5393053.0,3223972091.0,213.0
2018-07-11,590.0,610.0,588.0,600.0,600.0,613.0,17478989.0,10491621487.0,671.0
2018-07-14,600.0,610.0,590.0,602.0,600.0,600.0,12535070.0,7548376754.0,471.0
2018-07-15,604.0,606.0,598.0,601.0,600.0,602.0,13629445.0,8180990346.0,372.0
2018-07-16,594.0,603.0,590.0,600.0,600.0,601.0,6472699.0,3875455521.0,302.0
2018-07-17,600.0,604.0,596.0,600.0,600.0,600.0,7419355.0,4454147161.0,295.0
2018-07-18,600.0,625.0,599.0,607.0,601.0,600.0,32821361.0,19910661253.0,959.0
2018-07-22,608.0,626.0,607.0,611.0,610.0,607.0,17952681.0,10963708114.0,245.0
2018-07-23,619.0,619.0,591.0,608.0,592.0,611.0,3947471.0,2369500444.0,207.0
2018-07-24,600.0,600.0,591.0,606.0,591.0,608.0,3423703.0,2041842230.0,171.0
2018-07-25,599.0,610.0,598.0,605.0,600.0,606.0,4594864.0,2761479213.0,230.0
2018-07-28,599.0,612.0,592.0,604.0,598.0,605.0,3339208.0,1996216951.0,183.0
2018-07-29,600.0,601.0,585.0,600.0,590.0,604.0,6684720.0,3965296624.0,350.0
2018-07-30,600.0,603.0,571.0,589.0,587.0,600.0,48791304.0,28728654157.0,1656.0
2018-07-31,579.0,590.0,560.0,562.0,560.0,589.0,27066480.0,15218926026.0,1072.0
2018-08-01,562.0,578.0,546.0,558.0,550.0,562.0,14093234.0,7846213910.0,518.0
2018-08-04,551.0,560.0,534.0,554.0,540.0,558.0,5914013.0,3235434116.0,265.0
2018-08-05,533.0,550.0,533.0,552.0,533.0,554.0,2590696.0,1397005650.0,196.0
2018-08-06,540.0,553.0,525.0,535.0,552.0,552.0,38950250.0,20836231540.0,1413.0
2018-08-07,551.0,561.0,543.0,560.0,561.0,535.0,30987872.0,17355730430.0,653.0
2018-08-08,588.0,588.0,580.0,588.0,588.0,560.0,678822094.0,399146992272.0,15246.0
2018-08-11,617.0,617.0,565.0,595.0,579.0,588.0,179394667.0,106731852689.0,5909.0
2018-08-12,579.0,596.0,567.0,584.0,593.0,595.0,70981028.0,41448660296.0,2243.0
2018-08-13,590.0,613.0,590.0,607.0,595.0,584.0,166549023.0,101093988627.0,5110.0
2018-08-14,600.0,600.0,580.0,588.0,582.0,607.0,31851543.0,18733811683.0,1313.0
2018-08-15,587.0,599.0,578.0,587.0,581.0,588.0,46085881.0,27073366356.0,1548.0
2018-08-18,587.0,608.0,587.0,595.0,600.0,587.0,133169131.0,79202216689.0,4380.0
2018-08-29,674.0,674.0,641.0,662.0,662.0,595.0,154383382.0,102182048811.0,4243.0
2018-09-01,695.0,695.0,686.0,695.0,695.0,662.0,393472882.0,273394384328.0,10566.0
2018-09-02,699.0,710.0,661.0,672.0,661.0,695.0,124578585.0,83724383596.0,4703.0
2018-09-03,651.0,665.0,639.0,644.0,639.0,672.0,70478170.0,45389319400.0,2910.0
2018-09-04,638.0,648.0,616.0,625.0,620.0,644.0,58275172.0,36413091030.0,2420.0
2018-09-05,623.0,645.0,615.0,631.0,632.0,625.0,37296137.0,23549077544.0,1728.0
2018-09-08,645.0,659.0,634.0,651.0,651.0,631.0,51723186.0,33654278070.0,2262.0
2018-09-09,664.0,683.0,659.0,682.0,683.0,651.0,201527121.0,137425808625.0,6021.0
2018-09-10,700.0,716.0,691.0,715.0,716.0,682.0,211664355.0,151356242679.0,5921.0
2018-09-11,748.0,750.0,730.0,749.0,750.0,715.0,365835699.0,273981231848.0,9436.0
2018-09-12,786.0,786.0,786.0,766.0,786.0,749.0,7321416.0,5754632976.0,94.0
2018-09-15,804.0,844.0,804.0,843.0,844.0,766.0,780102350.0,657964673379.0,17879.0
2018-09-16,860.0,885.0,850.0,881.0,885.0,843.0,808506243.0,712504137514.0,17734.0
2018-09-17,925.0,925.0,925.0,925.0,925.0,881.0,215946331.0,199750356175.0,4360.0
2018-09-18,971.0,971.0,933.0,967.0,971.0,925.0,819278170.0,792287923830.0,23369.0
2018-09-22,959.0,979.0,921.0,942.0,930.0,967.0,271074757.0,255478190371.0,10679.0
2018-09-23,945.0,989.0,940.0,982.0,989.0,942.0,352670652.0,346369176471.0,11083.0
2018-09-24,1000.0,1020.0,960.0,990.0,1000.0,982.0,209847171.0,207667604930.0,8690.0
2018-09-30,1039.0,1090.0,1039.0,1090.0,1090.0,990.0,588134585.0,641007926984.0,6687.0
2018-10-01,1144.0,1144.0,1144.0,1144.0,1144.0,1090.0,421975045.0,482739451480.0,8316.0
2018-10-02,1201.0,1201.0,1150.0,1199.0,1201.0,1144.0,2237015333.0,2681570255805.0,55473.0
2018-10-03,1201.0,1258.0,1201.0,1246.0,1258.0,1199.0,787154198.0,980560410762.0,23865.0
2018-10-06,1307.0,1308.0,1184.0,1257.0,1199.0,1246.0,1109740325.0,1395470993349.0,30526.0
2018-10-07,1221.0,1283.0,1195.0,1213.0,1195.0,1257.0,644359863.0,781472511627.0,19772.0
2018-10-08,1190.0,1195.0,1153.0,1157.0,1153.0,1213.0,295053254.0,341518695575.0,7889.0
2018-10-09,1170.0,1214.0,1110.0,1189.0,1147.0,1157.0,647545417.0,769768214548.0,19443.0
2018-10-10,1164.0,1169.0,1130.0,1131.0,1130.0,1189.0,409039731.0,462750525490.0,11049.0
2018-10-13,1100.0,1108.0,1075.0,1084.0,1075.0,1131.0,58950815.0,63930461139.0,1771.0
2018-10-14,1075.0,1100.0,1030.0,1055.0,1070.0,1084.0,271756835.0,286567395490.0,6697.0
2018-10-15,1106.0,1107.0,1084.0,1106.0,1107.0,1055.0,105949314.0,117217475472.0,2633.0
2018-10-16,1160.0,1161.0,1134.0,1158.0,1161.0,1106.0,371902908.0,430575156634.0,11558.0
2018-10-17,1135.0,1185.0,1101.0,1150.0,1160.0,1158.0,320956164.0,369255804688.0,11948.0
2018-10-20,1199.0,1207.0,1180.0,1205.0,1207.0,1150.0,225747120.0,272111508211.0,6301.0
2018-10-21,1227.0,1228.0,1150.0,1187.0,1165.0,1205.0,290473211.0,344877968005.0,10571.0
2018-10-22,1128.0,1144.0,1128.0,1128.0,1128.0,1187.0,111075085.0,125315967040.0,3080.0
2018-10-23,1085.0,1127.0,1072.0,1078.0,1077.0,1128.0,374870238.0,404252879274.0,11518.0
2018-10-24,1050.0,1070.0,1025.0,1034.0,1040.0,1078.0,239364636.0,247401976208.0,7760.0
2018-10-27,1042.0,1070.0,986.0,1015.0,990.0,1034.0,127318414.0,129165295255.0,5195.0
2018-10-28,1006.0,1065.0,1001.0,1036.0,1065.0,1015.0,125018638.0,129549698559.0,5162.0
2018-10-29,1087.0,1087.0,1087.0,1087.0,1087.0,1036.0,86365170.0,93878939790.0,1627.0
2018-10-31,1141.0,1141.0,1141.0,1141.0,1141.0,1087.0,203530856.0,232228706696.0,3379.0
2018-11-03,1157.0,1196.0,1142.0,1176.0,1168.0,1141.0,358357456.0,421303607766.0,13165.0
2018-11-04,1190.0,1220.0,1118.0,1157.0,1150.0,1176.0,384146532.0,444479523081.0,13559.0
2018-11-05,1162.0,1214.0,1141.0,1196.0,1214.0,1157.0,285471871.0,341324574329.0,10355.0
2018-11-06,1255.0,1255.0,1255.0,1255.0,1255.0,1196.0,104938390.0,131697679450.0,2790.0
2018-11-10,1317.0,1317.0,1257.0,1311.0,1317.0,1255.0,1103879016.0,1446680856347.0,32445.0
2018-11-11,1340.0,1344.0,1252.0,1296.0,1299.0,1311.0,344789427.0,446684102395.0,13726.0
2018-11-12,1310.0,1360.0,1280.0,1328.0,1360.0,1296.0,348130505.0,462155987513.0,13419.0
2018-11-13,1394.0,1394.0,1365.0,1392.0,1372.0,1328.0,729405703.0,1015301515012.0,20278.0
2018-11-14,1350.0,1455.0,1333.0,1405.0,1430.0,1392.0,419114156.0,588816738876.0,16039.0
2018-11-17,1440.0,1446.0,1345.0,1384.0,1367.0,1405.0,239912017.0,331957870905.0,10893.0
2018-11-18,1372.0,1389.0,1315.0,1321.0,1315.0,1384.0,294401963.0,389032483583.0,8889.0
2018-11-19,1299.0,1374.0,1270.0,1332.0,1330.0,1321.0,343885881.0,457892363643.0,13211.0
2018-11-20,1337.0,1370.0,1276.0,1322.0,1347.0,1332.0,243456011.0,321753199056.0,10126.0
2018-11-21,1326.0,1370.0,1316.0,1341.0,1329.0,1322.0,220784123.0,296080759724.0,8760.0
2018-11-24,1350.0,1370.0,1300.0,1330.0,1316.0,1341.0,142324000.0,189252817617.0,6394.0
2018-11-26,1319.0,1319.0,1264.0,1267.0,1264.0,1330.0,135044358.0,171082894933.0,4423.0
2018-11-27,1275.0,1280.0,1208.0,1240.0,1220.0,1267.0,116951857.0,145052449114.0,6622.0
2018-11-28,1200.0,1225.0,1178.0,1188.0,1188.0,1240.0,383461123.0,455429972835.0,14193.0
2018-12-01,1180.0,1188.0,1129.0,1133.0,1129.0,1188.0,185771559.0,210541344985.0,5948.0
2018-12-02,1145.0,1189.0,1145.0,1172.0,1189.0,1133.0,89137628.0,104454776211.0,3744.0
2018-12-03,1210.0,1230.0,1190.0,1220.0,1230.0,1172.0,148283561.0,180969039215.0,5067.0
2018-12-04,1259.0,1275.0,1197.0,1246.0,1240.0,1220.0,163958269.0,204259459568.0,7122.0
2018-12-05,1240.0,1298.0,1240.0,1270.0,1258.0,1246.0,118007200.0,149891875196.0,5474.0
2018-12-08,1270.0,1274.0,1212.0,1234.0,1225.0,1270.0,109153384.0,134697608621.0,5291.0
2018-12-09,1238.0,1295.0,1218.0,1275.0,1295.0,1234.0,283501835.0,361575760709.0,9588.0
2018-12-10,1305.0,1338.0,1297.0,1329.0,1304.0,1275.0,365241778.0,485362503852.0,13354.0
2018-12-11,1304.0,1395.0,1282.0,1368.0,1370.0,1329.0,309085097.0,422845132927.0,12875.0
2018-12-12,1380.0,1419.0,1355.0,1385.0,1371.0,1368.0,160811893.0,222743400615.0,7819.0
2018-12-15,1380.0,1380.0,1320.0,1346.0,1323.0,1385.0,150722498.0,202812654971.0,7080.0
2018-12-16,1307.0,1320.0,1279.0,1284.0,1279.0,1346.0,172600592.0,221646168889.0,6583.0
2018-12-17,1279.0,1316.0,1240.0,1280.0,1268.0,1284.0,192072874.0,245873786148.0,8066.0
2018-12-18,1265.0,1330.0,1265.0,1301.0,1329.0,1280.0,57304156.0,74546605831.0,2603.0
2018-12-23,1442.0,1461.0,1383.0,1420.0,1397.0,1301.0,415110041.0,589338268612.0,15416.0
2018-12-24,1394.0,1491.0,1390.0,1472.0,1491.0,1420.0,712012449.0,1048385025716.0,27333.0
2018-12-25,1478.0,1545.0,1473.0,1532.0,1545.0,1472.0,453128590.0,694374366408.0,17121.0
2018-12-26,1555.0,1579.0,1457.0,1508.0,1470.0,1532.0,503765975.0,759746004493.0,22912.0
2018-12-29,1470.0,1515.0,1452.0,1483.0,1467.0,1508.0,169441001.0,251312901597.0,8309.0
2018-12-30,1481.0,1557.0,1469.0,1548.0,1557.0,1483.0,424627833.0,657212731113.0,15056.0
2018-12-31,1580.0,1599.0,1550.0,1576.0,1555.0,1548.0,226239602.0,356551809135.0,10811.0
2019-01-01,1577.0,1654.0,1561.0,1643.0,1650.0,1576.0,374965389.0,616027396060.0,13125.0
2019-01-02,1650.0,1680.0,1571.0,1628.0,1581.0,1643.0,309961817.0,504633210069.0,15155.0
2019-01-05,1587.0,1640.0,1558.0,1600.0,1595.0,1628.0,179027439.0,286530194842.0,9290.0
2019-01-06,1619.0,1680.0,1606.0,1666.0,1675.0,1600.0,305457978.0,508878015120.0,12750.0
2019-01-07,1675.0,1699.0,1623.0,1657.0,1630.0,1666.0,153380157.0,254163168505.0,7967.0
2019-01-08,1641.0,1656.0,1575.0,1595.0,1575.0,1657.0,241743381.0,385604349421.0,9849.0
2019-01-09,1575.0,1648.0,1557.0,1611.0,1625.0,1595.0,182677316.0,294366439932.0,9139.0
2019-01-12,1614.0,1670.0,1545.0,1600.0,1569.0,1611.0,159342345.0,254958802314.0,7451.0
2019-01-13,1580.0,1662.0,1570.0,1617.0,1632.0,1600.0,219399233.0,354697614717.0,10318.0
2019-01-14,1660.0,1697.0,1630.0,1681.0,1661.0,1617.0,215871144.0,362924326973.0,9836.0
2019-01-15,1696.0,1729.0,1669.0,1697.0,1707.0,1681.0,167704518.0,284644540166.0,7361.0
2019-01-16,1750.0,1780.0,1739.0,1757.0,1747.0,1697.0,156716561.0,275301255744.0,7337.0
2019-01-19,1750.0,1750.0,1705.0,1721.0,1717.0,1757.0,106159918.0,182682771246.0,5240.0
2019-01-20,1732.0,1744.0,1635.0,1662.0,1651.0,1721.0,195485792.0,324946368768.0,7885.0
2019-01-21,1630.0,1700.0,1579.0,1614.0,1670.0,1662.0,250179141.0,403900909881.0,9573.0
2019-01-22,1694.0,1694.0,1680.0,1694.0,1694.0,1614.0,260000524.0,440422040973.0,7075.0
2019-01-23,1760.0,1778.0,1732.0,1766.0,1778.0,1694.0,265492920.0,468973107011.0,12016.0
2019-01-26,1780.0,1854.0,1766.0,1827.0,1854.0,1766.0,319865650.0,584478990020.0,13079.0
2019-01-27,1918.0,1918.0,1755.0,1868.0,1780.0,1827.0,831296833.0,1552807447310.0,33487.0
2019-01-28,1820.0,1830.0,1775.0,1788.0,1789.0,1868.0,377068031.0,674027239427.0,15174.0
2019-01-29,1787.0,1819.0,1776.0,1799.0,1778.0,1788.0,166575144.0,299602813203.0,8181.0
2019-01-30,1780.0,1795.0,1710.0,1737.0,1710.0,1799.0,197256858.0,342723232385.0,9345.0
2019-02-02,1711.0,1785.0,1677.0,1726.0,1720.0,1737.0,301881896.0,520966843185.0,12471.0
2019-02-03,1729.0,1729.0,1640.0,1683.0,1696.0,1726.0,198011473.0,333268059367.0,7895.0
2019-02-04,1720.0,1750.0,1680.0,1706.0,1685.0,1683.0,129442141.0,220793519863.0,6126.0
2019-02-05,1698.0,1718.0,1666.0,1698.0,1717.0,1706.0,133079310.0,225973238015.0,5506.0
2019-02-06,1710.0,1744.0,1701.0,1720.0,1710.0,1698.0,84827779.0,145910715231.0,4378.0
2019-02-10,1722.0,1748.0,1710.0,1727.0,1720.0,1720.0,63237640.0,109211705244.0,3148.0
2019-02-12,1713.0,1727.0,1680.0,1703.0,1699.0,1727.0,111902356.0,190596239594.0,4614.0
2019-02-13,1680.0,1695.0,1630.0,1656.0,1640.0,1703.0,88255512.0,146192427171.0,5064.0
2019-02-16,1656.0,1660.0,1574.0,1603.0,1600.0,1656.0,143388817.0,229807767959.0,7039.0
2019-02-17,1603.0,1605.0,1552.0,1582.0,1584.0,1603.0,85693334.0,135554396987.0,4481.0
2019-02-18,1573.0,1661.0,1573.0,1651.0,1661.0,1582.0,130166376.0,214860110192.0,5031.0
2019-02-19,1676.0,1704.0,1620.0,1664.0,1622.0,1651.0,74423664.0,123876776553.0,4419.0
2019-02-20,1611.0,1691.0,1611.0,1652.0,1665.0,1664.0,71964201.0,118868356948.0,4215.0
2019-02-23,1688.0,1725.0,1671.0,1699.0,1689.0,1652.0,81012095.0,137626399736.0,4244.0
2019-02-24,1717.0,1765.0,1695.0,1726.0,1730.0,1699.0,164828509.0,284479432071.0,8121.0
2019-02-25,1730.0,1769.0,1701.0,1735.0,1711.0,1726.0,108156111.0,187614918044.0,5789.0
2019-02-26,1691.0,1720.0,1665.0,1694.0,1700.0,1735.0,79778439.0,135136904816.0,3867.0
2019-02-27,1700.0,1735.0,1700.0,1715.0,1710.0,1694.0,56819993.0,97436570160.0,3171.0
2019-03-02,1750.0,1764.0,1711.0,1737.0,1740.0,1715.0,111521628.0,193679400658.0,5023.0
2019-03-03,1758.0,1796.0,1745.0,1771.0,1769.0,1737.0,136632707.0,241941906821.0,6921.0
2019-03-04,1779.0,1784.0,1731.0,1755.0,1738.0,1771.0,81726903.0,143466542947.0,4490.0
2019-03-05,1790.0,1791.0,1691.0,1735.0,1696.0,1755.0,183230010.0,317941443081.0,8698.0
2019-03-06,1700.0,1735.0,1656.0,1696.0,1689.0,1735.0,215488342.0,365548918405.0,10366.0
2019-03-09,1698.0,1710.0,1618.0,1655.0,1620.0,1696.0,128100403.0,212045917455.0,6963.0
2019-03-10,1649.0,1724.0,1615.0,1678.0,1690.0,1655.0,150379671.0,252361754618.0,7799.0
2019-03-11,1701.0,1739.0,1701.0,1718.0,1707.0,1678.0,177424982.0,304875178783.0,8996.0
2019-03-12,1713.0,1740.0,1694.0,1719.0,1735.0,1718.0,325701834.0,559847464600.0,14722.0
2019-04-15,454.0,454.0,454.0,454.0,454.0,351.0,4131899223.0,1875882247242.0,55525.0
2019-04-16,460.0,476.0,450.0,469.0,460.0,454.0,4885659227.0,2293006769123.0,137487.0
2019-04-17,455.0,458.0,446.0,448.0,446.0,469.0,2273212599.0,1017822399560.0,67449.0
2019-04-20,446.0,457.0,430.0,442.0,441.0,448.0,1254101659.0,553964829862.0,39761.0
2019-04-22,440.0,441.0,420.0,423.0,420.0,442.0,1668451930.0,705832805272.0,48144.0
2019-04-23,414.0,429.0,407.0,417.0,417.0,423.0,772288123.0,322015299714.0,24131.0
2019-04-24,423.0,437.0,419.0,433.0,433.0,417.0,1079906029.0,467353168929.0,34281.0
2019-04-27,437.0,444.0,418.0,427.0,421.0,433.0,792345448.0,337965995312.0,25243.0
2019-04-28,422.0,429.0,413.0,418.0,416.0,427.0,824708170.0,344700083404.0,25276.0
2019-04-29,417.0,417.0,403.0,409.0,409.0,418.0,1209482012.0,494547918926.0,38240.0
2019-04-30,414.0,421.0,404.0,410.0,409.0,409.0,705443567.0,289109200080.0,22886.0
2019-05-01,412.0,421.0,407.0,413.0,412.0,410.0,886758878.0,365999173073.0,25297.0
2019-05-04,416.0,433.0,415.0,429.0,433.0,413.0,1698769779.0,728771850471.0,45146.0
2019-05-05,445.0,450.0,427.0,443.0,439.0,429.0,1555830565.0,689968516790.0,45173.0
2019-05-06,439.0,441.0,421.0,424.0,421.0,443.0,792288692.0,336217843612.0,23177.0
2019-05-07,417.0,418.0,403.0,405.0,406.0,424.0,1163931643.0,471201319007.0,32842.0
2019-05-08,411.0,424.0,408.0,417.0,421.0,405.0,690556688.0,287802054228.0,21003.0
2019-05-11,422.0,426.0,402.0,411.0,409.0,417.0,599330742.0,246575940885.0,18946.0
2019-05-12,411.0,412.0,391.0,396.0,399.0,411.0,788279540.0,312084325787.0,23705.0
2019-05-13,400.0,410.0,397.0,405.0,407.0,396.0,482886390.0,195493723519.0,14302.0
2019-05-14,409.0,417.0,404.0,409.0,406.0,405.0,635433941.0,260153541742.0,18536.0
2019-05-15,411.0,411.0,396.0,400.0,398.0,409.0,691385725.0,276474683707.0,22340.0
2019-05-18,400.0,407.0,391.0,397.0,396.0,400.0,766321111.0,304133934519.0,22345.0
2019-05-19,399.0,400.0,392.0,395.0,394.0,397.0,494447390.0,195241530233.0,15652.0
2019-05-20,392.0,401.0,385.0,392.0,400.0,395.0,600579999.0,235698916813.0,18471.0
2019-05-21,403.0,411.0,401.0,410.0,411.0,392.0,337247720.0,138234957588.0,9558.0
2019-05-22,419.0,422.0,401.0,412.0,408.0,410.0,598530069.0,246345279887.0,17665.0
2019-05-25,404.0,409.0,399.0,401.0,402.0,412.0,359038253.0,144141137263.0,11681.0
2019-05-26,403.0,412.0,402.0,407.0,408.0,401.0,473777153.0,192595461524.0,14897.0
2019-05-28,411.0,417.0,406.0,409.0,407.0,407.0,746471007.0,305636324779.0,23960.0
2019-05-29,415.0,424.0,410.0,418.0,418.0,409.0,892391737.0,372968230709.0,26323.0
2019-06-01,420.0,438.0,410.0,431.0,438.0,418.0,1590197828.0,685036651351.0,43745.0
2019-06-02,441.0,452.0,435.0,448.0,449.0,431.0,1339555283.0,599505160175.0,38397.0
2019-06-03,452.0,459.0,440.0,447.0,442.0,448.0,966372141.0,431716488622.0,28679.0
2019-06-08,447.0,447.0,434.0,438.0,437.0,447.0,485398940.0,212785866358.0,15012.0
2019-06-09,440.0,446.0,434.0,439.0,437.0,438.0,620919971.0,272702829839.0,18450.0
2019-06-10,439.0,446.0,428.0,435.0,431.0,439.0,684918157.0,297872380727.0,20689.0
2019-06-11,432.0,434.0,422.0,428.0,428.0,435.0,624937133.0,267266053353.0,19513.0
2019-06-12,440.0,443.0,430.0,435.0,430.0,428.0,803250534.0,349671916245.0,22634.0
2019-06-15,423.0,449.0,420.0,438.0,440.0,435.0,867822858.0,380080880574.0,25253.0
2019-06-16,447.0,452.0,425.0,437.0,430.0,438.0,897133044.0,391867031924.0,25888.0
2019-06-17,430.0,436.0,426.0,430.0,429.0,437.0,415664409.0,178528496058.0,14809.0
2019-06-18,434.0,437.0,421.0,425.0,426.0,430.0,487976183.0,207393479449.0,16053.0
2019-06-19,426.0,433.0,415.0,421.0,418.0,425.0,530471379.0,223119893732.0,16268.0
2019-06-22,420.0,421.0,410.0,415.0,417.0,421.0,346158401.0,143506127091.0,11205.0
2019-06-23,416.0,435.0,416.0,427.0,435.0,415.0,533771735.0,228052883881.0,17130.0
2019-06-24,436.0,440.0,429.0,434.0,432.0,427.0,417909436.0,181482640945.0,13300.0
2019-06-25,436.0,436.0,420.0,424.0,420.0,434.0,432528370.0,183310546460.0,13805.0
2019-06-26,422.0,428.0,418.0,421.0,422.0,424.0,661671228.0,278325867497.0,20164.0
2019-06-30,426.0,427.0,416.0,418.0,418.0,421.0,471455665.0,197222325825.0,15173.0
2019-07-01,417.0,430.0,415.0,420.0,420.0,418.0,417810792.0,175574353862.0,12966.0
2019-07-02,425.0,425.0,416.0,418.0,417.0,420.0,391435187.0,163639646986.0,12529.0
2019-07-03,419.0,420.0,413.0,416.0,414.0,418.0,500715905.0,208102867009.0,16344.0
2019-07-06,417.0,417.0,406.0,410.0,407.0,416.0,496572447.0,203426178339.0,17678.0
2019-07-07,409.0,415.0,407.0,410.0,409.0,410.0,349484074.0,143383862280.0,11163.0
2019-07-08,414.0,421.0,410.0,415.0,415.0,410.0,668766728.0,277481793536.0,17905.0
2019-07-09,413.0,420.0,407.0,410.0,408.0,415.0,539992812.0,221593070433.0,15156.0
2019-07-10,410.0,413.0,405.0,408.0,412.0,410.0,532045106.0,217171864704.0,15311.0
2019-07-13,408.0,424.0,406.0,418.0,423.0,408.0,833660343.0,348733082211.0,24103.0
2019-07-14,425.0,432.0,422.0,427.0,426.0,418.0,575083261.0,245391535194.0,16804.0
2019-07-15,430.0,431.0,415.0,425.0,418.0,427.0,564089675.0,239759373283.0,15229.0
2019-07-16,427.0,427.0,404.0,410.0,408.0,425.0,737285300.0,302579403575.0,20200.0
2019-07-17,410.0,416.0,403.0,409.0,410.0,410.0,735712058.0,301086505256.0,25897.0
2019-07-20,422.0,424.0,415.0,421.0,420.0,409.0,1058747415.0,445575616089.0,25985.0
2019-07-27,421.0,423.0,416.0,421.0,420.0,421.0,449523456.0,189131989476.0,12181.0
2019-07-28,422.0,422.0,414.0,419.0,420.0,421.0,418244304.0,175038160710.0,12889.0
2019-07-29,418.0,419.0,413.0,416.0,415.0,419.0,254273952.0,105785626361.0,7645.0
2019-07-30,416.0,416.0,408.0,410.0,411.0,416.0,248213968.0,101795582258.0,8327.0
2019-07-31,411.0,415.0,404.0,408.0,410.0,410.0,397159322.0,161881858494.0,13895.0
2019-08-03,413.0,413.0,406.0,407.0,408.0,408.0,208658918.0,84983232218.0,7227.0
2019-08-04,409.0,409.0,404.0,406.0,409.0,407.0,317361125.0,128831983634.0,10212.0
2019-08-05,409.0,409.0,404.0,406.0,406.0,406.0,304643929.0,123549118612.0,10423.0
2019-08-06,405.0,409.0,402.0,405.0,406.0,406.0,317169103.0,128573208674.0,10042.0
2019-08-07,404.0,406.0,400.0,403.0,403.0,405.0,385061675.0,155014126346.0,12533.0
2019-08-10,403.0,409.0,398.0,401.0,400.0,403.0,409602461.0,164357725388.0,14041.0
2019-08-11,400.0,401.0,394.0,398.0,398.0,401.0,346570881.0,137855691622.0,13707.0
2019-08-13,397.0,417.0,395.0,409.0,417.0,398.0,710870274.0,290468020356.0,21312.0
2019-08-14,419.0,423.0,411.0,417.0,413.0,409.0,440988036.0,184050249161.0,14321.0
2019-08-17,417.0,417.0,407.0,410.0,410.0,417.0,314770146.0,129117572064.0,9741.0
2019-08-18,410.0,411.0,400.0,403.0,401.0,410.0,294360317.0,118772664922.0,10585.0
2019-08-19,401.0,410.0,399.0,403.0,406.0,403.0,294720544.0,118892510998.0,10292.0
2019-08-21,409.0,409.0,401.0,404.0,404.0,403.0,268673703.0,108482298468.0,8685.0
2019-08-24,408.0,424.0,404.0,422.0,424.0,404.0,1441767426.0,609145219887.0,35645.0
2019-08-25,439.0,439.0,415.0,429.0,431.0,422.0,957226641.0,411081232546.0,26746.0
2019-08-26,432.0,445.0,426.0,437.0,439.0,429.0,818030328.0,357859020790.0,24269.0
2019-08-27,441.0,444.0,421.0,434.0,424.0,437.0,557087765.0,241787351343.0,17493.0
2019-08-28,424.0,431.0,416.0,424.0,427.0,434.0,430406677.0,182286575643.0,12952.0
2019-08-31,430.0,436.0,419.0,427.0,425.0,424.0,445610631.0,190090472333.0,13465.0
2019-09-01,426.0,426.0,418.0,421.0,420.0,427.0,362919547.0,152649736624.0,11333.0
2019-09-02,422.0,424.0,410.0,417.0,416.0,421.0,309874139.0,129096394450.0,9819.0
2019-09-03,415.0,434.0,411.0,426.0,428.0,417.0,445793959.0,189803234440.0,14195.0
2019-09-04,429.0,431.0,419.0,423.0,424.0,426.0,327111730.0,138206830227.0,10631.0
2019-09-07,425.0,430.0,418.0,422.0,421.0,423.0,329715847.0,139039041691.0,11351.0
2019-09-08,422.0,424.0,417.0,420.0,418.0,422.0,330432278.0,138618670834.0,11383.0
2019-09-11,421.0,429.0,417.0,424.0,428.0,420.0,520977431.0,220762575802.0,15347.0
2019-09-14,436.0,445.0,433.0,444.0,445.0,424.0,1795333853.0,796892596661.0,44980.0
2019-09-15,449.0,463.0,431.0,450.0,459.0,444.0,1156779953.0,520748694164.0,35178.0
2019-09-16,466.0,472.0,453.0,465.0,460.0,450.0,1188957846.0,552320005513.0,38998.0
2019-09-17,465.0,488.0,451.0,486.0,487.0,465.0,3723263712.0,1809328347682.0,89240.0
2019-09-18,483.0,486.0,462.0,471.0,474.0,486.0,1211336680.0,569991086343.0,35167.0
2019-09-21,474.0,484.0,467.0,475.0,473.0,471.0,590677153.0,280846044979.0,18152.0
2019-09-22,476.0,478.0,464.0,469.0,465.0,475.0,676953461.0,317278181933.0,20546.0
2019-09-23,469.0,479.0,461.0,471.0,470.0,469.0,757663616.0,356710745346.0,23412.0
2019-09-24,472.0,477.0,460.0,467.0,465.0,471.0,492445348.0,230196369246.0,16377.0
2019-09-25,469.0,486.0,465.0,476.0,480.0,467.0,695696626.0,331082735970.0,22041.0
2019-09-28,488.0,499.0,484.0,497.0,499.0,476.0,969848868.0,482093246894.0,28172.0
2019-09-29,517.0,521.0,503.0,518.0,521.0,497.0,2159682783.0,1119768027536.0,59671.0
2019-09-30,530.0,543.0,525.0,542.0,543.0,518.0,1467641586.0,795406071357.0,38444.0
2019-10-01,568.0,569.0,533.0,562.0,539.0,542.0,2150207372.0,1207927720791.0,57349.0
2019-10-02,546.0,572.0,534.0,549.0,555.0,562.0,1786983533.0,981489272037.0,53158.0
2019-10-05,567.0,576.0,537.0,560.0,541.0,549.0,1358052661.0,761071996867.0,44388.0
2019-10-06,539.0,541.0,532.0,533.0,532.0,560.0,836817638.0,446169005020.0,24083.0
2019-10-07,523.0,543.0,507.0,514.0,507.0,533.0,1049277099.0,539221517716.0,31420.0
2019-10-08,510.0,517.0,489.0,494.0,489.0,514.0,1136547182.0,561085123056.0,31700.0
2019-10-09,489.0,509.0,475.0,495.0,505.0,494.0,543954667.0,269416675729.0,19002.0
2019-10-12,516.0,516.0,495.0,506.0,512.0,495.0,484820855.0,245390287440.0,16742.0
2019-10-13,518.0,520.0,492.0,504.0,494.0,506.0,428912086.0,215978382795.0,14796.0
2019-10-14,487.0,499.0,480.0,485.0,484.0,504.0,386650640.0,187660984497.0,14507.0
2019-10-15,486.0,496.0,461.0,465.0,461.0,485.0,598967331.0,278398257993.0,19436.0
2019-10-16,460.0,488.0,455.0,482.0,484.0,465.0,816015727.0,393568866906.0,23845.0
2019-10-20,497.0,497.0,461.0,474.0,480.0,482.0,490718855.0,232727290252.0,16059.0
2019-10-21,474.0,483.0,462.0,475.0,483.0,474.0,458723525.0,218024320040.0,13860.0
2019-10-22,489.0,493.0,475.0,483.0,482.0,475.0,349540376.0,168935702063.0,12369.0
2019-10-23,481.0,486.0,476.0,481.0,479.0,483.0,380380414.0,182975091305.0,11418.0
2019-10-26,479.0,485.0,469.0,475.0,472.0,481.0,283778167.0,134664668935.0,9777.0
2019-10-28,475.0,480.0,470.0,474.0,473.0,475.0,249317140.0,118186963613.0,9282.0
2019-10-30,477.0,478.0,467.0,471.0,470.0,474.0,427102577.0,200995052313.0,15891.0
2019-11-02,476.0,476.0,460.0,465.0,467.0,471.0,388506105.0,180754167988.0,13791.0
2019-11-03,467.0,477.0,460.0,468.0,463.0,465.0,428756370.0,200458850975.0,13160.0
2019-11-04,466.0,468.0,445.0,451.0,450.0,468.0,481546665.0,217393732257.0,16450.0
2019-11-05,455.0,460.0,445.0,454.0,460.0,451.0,241276455.0,109558574285.0,8635.0
2019-11-09,464.0,464.0,451.0,457.0,452.0,454.0,174216361.0,79559834585.0,7077.0
2019-11-10,456.0,456.0,443.0,446.0,445.0,457.0,236478927.0,105500215572.0,8704.0
2019-11-11,445.0,453.0,440.0,446.0,448.0,446.0,205884483.0,91765994820.0,7475.0
2019-11-12,448.0,456.0,447.0,450.0,448.0,446.0,196725776.0,88530739494.0,7295.0
2019-11-13,449.0,452.0,440.0,446.0,448.0,450.0,256712302.0,114421848984.0,8941.0
2019-11-16,445.0,446.0,432.0,437.0,433.0,446.0,308774099.0,134878418433.0,11406.0
2019-11-17,425.0,440.0,421.0,433.0,436.0,437.0,591621899.0,256335117993.0,17373.0
2019-11-18,428.0,453.0,428.0,444.0,447.0,433.0,299533870.0,133010580715.0,9148.0
2019-11-19,449.0,464.0,445.0,458.0,455.0,444.0,288201074.0,131875316165.0,9810.0
2019-11-20,457.0,459.0,447.0,452.0,450.0,458.0,227376691.0,102762707527.0,7863.0
2019-11-23,450.0,455.0,441.0,445.0,450.0,452.0,238058124.0,106030626483.0,8176.0
2019-11-24,446.0,448.0,437.0,440.0,440.0,445.0,188676070.0,82980080869.0,6974.0
2019-11-25,440.0,446.0,438.0,441.0,440.0,440.0,332065638.0,146355837320.0,10959.0
2019-11-26,441.0,449.0,434.0,440.0,443.0,441.0,375521825.0,165162174264.0,12143.0
2019-11-27,445.0,446.0,438.0,443.0,442.0,440.0,214309301.0,94861953950.0,7306.0
2019-11-30,445.0,458.0,441.0,448.0,452.0,443.0,394701456.0,176750783436.0,12807.0
2019-12-01,457.0,457.0,450.0,453.0,454.0,448.0,318330380.0,144167785229.0,10072.0
2019-12-02,456.0,459.0,443.0,450.0,446.0,453.0,392558697.0,176710696202.0,12358.0
2019-12-03,444.0,456.0,441.0,446.0,446.0,450.0,314725047.0,140437858217.0,10066.0
2019-12-04,446.0,451.0,442.0,446.0,447.0,446.0,384026028.0,171085997764.0,11964.0
2019-12-07,451.0,452.0,445.0,448.0,447.0,446.0,382755497.0,171401352145.0,12043.0
2019-12-08,451.0,469.0,449.0,460.0,463.0,448.0,783528857.0,360188265151.0,24423.0
2019-12-09,467.0,468.0,459.0,461.0,462.0,460.0,427227043.0,197081563379.0,13564.0
2019-12-10,465.0,484.0,464.0,481.0,473.0,461.0,1089261310.0,523770732993.0,29588.0
2019-12-11,472.0,485.0,465.0,473.0,469.0,481.0,342484261.0,162067359754.0,12122.0
2019-12-14,471.0,482.0,465.0,473.0,475.0,473.0,410948035.0,194269797424.0,13708.0
2019-12-15,476.0,478.0,464.0,469.0,466.0,473.0,399425400.0,187260749242.0,13114.0
2019-12-16,468.0,473.0,461.0,466.0,467.0,469.0,365041226.0,170145885309.0,12187.0
2019-12-17,468.0,469.0,457.0,461.0,459.0,466.0,493376941.0,227361191206.0,16888.0
2019-12-18,461.0,481.0,458.0,473.0,477.0,461.0,716527780.0,338853522734.0,21082.0
2019-12-21,487.0,493.0,482.0,488.0,487.0,473.0,737731159.0,359959303103.0,24181.0
2019-12-22,494.0,494.0,480.0,485.0,488.0,488.0,475928142.0,231005759317.0,16225.0
2019-12-23,489.0,495.0,470.0,484.0,479.0,485.0,755332151.0,365849684313.0,20546.0
2019-12-24,480.0,485.0,471.0,479.0,479.0,484.0,343939545.0,164699215439.0,10854.0
2019-12-25,479.0,479.0,472.0,475.0,476.0,479.0,414529298.0,197093790816.0,11822.0
2019-12-28,484.0,497.0,479.0,490.0,491.0,475.0,764342217.0,374427760940.0,22248.0
2019-12-29,497.0,497.0,484.0,488.0,487.0,490.0,346725135.0,169139092871.0,11332.0
2019-12-30,487.0,495.0,482.0,486.0,485.0,488.0,657670966.0,319577707723.0,18860.0
2019-12-31,485.0,485.0,471.0,477.0,476.0,486.0,533280901.0,254557814225.0,16526.0
2020-01-01,478.0,487.0,472.0,482.0,478.0,477.0,466705698.0,224833902610.0,13928.0
2020-01-04,458.0,460.0,458.0,458.0,459.0,482.0,1724945733.0,790035078540.0,33926.0
2020-01-05,450.0,460.0,444.0,450.0,458.0,458.0,754391016.0,339843428080.0,22112.0
2020-01-07,452.0,455.0,428.0,434.0,428.0,450.0,849766084.0,369010087401.0,23646.0
2020-01-08,427.0,440.0,426.0,430.0,432.0,434.0,1452176498.0,625118694125.0,29157.0
2020-01-11,438.0,438.0,438.0,438.0,438.0,430.0,143763348.0,62968346424.0,3045.0
2020-01-12,459.0,459.0,459.0,459.0,459.0,438.0,493778922.0,226644525198.0,11008.0
2020-01-13,470.0,481.0,461.0,478.0,481.0,459.0,1051652499.0,502498375908.0,27705.0
2020-01-14,494.0,495.0,478.0,488.0,489.0,478.0,649371955.0,317081342531.0,19493.0
2020-01-15,488.0,494.0,472.0,488.0,489.0,488.0,650601093.0,317385046342.0,19803.0
2020-01-18,490.0,512.0,490.0,511.0,512.0,488.0,2690011127.0,1374766044908.0,62330.0
2020-01-19,518.0,529.0,502.0,519.0,517.0,511.0,820069621.0,426017503461.0,26021.0
2020-01-20,520.0,532.0,502.0,515.0,513.0,519.0,831705334.0,428622483732.0,29196.0
2020-01-21,518.0,518.0,497.0,503.0,502.0,515.0,887277547.0,446317626772.0,24078.0
2020-01-22,504.0,518.0,500.0,507.0,506.0,503.0,520652067.0,263854397040.0,15112.0
2020-01-25,510.0,511.0,500.0,504.0,502.0,507.0,738249903.0,372199946702.0,23493.0
2020-01-26,506.0,517.0,504.0,510.0,507.0,504.0,849554308.0,433305672584.0,24742.0
2020-01-27,509.0,535.0,501.0,526.0,535.0,510.0,1150263553.0,605003268509.0,29861.0
2020-01-28,552.0,552.0,552.0,552.0,552.0,526.0,484217544.0,267288084288.0,11347.0
2020-02-01,579.0,579.0,561.0,577.0,578.0,552.0,3241076154.0,1868567979166.0,86030.0
2020-02-02,580.0,605.0,565.0,600.0,605.0,577.0,2262626156.0,1358334543625.0,56500.0
2020-02-03,621.0,630.0,615.0,629.0,630.0,600.0,1716458421.0,1079675544576.0,40107.0
2020-02-04,660.0,660.0,629.0,657.0,660.0,629.0,2737726616.0,1798639010631.0,72239.0
2020-02-05,669.0,689.0,658.0,687.0,689.0,657.0,1870348698.0,1284530059696.0,50427.0
2020-02-08,721.0,721.0,653.0,697.0,680.0,687.0,2911908181.0,2030162216506.0,86455.0
2020-02-12,717.0,717.0,682.0,686.0,683.0,697.0,1970847009.0,1352385860857.0,51849.0
2020-02-15,682.0,682.0,652.0,654.0,652.0,686.0,1469889713.0,961827318533.0,37934.0
2020-02-16,640.0,655.0,626.0,639.0,636.0,654.0,1248582878.0,798313253473.0,41089.0
2020-02-17,644.0,664.0,615.0,635.0,620.0,639.0,995262063.0,632159270012.0,32271.0
2020-02-18,630.0,643.0,612.0,630.0,626.0,635.0,591623802.0,372812248369.0,20784.0
2020-02-19,632.0,655.0,623.0,637.0,633.0,630.0,718731628.0,457828223046.0,25244.0
2020-02-22,606.0,622.0,606.0,609.0,607.0,637.0,1468501681.0,893939789594.0,45103.0
2020-02-23,611.0,639.0,610.0,635.0,639.0,609.0,677966513.0,430348665077.0,19492.0
2020-02-24,649.0,680.0,640.0,662.0,667.0,635.0,451452522.0,298718765800.0,14016.0
2020-02-25,677.0,695.0,670.0,693.0,695.0,662.0,1425513462.0,987219908593.0,38273.0
2020-02-26,727.0,727.0,696.0,717.0,702.0,693.0,1466460459.0,1051637306512.0,44069.0
2020-02-29,683.0,694.0,682.0,683.0,682.0,717.0,1008673476.0,688731448339.0,29405.0
2020-03-01,669.0,705.0,668.0,682.0,682.0,683.0,713088486.0,486369695913.0,26414.0
2020-03-02,689.0,706.0,668.0,688.0,686.0,682.0,1044934005.0,718396525294.0,37078.0
2020-03-07,675.0,679.0,654.0,662.0,662.0,688.0,328737014.0,217622819461.0,10499.0
2020-03-09,632.0,650.0,629.0,631.0,629.0,662.0,329763893.0,208003110764.0,11240.0
2020-03-10,610.0,650.0,610.0,626.0,615.0,631.0,783635742.0,490803558140.0,27271.0
2020-03-11,635.0,657.0,625.0,652.0,656.0,626.0,701046285.0,457391372250.0,24805.0
2020-03-14,670.0,670.0,620.0,627.0,620.0,652.0,676746594.0,424109592622.0,22040.0
2020-03-15,628.0,643.0,607.0,625.0,634.0,627.0,528751124.0,330682576493.0,19503.0
2020-03-16,643.0,656.0,640.0,654.0,656.0,625.0,551486100.0,360755042955.0,17180.0
2020-03-24,723.0,749.0,712.0,725.0,720.0,654.0,792321304.0,574364268529.0,25005.0
2020-03-25,740.0,761.0,725.0,758.0,761.0,725.0,1173644612.0,889633116216.0,36714.0
2020-03-28,795.0,795.0,792.0,795.0,795.0,758.0,1133480313.0,901110082613.0,29571.0
2020-03-29,834.0,834.0,803.0,828.0,833.0,795.0,2147351691.0,1779067886659.0,67916.0
2020-03-30,834.0,869.0,812.0,857.0,869.0,828.0,2117488335.0,1815256736021.0,66269.0
2020-04-04,899.0,899.0,895.0,899.0,899.0,857.0,1534844161.0,1379702652843.0,39495.0
2020-04-05,940.0,943.0,855.0,932.0,931.0,899.0,1686359698.0,1571012865152.0,61577.0
2020-04-06,920.0,922.0,886.0,902.0,921.0,932.0,1352206212.0,1219101254812.0,48311.0
2020-04-07,923.0,947.0,908.0,940.0,947.0,902.0,1217609406.0,1143966658865.0,42793.0
2020-04-08,975.0,982.0,925.0,947.0,929.0,940.0,990059853.0,937538505453.0,37942.0
2020-04-11,920.0,965.0,917.0,936.0,932.0,947.0,1015770862.0,950746445711.0,38512.0
2020-04-12,935.0,962.0,911.0,942.0,930.0,936.0,1194905106.0,1125495750959.0,38510.0
2020-04-13,935.0,953.0,909.0,924.0,925.0,942.0,1003715648.0,927744121131.0,30608.0
2020-04-14,899.0,931.0,881.0,908.0,930.0,924.0,1116288652.0,1014007011197.0,40667.0
2020-04-15,925.0,953.0,925.0,949.0,953.0,908.0,515482236.0,489084974076.0,18376.0
2020-04-18,996.0,996.0,996.0,996.0,996.0,949.0,358465035.0,357031174860.0,10012.0
2020-04-19,1045.0,1045.0,1020.0,1042.0,1034.0,996.0,1722091908.0,1794702427530.0,48084.0
2020-04-20,1045.0,1094.0,1040.0,1086.0,1094.0,1042.0,646645367.0,702291872836.0,17171.0
2020-04-21,1140.0,1140.0,1140.0,1140.0,1140.0,1086.0,448683232.0,511498884480.0,10864.0
2020-04-22,1197.0,1197.0,1197.0,1197.0,1197.0,1140.0,279809830.0,334932366510.0,6443.0
2020-04-25,1256.0,1256.0,1256.0,1256.0,1256.0,1197.0,141932605.0,178267351880.0,3681.0
2020-04-26,1318.0,1318.0,1317.0,1318.0,1318.0,1256.0,380581695.0,501606651010.0,10212.0
2020-04-27,1383.0,1383.0,1383.0,1353.0,1383.0,1318.0,48640632.0,67269994056.0,1418.0
2020-05-02,1420.0,1491.0,1420.0,1490.0,1491.0,1353.0,375622219.0,559829880829.0,8640.0
2020-05-03,1564.0,1564.0,1564.0,1564.0,1564.0,1490.0,576468494.0,901596724616.0,13467.0
2020-05-04,1642.0,1642.0,1642.0,1642.0,1642.0,1564.0,376301634.0,617887283028.0,8763.0
2020-05-05,1724.0,1724.0,1642.0,1721.0,1700.0,1642.0,3876008064.0,6670856016277.0,118480.0
2020-05-06,1703.0,1807.0,1680.0,1785.0,1807.0,1721.0,1849970939.0,3302334054424.0,56389.0
2020-05-09,1874.0,1874.0,1874.0,1874.0,1874.0,1785.0,566124205.0,1060916760170.0,14633.0
2020-05-10,1967.0,1967.0,1967.0,1967.0,1967.0,1874.0,270081485.0,531250280995.0,7231.0
2020-05-11,2065.0,2065.0,2065.0,2065.0,2065.0,1967.0,489852717.0,1011545860605.0,14594.0
2020-05-12,2168.0,2168.0,1962.0,2109.0,2090.0,2065.0,6104750214.0,12872955705458.0,256958.0
2020-05-13,2121.0,2214.0,2121.0,2190.0,2150.0,2109.0,2973125873.0,6511364020333.0,118473.0
2020-05-16,2190.0,2190.0,2081.0,2103.0,2081.0,2190.0,526954329.0,1108015735451.0,29842.0
2020-05-17,1998.0,2043.0,1998.0,2000.0,2013.0,2103.0,2647125894.0,5294270712946.0,84963.0
2020-05-18,2099.0,2100.0,1981.0,2086.0,2100.0,2000.0,2030106948.0,4235081765600.0,78819.0
2020-05-19,2150.0,2159.0,1982.0,2023.0,1982.0,2086.0,1436164277.0,2905808691433.0,67433.0
2020-05-20,1931.0,1980.0,1922.0,1924.0,1922.0,2023.0,1242646409.0,2390737503890.0,41271.0
2020-05-23,1828.0,1865.0,1828.0,1829.0,1828.0,1924.0,1059699549.0,1938048712027.0,37298.0
2020-05-26,1738.0,1828.0,1738.0,1738.0,1738.0,1738.0,452428043.0,786320000000.0,15099.0
2020-05-27,1652.0,1824.0,1652.0,1794.0,1824.0,1738.0,1071953910.0,1923293635583.0,37317.0
2020-05-30,1883.0,1883.0,1875.0,1883.0,1883.0,1794.0,419047600.0,789050071759.0,16394.0
2020-05-31,1920.0,1977.0,1789.0,1815.0,1803.0,1883.0,1562391977.0,2836454779823.0,61839.0
2020-06-01,1816.0,1899.0,1760.0,1840.0,1840.0,1815.0,853966553.0,1570906579472.0,37190.0
2020-06-02,1871.0,1931.0,1839.0,1902.0,1880.0,1840.0,855447029.0,1626889114846.0,41133.0
2020-06-06,1960.0,1997.0,1900.0,1956.0,1997.0,1902.0,1010093031.0,1975858437371.0,45663.0
2020-06-07,2053.0,2053.0,2017.0,2052.0,2053.0,1956.0,709837700.0,1456845650961.0,24796.0
2020-06-08,2154.0,2154.0,1950.0,2006.0,1951.0,2052.0,1115848005.0,2238607164481.0,53291.0
2020-06-09,1972.0,2054.0,1906.0,1937.0,1912.0,2006.0,1101183783.0,2132893148244.0,50432.0
2020-06-10,1960.0,2033.0,1956.0,2009.0,2033.0,1937.0,1303971394.0,2619129867000.0,60076.0
2020-06-13,2080.0,2100.0,2050.0,2100.0,2100.0,2009.0,1027878003.0,2155628173790.0,26461.0
2020-06-14,2200.0,2200.0,2050.0,2160.0,2200.0,2100.0,1914185139.0,4138228308800.0,55604.0
2020-06-15,2230.0,2260.0,2180.0,2250.0,2260.0,2160.0,509099224.0,1146509174410.0,14254.0
2020-06-16,2360.0,2360.0,2360.0,2360.0,2360.0,2250.0,327561667.0,773045534120.0,8207.0
2020-06-20,2470.0,2470.0,2470.0,2470.0,2470.0,2360.0,544517340.0,1344957829800.0,15897.0
2020-06-21,2500.0,2590.0,2350.0,2550.0,2580.0,2470.0,2586228334.0,6591279641420.0,96178.0
2020-06-22,2590.0,2670.0,2490.0,2640.0,2670.0,2550.0,1347393894.0,3561566474960.0,53590.0
2020-06-23,2770.0,2770.0,2700.0,2760.0,2700.0,2640.0,159838270.0,441906131040.0,8437.0
2020-06-27,2890.0,2890.0,2840.0,2890.0,2890.0,2760.0,1070121689.0,3092165110690.0,27176.0
2020-06-28,2980.0,3030.0,2750.0,2850.0,2780.0,2890.0,2709548953.0,7733897700320.0,107990.0
2020-06-29,2750.0,2990.0,2710.0,2790.0,2880.0,2850.0,1983914817.0,5530384985780.0,78851.0
2020-06-30,2920.0,2920.0,2920.0,2920.0,2920.0,2790.0,737555738.0,2153662754960.0,20733.0
2020-07-01,3060.0,3060.0,3030.0,3060.0,3060.0,2920.0,1414533782.0,4328191162810.0,43742.0
2020-07-04,3190.0,3210.0,2910.0,3050.0,3050.0,3060.0,2346330259.0,7158088965800.0,128704.0
2020-07-05,3080.0,3200.0,2970.0,3140.0,3200.0,3050.0,1645901532.0,5166284411850.0,56884.0
2020-07-06,3290.0,3290.0,3290.0,3290.0,3290.0,3140.0,796629031.0,2620909511990.0,30849.0
2020-07-07,3400.0,3450.0,3310.0,3430.0,3450.0,3290.0,1560574166.0,5346603403860.0,68503.0
2020-07-08,3600.0,3600.0,3260.0,3510.0,3300.0,3430.0,2832416157.0,9937009770630.0,133668.0
2020-07-11,3340.0,3680.0,3340.0,3470.0,3660.0,3510.0,1865372211.0,6465961690530.0,79151.0
2020-07-12,3640.0,3640.0,3530.0,3630.0,3640.0,3470.0,1170472301.0,4249225535660.0,52739.0
2020-07-13,3690.0,3810.0,3450.0,3750.0,3810.0,3630.0,1703452872.0,6394174982380.0,83272.0
2020-07-14,3930.0,3930.0,3820.0,3930.0,3930.0,3750.0,1600222709.0,6281858409280.0,83143.0
2020-07-15,4120.0,4120.0,3740.0,4110.0,4080.0,3930.0,1722893934.0,7076303192560.0,86722.0
2020-07-18,3910.0,3910.0,3910.0,3910.0,3910.0,4110.0,482177998.0,1885315972180.0,48512.0
2020-07-19,3800.0,4100.0,3790.0,4020.0,4100.0,3910.0,2196105461.0,8826897796480.0,109344.0
2020-07-20,4220.0,4220.0,4220.0,4220.0,4220.0,4020.0,94952474.0,400699440280.0,3285.0
2020-07-25,4430.0,4430.0,4310.0,4420.0,4430.0,4220.0,938941652.0,4152443158680.0,53559.0
2020-07-26,4610.0,4640.0,4200.0,4370.0,4220.0,4420.0,1360531834.0,5941841956330.0,110199.0
2020-07-27,4280.0,4580.0,4160.0,4180.0,4160.0,4370.0,1506262979.0,6292364213340.0,86192.0
2020-07-28,4100.0,4380.0,3980.0,4090.0,3980.0,4180.0,1078007343.0,4405443962720.0,73040.0
2020-07-29,3890.0,3890.0,3890.0,3890.0,3890.0,4090.0,208726479.0,811946003310.0,21346.0
2020-08-01,3720.0,4080.0,3700.0,3780.0,3710.0,3890.0,1845589303.0,6983617054730.0,147568.0
2020-08-02,3900.0,3960.0,3800.0,3900.0,3900.0,3780.0,1252894319.0,4890117206640.0,83622.0
2020-08-03,4000.0,4090.0,3710.0,3850.0,3770.0,3900.0,1052564823.0,4048361333540.0,74190.0
2020-08-09,4330.0,4330.0,4120.0,4250.0,4270.0,3850.0,886050413.0,3763318670630.0,54803.0
2020-08-10,4250.0,4460.0,4040.0,4080.0,4040.0,4250.0,997089324.0,4063404251480.0,65631.0
2020-08-11,3880.0,3880.0,3880.0,3880.0,3880.0,4080.0,82382306.0,319643347280.0,8613.0
2020-08-12,3910.0,4070.0,3690.0,3790.0,3690.0,3880.0,1027156490.0,3896927596320.0,48573.0
2020-08-15,3610.0,3610.0,3610.0,3610.0,3610.0,3790.0,163485640.0,590183160400.0,11405.0
2020-08-16,3430.0,3430.0,3430.0,3430.0,3430.0,3610.0,116823250.0,400703747500.0,7187.0
2020-08-17,3260.0,3420.0,3260.0,3290.0,3270.0,3430.0,1528367401.0,5021000307550.0,67733.0
2020-08-18,3410.0,3450.0,3290.0,3400.0,3310.0,3290.0,971821632.0,3305928003010.0,54840.0
2020-08-19,3250.0,3310.0,3230.0,3230.0,3230.0,3400.0,263116725.0,851021046540.0,14592.0
2020-08-22,3230.0,3340.0,3070.0,3100.0,3070.0,3230.0,851448960.0,2638294484870.0,34578.0
2020-08-23,3000.0,3100.0,2950.0,2960.0,2950.0,3100.0,978135658.0,2891570294630.0,26100.0
2020-08-24,2900.0,2990.0,2820.0,2850.0,2980.0,2960.0,3251044446.0,9260044085420.0,84911.0
2020-08-25,2990.0,2990.0,2990.0,2990.0,2990.0,2850.0,70050479.0,209450932210.0,3730.0
2020-08-26,3130.0,3130.0,3130.0,3130.0,3130.0,2990.0,85266683.0,266884717790.0,2533.0
2020-08-31,3280.0,3280.0,3130.0,3270.0,3280.0,3130.0,2348727912.0,7671864128400.0,76667.0
2020-09-01,3300.0,3340.0,3110.0,3250.0,3250.0,3270.0,1284400113.0,4172569745490.0,54246.0
2020-09-02,3210.0,3250.0,3090.0,3110.0,3130.0,3250.0,981495117.0,3047845558900.0,37988.0
2020-09-05,3190.0,3260.0,3150.0,3250.0,3260.0,3110.0,1121293115.0,3646020201920.0,37267.0
2020-09-06,3410.0,3410.0,3260.0,3360.0,3290.0,3250.0,1323780578.0,4452532946400.0,49414.0
2020-09-07,3260.0,3290.0,3200.0,3210.0,3200.0,3360.0,594914212.0,1907817339450.0,16526.0
2020-09-08,3050.0,3050.0,3050.0,3050.0,3050.0,3210.0,39340873.0,119989662650.0,2362.0
2020-09-09,2900.0,3170.0,2900.0,3000.0,3140.0,3050.0,1920962207.0,5763463849420.0,68823.0
2020-09-12,3150.0,3150.0,3070.0,3150.0,3150.0,3000.0,739659753.0,2327943869260.0,27251.0
2020-09-13,3170.0,3280.0,3000.0,3180.0,3210.0,3150.0,1316396590.0,4186105563120.0,55983.0
2020-09-14,3180.0,3330.0,3120.0,3300.0,3330.0,3180.0,1006150278.0,3315632061340.0,34556.0
2020-09-15,3460.0,3460.0,3390.0,3460.0,3460.0,3300.0,439819217.0,1521005259380.0,16269.0
2020-09-16,3630.0,3630.0,3400.0,3590.0,3560.0,3460.0,1151018899.0,4127653205690.0,59486.0
2020-09-19,3590.0,3740.0,3420.0,3550.0,3480.0,3590.0,1240331005.0,4408476592400.0,68673.0
2020-09-20,3470.0,3500.0,3380.0,3400.0,3380.0,3550.0,246212267.0,836836518600.0,14152.0
2020-09-21,3230.0,3230.0,3230.0,3230.0,3230.0,3400.0,157518311.0,508784144530.0,3331.0
2020-09-22,3100.0,3220.0,3070.0,3100.0,3160.0,3230.0,1159635144.0,3597318330520.0,43455.0
2020-09-23,3140.0,3240.0,3020.0,3140.0,3110.0,3100.0,697802780.0,2187802643320.0,34665.0
2020-09-26,3130.0,3230.0,2990.0,3060.0,2990.0,3140.0,485318962.0,1483498158690.0,24671.0
2020-09-27,3000.0,3040.0,2910.0,2950.0,2910.0,3060.0,742331833.0,2186692974580.0,16502.0
2020-09-28,2810.0,2810.0,2810.0,2810.0,2810.0,2950.0,91732050.0,257767060500.0,3181.0
2020-09-29,2670.0,2800.0,2670.0,2690.0,2710.0,2810.0,1235933076.0,3318685248010.0,42893.0
2020-09-30,2700.0,2800.0,2580.0,2720.0,2790.0,2690.0,777892334.0,2116469368720.0,27951.0
2020-10-03,2820.0,2850.0,2790.0,2840.0,2850.0,2720.0,241800232.0,687280291990.0,8199.0
2020-10-04,2980.0,2980.0,2870.0,2970.0,2980.0,2840.0,1262170473.0,3747840652360.0,36424.0
2020-10-05,2980.0,3110.0,2970.0,3070.0,3110.0,2970.0,992325481.0,3044850053840.0,32993.0
2020-10-06,3130.0,3220.0,3110.0,3210.0,3220.0,3070.0,855300864.0,2746493456100.0,25112.0
2020-10-07,3290.0,3370.0,3220.0,3330.0,3370.0,3210.0,883273864.0,2945718123890.0,32212.0
2020-10-10,3330.0,3490.0,3270.0,3420.0,3490.0,3330.0,926560800.0,3167953925260.0,40875.0
2020-10-11,3590.0,3590.0,3450.0,3570.0,3490.0,3420.0,1278103372.0,4567219531490.0,33542.0
2020-10-12,3500.0,3670.0,3400.0,3490.0,3540.0,3570.0,1690941703.0,5896467469340.0,60529.0
2020-10-13,3470.0,3590.0,3320.0,3440.0,3470.0,3490.0,898664908.0,3090536859520.0,36848.0
2020-10-18,3270.0,3300.0,3270.0,3270.0,3270.0,3440.0,237850851.0,777902075150.0,7371.0
2020-10-19,3110.0,3110.0,3110.0,3210.0,3110.0,3270.0,13622507.0,42365996770.0,1141.0
2020-10-20,3050.0,3050.0,3050.0,3050.0,3050.0,3210.0,97224698.0,296535328900.0,2497.0
2020-10-21,3190.0,3200.0,3050.0,3140.0,3060.0,3050.0,869907165.0,2729089689430.0,26306.0
2020-10-24,3020.0,3100.0,2990.0,3000.0,2990.0,3140.0,352628208.0,1057748757930.0,8367.0
2020-11-21,3370.0,3380.0,3210.0,3240.0,3250.0,3000.0,2262114522.0,7337641563830.0,55056.0
2020-11-22,3230.0,3400.0,3100.0,3340.0,3400.0,3240.0,2049418837.0,6845161544470.0,65338.0
2020-11-23,3430.0,3500.0,3410.0,3500.0,3500.0,3340.0,1609713220.0,5627913499640.0,33285.0
2020-11-24,3670.0,3670.0,3440.0,3650.0,3670.0,3500.0,4011828005.0,14637296896510.0,94274.0
2020-11-25,3670.0,3830.0,3530.0,3790.0,3830.0,3650.0,2227810826.0,8436566222430.0,62235.0
2020-11-28,3870.0,3970.0,3620.0,3760.0,3690.0,3790.0,2634206766.0,9912843453990.0,92409.0
2020-11-29,3760.0,3940.0,3620.0,3810.0,3930.0,3760.0,2484682092.0,9466070952540.0,93881.0
2020-11-30,3970.0,4000.0,3860.0,4000.0,4000.0,3810.0,2224157918.0,8886231037700.0,62834.0
2020-12-01,4010.0,4150.0,3900.0,4010.0,3940.0,4000.0,1955212246.0,7836722745250.0,79977.0
2020-12-02,3920.0,4070.0,3810.0,3900.0,3840.0,4010.0,1904476250.0,7430148719720.0,74706.0
2020-12-05,3900.0,4040.0,3850.0,3940.0,3970.0,3900.0,1244438595.0,4908981210220.0,55328.0
2020-12-06,4000.0,4070.0,3850.0,3950.0,3900.0,3940.0,1379999732.0,5446852472240.0,65981.0
2020-12-07,3890.0,4140.0,3810.0,4050.0,3960.0,3950.0,3463317341.0,14040406535160.0,130135.0
2020-12-08,4050.0,4150.0,3910.0,4040.0,4000.0,4050.0,1611260168.0,6506283909310.0,72635.0
2020-12-09,4000.0,4050.0,3880.0,3940.0,3920.0,4040.0,1097575672.0,4327738619620.0,58657.0
2020-12-12,3920.0,4000.0,3750.0,3830.0,3770.0,3940.0,1303743427.0,4989015816500.0,73988.0
2020-12-13,3730.0,3800.0,3640.0,3690.0,3680.0,3830.0,916981711.0,3386774785500.0,50321.0
2020-12-14,3750.0,3870.0,3560.0,3750.0,3640.0,3690.0,1941838124.0,7274388769000.0,71112.0
2020-12-15,3650.0,3740.0,3570.0,3580.0,3570.0,3750.0,583350550.0,2088666294140.0,17225.0
2020-12-16,3410.0,3630.0,3410.0,3480.0,3510.0,3580.0,1258820763.0,4377057073330.0,48362.0
2020-12-19,3580.0,3600.0,3420.0,3500.0,3470.0,3480.0,598307730.0,2096434912830.0,31578.0
2020-12-20,3560.0,3560.0,3330.0,3390.0,3350.0,3500.0,863232917.0,2925625448000.0,34744.0
2020-12-21,3310.0,3450.0,3240.0,3320.0,3250.0,3390.0,687082937.0,2279198517420.0,34036.0
2020-12-22,3260.0,3480.0,3210.0,3400.0,3480.0,3320.0,964724451.0,3281340021930.0,43785.0
2020-12-23,3530.0,3530.0,3320.0,3390.0,3370.0,3400.0,590467620.0,2002980702850.0,32647.0
2020-12-26,3390.0,3390.0,3230.0,3240.0,3240.0,3390.0,831443798.0,2694745238490.0,32055.0
2020-12-27,3190.0,3350.0,3090.0,3190.0,3160.0,3240.0,631184667.0,2012155994410.0,32816.0
2021-01-04,3370.0,3450.0,3220.0,3320.0,3270.0,3190.0,594591972.0,1975856319350.0,25767.0
2021-01-05,3230.0,3260.0,3160.0,3190.0,3160.0,3320.0,615738947.0,1962553281860.0,20753.0
2021-01-06,3040.0,3090.0,3040.0,3040.0,3040.0,3190.0,750919475.0,2283054912790.0,19731.0
2021-01-09,2900.0,3040.0,2890.0,2900.0,2890.0,3040.0,979335903.0,2838170222630.0,31943.0
2021-01-10,2920.0,3000.0,2850.0,2920.0,2920.0,2900.0,564896792.0,1652105708060.0,27497.0
2021-01-11,2920.0,2950.0,2800.0,2910.0,2930.0,2920.0,947294867.0,2752421644410.0,29356.0
2021-01-12,2910.0,2920.0,2770.0,2840.0,2770.0,2910.0,568429739.0,1613963771600.0,14712.0
2021-01-13,2700.0,2790.0,2700.0,2710.0,2700.0,2840.0,654655186.0,1771717213020.0,20832.0
2021-01-16,2600.0,2680.0,2580.0,2580.0,2580.0,2710.0,549771377.0,1419932925810.0,11951.0
2021-01-18,2460.0,2460.0,2460.0,2460.0,2460.0,2580.0,78246036.0,192485248560.0,2357.0
2021-01-19,2340.0,2550.0,2340.0,2420.0,2460.0,2460.0,1136029379.0,2744584610620.0,34040.0
2021-01-20,2540.0,2540.0,2540.0,2540.0,2540.0,2420.0,66883518.0,169884135720.0,2056.0
2021-01-23,2660.0,2660.0,2660.0,2620.0,2660.0,2540.0,32478602.0,86393081320.0,1860.0
2021-01-24,2750.0,2750.0,2620.0,2730.0,2710.0,2620.0,1283634734.0,3506240971310.0,36985.0
2021-01-30,2860.0,2860.0,2860.0,2860.0,2860.0,2730.0,44312129.0,126732688940.0,1668.0
2021-01-31,3000.0,3000.0,2940.0,3000.0,3000.0,2860.0,1484360034.0,4447769346340.0,37173.0
2021-02-01,2990.0,3150.0,2920.0,3060.0,2990.0,3000.0,1365919154.0,4176781555870.0,44242.0
2021-02-02,2980.0,3070.0,2910.0,2930.0,2910.0,3060.0,1022872920.0,3000906041930.0,26571.0
2021-02-03,2930.0,2980.0,2790.0,2830.0,2790.0,2930.0,293208449.0,828389147920.0,10488.0
2021-02-06,2740.0,2770.0,2690.0,2690.0,2690.0,2830.0,557563870.0,1501258565460.0,11708.0
2021-02-07,2740.0,2820.0,2730.0,2810.0,2820.0,2690.0,176921182.0,497138376290.0,6075.0
2021-02-08,2890.0,2900.0,2710.0,2840.0,2870.0,2810.0,472718140.0,1340640218570.0,16493.0
2021-02-09,2840.0,2940.0,2770.0,2890.0,2920.0,2840.0,389772092.0,1126449422920.0,17603.0
2021-02-13,3010.0,3060.0,2950.0,3030.0,3060.0,2890.0,547265755.0,1657641934620.0,19384.0
2021-02-14,3100.0,3100.0,2970.0,2990.0,2970.0,3030.0,487178183.0,1456235788200.0,15548.0
2021-02-15,2940.0,2950.0,2940.0,2950.0,2940.0,2990.0,36885183.0,108442938020.0,1771.0
2021-02-16,2900.0,2900.0,2900.0,2900.0,2900.0,2950.0,57789175.0,167588607500.0,836.0
2021-02-17,2850.0,2850.0,2850.0,2850.0,2850.0,2900.0,53362669.0,152083606650.0,1570.0
2021-02-20,2800.0,2800.0,2800.0,2800.0,2800.0,2850.0,103414979.0,289561941200.0,2046.0
2021-02-21,2750.0,2750.0,2750.0,2790.0,2750.0,2800.0,6011344.0,16531196000.0,497.0
2021-02-22,2740.0,2740.0,2740.0,2780.0,2740.0,2790.0,6242655.0,17104874700.0,345.0
2021-02-23,2730.0,2790.0,2730.0,2740.0,2740.0,2780.0,564341258.0,1543853298220.0,15683.0
2021-02-24,2720.0,2780.0,2690.0,2700.0,2690.0,2740.0,172729035.0,466520477050.0,5775.0
2021-02-27,2650.0,2650.0,2650.0,2650.0,2650.0,2700.0,115410934.0,305838975100.0,1382.0
2021-02-28,2600.0,2600.0,2600.0,2650.0,2600.0,2650.0,3719018.0,9669446800.0,388.0
2021-03-01,2600.0,2630.0,2600.0,2600.0,2600.0,2650.0,576220552.0,1498400561790.0,12069.0
2021-03-02,2560.0,2690.0,2550.0,2570.0,2610.0,2600.0,632294308.0,1624233656680.0,19291.0
2021-03-03,2590.0,2610.0,2520.0,2520.0,2520.0,2570.0,393657544.0,993946209430.0,10176.0
2021-03-06,2480.0,2500.0,2470.0,2470.0,2470.0,2520.0,178302291.0,440799916320.0,4093.0
2021-03-07,2430.0,2510.0,2430.0,2450.0,2480.0,2470.0,653316842.0,1601402836760.0,19191.0
2021-03-08,2470.0,2580.0,2460.0,2510.0,2530.0,2450.0,318237480.0,800191301000.0,14178.0
2021-03-09,2560.0,2610.0,2460.0,2520.0,2510.0,2510.0,394609506.0,995567024940.0,13527.0
2021-03-10,2470.0,2550.0,2470.0,2510.0,2540.0,2520.0,327542622.0,821745733280.0,11631.0
2021-03-13,2550.0,2660.0,2520.0,2630.0,2660.0,2510.0,405975982.0,1066816384630.0,12909.0
2021-03-14,2740.0,2770.0,2610.0,2680.0,2630.0,2630.0,354461718.0,949904499560.0,15248.0
2021-03-15,2630.0,2730.0,2630.0,2670.0,2680.0,2680.0,339175030.0,906008212570.0,11861.0
2021-03-16,2760.0,2830.0,2760.0,2820.0,2830.0,2670.0,354312251.0,1000095895250.0,9540.0
2021-03-17,2870.0,2970.0,2830.0,2900.0,2900.0,2820.0,295412605.0,855710322330.0,12151.0
2021-03-27,2890.0,2960.0,2860.0,2900.0,2880.0,2900.0,168098931.0,487757459240.0,7951.0
2021-03-30,2900.0,2900.0,2850.0,2880.0,2850.0,2900.0,27028087.0,77604291360.0,1483.0
2021-03-31,2830.0,2830.0,2830.0,2870.0,2830.0,2880.0,7041456.0,19927320480.0,458.0
2021-04-03,2820.0,2820.0,2820.0,2870.0,2820.0,2870.0,3079385.0,8683865700.0,305.0
2021-04-04,2820.0,2820.0,2820.0,2850.0,2820.0,2870.0,13797574.0,38909158680.0,277.0
2021-04-05,2800.0,2810.0,2800.0,2800.0,2800.0,2850.0,343360640.0,961412193400.0,7743.0
2021-04-06,2770.0,2820.0,2750.0,2760.0,2750.0,2800.0,202783426.0,559527869820.0,6961.0
2021-04-07,2710.0,2710.0,2710.0,2740.0,2710.0,2760.0,20641828.0,55939353880.0,743.0
2021-04-10,2690.0,2690.0,2690.0,2740.0,2690.0,2740.0,3034142.0,8161841980.0,185.0
2021-04-11,2690.0,2690.0,2690.0,2730.0,2690.0,2740.0,12121881.0,32607859890.0,245.0
2021-04-12,2680.0,2680.0,2680.0,2680.0,2680.0,2730.0,162618319.0,435817094920.0,2979.0
2021-04-13,2650.0,2730.0,2630.0,2670.0,2690.0,2680.0,488807570.0,1306028830690.0,15027.0
2021-04-14,2670.0,2710.0,2620.0,2640.0,2620.0,2670.0,330414483.0,872024529080.0,9617.0
2021-04-17,2590.0,2590.0,2590.0,2630.0,2590.0,2640.0,5790341.0,14996983190.0,428.0
2021-04-18,2580.0,2580.0,2580.0,2630.0,2580.0,2630.0,3294899.0,8500839420.0,223.0
2021-04-19,2580.0,2600.0,2580.0,2580.0,2600.0,2630.0,303403724.0,782905332240.0,7431.0
2021-04-20,2550.0,2730.0,2530.0,2680.0,2640.0,2580.0,568433831.0,1522476363610.0,19123.0
2021-04-21,2640.0,2660.0,2600.0,2620.0,2620.0,2680.0,415336512.0,1087698910840.0,7799.0
2021-04-24,2630.0,2640.0,2550.0,2590.0,2550.0,2620.0,202531711.0,525100660360.0,6192.0
2021-04-25,2520.0,2600.0,2520.0,2550.0,2520.0,2590.0,218921502.0,557420347040.0,5544.0
2021-04-26,2490.0,2570.0,2480.0,2500.0,2510.0,2550.0,275359552.0,687706544520.0,8125.0
2021-04-27,2510.0,2600.0,2500.0,2550.0,2520.0,2500.0,197649186.0,503617981150.0,7320.0
2021-04-28,2590.0,2700.0,2580.0,2680.0,2700.0,2550.0,526356037.0,1411155991450.0,15011.0
2021-05-01,2710.0,2730.0,2600.0,2620.0,2600.0,2680.0,248143545.0,650180459090.0,6332.0
2021-05-02,2550.0,2660.0,2550.0,2563.0,2550.0,2620.0,417413089.0,1069627281964.0,10898.0
2021-05-03,2500.0,2520.0,2487.0,2491.0,2487.0,2563.0,74251844.0,184971002791.0,2580.0
2021-05-05,2430.0,2560.0,2430.0,2498.0,2504.0,2491.0,223671898.0,558716858615.0,9560.0
2021-05-08,2520.0,2550.0,2430.0,2471.0,2467.0,2498.0,222878557.0,550816161735.0,8385.0
2021-05-09,2450.0,2465.0,2397.0,2435.0,2397.0,2471.0,377086766.0,918286583645.0,7896.0
2021-05-10,2435.0,2516.0,2435.0,2453.0,2468.0,2435.0,202415077.0,496532763497.0,7544.0
2021-05-11,2460.0,2570.0,2400.0,2494.0,2490.0,2453.0,190805010.0,475788265786.0,7736.0
2021-05-12,2520.0,2530.0,2429.0,2489.0,2430.0,2494.0,221464047.0,551157332734.0,5723.0
2021-05-15,2382.0,2520.0,2380.0,2424.0,2392.0,2489.0,160051915.0,388016290845.0,7165.0
2021-05-16,2375.0,2500.0,2325.0,2456.0,2474.0,2424.0,238207141.0,584981967906.0,8288.0
2021-05-17,2461.0,2508.0,2338.0,2408.0,2349.0,2456.0,151181248.0,364006713806.0,6051.0
2021-05-18,2305.0,2377.0,2288.0,2316.0,2288.0,2408.0,212994575.0,493344252697.0,6645.0
2021-05-19,2230.0,2275.0,2201.0,2231.0,2201.0,2316.0,238430429.0,531990066536.0,6020.0
2021-05-22,2150.0,2180.0,2120.0,2123.0,2120.0,2231.0,113091722.0,240037534365.0,2154.0
2021-05-23,2017.0,2017.0,2017.0,2017.0,2017.0,2123.0,137789290.0,277920997930.0,2418.0
2021-05-24,1917.0,1950.0,1917.0,1917.0,1917.0,2017.0,116258319.0,222892729440.0,2894.0
2021-05-25,1822.0,1970.0,1822.0,1885.0,1889.0,1917.0,320922755.0,604955618986.0,10228.0
2021-05-26,1860.0,1930.0,1860.0,1889.0,1891.0,1885.0,105855105.0,199959746083.0,6204.0
2021-05-29,1900.0,1983.0,1900.0,1970.0,1983.0,1889.0,207255047.0,408263888881.0,5825.0
2021-05-30,2058.0,2068.0,1960.0,2038.0,1985.0,1970.0,276334416.0,563255952665.0,8986.0
2021-05-31,1967.0,2069.0,1950.0,2024.0,2040.0,2038.0,319451673.0,646672710774.0,6660.0
2021-06-01,2043.0,2043.0,1981.0,2004.0,2001.0,2024.0,127459700.0,255465325453.0,3603.0
2021-06-02,1970.0,2082.0,1950.0,2042.0,2060.0,2004.0,92280229.0,188403555391.0,4277.0
2021-06-07,2083.0,2119.0,2030.0,2085.0,2118.0,2042.0,113228221.0,236084981927.0,5291.0
2021-06-08,2189.0,2189.0,2141.0,2186.0,2189.0,2085.0,369046202.0,806567332214.0,7418.0
2021-06-09,2190.0,2249.0,2175.0,2196.0,2199.0,2186.0,211225485.0,463841935138.0,6285.0
2021-06-12,2197.0,2219.0,2120.0,2170.0,2144.0,2196.0,150713368.0,327018311486.0,4282.0
2021-06-13,2122.0,2198.0,2122.0,2157.0,2171.0,2170.0,168928426.0,364376657761.0,4260.0
2021-06-14,2180.0,2264.0,2170.0,2220.0,2260.0,2157.0,205022028.0,455222410937.0,6380.0
2021-06-15,2270.0,2278.0,2180.0,2213.0,2181.0,2220.0,156850665.0,347104716544.0,4896.0
2021-06-16,2200.0,2249.0,2150.0,2185.0,2172.0,2213.0,126029099.0,275333015251.0,3921.0
2021-06-19,2294.0,2294.0,2294.0,2294.0,2294.0,2185.0,179095571.0,410845239874.0,3058.0
2021-06-20,2408.0,2408.0,2340.0,2397.0,2380.0,2294.0,618104376.0,1481339563077.0,15467.0
2021-06-21,2449.0,2516.0,2440.0,2491.0,2513.0,2397.0,478289253.0,1191353779092.0,10160.0
2021-06-22,2541.0,2615.0,2540.0,2579.0,2610.0,2491.0,263086842.0,678476631258.0,9756.0
2021-06-23,2600.0,2650.0,2520.0,2582.0,2583.0,2579.0,423691800.0,1094117066200.0,12046.0
2021-06-26,2590.0,2620.0,2500.0,2558.0,2515.0,2582.0,314836131.0,805426204172.0,11988.0
2021-06-27,2540.0,2590.0,2526.0,2540.0,2530.0,2558.0,287350861.0,729970985618.0,8930.0
2021-06-28,2538.0,2667.0,2537.0,2654.0,2667.0,2540.0,598330393.0,1587945433733.0,16101.0
2021-06-29,2670.0,2714.0,2625.0,2648.0,2627.0,2654.0,287743128.0,762048291398.0,9294.0
2021-06-30,2640.0,2670.0,2600.0,2628.0,2612.0,2648.0,192018759.0,504536237201.0,6887.0
2021-07-03,2630.0,2653.0,2497.0,2588.0,2523.0,2628.0,318577160.0,824359326072.0,9142.0
2021-07-04,2537.0,2620.0,2536.0,2580.0,2577.0,2588.0,234281508.0,604523422285.0,6569.0
2021-07-05,2610.0,2616.0,2556.0,2592.0,2601.0,2580.0,178610629.0,463000654459.0,5854.0
2021-07-06,2611.0,2670.0,2600.0,2623.0,2622.0,2592.0,140299620.0,368026197335.0,6353.0
2021-07-07,2615.0,2670.0,2610.0,2630.0,2641.0,2623.0,149041270.0,392030261208.0,5958.0
2021-07-10,2668.0,2668.0,2610.0,2625.0,2621.0,2630.0,138968706.0,364850460466.0,6000.0
2021-07-11,2627.0,2650.0,2575.0,2631.0,2635.0,2625.0,414670366.0,1090924660856.0,8648.0
2021-07-12,2650.0,2759.0,2641.0,2692.0,2655.0,2631.0,189675419.0,510516327747.0,9264.0
2021-07-13,2692.0,2710.0,2634.0,2692.0,2681.0,2692.0,344671699.0,927897870906.0,8830.0
2021-07-14,2693.0,2735.0,2656.0,2698.0,2705.0,2692.0,230572941.0,622175178055.0,7295.0
2021-07-17,2780.0,2780.0,2706.0,2729.0,2713.0,2698.0,223460072.0,609874748969.0,8512.0
2021-07-18,2734.0,2751.0,2680.0,2730.0,2740.0,2729.0,441040357.0,1203880988947.0,10625.0
2021-07-27,2530.0,2650.0,2490.0,2557.0,2649.0,2727.0,148610187.0,380061448801.0,4070.0
2021-07-28,2570.0,2600.0,2500.0,2550.0,2529.0,2557.0,217330725.0,554119805020.0,7532.0
2021-07-31,2550.0,2599.0,2510.0,2551.0,2525.0,2550.0,268110046.0,683879329083.0,8869.0
2021-08-01,2515.0,2550.0,2430.0,2487.0,2490.0,2551.0,228721710.0,568845354879.0,9083.0
2021-08-02,2450.0,2522.0,2421.0,2464.0,2422.0,2487.0,153164902.0,377326365968.0,6859.0
2021-08-03,2464.0,2505.0,2464.0,2477.0,2466.0,2464.0,221942545.0,549717201034.0,6207.0
2021-08-04,2440.0,2502.0,2402.0,2450.0,2448.0,2477.0,255090945.0,624853770175.0,8807.0
2021-08-07,2461.0,2572.0,2461.0,2544.0,2549.0,2450.0,331971925.0,844380918114.0,12206.0
2021-08-08,2568.0,2573.0,2500.0,2547.0,2515.0,2544.0,196374922.0,500188916860.0,7244.0
2021-08-09,2547.0,2560.0,2494.0,2537.0,2536.0,2547.0,221033049.0,560836935031.0,8037.0
2021-08-10,2540.0,2599.0,2540.0,2558.0,2549.0,2537.0,212441422.0,543325352835.0,7388.0
2021-08-11,2520.0,2597.0,2520.0,2573.0,2583.0,2558.0,233295241.0,600314952517.0,9193.0
2021-08-14,2590.0,2674.0,2556.0,2615.0,2637.0,2573.0,285932578.0,747839314592.0,11561.0
2021-08-15,2610.0,2650.0,2600.0,2615.0,2620.0,2615.0,207076569.0,541506768837.0,9033.0
2021-08-22,2620.0,2740.0,2620.0,2712.0,2737.0,2615.0,286729105.0,777575245152.0,12797.0
2021-08-23,2745.0,2760.0,2690.0,2716.0,2695.0,2712.0,248692974.0,675406695474.0,9610.0
2021-08-24,2695.0,2851.0,2687.0,2822.0,2851.0,2716.0,548785605.0,1548632801338.0,15454.0
2021-08-25,2900.0,2963.0,2822.0,2920.0,2927.0,2822.0,467574906.0,1365548697027.0,15909.0
2021-08-28,3020.0,3029.0,2951.0,2987.0,2972.0,2920.0,211787704.0,632609457964.0,10979.0
2021-08-29,2985.0,2985.0,2838.0,2891.0,2838.0,2987.0,492540688.0,1423958315529.0,21251.0
2021-08-30,2747.0,2765.0,2747.0,2748.0,2747.0,2891.0,181608646.0,499058799136.0,5741.0
2021-08-31,2611.0,2717.0,2611.0,2631.0,2611.0,2748.0,339370223.0,892732000490.0,10823.0
2021-09-01,2540.0,2672.0,2540.0,2614.0,2628.0,2631.0,248024732.0,648252512956.0,11082.0
2021-09-04,2660.0,2713.0,2614.0,2647.0,2628.0,2614.0,215542619.0,570455709636.0,9640.0
2021-09-05,2635.0,2672.0,2564.0,2622.0,2629.0,2647.0,193543929.0,507494635233.0,9318.0
2021-09-06,2600.0,2649.0,2510.0,2586.0,2519.0,2622.0,206491310.0,533997610024.0,11373.0
2021-09-07,2519.0,2577.0,2457.0,2494.0,2457.0,2586.0,197547794.0,492761102208.0,10597.0
2021-09-08,2461.0,2540.0,2430.0,2479.0,2485.0,2494.0,153123103.0,379647541375.0,11426.0
2021-09-11,2510.0,2533.0,2430.0,2465.0,2430.0,2479.0,218995770.0,539869001090.0,8142.0
2021-09-12,2470.0,2470.0,2342.0,2365.0,2394.0,2465.0,164816790.0,389815174160.0,9046.0
2021-09-13,2360.0,2430.0,2300.0,2379.0,2366.0,2365.0,171073213.0,407009173542.0,8004.0
2021-09-14,2430.0,2495.0,2420.0,2466.0,2481.0,2379.0,142644194.0,351720862413.0,6599.0
2021-09-15,2486.0,2490.0,2350.0,2455.0,2420.0,2466.0,218140529.0,535591143034.0,9218.0
2021-09-18,2402.0,2450.0,2333.0,2355.0,2333.0,2455.0,153782530.0,362216689877.0,6657.0
2021-09-19,2270.0,2350.0,2238.0,2258.0,2260.0,2355.0,175364678.0,396012252390.0,7329.0
2021-09-20,2240.0,2294.0,2238.0,2265.0,2252.0,2258.0,97893554.0,221719048649.0,4613.0
2021-09-21,2261.0,2261.0,2152.0,2159.0,2152.0,2265.0,145915611.0,315011509862.0,5865.0
2021-09-22,2142.0,2210.0,2053.0,2117.0,2165.0,2159.0,176776551.0,374272167082.0,7649.0
2021-09-25,2132.0,2195.0,2132.0,2160.0,2189.0,2117.0,116205179.0,250960644106.0,6527.0
2021-09-26,2169.0,2169.0,2115.0,2125.0,2120.0,2160.0,74289764.0,157873348941.0,3649.0
2021-09-28,2160.0,2160.0,2083.0,2110.0,2094.0,2125.0,89722857.0,189287250507.0,4657.0
2021-09-29,2089.0,2139.0,2080.0,2111.0,2129.0,2110.0,102351485.0,216019314637.0,4900.0
2021-10-02,2104.0,2182.0,2104.0,2144.0,2130.0,2111.0,138858411.0,297776219183.0,5824.0
2021-10-03,2160.0,2220.0,2090.0,2157.0,2204.0,2144.0,158830394.0,342669595303.0,6673.0
2021-10-04,2210.0,2239.0,2166.0,2204.0,2190.0,2157.0,120208035.0,264971929671.0,5469.0
2021-10-06,2165.0,2226.0,2165.0,2202.0,2190.0,2204.0,128732595.0,283410163026.0,4988.0
2021-10-09,2222.0,2230.0,2092.0,2120.0,2099.0,2202.0,138666647.0,294002878786.0,5660.0
2021-10-10,2080.0,2149.0,2032.0,2091.0,2130.0,2120.0,104601181.0,218738362966.0,4398.0
2021-10-11,2130.0,2134.0,2061.0,2096.0,2061.0,2091.0,77150698.0,161683771659.0,3724.0
2021-10-12,2050.0,2075.0,1992.0,2013.0,2000.0,2096.0,128269636.0,258190679559.0,5279.0
2021-10-13,2000.0,2040.0,1931.0,1966.0,1979.0,2013.0,83592079.0,164374538135.0,3969.0
2021-10-16,2000.0,2064.0,2000.0,2056.0,2064.0,1966.0,153515979.0,315575823152.0,5021.0
2021-10-17,2120.0,2120.0,1960.0,2015.0,2000.0,2056.0,117592151.0,236998675509.0,4544.0
2021-10-18,1970.0,2061.0,1954.0,2014.0,2060.0,2015.0,115339488.0,232312915897.0,4200.0
2021-10-19,2025.0,2079.0,2025.0,2045.0,2040.0,2014.0,74681655.0,152759156134.0,3461.0
2021-10-20,2025.0,2060.0,2000.0,2021.0,2005.0,2045.0,77744664.0,157116540754.0,3101.0
2021-10-23,1984.0,1984.0,1920.0,1923.0,1921.0,2021.0,157746861.0,303286748709.0,4460.0
2021-10-25,1845.0,1900.0,1827.0,1832.0,1833.0,1923.0,214769078.0,393562713885.0,6608.0
2021-10-26,1801.0,1860.0,1800.0,1818.0,1810.0,1832.0,94375408.0,171599022446.0,4442.0
2021-10-27,1800.0,1847.0,1775.0,1823.0,1833.0,1818.0,93372360.0,170211046986.0,3771.0
2021-10-30,1823.0,1832.0,1732.0,1778.0,1758.0,1823.0,111289897.0,197822441252.0,5022.0
2021-10-31,1711.0,1732.0,1690.0,1692.0,1690.0,1778.0,185231682.0,313330464287.0,4773.0
2021-11-01,1700.0,1776.0,1680.0,1767.0,1776.0,1692.0,109318381.0,193154579584.0,4121.0
2021-11-02,1800.0,1855.0,1776.0,1834.0,1830.0,1767.0,114687123.0,210301673645.0,4854.0
2021-11-03,1860.0,1925.0,1830.0,1895.0,1925.0,1834.0,116489934.0,220762624995.0,4021.0
2021-11-06,1989.0,1989.0,1989.0,1989.0,1989.0,1895.0,65580763.0,130440137607.0,1273.0
2021-11-07,2088.0,2088.0,1962.0,2047.0,2015.0,1989.0,363711513.0,744442929808.0,10277.0
2021-11-08,2000.0,2111.0,1962.0,2049.0,2017.0,2047.0,209425187.0,429154161126.0,6711.0
2021-11-09,2000.0,2097.0,2000.0,2041.0,2016.0,2049.0,143047286.0,292027512127.0,5322.0
2021-11-10,2021.0,2143.0,2021.0,2130.0,2143.0,2041.0,338649420.0,721192395378.0,7577.0
2021-11-13,2070.0,2115.0,2024.0,2038.0,2024.0,2130.0,192512154.0,392309547322.0,5905.0
2021-11-14,2012.0,2085.0,2000.0,2037.0,2012.0,2038.0,120628843.0,245663346464.0,4999.0
2021-11-15,2020.0,2029.0,1936.0,1947.0,1936.0,2037.0,180383247.0,351143415793.0,5006.0
2021-11-16,1890.0,1980.0,1877.0,1916.0,1908.0,1947.0,95795849.0,183550505081.0,3861.0
2021-11-17,1902.0,1965.0,1902.0,1933.0,1921.0,1916.0,78561630.0,151840139582.0,3506.0
2021-11-20,1920.0,1925.0,1837.0,1861.0,1841.0,1933.0,100481093.0,187016776559.0,4613.0
2021-11-21,1821.0,1925.0,1821.0,1880.0,1898.0,1861.0,122696340.0,230614917298.0,4570.0
2021-11-22,1935.0,1974.0,1913.0,1966.0,1955.0,1880.0,261542836.0,514163651818.0,6436.0
2021-11-23,1959.0,1965.0,1894.0,1919.0,1898.0,1966.0,118144950.0,226750738302.0,4460.0
2021-11-24,1900.0,1901.0,1848.0,1863.0,1860.0,1919.0,111586002.0,207884174140.0,4113.0
2021-11-27,1831.0,1860.0,1770.0,1788.0,1770.0,1863.0,115412946.0,206364453545.0,4659.0
2021-11-28,1768.0,1820.0,1760.0,1785.0,1790.0,1788.0,73917270.0,131968863890.0,3555.0
2021-11-29,1799.0,1810.0,1740.0,1780.0,1770.0,1785.0,74552753.0,132712886119.0,3124.0
2021-11-30,1790.0,1869.0,1790.0,1857.0,1869.0,1780.0,150187969.0,278967127436.0,4045.0
2021-12-01,1900.0,1947.0,1840.0,1888.0,1905.0,1857.0,224989595.0,424829550816.0,8093.0
2021-12-04,1888.0,1919.0,1794.0,1820.0,1806.0,1888.0,142583228.0,259534031457.0,4950.0
2021-12-05,1780.0,1849.0,1777.0,1805.0,1806.0,1820.0,94246998.0,170083666180.0,3891.0
2021-12-06,1785.0,1850.0,1785.0,1818.0,1797.0,1805.0,80633506.0,146624350769.0,3371.0
2021-12-07,1785.0,1805.0,1771.0,1790.0,1778.0,1818.0,51912691.0,92578044091.0,2633.0
2021-12-08,1781.0,1838.0,1772.0,1809.0,1809.0,1790.0,85804806.0,155253784352.0,3467.0
2021-12-11,1811.0,1851.0,1780.0,1805.0,1790.0,1809.0,78054635.0,140885355227.0,3204.0
2021-12-12,1800.0,1800.0,1729.0,1752.0,1748.0,1805.0,61459414.0,107387603689.0,2547.0
2021-12-13,1760.0,1765.0,1665.0,1691.0,1666.0,1752.0,117080038.0,198025818607.0,4228.0
2021-12-14,1670.0,1729.0,1631.0,1683.0,1698.0,1691.0,87162007.0,146716470219.0,3006.0
2021-12-15,1717.0,1720.0,1662.0,1686.0,1671.0,1683.0,55301490.0,93238532524.0,2323.0
2021-12-18,1700.0,1770.0,1700.0,1758.0,1759.0,1686.0,139078375.0,244511202794.0,3865.0
2021-12-19,1770.0,1779.0,1690.0,1720.0,1700.0,1758.0,63663873.0,109237316460.0,2561.0
2021-12-20,1761.0,1806.0,1761.0,1803.0,1806.0,1720.0,276741635.0,498863939142.0,6295.0
2021-12-21,1840.0,1884.0,1840.0,1858.0,1855.0,1803.0,124100894.0,230527246734.0,3516.0
2021-12-22,1882.0,1950.0,1882.0,1941.0,1950.0,1858.0,184255684.0,357613376123.0,3672.0
2021-12-25,1998.0,2038.0,1939.0,1996.0,1949.0,1941.0,284457274.0,567910218686.0,8449.0
2021-12-26,1958.0,1979.0,1898.0,1941.0,1971.0,1996.0,290254850.0,563510100461.0,6947.0
2021-12-27,1989.0,2015.0,1921.0,1963.0,1948.0,1941.0,113916605.0,223563740135.0,4534.0
2021-12-28,1952.0,1973.0,1900.0,1959.0,1968.0,1963.0,71515538.0,140107904357.0,2587.0
2021-12-29,1930.0,2050.0,1930.0,1995.0,1965.0,1959.0,194316245.0,387733651457.0,6291.0
2022-01-01,1950.0,1980.0,1899.0,1925.0,1935.0,1995.0,142064559.0,273529266913.0,4158.0
2022-01-02,1935.0,1968.0,1900.0,1924.0,1919.0,1925.0,74900505.0,144074404384.0,3111.0
2022-01-03,1924.0,1949.0,1880.0,1906.0,1882.0,1924.0,58064342.0,110654920870.0,2573.0
2022-01-04,1900.0,1900.0,1839.0,1858.0,1873.0,1906.0,116271191.0,216066341232.0,3886.0
2022-01-05,1845.0,1920.0,1845.0,1869.0,1877.0,1858.0,66909049.0,125035703113.0,2582.0
2022-01-08,1950.0,1952.0,1895.0,1921.0,1914.0,1869.0,121689866.0,233785096898.0,3668.0
2022-01-09,1910.0,1948.0,1855.0,1904.0,1895.0,1921.0,93000446.0,177037763873.0,3133.0
2022-01-10,1895.0,1975.0,1856.0,1924.0,1944.0,1904.0,158214125.0,304345092240.0,4345.0
2022-01-11,1979.0,1990.0,1912.0,1947.0,1935.0,1924.0,76580519.0,149071402351.0,3080.0
2022-01-12,1947.0,1963.0,1903.0,1927.0,1912.0,1947.0,72736321.0,140169317931.0,2889.0
2022-01-15,1919.0,1923.0,1831.0,1859.0,1834.0,1927.0,102620116.0,190756568694.0,3434.0
2022-01-16,1850.0,1866.0,1800.0,1839.0,1853.0,1859.0,78779141.0,144850315662.0,2548.0
2022-01-17,1852.0,1896.0,1778.0,1816.0,1781.0,1839.0,117825338.0,213943808840.0,3280.0
2022-01-18,1772.0,1799.0,1726.0,1736.0,1726.0,1816.0,153758907.0,266977657957.0,3999.0
2022-01-19,1727.0,1780.0,1726.0,1745.0,1747.0,1736.0,65079545.0,113558401686.0,2494.0
2022-01-22,1763.0,1799.0,1706.0,1733.0,1717.0,1745.0,90174216.0,156306913258.0,2913.0
2022-01-23,1720.0,1720.0,1652.0,1677.0,1680.0,1733.0,81159448.0,136066201456.0,2880.0
2022-01-24,1690.0,1699.0,1640.0,1667.0,1663.0,1677.0,91738209.0,152942121424.0,3037.0
2022-01-25,1660.0,1690.0,1600.0,1629.0,1635.0,1667.0,173576969.0,282772930397.0,4177.0
2022-01-31,1710.0,1710.0,1710.0,1686.0,1710.0,1629.0,52098350.0,89088178500.0,551.0
2022-02-01,1770.0,1770.0,1770.0,1769.0,1770.0,1686.0,72825925.0,128901887250.0,1104.0
2022-02-02,1840.0,1857.0,1815.0,1851.0,1857.0,1769.0,543425548.0,1005955595128.0,10087.0
2022-02-05,1915.0,1943.0,1910.0,1937.0,1939.0,1851.0,388758889.0,753060664642.0,9217.0
2022-02-06,1940.0,1943.0,1841.0,1875.0,1841.0,1937.0,318992502.0,598088589764.0,7724.0
2022-02-07,1830.0,1898.0,1800.0,1852.0,1860.0,1875.0,166390516.0,308129010031.0,4983.0
2022-02-08,1880.0,1944.0,1861.0,1941.0,1944.0,1852.0,374665315.0,727391916651.0,7769.0
2022-02-09,1968.0,1977.0,1903.0,1946.0,1943.0,1941.0,211885936.0,412316100963.0,6713.0
2022-02-12,1910.0,1940.0,1855.0,1897.0,1857.0,1946.0,171124237.0,324626415484.0,5350.0
2022-02-13,1850.0,1853.0,1816.0,1831.0,1818.0,1897.0,82103400.0,150297806505.0,5350.0
2022-02-14,1849.0,1858.0,1807.0,1840.0,1847.0,1831.0,79751536.0,146766323015.0,2483.0
2022-02-16,1840.0,1847.0,1801.0,1809.0,1805.0,1840.0,75176888.0,136014175573.0,2836.0
2022-02-19,1848.0,1899.0,1840.0,1895.0,1899.0,1809.0,342180672.0,648475585525.0,6772.0
2022-02-20,1910.0,1970.0,1875.0,1928.0,1957.0,1895.0,228482861.0,440479214380.0,6803.0
2022-02-21,2020.0,2024.0,1977.0,2012.0,2024.0,1928.0,366120606.0,736517338658.0,8355.0
2022-02-22,2040.0,2060.0,1963.0,2001.0,1965.0,2012.0,223087711.0,446328335941.0,6790.0
2022-02-23,1970.0,2050.0,1956.0,2008.0,1993.0,2001.0,172655712.0,346606452185.0,5480.0
2022-02-26,1975.0,1998.0,1908.0,1927.0,1908.0,2008.0,190054264.0,366231656418.0,4996.0
2022-02-27,1879.0,1940.0,1862.0,1906.0,1920.0,1927.0,165511465.0,315466832117.0,4403.0
2022-02-28,1920.0,1944.0,1883.0,1902.0,1908.0,1906.0,90895789.0,172881391579.0,3395.0
2022-03-02,1880.0,1910.0,1834.0,1859.0,1863.0,1902.0,125860470.0,233928935611.0,5147.0
2022-03-05,1930.0,1951.0,1880.0,1950.0,1951.0,1859.0,341126601.0,665056140869.0,6835.0
2022-03-06,1980.0,2015.0,1938.0,1975.0,1981.0,1950.0,234780661.0,463613040474.0,6052.0
2022-03-07,1975.0,1999.0,1908.0,1940.0,1911.0,1975.0,179174645.0,347658435321.0,6720.0
2022-03-08,1900.0,1905.0,1860.0,1876.0,1862.0,1940.0,120826186.0,226649399005.0,4768.0
2022-03-09,1857.0,1948.0,1857.0,1907.0,1925.0,1876.0,169152157.0,322503789953.0,4856.0
2022-03-12,1812.0,1847.0,1812.0,1813.0,1812.0,1907.0,331983291.0,601804415616.0,6940.0
2022-03-13,1753.0,1838.0,1753.0,1807.0,1801.0,1813.0,113357690.0,204828735862.0,3558.0
2022-03-14,1801.0,1835.0,1793.0,1810.0,1806.0,1807.0,78484877.0,142052528816.0,2562.0
2022-03-15,1807.0,1860.0,1799.0,1835.0,1835.0,1810.0,132168573.0,242521113104.0,3299.0
2022-03-19,1926.0,1926.0,1926.0,1926.0,1926.0,1835.0,105307436.0,202822121736.0,1349.0
2022-03-26,1960.0,1974.0,1903.0,1930.0,1912.0,1926.0,192929827.0,372325408204.0,5210.0
2022-03-27,1916.0,2009.0,1914.0,1972.0,1968.0,1930.0,237380302.0,468024381452.0,6506.0
2022-03-28,1979.0,2070.0,1961.0,2051.0,2070.0,1972.0,336731230.0,690673478189.0,5865.0
2022-03-29,2153.0,2153.0,2071.0,2130.0,2103.0,2051.0,743773237.0,1583977664813.0,14101.0
2022-03-30,2090.0,2176.0,2062.0,2133.0,2149.0,2130.0,278917062.0,594935901906.0,7518.0
2022-04-03,2148.0,2222.0,2120.0,2173.0,2168.0,2133.0,280170102.0,608837863728.0,7784.0
2022-04-04,2175.0,2281.0,2173.0,2253.0,2216.0,2173.0,619088196.0,1394889974536.0,12846.0
2022-04-05,2190.0,2320.0,2181.0,2250.0,2280.0,2253.0,391088166.0,880011132156.0,9570.0
2022-04-06,2255.0,2320.0,2150.0,2229.0,2160.0,2250.0,298422131.0,665047184854.0,8656.0
2022-04-09,2131.0,2181.0,2118.0,2142.0,2138.0,2229.0,288594497.0,618218791960.0,8283.0
2022-04-10,2170.0,2249.0,2160.0,2236.0,2230.0,2142.0,565497046.0,1264310964124.0,9780.0
2022-04-11,2238.0,2265.0,2176.0,2213.0,2190.0,2236.0,234720310.0,519379498933.0,6731.0
2022-04-12,2190.0,2190.0,2103.0,2110.0,2103.0,2213.0,97535959.0,205779716763.0,3109.0
2022-04-13,2035.0,2120.0,2035.0,2081.0,2094.0,2110.0,192627066.0,400822283642.0,6728.0
2022-04-16,2100.0,2136.0,2053.0,2087.0,2081.0,2081.0,209088019.0,436437076106.0,6344.0
2022-04-17,2081.0,2099.0,2020.0,2061.0,2084.0,2087.0,167956725.0,346124246781.0,5428.0
2022-04-18,2119.0,2160.0,2081.0,2118.0,2090.0,2061.0,197148039.0,417517044034.0,6169.0
2022-04-19,2100.0,2210.0,2080.0,2167.0,2195.0,2118.0,286815263.0,621451176150.0,8281.0
2022-04-20,2201.0,2214.0,2125.0,2162.0,2153.0,2167.0,237576388.0,513725961128.0,6543.0
2022-04-24,2167.0,2194.0,2094.0,2121.0,2104.0,2162.0,173108600.0,367165827727.0,5784.0
2022-04-25,2101.0,2118.0,2081.0,2097.0,2100.0,2121.0,148597440.0,311549159079.0,5005.0
2022-04-26,2109.0,2168.0,2109.0,2131.0,2121.0,2097.0,189120140.0,403005674638.0,5736.0
2022-04-27,2140.0,2159.0,2100.0,2115.0,2105.0,2131.0,182535327.0,386034597873.0,6463.0
2022-04-30,2101.0,2167.0,2090.0,2130.0,2140.0,2115.0,219292167.0,467089076465.0,6406.0
2022-05-01,2150.0,2257.0,2150.0,2229.0,2214.0,2130.0,492177338.0,1096923176299.0,12660.0
2022-05-02,2239.0,2248.0,2176.0,2198.0,2205.0,2229.0,186680475.0,410401894114.0,6182.0
2022-05-07,2217.0,2240.0,2172.0,2203.0,2194.0,2198.0,285240042.0,628378631733.0,9194.0
2022-05-08,2243.0,2293.0,2220.0,2253.0,2228.0,2203.0,282664494.0,636791658087.0,8908.0
2022-05-09,2240.0,2240.0,2121.0,2166.0,2140.0,2253.0,225565726.0,488642912905.0,8110.0
2022-05-10,2150.0,2179.0,2119.0,2141.0,2152.0,2166.0,194416825.0,416331702206.0,6771.0
2022-05-11,2142.0,2200.0,2141.0,2164.0,2157.0,2141.0,258562103.0,559540011615.0,7981.0
2022-05-14,2198.0,2220.0,2125.0,2167.0,2162.0,2164.0,264070737.0,572317053796.0,8271.0
2022-05-15,2151.0,2173.0,2100.0,2131.0,2130.0,2167.0,183755596.0,391666975019.0,7140.0
2022-05-16,2127.0,2193.0,2127.0,2160.0,2160.0,2131.0,208845303.0,451010886880.0,8051.0
2022-05-17,2180.0,2253.0,2171.0,2217.0,2185.0,2160.0,336658857.0,746266757711.0,10294.0
2022-05-18,2215.0,2245.0,2168.0,2202.0,2210.0,2217.0,195962613.0,431430117442.0,6557.0
2022-05-21,2211.0,2290.0,2165.0,2251.0,2252.0,2202.0,365571940.0,822849007318.0,10880.0
2022-05-22,2270.0,2279.0,2223.0,2252.0,2249.0,2251.0,246818388.0,555901532301.0,6439.0
2022-05-23,2175.0,2175.0,2117.0,2125.0,2118.0,2252.0,292012823.0,620455351637.0,7760.0
2022-05-24,2140.0,2155.0,2102.0,2130.0,2137.0,2125.0,116717471.0,248585116205.0,4069.0
2022-05-25,2155.0,2179.0,2128.0,2148.0,2176.0,2130.0,194807721.0,418415506405.0,6047.0
2022-05-28,2157.0,2160.0,2026.0,2069.0,2030.0,2148.0,219538422.0,454275631803.0,7874.0
2022-05-29,2039.0,2039.0,1951.0,1976.0,2005.0,2069.0,237256292.0,468870598313.0,7636.0
2022-05-30,2000.0,2003.0,1958.0,1973.0,1965.0,1976.0,152444901.0,300788503665.0,5423.0
2022-05-31,1955.0,1976.0,1919.0,1941.0,1926.0,1973.0,205459931.0,398895516571.0,6524.0
2022-06-01,1930.0,2007.0,1886.0,1935.0,1963.0,1941.0,196362421.0,379928865650.0,6811.0
2022-06-06,1965.0,1968.0,1819.0,1847.0,1823.0,1935.0,188537948.0,348323206728.0,7287.0
2022-06-07,1820.0,1870.0,1811.0,1833.0,1818.0,1847.0,88313998.0,161844454126.0,4266.0
2022-06-08,1819.0,1863.0,1819.0,1840.0,1854.0,1833.0,106982973.0,196865333820.0,3606.0
2022-06-11,1825.0,1845.0,1770.0,1802.0,1786.0,1840.0,108152090.0,194838572452.0,4670.0
2022-06-12,1740.0,1821.0,1733.0,1780.0,1805.0,1802.0,203613634.0,362461588241.0,7088.0
2022-06-13,1809.0,1881.0,1801.0,1837.0,1825.0,1780.0,155976279.0,286466198029.0,5603.0
2022-06-14,1838.0,1849.0,1800.0,1818.0,1813.0,1837.0,104902187.0,190679136711.0,4221.0
2022-06-15,1802.0,1838.0,1779.0,1803.0,1814.0,1818.0,102908194.0,185580929553.0,3491.0
2022-06-18,1802.0,1829.0,1758.0,1786.0,1788.0,1803.0,132129946.0,235967647783.0,4217.0
2022-06-19,1781.0,1833.0,1750.0,1792.0,1790.0,1786.0,206885040.0,370761717045.0,5765.0
2022-06-26,1800.0,1810.0,1731.0,1749.0,1739.0,1772.0,86156214.0,150695440145.0,2982.0
2022-06-27,1749.0,1814.0,1731.0,1786.0,1808.0,1749.0,121982762.0,217863945249.0,4949.0
2022-06-28,1831.0,1874.0,1820.0,1852.0,1840.0,1786.0,148551709.0,275176152660.0,5315.0
2022-06-29,1849.0,1869.0,1803.0,1842.0,1842.0,1852.0,135121435.0,248905864376.0,3784.0
2022-07-02,1800.0,1809.0,1732.0,1754.0,1734.0,1842.0,147586670.0,258833384330.0,5517.0
2022-07-03,1735.0,1769.0,1721.0,1749.0,1754.0,1754.0,87392523.0,152808939803.0,2984.0
2022-07-04,1739.0,1779.0,1734.0,1748.0,1750.0,1749.0,109400370.0,191227277197.0,3053.0
2022-07-05,1735.0,1750.0,1702.0,1722.0,1709.0,1748.0,116205917.0,200163996702.0,4226.0
2022-07-06,1703.0,1729.0,1670.0,1691.0,1688.0,1722.0,123548353.0,208929920947.0,4103.0
2022-07-09,1689.0,1709.0,1627.0,1656.0,1652.0,1691.0,134659113.0,222976681275.0,4799.0
2022-07-11,1630.0,1650.0,1570.0,1601.0,1577.0,1656.0,156721641.0,250841618364.0,5661.0
2022-07-12,1562.0,1630.0,1558.0,1589.0,1584.0,1601.0,120350099.0,191254873583.0,4250.0
2022-07-13,1600.0,1636.0,1591.0,1608.0,1597.0,1589.0,103904789.0,167062707030.0,3179.0
2022-07-16,1570.0,1590.0,1531.0,1549.0,1544.0,1608.0,151487271.0,234625340131.0,4975.0
2022-07-17,1550.0,1560.0,1501.0,1514.0,1514.0,1549.0,152886391.0,231472518151.0,4547.0
2022-07-19,1529.0,1548.0,1507.0,1523.0,1525.0,1514.0,103798338.0,158050559298.0,3152.0
2022-07-20,1525.0,1545.0,1519.0,1526.0,1528.0,1523.0,123177636.0,187960631980.0,3970.0
2022-07-23,1555.0,1617.0,1553.0,1600.0,1586.0,1526.0,294002660.0,470307360932.0,8000.0
2022-07-24,1592.0,1594.0,1510.0,1542.0,1521.0,1600.0,163771086.0,252493617074.0,5051.0
2022-07-25,1505.0,1536.0,1450.0,1461.0,1451.0,1542.0,192355415.0,281007442512.0,5965.0
2022-07-26,1446.0,1490.0,1446.0,1463.0,1460.0,1461.0,84880825.0,124148649484.0,2914.0
2022-07-27,1453.0,1500.0,1453.0,1475.0,1468.0,1463.0,71834388.0,106010437299.0,2502.0
2022-07-30,1470.0,1495.0,1402.0,1435.0,1410.0,1475.0,106701281.0,153088560852.0,3839.0
2022-07-31,1402.0,1419.0,1349.0,1362.0,1360.0,1435.0,199318521.0,271529798552.0,5382.0
2022-08-01,1370.0,1388.0,1349.0,1367.0,1378.0,1362.0,106685701.0,145813289087.0,3162.0
2022-08-02,1390.0,1390.0,1351.0,1369.0,1378.0,1367.0,78684823.0,107707382790.0,2616.0
2022-08-03,1379.0,1416.0,1370.0,1390.0,1409.0,1369.0,95756406.0,133089207712.0,2954.0
2022-08-06,1449.0,1473.0,1433.0,1470.0,1473.0,1390.0,137190503.0,201712994970.0,2470.0
2022-08-09,1472.0,1558.0,1450.0,1510.0,1499.0,1470.0,253739243.0,383165871000.0,6633.0
2022-08-10,1513.0,1515.0,1460.0,1483.0,1489.0,1510.0,79122238.0,117146885569.0,2787.0
2022-08-13,1521.0,1571.0,1521.0,1567.0,1571.0,1483.0,128448258.0,201324692704.0,2066.0
2022-08-14,1640.0,1640.0,1571.0,1599.0,1581.0,1567.0,269620142.0,431092967487.0,6163.0
2022-08-15,1593.0,1694.0,1552.0,1662.0,1694.0,1599.0,337790104.0,561501742519.0,7458.0
2022-08-16,1761.0,1761.0,1720.0,1754.0,1726.0,1662.0,642878083.0,1127440055930.0,11461.0
2022-08-17,1765.0,1837.0,1750.0,1799.0,1820.0,1754.0,368340023.0,662797841556.0,8973.0
2022-08-20,1760.0,1809.0,1732.0,1765.0,1740.0,1799.0,220424976.0,389124298207.0,6215.0
2022-08-21,1779.0,1794.0,1730.0,1766.0,1757.0,1765.0,149393822.0,263846771504.0,3876.0
2022-08-22,1754.0,1780.0,1690.0,1727.0,1695.0,1766.0,153536479.0,265120014906.0,4580.0
2022-08-23,1730.0,1797.0,1700.0,1771.0,1777.0,1727.0,141466721.0,250521508799.0,3630.0
2022-08-24,1772.0,1810.0,1745.0,1783.0,1797.0,1771.0,152252970.0,271461633588.0,3954.0
2022-08-27,1760.0,1789.0,1688.0,1733.0,1693.0,1783.0,195634923.0,339098411214.0,6579.0
2022-08-28,1672.0,1710.0,1633.0,1660.0,1643.0,1733.0,182956856.0,303625792113.0,5630.0
2022-08-29,1652.0,1697.0,1630.0,1669.0,1660.0,1660.0,145377144.0,242653518720.0,3796.0
2022-08-30,1660.0,1670.0,1620.0,1638.0,1632.0,1669.0,96200269.0,157553928126.0,3093.0
2022-08-31,1611.0,1657.0,1605.0,1633.0,1645.0,1638.0,99283244.0,162113332406.0,2748.0
2022-09-03,1600.0,1600.0,1542.0,1559.0,1544.0,1633.0,154611823.0,241108327001.0,4723.0
2022-09-04,1519.0,1565.0,1512.0,1542.0,1543.0,1559.0,85743099.0,132244258270.0,2892.0
2022-09-05,1556.0,1570.0,1532.0,1544.0,1540.0,1542.0,58270900.0,90002967832.0,2514.0
2022-09-06,1536.0,1540.0,1505.0,1527.0,1517.0,1544.0,51613595.0,78431970728.0,2463.0
2022-09-07,1504.0,1530.0,1482.0,1499.0,1496.0,1527.0,112606787.0,168853387584.0,3679.0
2022-09-10,1443.0,1489.0,1443.0,1467.0,1463.0,1499.0,84495203.0,123982224023.0,2412.0
2022-09-11,1451.0,1488.0,1436.0,1452.0,1450.0,1467.0,96555483.0,140217722221.0,3162.0
2022-09-12,1450.0,1480.0,1433.0,1458.0,1475.0,1452.0,52668317.0,76917350452.0,2263.0
2022-09-13,1475.0,1516.0,1450.0,1486.0,1486.0,1458.0,106391495.0,158101008049.0,2974.0
2022-09-14,1487.0,1501.0,1461.0,1480.0,1478.0,1486.0,53816733.0,79455371278.0,2052.0
2022-09-18,1452.0,1484.0,1429.0,1443.0,1429.0,1480.0,85843512.0,123837196779.0,2895.0
2022-09-19,1460.0,1462.0,1415.0,1432.0,1429.0,1443.0,82725940.0,118491565432.0,3331.0
2022-09-20,1429.0,1447.0,1401.0,1416.0,1413.0,1432.0,77750292.0,110073564405.0,2180.0
2022-09-21,1402.0,1430.0,1401.0,1413.0,1421.0,1416.0,57579248.0,81328890110.0,1960.0
2022-09-24,1413.0,1413.0,1368.0,1387.0,1379.0,1413.0,109897171.0,152461758979.0,3673.0
2022-09-26,1440.0,1441.0,1411.0,1412.0,1436.0,1387.0,52254970.0,74617283003.0,1817.0
2022-09-28,1463.0,1475.0,1437.0,1455.0,1455.0,1412.0,83688378.0,121848781414.0,2548.0
2022-10-01,1440.0,1445.0,1385.0,1403.0,1386.0,1455.0,108220534.0,151871249878.0,3346.0
2022-10-02,1390.0,1401.0,1371.0,1390.0,1394.0,1403.0,73784050.0,102461033153.0,2007.0
2022-10-03,1391.0,1411.0,1363.0,1380.0,1373.0,1390.0,69687863.0,96048699040.0,2519.0
2022-10-04,1373.0,1402.0,1370.0,1380.0,1389.0,1380.0,54573601.0,75332433173.0,1724.0
2022-10-08,1382.0,1410.0,1372.0,1387.0,1374.0,1380.0,81188787.0,112617895263.0,2384.0
2022-10-09,1387.0,1387.0,1333.0,1353.0,1363.0,1387.0,109247486.0,147848182575.0,2829.0
2022-10-10,1353.0,1375.0,1333.0,1354.0,1361.0,1353.0,66323210.0,89837704863.0,1881.0
2022-10-11,1361.0,1405.0,1354.0,1370.0,1368.0,1354.0,85467466.0,117130754489.0,2285.0
2022-10-12,1372.0,1385.0,1355.0,1371.0,1383.0,1370.0,60196846.0,82525736353.0,1850.0
2022-10-15,1390.0,1390.0,1351.0,1364.0,1360.0,1371.0,82583502.0,112606816352.0,2047.0
2022-10-16,1350.0,1366.0,1336.0,1349.0,1342.0,1364.0,93073197.0,125529469402.0,2509.0
2022-10-17,1342.0,1354.0,1336.0,1343.0,1344.0,1349.0,82956200.0,111339228083.0,2098.0
2022-10-18,1353.0,1362.0,1335.0,1343.0,1342.0,1343.0,51537505.0,69208366375.0,1748.0
2022-10-19,1350.0,1354.0,1330.0,1341.0,1345.0,1343.0,59483199.0,79700491914.0,1844.0
2022-10-22,1330.0,1360.0,1328.0,1337.0,1331.0,1341.0,79508028.0,106238065659.0,2219.0
2022-10-23,1327.0,1341.0,1314.0,1327.0,1330.0,1337.0,95752799.0,127092579955.0,2295.0
2022-10-24,1301.0,1310.0,1280.0,1299.0,1290.0,1327.0,72143654.0,93243928943.0,2046.0
2022-10-25,1295.0,1305.0,1254.0,1279.0,1259.0,1299.0,138209372.0,176816328068.0,3503.0
2022-10-26,1261.0,1280.0,1190.0,1213.0,1209.0,1279.0,216070027.0,262180133509.0,4679.0
2022-10-29,1235.0,1237.0,1205.0,1218.0,1208.0,1213.0,170774956.0,208014060258.0,3355.0
2022-10-30,1242.0,1250.0,1220.0,1225.0,1250.0,1218.0,62309563.0,76564740562.0,1862.0
2022-10-31,1251.0,1308.0,1235.0,1272.0,1305.0,1225.0,109637627.0,139485569579.0,2604.0
2022-11-01,1310.0,1330.0,1284.0,1306.0,1299.0,1272.0,83187559.0,108876666979.0,2495.0
2022-11-02,1301.0,1319.0,1280.0,1303.0,1302.0,1306.0,95610881.0,124533388354.0,2552.0
2022-11-05,1350.0,1380.0,1340.0,1361.0,1367.0,1303.0,108502198.0,147670232367.0,2826.0
2022-11-06,1380.0,1447.0,1346.0,1405.0,1426.0,1361.0,209779186.0,294713285490.0,4573.0
2022-11-07,1430.0,1503.0,1430.0,1496.0,1503.0,1405.0,395614340.0,591682077733.0,6503.0
2022-11-08,1532.0,1574.0,1438.0,1490.0,1479.0,1496.0,418347058.0,623544984336.0,9089.0
2022-11-09,1449.0,1514.0,1428.0,1476.0,1490.0,1490.0,240947395.0,355630239250.0,5112.0
2022-11-12,1480.0,1512.0,1442.0,1470.0,1462.0,1476.0,104564042.0,153734880196.0,3239.0
2022-11-13,1440.0,1466.0,1420.0,1443.0,1440.0,1470.0,120540757.0,173999394429.0,3477.0
2022-11-14,1443.0,1448.0,1393.0,1421.0,1419.0,1443.0,141757203.0,201452878791.0,2823.0
2022-11-15,1417.0,1438.0,1404.0,1416.0,1410.0,1421.0,126315598.0,178818794534.0,2668.0
2022-11-16,1400.0,1424.0,1391.0,1406.0,1401.0,1416.0,125201308.0,176002055872.0,2686.0
2022-11-19,1400.0,1401.0,1342.0,1362.0,1359.0,1406.0,187640431.0,255630310649.0,3888.0
2022-11-20,1370.0,1429.0,1370.0,1401.0,1399.0,1362.0,99527275.0,139422061810.0,2631.0
2022-11-21,1405.0,1420.0,1385.0,1402.0,1399.0,1401.0,126520823.0,177431906578.0,2775.0
2022-11-22,1400.0,1421.0,1381.0,1401.0,1405.0,1402.0,85632205.0,119929243946.0,2366.0
2022-11-23,1402.0,1475.0,1402.0,1448.0,1450.0,1401.0,284589826.0,412072736073.0,5654.0
2022-11-26,1452.0,1480.0,1434.0,1451.0,1438.0,1448.0,155318866.0,225294773096.0,3120.0
2022-11-27,1431.0,1457.0,1420.0,1434.0,1422.0,1451.0,136898465.0,196318932327.0,3581.0
2022-11-28,1436.0,1447.0,1420.0,1433.0,1421.0,1434.0,137205588.0,196575829692.0,2715.0
2022-11-29,1420.0,1440.0,1420.0,1429.0,1430.0,1433.0,99287075.0,141872008709.0,2407.0
2022-11-30,1425.0,1446.0,1405.0,1418.0,1409.0,1429.0,92826688.0,131603335185.0,2482.0
2022-12-03,1410.0,1418.0,1383.0,1391.0,1384.0,1418.0,100480583.0,139788907624.0,2820.0
2022-12-04,1370.0,1412.0,1370.0,1384.0,1375.0,1391.0,185962134.0,257295704937.0,4476.0
2022-12-05,1375.0,1385.0,1351.0,1363.0,1367.0,1384.0,171574317.0,233808466510.0,4440.0
2022-12-06,1379.0,1397.0,1366.0,1381.0,1379.0,1363.0,123494548.0,170591495833.0,2808.0
2022-12-07,1377.0,1408.0,1363.0,1381.0,1363.0,1381.0,102483891.0,141484082860.0,2821.0
2022-12-10,1361.0,1387.0,1351.0,1363.0,1356.0,1381.0,157933601.0,215338926570.0,3384.0
2022-12-11,1379.0,1452.0,1365.0,1414.0,1435.0,1363.0,318629294.0,450603218348.0,6298.0
2022-12-12,1448.0,1507.0,1438.0,1477.0,1486.0,1414.0,349175955.0,515581141014.0,6960.0
2022-12-13,1502.0,1545.0,1485.0,1510.0,1492.0,1477.0,320894914.0,484454333306.0,7131.0
2022-12-14,1501.0,1506.0,1464.0,1481.0,1467.0,1510.0,256715698.0,380172870393.0,6720.0
2022-12-17,1481.0,1530.0,1474.0,1509.0,1517.0,1481.0,263702358.0,398008470112.0,5960.0
2022-12-18,1533.0,1581.0,1530.0,1549.0,1530.0,1509.0,252037687.0,390479601808.0,5627.0
2022-12-19,1530.0,1540.0,1477.0,1507.0,1486.0,1549.0,213862547.0,322284485256.0,5644.0
2022-12-20,1482.0,1504.0,1455.0,1474.0,1462.0,1507.0,172540957.0,254317813054.0,4255.0
2022-12-21,1475.0,1551.0,1475.0,1526.0,1530.0,1474.0,278314043.0,424609923550.0,6386.0
2022-12-24,1550.0,1589.0,1540.0,1567.0,1583.0,1526.0,254711474.0,399254615448.0,5987.0
2022-12-25,1594.0,1598.0,1543.0,1565.0,1549.0,1567.0,300431552.0,470155359103.0,6875.0
2022-12-26,1570.0,1586.0,1541.0,1559.0,1551.0,1565.0,230867855.0,359879670717.0,5159.0
2022-12-28,1564.0,1658.0,1564.0,1626.0,1637.0,1559.0,523766408.0,851880262015.0,10073.0
2022-12-31,1577.0,1585.0,1521.0,1558.0,1531.0,1626.0,313026692.0,487771389576.0,7237.0
2023-01-01,1532.0,1583.0,1483.0,1519.0,1527.0,1558.0,277025162.0,420789007307.0,6307.0
2023-01-02,1538.0,1586.0,1525.0,1565.0,1566.0,1519.0,249977993.0,391123076801.0,5714.0
2023-01-03,1583.0,1660.0,1561.0,1596.0,1564.0,1565.0,615621363.0,982545112295.0,11415.0
2023-01-04,1575.0,1660.0,1569.0,1631.0,1627.0,1596.0,654642330.0,1067428975584.0,10976.0
2023-01-07,1663.0,1740.0,1660.0,1692.0,1739.0,1631.0,1162693108.0,1967508279664.0,18793.0
2023-01-08,1770.0,1798.0,1729.0,1761.0,1745.0,1692.0,745128120.0,1312131412304.0,14371.0
2023-01-09,1750.0,1829.0,1701.0,1765.0,1790.0,1761.0,712986877.0,1258124121287.0,14866.0
2023-01-10,1830.0,1860.0,1750.0,1796.0,1775.0,1765.0,517380603.0,929456097914.0,12020.0
2023-01-11,1778.0,1792.0,1686.0,1732.0,1699.0,1796.0,536821568.0,929783713743.0,12619.0
2023-01-14,1680.0,1782.0,1645.0,1727.0,1772.0,1732.0,405209583.0,699606258708.0,9636.0
2023-01-16,1800.0,1847.0,1790.0,1830.0,1847.0,1727.0,520781115.0,952917448372.0,9355.0
2023-01-17,1940.0,1954.0,1859.0,1907.0,1893.0,1830.0,773222354.0,1474881069073.0,18227.0
2023-01-18,1910.0,1979.0,1880.0,1925.0,1914.0,1907.0,509080426.0,979777317629.0,12334.0
2023-01-21,1920.0,1940.0,1826.0,1865.0,1850.0,1925.0,450153264.0,839625299337.0,11781.0
2023-01-22,1870.0,1888.0,1760.0,1816.0,1833.0,1865.0,386506187.0,701917659787.0,9712.0
2023-01-23,1870.0,1872.0,1745.0,1799.0,1776.0,1816.0,352007413.0,633103606139.0,8823.0
2023-01-24,1795.0,1799.0,1720.0,1749.0,1748.0,1799.0,296918899.0,519196624351.0,8102.0
2023-01-25,1748.0,1770.0,1640.0,1681.0,1690.0,1749.0,377533728.0,634563905897.0,8716.0
2023-01-28,1685.0,1695.0,1583.0,1622.0,1610.0,1681.0,444047472.0,720374580117.0,9371.0
2023-01-29,1600.0,1600.0,1509.0,1529.0,1541.0,1622.0,486577140.0,743806515124.0,10534.0
2023-01-30,1549.0,1636.0,1489.0,1576.0,1632.0,1529.0,450865948.0,710665731558.0,10337.0
2023-01-31,1669.0,1686.0,1636.0,1681.0,1686.0,1576.0,645565592.0,1084972679128.0,11087.0
2023-02-01,1693.0,1723.0,1673.0,1697.0,1673.0,1681.0,232486283.0,394521966080.0,5739.0
2023-02-05,1655.0,1683.0,1579.0,1616.0,1580.0,1697.0,455367320.0,736089014302.0,9820.0
2023-02-06,1580.0,1712.0,1545.0,1667.0,1679.0,1616.0,363839428.0,606644620878.0,6835.0
2023-02-07,1700.0,1751.0,1693.0,1718.0,1709.0,1667.0,246503644.0,423563592668.0,5375.0
2023-02-08,1715.0,1720.0,1664.0,1683.0,1671.0,1718.0,179329169.0,301788134679.0,5165.0
2023-02-12,1640.0,1672.0,1615.0,1646.0,1669.0,1683.0,110876684.0,182506360888.0,3564.0
2023-02-13,1665.0,1708.0,1646.0,1671.0,1648.0,1646.0,117611640.0,196541755497.0,3250.0
2023-02-14,1630.0,1671.0,1620.0,1641.0,1620.0,1671.0,112997225.0,185428389484.0,3225.0
2023-02-15,1635.0,1635.0,1590.0,1607.0,1592.0,1641.0,130165791.0,209136791125.0,3750.0
2023-02-19,1597.0,1650.0,1587.0,1603.0,1592.0,1607.0,140553126.0,225299025631.0,4036.0
2023-02-20,1601.0,1715.0,1601.0,1702.0,1715.0,1603.0,302182554.0,514204068561.0,5459.0
2023-02-21,1740.0,1821.0,1732.0,1790.0,1735.0,1702.0,419975368.0,751663815304.0,9003.0
2023-02-22,1739.0,1780.0,1713.0,1742.0,1760.0,1790.0,224078914.0,390335020929.0,5910.0
2023-02-25,1800.0,1863.0,1800.0,1858.0,1863.0,1742.0,415960268.0,773040135988.0,7670.0
2023-02-26,1898.0,1920.0,1794.0,1842.0,1817.0,1858.0,443672792.0,817377502310.0,9742.0
2023-02-27,1850.0,1934.0,1820.0,1889.0,1877.0,1842.0,490477994.0,926434728177.0,9433.0
2023-02-28,1880.0,1897.0,1820.0,1866.0,1852.0,1889.0,260104257.0,485447862803.0,6348.0
2023-03-01,1840.0,1869.0,1758.0,1812.0,1773.0,1866.0,235368176.0,426457307229.0,6017.0
2023-03-04,1773.0,1800.0,1720.0,1760.0,1765.0,1812.0,134139481.0,236070825886.0,3669.0
2023-03-05,1800.0,1864.0,1777.0,1813.0,1785.0,1760.0,152156838.0,275890038502.0,4228.0
2023-03-06,1792.0,1849.0,1772.0,1813.0,1810.0,1813.0,157206770.0,285073061382.0,3862.0
2023-03-07,1813.0,1880.0,1813.0,1847.0,1851.0,1813.0,177698340.0,328163794081.0,3859.0
2023-03-11,1976.0,1976.0,1927.0,1971.0,1962.0,1847.0,766438077.0,1510471435900.0,12127.0
2023-03-12,1932.0,1960.0,1897.0,1927.0,1899.0,1971.0,280142776.0,539911789911.0,6184.0
2023-03-13,1870.0,1967.0,1870.0,1932.0,1930.0,1927.0,267713119.0,517267393738.0,6420.0
2023-03-14,1950.0,1958.0,1909.0,1925.0,1911.0,1932.0,218031670.0,419693415815.0,7757.0
2023-03-19,2027.0,2052.0,1983.0,2027.0,2028.0,1925.0,228136280.0,462523716732.0,4858.0
2023-03-25,2077.0,2166.0,2077.0,2121.0,2108.0,2027.0,257715064.0,546630493284.0,6373.0
2023-03-26,2099.0,2150.0,2008.0,2065.0,2009.0,2121.0,346948370.0,716411410505.0,10033.0
2023-03-27,2000.0,2131.0,1991.0,2072.0,2116.0,2065.0,260152413.0,538918762516.0,7910.0
2023-03-28,2180.0,2180.0,2114.0,2142.0,2145.0,2072.0,364646730.0,781113961119.0,7905.0
2023-03-29,2150.0,2170.0,2125.0,2145.0,2161.0,2142.0,310446290.0,665867526417.0,8985.0
2023-04-03,2112.0,2270.0,2077.0,2203.0,2228.0,2145.0,403803922.0,889716226658.0,10671.0
2023-04-04,2255.0,2334.0,2184.0,2248.0,2208.0,2203.0,407232256.0,915362058745.0,11247.0
2023-04-05,2211.0,2390.0,2170.0,2314.0,2360.0,2248.0,442992199.0,1024986982649.0,10509.0
2023-04-08,2384.0,2470.0,2340.0,2425.0,2387.0,2314.0,379490579.0,920430585988.0,10532.0
2023-04-09,2388.0,2480.0,2334.0,2389.0,2370.0,2425.0,490648344.0,1172091542326.0,14060.0
2023-04-10,2374.0,2410.0,2222.0,2284.0,2224.0,2389.0,595748979.0,1360634090860.0,17049.0
2023-04-11,2220.0,2305.0,2201.0,2252.0,2280.0,2284.0,362438965.0,816056709744.0,9870.0
2023-04-15,2320.0,2409.0,2320.0,2386.0,2409.0,2252.0,507080574.0,1210027603601.0,11708.0
2023-04-16,2420.0,2451.0,2340.0,2383.0,2370.0,2386.0,479761191.0,1143168701862.0,12245.0
2023-04-17,2391.0,2463.0,2320.0,2414.0,2435.0,2383.0,590128604.0,1424453088489.0,12985.0
2023-04-18,2445.0,2544.0,2440.0,2493.0,2478.0,2414.0,581536932.0,1449786398663.0,13526.0
2023-04-19,2497.0,2499.0,2407.0,2449.0,2443.0,2493.0,394667459.0,966734794411.0,10696.0
2023-04-24,2459.0,2470.0,2401.0,2437.0,2455.0,2449.0,248790636.0,606369260944.0,7663.0
2023-04-25,2460.0,2526.0,2408.0,2467.0,2415.0,2437.0,370641232.0,914298757157.0,9224.0
2023-04-26,2435.0,2450.0,2344.0,2397.0,2377.0,2467.0,423201182.0,1014356440820.0,10621.0
2023-04-29,2390.0,2466.0,2360.0,2410.0,2410.0,2397.0,458179877.0,1104349768461.0,10959.0
2023-04-30,2420.0,2527.0,2420.0,2482.0,2498.0,2410.0,438010142.0,1087311101647.0,10535.0
2023-05-01,2510.0,2642.0,2493.0,2580.0,2614.0,2482.0,776316152.0,2002940642664.0,14582.0
2023-05-02,2650.0,2690.0,2613.0,2663.0,2684.0,2580.0,506573349.0,1349043091855.0,10374.0
2023-05-03,2705.0,2816.0,2664.0,2761.0,2800.0,2663.0,652605825.0,1801710278122.0,12956.0
2023-05-06,2850.0,2954.0,2850.0,2943.0,2954.0,2761.0,1017061527.0,2993413943829.0,18762.0
2023-05-07,2940.0,2990.0,2737.0,2758.0,2737.0,2943.0,660484327.0,1821853312679.0,12463.0
2023-05-08,2565.0,2620.0,2565.0,2569.0,2565.0,2758.0,539479233.0,1385758190930.0,8255.0
2023-05-09,2410.0,2650.0,2410.0,2560.0,2610.0,2569.0,674881715.0,1727483743449.0,14025.0
2023-05-10,2610.0,2670.0,2405.0,2485.0,2445.0,2560.0,595021267.0,1478655804181.0,12886.0
2023-05-13,2450.0,2458.0,2312.0,2364.0,2380.0,2485.0,630172812.0,1489616114919.0,11696.0
2023-05-14,2400.0,2504.0,2387.0,2450.0,2490.0,2364.0,461650288.0,1131216859032.0,8252.0
2023-05-15,2520.0,2549.0,2374.0,2466.0,2457.0,2450.0,359727563.0,887128534244.0,7756.0
2023-05-17,2490.0,2638.0,2449.0,2590.0,2638.0,2466.0,530302228.0,1373224192484.0,9606.0
2023-05-20,2691.0,2710.0,2555.0,2627.0,2598.0,2590.0,402600534.0,1057624322998.0,9283.0
2023-05-21,2600.0,2760.0,2570.0,2692.0,2730.0,2627.0,280238079.0,754284203599.0,7322.0
2023-05-22,2800.0,2880.0,2772.0,2834.0,2875.0,2692.0,540808378.0,1532475674345.0,11040.0
2023-05-23,2890.0,2995.0,2849.0,2923.0,2860.0,2834.0,528971726.0,1546282862454.0,10803.0
2023-05-24,2900.0,3030.0,2899.0,2949.0,2910.0,2923.0,434915690.0,1282725384339.0,9315.0
2023-05-27,2976.0,3039.0,2880.0,2945.0,2950.0,2949.0,329001285.0,968947628038.0,8830.0
2023-05-28,2872.0,2940.0,2790.0,2831.0,2873.0,2945.0,497461422.0,1408382976003.0,9360.0
2023-05-29,2890.0,2979.0,2781.0,2889.0,2883.0,2831.0,198663444.0,573983205642.0,4743.0
2023-05-30,3070.0,3070.0,2972.0,3027.0,2995.0,2889.0,609573417.0,1845182320792.0,12331.0
2023-05-31,3011.0,3042.0,2970.0,3017.0,3029.0,3027.0,363302146.0,1096118042406.0,8686.0
2023-06-03,3045.0,3125.0,3006.0,3096.0,3116.0,3017.0,302194338.0,935511117428.0,8543.0
2023-06-06,3150.0,3189.0,3102.0,3144.0,3149.0,3096.0,281857759.0,886273446640.0,7785.0
2023-06-07,3145.0,3159.0,3000.0,3057.0,3045.0,3144.0,511697654.0,1564285432405.0,10322.0
2023-06-10,2990.0,2990.0,2845.0,2885.0,2890.0,3057.0,459913846.0,1326784666746.0,7883.0
2023-06-11,2862.0,2930.0,2844.0,2877.0,2904.0,2885.0,162500344.0,467499399571.0,5694.0
2023-06-12,2790.0,2890.0,2740.0,2804.0,2825.0,2877.0,162831402.0,456549525589.0,4330.0
2023-06-13,2826.0,2970.0,2807.0,2884.0,2930.0,2804.0,188512442.0,543684133930.0,4926.0
2023-06-14,2960.0,2980.0,2884.0,2915.0,2910.0,2884.0,149448246.0,435582495439.0,4273.0
2023-06-17,2950.0,3016.0,2950.0,2999.0,3001.0,2915.0,396906002.0,1190473812381.0,6620.0
2023-06-18,2965.0,3005.0,2895.0,2956.0,2970.0,2999.0,278654379.0,823620679417.0,4633.0
2023-06-19,2977.0,2990.0,2837.0,2884.0,2898.0,2956.0,415562912.0,1198329123925.0,7660.0
2023-06-25,2735.0,2735.0,2612.0,2662.0,2630.0,2826.0,306857830.0,816855039321.0,8660.0
2023-06-26,2610.0,2680.0,2575.0,2616.0,2616.0,2662.0,242712384.0,634882836127.0,6641.0
2023-06-27,2611.0,2654.0,2553.0,2589.0,2555.0,2616.0,121449551.0,314469143625.0,4135.0
2023-06-28,2584.0,2600.0,2521.0,2563.0,2553.0,2589.0,112967071.0,289563218678.0,3397.0
2023-07-01,2549.0,2550.0,2449.0,2473.0,2476.0,2563.0,209300547.0,517516853080.0,4647.0
2023-07-02,2433.0,2536.0,2433.0,2493.0,2495.0,2473.0,122503647.0,305449808112.0,3644.0
2023-07-03,2510.0,2528.0,2481.0,2496.0,2500.0,2493.0,184243459.0,459890699942.0,7389.0
2023-07-04,2520.0,2656.0,2520.0,2618.0,2631.0,2496.0,255226717.0,668061271788.0,6053.0
2023-07-05,2630.0,2684.0,2606.0,2635.0,2615.0,2618.0,86493489.0,227907494337.0,4225.0
2023-07-08,2666.0,2666.0,2571.0,2610.0,2572.0,2635.0,80670504.0,210575611310.0,3298.0
2023-07-09,2575.0,2620.0,2527.0,2567.0,2556.0,2610.0,193462624.0,496544007457.0,3924.0
2023-07-10,2511.0,2590.0,2506.0,2532.0,2508.0,2567.0,159818117.0,404682430272.0,3048.0
2023-07-11,2502.0,2560.0,2448.0,2493.0,2460.0,2532.0,198393579.0,494501190528.0,3810.0
2023-07-12,2436.0,2489.0,2367.0,2401.0,2400.0,2493.0,220727016.0,529936766998.0,3818.0
2023-07-15,2400.0,2482.0,2360.0,2400.0,2373.0,2401.0,79869670.0,191674208872.0,2213.0
2023-07-16,2419.0,2420.0,2232.0,2269.0,2240.0,2400.0,178444350.0,404915926139.0,3925.0
2023-07-17,2230.0,2230.0,2111.0,2149.0,2185.0,2269.0,332119313.0,713805120113.0,6217.0
2023-07-18,2212.0,2299.0,2211.0,2294.0,2299.0,2149.0,329055800.0,754969242991.0,4200.0
2023-07-19,2310.0,2418.0,2233.0,2318.0,2257.0,2294.0,138812711.0,321809507100.0,4213.0
2023-07-22,2190.0,2260.0,2176.0,2204.0,2198.0,2318.0,176652242.0,389325207903.0,3458.0
2023-07-23,2170.0,2264.0,2170.0,2232.0,2220.0,2204.0,50767848.0,113318815068.0,1838.0
2023-07-24,2260.0,2343.0,2247.0,2292.0,2278.0,2232.0,137666178.0,315530510198.0,3422.0
2023-07-25,2301.0,2330.0,2198.0,2254.0,2229.0,2292.0,129243658.0,291356123415.0,3429.0
2023-07-26,2260.0,2270.0,2192.0,2243.0,2228.0,2254.0,44671241.0,100114909570.0,1691.0
2023-07-29,2236.0,2236.0,2173.0,2201.0,2175.0,2243.0,49396459.0,108524332669.0,1486.0
2023-07-30,2165.0,2197.0,2093.0,2129.0,2094.0,2201.0,104163611.0,221752190461.0,2634.0
2023-07-31,2129.0,2174.0,2096.0,2122.0,2133.0,2129.0,93150060.0,197622868290.0,2506.0
2023-08-01,2134.0,2188.0,2112.0,2141.0,2144.0,2122.0,73683258.0,157782082516.0,1868.0
2023-08-05,2170.0,2252.0,2143.0,2201.0,2203.0,2141.0,102573086.0,225732821943.0,2801.0
2023-08-06,2210.0,2250.0,2160.0,2208.0,2200.0,2201.0,102082671.0,225365992891.0,2233.0
2023-08-07,2181.0,2304.0,2181.0,2261.0,2248.0,2208.0,167611506.0,378900510352.0,3476.0
2023-08-08,2254.0,2275.0,2162.0,2201.0,2172.0,2261.0,88034782.0,193766718681.0,2036.0
2023-08-09,2201.0,2240.0,2155.0,2181.0,2168.0,2201.0,56224862.0,122645369622.0,1984.0
2023-08-12,2183.0,2199.0,2063.0,2094.0,2066.0,2181.0,205371666.0,430085888005.0,3267.0
2023-08-13,2060.0,2139.0,2060.0,2097.0,2096.0,2094.0,82675642.0,173364153641.0,1927.0
2023-08-14,2096.0,2175.0,2080.0,2105.0,2100.0,2097.0,51836626.0,109167422755.0,1726.0
2023-08-15,2023.0,2064.0,1990.0,2036.0,2018.0,2105.0,110396615.0,224775587786.0,1944.0
2023-08-16,2006.0,2050.0,2006.0,2032.0,2023.0,2036.0,50998317.0,103606528686.0,1146.0
2023-08-19,2022.0,2060.0,1958.0,1976.0,1960.0,2032.0,156552499.0,309414861776.0,2554.0
2023-08-20,1970.0,2021.0,1970.0,1989.0,1989.0,1976.0,98895281.0,196691115399.0,2109.0
2023-08-21,2000.0,2061.0,1987.0,2017.0,1995.0,1989.0,107446502.0,216694054900.0,2137.0
2023-08-22,1987.0,2023.0,1956.0,1982.0,1977.0,2017.0,155334709.0,307923771122.0,2110.0
2023-08-23,2000.0,2050.0,1984.0,2014.0,2040.0,1982.0,70817404.0,142638339536.0,1805.0
2023-08-27,2221.0,2280.0,2162.0,2214.0,2188.0,2014.0,214715902.0,475481922826.0,5120.0
2023-08-28,2248.0,2300.0,2211.0,2242.0,2240.0,2214.0,209571660.0,469816470936.0,3492.0
2023-08-29,2250.0,2320.0,2250.0,2285.0,2283.0,2242.0,146744358.0,335374867075.0,3595.0
2023-08-30,2293.0,2444.0,2271.0,2421.0,2444.0,2285.0,750713221.0,1817823633354.0,8838.0
2023-09-02,2500.0,2528.0,2423.0,2478.0,2456.0,2421.0,316399096.0,784138181021.0,5467.0
2023-09-03,2470.0,2535.0,2453.0,2488.0,2480.0,2478.0,157405833.0,391622702231.0,3614.0
2023-09-04,2485.0,2598.0,2450.0,2537.0,2560.0,2488.0,179114269.0,454398270672.0,3876.0
2023-09-05,2575.0,2655.0,2540.0,2586.0,2560.0,2537.0,303704777.0,785233128465.0,4908.0
2023-09-09,2535.0,2577.0,2527.0,2544.0,2568.0,2586.0,390839300.0,994437446532.0,4242.0
2023-09-10,2567.0,2610.0,2530.0,2561.0,2562.0,2544.0,112627903.0,288406861938.0,2713.0
2023-09-11,2590.0,2593.0,2561.0,2578.0,2569.0,2561.0,93504826.0,241042746383.0,2095.0
2023-09-12,2576.0,2614.0,2572.0,2597.0,2603.0,2578.0,163269619.0,424024782074.0,3246.0
2023-09-13,2620.0,2630.0,2597.0,2602.0,2610.0,2597.0,166979610.0,434481543913.0,2489.0
2023-09-17,2620.0,2622.0,2598.0,2604.0,2599.0,2602.0,141910602.0,369495572517.0,2565.0
2023-09-18,2598.0,2630.0,2562.0,2603.0,2599.0,2604.0,250642678.0,652520783627.0,3035.0
2023-09-19,2600.0,2620.0,2539.0,2565.0,2590.0,2603.0,108793383.0,279099105480.0,2087.0
2023-09-20,2534.0,2565.0,2488.0,2522.0,2559.0,2565.0,169782317.0,428221830974.0,2565.0
2023-09-23,2500.0,2552.0,2495.0,2514.0,2540.0,2522.0,98776248.0,248328371029.0,1676.0
2023-09-25,2501.0,2538.0,2501.0,2523.0,2520.0,2514.0,342881628.0,865127100762.0,2568.0
2023-09-26,2550.0,2570.0,2531.0,2554.0,2532.0,2523.0,223831886.0,571636730075.0,2850.0
2023-09-27,2560.0,2597.0,2551.0,2579.0,2585.0,2554.0,151831412.0,391646761708.0,2421.0
2023-09-30,2600.0,2614.0,2567.0,2597.0,2599.0,2579.0,262117669.0,680704465684.0,3565.0
2023-10-01,2600.0,2604.0,2534.0,2577.0,2580.0,2597.0,249482466.0,642908595631.0,2890.0
2023-10-02,2540.0,2577.0,2530.0,2548.0,2539.0,2577.0,117773885.0,300032184515.0,1958.0
2023-10-04,2539.0,2570.0,2514.0,2531.0,2515.0,2548.0,69930685.0,177008282272.0,1597.0
2023-10-07,2522.0,2522.0,2417.0,2455.0,2418.0,2531.0,136679044.0,335584645805.0,1975.0
2023-10-08,2393.0,2400.0,2284.0,2308.0,2284.0,2455.0,387414289.0,893978896082.0,4917.0
2023-10-09,2252.0,2339.0,2252.0,2295.0,2294.0,2308.0,106894733.0,245360944344.0,2128.0
2023-10-10,2259.0,2323.0,2259.0,2295.0,2311.0,2295.0,41698027.0,95686049132.0,1488.0
2023-10-11,2307.0,2331.0,2260.0,2278.0,2269.0,2295.0,79507595.0,181108262717.0,1708.0
2023-10-14,2250.0,2270.0,2173.0,2206.0,2192.0,2278.0,108376127.0,239126962688.0,2040.0
2023-10-15,2171.0,2230.0,2162.0,2193.0,2210.0,2206.0,110096119.0,241444045862.0,2036.0
2023-10-16,2190.0,2240.0,2190.0,2220.0,2232.0,2193.0,73346675.0,162806069124.0,1600.0
2023-10-17,2250.0,2269.0,2221.0,2240.0,2224.0,2220.0,50800697.0,113853180537.0,1391.0
2023-10-18,2218.0,2253.0,2190.0,2215.0,2242.0,2240.0,121183024.0,268453162043.0,2000.0
2023-10-21,2211.0,2268.0,2210.0,2223.0,2210.0,2215.0,35565340.0,79226544002.0,1192.0
2023-10-22,2210.0,2258.0,2210.0,2233.0,2247.0,2223.0,63869451.0,142595672361.0,1401.0
2023-10-23,2261.0,2262.0,2209.0,2227.0,2233.0,2233.0,58441743.0,130140296434.0,1653.0
2023-10-24,2231.0,2260.0,2180.0,2209.0,2200.0,2227.0,84929606.0,187569977415.0,1742.0
2023-10-25,2209.0,2240.0,2200.0,2211.0,2208.0,2209.0,53373637.0,118019831788.0,1120.0
2023-10-28,2195.0,2195.0,2072.0,2110.0,2080.0,2211.0,163755269.0,345507603006.0,2709.0
2023-10-29,2110.0,2197.0,2110.0,2153.0,2170.0,2110.0,95346584.0,205235190989.0,1779.0
2023-10-30,2215.0,2220.0,2174.0,2184.0,2188.0,2153.0,36183833.0,79593924284.0,989.0
2023-10-31,2188.0,2226.0,2139.0,2175.0,2162.0,2184.0,73229834.0,159247087673.0,1762.0
2023-11-01,2150.0,2195.0,2080.0,2156.0,2190.0,2175.0,79533137.0,171510375478.0,1634.0
2023-11-04,2251.0,2260.0,2190.0,2210.0,2230.0,2156.0,47230897.0,104816575449.0,1450.0
2023-11-05,2230.0,2248.0,2206.0,2226.0,2226.0,2210.0,51209886.0,114085936025.0,1219.0
2023-11-06,2207.0,2300.0,2206.0,2247.0,2252.0,2226.0,99780845.0,224256547937.0,1900.0
2023-11-07,2235.0,2324.0,2235.0,2283.0,2270.0,2247.0,129391303.0,295444628131.0,2522.0
2023-11-08,2309.0,2328.0,2260.0,2289.0,2284.0,2283.0,91773350.0,210023538818.0,1868.0
2023-11-11,2285.0,2310.0,2257.0,2278.0,2295.0,2289.0,67457831.0,153691690252.0,1747.0
2023-11-12,2294.0,2333.0,2245.0,2294.0,2278.0,2278.0,109023132.0,250145606005.0,1984.0
2023-11-13,2320.0,2373.0,2283.0,2316.0,2305.0,2294.0,194480159.0,450355976140.0,3539.0
2023-11-14,2323.0,2323.0,2271.0,2290.0,2294.0,2316.0,90259284.0,206658945339.0,1570.0
2023-11-15,2257.0,2299.0,2211.0,2250.0,2230.0,2290.0,141181988.0,317593577227.0,2453.0
2023-11-18,2210.0,2241.0,2160.0,2189.0,2160.0,2250.0,146179595.0,320016831025.0,2769.0
2023-11-19,2177.0,2205.0,2144.0,2178.0,2188.0,2189.0,99477253.0,216678378309.0,2593.0
2023-11-20,2181.0,2199.0,2149.0,2176.0,2169.0,2178.0,72844559.0,158543673956.0,2227.0
2023-11-21,2171.0,2200.0,2158.0,2180.0,2180.0,2176.0,60632707.0,132164322238.0,1769.0
2023-11-22,2190.0,2198.0,2150.0,2167.0,2179.0,2180.0,53855355.0,116714170840.0,1857.0
2023-11-25,2156.0,2170.0,2136.0,2150.0,2150.0,2167.0,52586810.0,113006779114.0,1673.0
2023-11-26,2179.0,2185.0,2136.0,2157.0,2168.0,2150.0,49718623.0,107261637931.0,1701.0
2023-11-27,2171.0,2177.0,2128.0,2146.0,2128.0,2157.0,62854173.0,134911262735.0,1860.0
2023-11-28,2126.0,2182.0,2124.0,2154.0,2174.0,2146.0,60955188.0,131313029219.0,2907.0
2023-11-29,2174.0,2304.0,2174.0,2292.0,2304.0,2154.0,419592600.0,961675916996.0,6604.0
2023-12-02,2359.0,2430.0,2320.0,2389.0,2363.0,2292.0,157942279.0,377314549649.0,3756.0
2023-12-03,2375.0,2476.0,2306.0,2413.0,2435.0,2389.0,258019517.0,622565238081.0,5260.0
2023-12-04,2420.0,2445.0,2357.0,2378.0,2369.0,2413.0,180752318.0,429893088003.0,3788.0
2023-12-05,2370.0,2430.0,2350.0,2381.0,2368.0,2378.0,140915269.0,335562863509.0,3299.0
2023-12-06,2403.0,2403.0,2298.0,2318.0,2307.0,2381.0,172150084.0,399031610554.0,3056.0
2023-12-09,2332.0,2354.0,2290.0,2322.0,2296.0,2318.0,111759411.0,259492282350.0,2383.0
2023-12-10,2300.0,2348.0,2290.0,2325.0,2317.0,2322.0,78812297.0,183224217232.0,1766.0
2023-12-11,2330.0,2360.0,2291.0,2313.0,2302.0,2325.0,75048785.0,173569258120.0,1937.0
2023-12-12,2302.0,2333.0,2291.0,2304.0,2300.0,2313.0,79231084.0,182585361790.0,1787.0
2023-12-13,2300.0,2350.0,2292.0,2307.0,2295.0,2304.0,89669563.0,206879799557.0,1958.0
2023-12-16,2307.0,2393.0,2307.0,2353.0,2343.0,2307.0,121824213.0,286659864790.0,2700.0
2023-12-18,2353.0,2517.0,2353.0,2492.0,2507.0,2353.0,374362574.0,932984803629.0,6734.0
2023-12-19,2507.0,2530.0,2443.0,2482.0,2482.0,2492.0,151949719.0,377194394981.0,3354.0
2023-12-20,2470.0,2482.0,2433.0,2458.0,2446.0,2482.0,46904540.0,115154254021.0,1319.0
2023-12-23,2431.0,2498.0,2421.0,2460.0,2440.0,2458.0,89007180.0,218925341590.0,1810.0
2023-12-24,2500.0,2500.0,2426.0,2459.0,2438.0,2460.0,130572899.0,321083870715.0,2348.0
2023-12-25,2440.0,2495.0,2431.0,2470.0,2450.0,2459.0,140282683.0,346543703014.0,2616.0
2023-12-26,2469.0,2469.0,2402.0,2428.0,2407.0,2470.0,114841254.0,278805002744.0,2505.0
2023-12-27,2399.0,2450.0,2382.0,2415.0,2416.0,2428.0,55198638.0,133320454455.0,1769.0
2023-12-30,2416.0,2469.0,2398.0,2421.0,2409.0,2415.0,113167480.0,273932969448.0,2598.0
2023-12-31,2421.0,2430.0,2382.0,2395.0,2401.0,2421.0,59997936.0,143675236835.0,1626.0
2024-01-01,2401.0,2401.0,2335.0,2362.0,2345.0,2395.0,68178969.0,161040432215.0,2115.0
2024-01-02,2341.0,2362.0,2304.0,2325.0,2307.0,2362.0,45770662.0,106268577303.0,1594.0
2024-01-03,2319.0,2325.0,2269.0,2293.0,2270.0,2325.0,78330543.0,179595971507.0,2516.0
2024-01-06,2269.0,2293.0,2252.0,2269.0,2275.0,2293.0,94005030.0,213259446732.0,2495.0
2024-01-07,2261.0,2291.0,2242.0,2254.0,2257.0,2269.0,49273197.0,111038322043.0,1308.0
2024-01-08,2240.0,2280.0,2240.0,2251.0,2248.0,2254.0,74589984.0,167909714622.0,1950.0
2024-01-09,2250.0,2282.0,2238.0,2256.0,2253.0,2251.0,136980300.0,309072281444.0,2824.0
2024-01-10,2278.0,2279.0,2255.0,2269.0,2258.0,2256.0,140649598.0,319154061041.0,2545.0
2024-01-13,2249.0,2288.0,2249.0,2269.0,2265.0,2269.0,111432848.0,252839826054.0,2447.0
2024-01-14,2264.0,2335.0,2260.0,2308.0,2302.0,2269.0,114477558.0,264258002532.0,2655.0
2024-01-15,2293.0,2318.0,2277.0,2297.0,2285.0,2308.0,88264056.0,202775397338.0,1944.0
2024-01-16,2250.0,2301.0,2241.0,2284.0,2295.0,2297.0,85305098.0,194814626181.0,1547.0
2024-01-17,2268.0,2285.0,2256.0,2269.0,2262.0,2284.0,53840697.0,122152869158.0,1440.0
2024-01-20,2262.0,2277.0,2190.0,2226.0,2220.0,2269.0,109454346.0,243662653170.0,2474.0
2024-01-21,2200.0,2228.0,2187.0,2209.0,2222.0,2226.0,92166431.0,203631250450.0,1848.0
2024-01-22,2210.0,2247.0,2187.0,2209.0,2212.0,2209.0,91162468.0,201412219034.0,1698.0
2024-01-23,2212.0,2238.0,2145.0,2187.0,2203.0,2209.0,144959870.0,317019867083.0,3294.0
2024-01-24,2200.0,2224.0,2180.0,2192.0,2199.0,2187.0,41195817.0,90339595813.0,1260.0
2024-01-27,2212.0,2230.0,2182.0,2196.0,2216.0,2192.0,59929198.0,131624890560.0,1350.0
2024-01-28,2220.0,2222.0,2187.0,2200.0,2204.0,2196.0,38297141.0,84310405000.0,1265.0
2024-01-29,2197.0,2210.0,2168.0,2188.0,2186.0,2200.0,57909487.0,126698501132.0,1503.0
2024-01-30,2187.0,2188.0,2136.0,2154.0,2140.0,2188.0,66825814.0,143970649807.0,2093.0
2024-01-31,2138.0,2154.0,2112.0,2128.0,2117.0,2154.0,147881342.0,314644727127.0,3256.0
2024-02-03,2160.0,2161.0,2126.0,2144.0,2130.0,2128.0,54558118.0,117019782717.0,1553.0
2024-02-04,2150.0,2155.0,2116.0,2135.0,2155.0,2144.0,51537377.0,109970729037.0,1712.0
2024-02-05,2135.0,2147.0,2120.0,2134.0,2130.0,2135.0,32083343.0,68455913250.0,1181.0
2024-02-06,2133.0,2145.0,2122.0,2130.0,2122.0,2134.0,50811186.0,108179297379.0,1247.0
2024-02-07,2122.0,2170.0,2112.0,2133.0,2143.0,2130.0,53193115.0,113455721341.0,1700.0
2024-02-10,2150.0,2168.0,2125.0,2135.0,2137.0,2133.0,50393964.0,107582109714.0,1592.0
2024-02-12,2127.0,2145.0,2115.0,2127.0,2116.0,2135.0,45619275.0,96963039649.0,1390.0
2024-02-13,2140.0,2157.0,2103.0,2120.0,2104.0,2127.0,41205462.0,87248848702.0,1320.0
2024-02-14,2110.0,2110.0,2080.0,2101.0,2081.0,2120.0,35507659.0,74196118083.0,1156.0
2024-02-17,2080.0,2100.0,2029.0,2051.0,2033.0,2101.0,91495018.0,187610666620.0,2550.0
2024-02-21,2015.0,2062.0,2015.0,2051.0,2059.0,2051.0,48374390.0,99229528482.0,929.0
2024-02-24,2012.0,2053.0,2012.0,2032.0,2023.0,2051.0,68540411.0,139307379609.0,2131.0
2024-03-05,1423.0,1423.0,1381.0,1399.0,1390.0,1355.0,225800058.0,315998283416.0,2901.0
2024-03-06,1398.0,1398.0,1371.0,1388.0,1390.0,1399.0,128062487.0,177776006569.0,2560.0
2024-03-09,1386.0,1387.0,1365.0,1375.0,1374.0,1388.0,126326608.0,173760683705.0,1650.0
2024-03-10,1389.0,1389.0,1349.0,1363.0,1363.0,1375.0,93977936.0,128119588861.0,1887.0
2024-03-11,1365.0,1431.0,1363.0,1425.0,1431.0,1363.0,392942086.0,560131285663.0,3746.0
2024-03-12,1466.0,1496.0,1442.0,1487.0,1475.0,1425.0,617219961.0,917855388827.0,8160.0
2024-03-13,1518.0,1547.0,1463.0,1489.0,1465.0,1487.0,205319089.0,305743763370.0,3878.0
2024-03-16,1488.0,1535.0,1441.0,1495.0,1471.0,1489.0,140442834.0,209972087218.0,2972.0
2024-03-17,1500.0,1531.0,1476.0,1492.0,1500.0,1495.0,194231623.0,289795049109.0,3767.0
2024-03-18,1513.0,1534.0,1501.0,1519.0,1521.0,1492.0,134782282.0,204770495573.0,2545.0
2024-03-24,1546.0,1568.0,1520.0,1544.0,1563.0,1519.0,116658976.0,180083215423.0,2326.0
2024-03-25,1572.0,1598.0,1544.0,1573.0,1569.0,1544.0,169538570.0,266714821289.0,2899.0
2024-03-26,1588.0,1588.0,1544.0,1564.0,1563.0,1573.0,95881772.0,149915148826.0,2094.0
2024-03-27,1556.0,1558.0,1507.0,1530.0,1517.0,1564.0,179508295.0,274576776220.0,4294.0
2024-03-30,1525.0,1538.0,1496.0,1509.0,1528.0,1530.0,97018873.0,146448292077.0,2753.0
2024-04-02,1464.0,1519.0,1461.0,1486.0,1500.0,1509.0,140671483.0,209091520214.0,2730.0
2024-04-03,1473.0,1500.0,1463.0,1481.0,1481.0,1486.0,115274688.0,170721233784.0,2420.0
2024-04-06,1480.0,1488.0,1410.0,1447.0,1419.0,1481.0,181998321.0,263319530063.0,4075.0
2024-04-07,1495.0,1497.0,1443.0,1461.0,1476.0,1447.0,150509002.0,219921117401.0,3050.0
2024-04-08,1483.0,1513.0,1460.0,1482.0,1468.0,1461.0,75609656.0,112159629835.0,1909.0
2024-04-09,1469.0,1493.0,1450.0,1483.0,1483.0,1482.0,95740718.0,141967016267.0,2365.0
2024-04-13,1488.0,1488.0,1409.0,1418.0,1411.0,1483.0,429766819.0,609273483303.0,5661.0
2024-04-14,1404.0,1404.0,1404.0,1404.0,1404.0,1418.0,86585575.0,121566147300.0,759.0
2024-04-15,1418.0,1418.0,1418.0,1415.0,1418.0,1404.0,61889148.0,87758811864.0,760.0
2024-04-16,1401.0,1420.0,1401.0,1401.0,1403.0,1415.0,160682980.0,225190558156.0,2085.0
2024-04-17,1414.0,1415.0,1400.0,1407.0,1401.0,1401.0,58038277.0,81804057750.0,1132.0
2024-04-20,1477.0,1477.0,1453.0,1472.0,1477.0,1407.0,115692985.0,170318027857.0,1751.0
2024-04-21,1500.0,1528.0,1465.0,1491.0,1470.0,1472.0,147948496.0,220550301906.0,2546.0
2024-04-22,1475.0,1498.0,1460.0,1477.0,1462.0,1491.0,95957247.0,141755562902.0,2094.0
2024-04-23,1495.0,1495.0,1440.0,1453.0,1448.0,1477.0,114290674.0,166029784029.0,2268.0
2024-04-24,1449.0,1473.0,1438.0,1448.0,1440.0,1453.0,62126081.0,89879021211.0,1401.0
2024-04-27,1421.0,1440.0,1397.0,1414.0,1416.0,1448.0,220419488.0,311764869739.0,4370.0
2024-04-28,1400.0,1420.0,1369.0,1386.0,1374.0,1414.0,137001352.0,189869236061.0,2910.0
2024-04-29,1380.0,1399.0,1376.0,1387.0,1376.0,1386.0,133391517.0,185026056398.0,2675.0
2024-04-30,1368.0,1394.0,1359.0,1374.0,1367.0,1387.0,86245462.0,118477853111.0,2168.0
2024-05-01,1376.0,1400.0,1370.0,1378.0,1399.0,1374.0,128682052.0,177269855531.0,2076.0
2024-05-05,1400.0,1408.0,1370.0,1380.0,1371.0,1378.0,65228771.0,90017931395.0,1672.0
2024-05-06,1395.0,1395.0,1356.0,1368.0,1365.0,1380.0,92079174.0,125972751475.0,1908.0
2024-05-07,1370.0,1387.0,1358.0,1365.0,1358.0,1368.0,63691402.0,86884926737.0,1498.0
2024-05-08,1365.0,1365.0,1345.0,1351.0,1346.0,1365.0,122761235.0,165833122042.0,2334.0
2024-05-11,1350.0,1351.0,1327.0,1339.0,1328.0,1351.0,96990992.0,129887435822.0,2433.0
2024-05-12,1350.0,1350.0,1273.0,1295.0,1273.0,1339.0,307649391.0,398473722086.0,4464.0
2024-05-13,1295.0,1308.0,1250.0,1269.0,1261.0,1295.0,110586263.0,140344703430.0,2416.0
2024-05-14,1275.0,1296.0,1261.0,1272.0,1270.0,1269.0,58200288.0,74129390057.0,1524.0
2024-05-15,1288.0,1288.0,1264.0,1274.0,1280.0,1272.0,62320693.0,79418343563.0,1340.0
2024-05-18,1278.0,1324.0,1270.0,1284.0,1270.0,1274.0,55767600.0,71982759905.0,1472.0
2024-05-19,1273.0,1273.0,1220.0,1228.0,1235.0,1284.0,154058799.0,189260391044.0,3181.0
2024-05-21,1223.0,1233.0,1209.0,1218.0,1214.0,1228.0,101275792.0,123342204071.0,1847.0
2024-05-25,1218.0,1238.0,1194.0,1205.0,1194.0,1218.0,63575097.0,76170613749.0,1888.0
2024-05-26,1181.0,1181.0,1181.0,1197.0,1181.0,1205.0,32696353.0,38614392893.0,416.0
2024-05-27,1174.0,1177.0,1174.0,1174.0,1174.0,1197.0,107032210.0,125668976112.0,1579.0
2024-05-28,1168.0,1197.0,1168.0,1191.0,1197.0,1174.0,75225003.0,89964295523.0,1210.0
2024-05-29,1214.0,1214.0,1201.0,1207.0,1214.0,1191.0,66843231.0,81140209344.0,902.0
2024-06-01,1220.0,1231.0,1208.0,1230.0,1231.0,1207.0,144289057.0,177455242410.0,1613.0
2024-06-02,1227.0,1254.0,1217.0,1241.0,1254.0,1230.0,118453678.0,146993656606.0,1747.0
2024-06-05,1265.0,1265.0,1265.0,1265.0,1265.0,1241.0,161803532.0,204681467980.0,1333.0
2024-06-08,1290.0,1290.0,1250.0,1282.0,1289.0,1265.0,473635847.0,607195835040.0,5399.0
2024-06-10,1500.0,1519.0,1470.0,1478.0,1473.0,1282.0,1076600352.0,1591198431243.0,8578.0
2024-06-11,1492.0,1507.0,1486.0,1500.0,1494.0,1478.0,912172010.0,1368432515363.0,8068.0
2024-06-12,1524.0,1530.0,1500.0,1512.0,1525.0,1500.0,600306054.0,907429503088.0,6762.0
2024-06-15,1527.0,1528.0,1512.0,1517.0,1525.0,1512.0,461692462.0,700558238481.0,4756.0
2024-06-16,1520.0,1525.0,1520.0,1522.0,1524.0,1517.0,224442873.0,341659736694.0,2213.0
2024-06-18,1523.0,1548.0,1523.0,1532.0,1530.0,1522.0,261581971.0,400871549531.0,3409.0
2024-06-23,1470.0,1474.0,1441.0,1458.0,1466.0,1466.0,141661511.0,206477017465.0,2347.0
2024-06-24,1445.0,1474.0,1445.0,1460.0,1458.0,1458.0,108244741.0,157986406499.0,1826.0
2024-06-26,1464.0,1485.0,1460.0,1477.0,1485.0,1460.0,101827094.0,150404268012.0,2074.0
2024-06-29,1490.0,1490.0,1466.0,1476.0,1466.0,1477.0,134350543.0,198324195741.0,1666.0
2024-06-30,1405.0,1493.0,1388.0,1440.0,1435.0,1476.0,208132262.0,299753215895.0,2792.0
2024-07-01,1450.0,1451.0,1425.0,1440.0,1447.0,1440.0,91701416.0,132064023187.0,1903.0
2024-07-02,1460.0,1460.0,1437.0,1445.0,1450.0,1440.0,76101595.0,109996576837.0,1334.0
2024-07-03,1456.0,1459.0,1441.0,1448.0,1454.0,1445.0,95874596.0,138795795261.0,1763.0
2024-07-06,1534.0,1534.0,1534.0,1534.0,1534.0,1448.0,160573641.0,246319965294.0,1310.0
2024-07-07,1590.0,1590.0,1516.0,1543.0,1535.0,1534.0,316003785.0,487702938332.0,3592.0
2024-07-08,1503.0,1523.0,1486.0,1504.0,1503.0,1543.0,95808152.0,144115220718.0,1494.0
2024-07-09,1461.0,1510.0,1450.0,1478.0,1460.0,1504.0,133775298.0,197739512011.0,2099.0
2024-07-10,1480.0,1480.0,1430.0,1457.0,1439.0,1478.0,45880628.0,66098223437.0,1076.0
2024-07-13,1431.0,1458.0,1401.0,1429.0,1438.0,1457.0,74802536.0,106672039940.0,2169.0
2024-07-14,1430.0,1443.0,1419.0,1428.0,1433.0,1429.0,53764888.0,76752400349.0,954.0
2024-07-17,1433.0,1443.0,1424.0,1428.0,1426.0,1428.0,49237496.0,70348382815.0,809.0
2024-07-20,1420.0,1431.0,1397.0,1413.0,1398.0,1428.0,62404743.0,87820170151.0,1553.0
2024-07-21,1397.0,1418.0,1350.0,1386.0,1382.0,1413.0,62966608.0,86681925001.0,1413.0
2024-07-22,1394.0,1394.0,1381.0,1386.0,1384.0,1386.0,53339950.0,73958713729.0,1339.0
2024-07-23,1386.0,1402.0,1363.0,1386.0,1380.0,1386.0,24760342.0,34319773390.0,609.0
2024-07-24,1395.0,1398.0,1379.0,1386.0,1382.0,1386.0,46720289.0,64736531190.0,2084.0
2024-07-27,1376.0,1398.0,1366.0,1383.0,1383.0,1386.0,33335841.0,45942073580.0,1244.0
2024-07-29,1389.0,1395.0,1346.0,1371.0,1349.0,1383.0,51640361.0,70380371740.0,1644.0
2024-07-30,1369.0,1382.0,1342.0,1366.0,1362.0,1371.0,58990315.0,80417755056.0,1393.0
2024-07-31,1339.0,1339.0,1287.0,1303.0,1300.0,1366.0,201969455.0,263127591967.0,2354.0
2024-08-03,1261.0,1303.0,1225.0,1255.0,1225.0,1303.0,199266256.0,250011361109.0,2636.0
2024-08-04,1246.0,1266.0,1243.0,1251.0,1244.0,1255.0,43251700.0,53948983741.0,1151.0
2024-08-05,1247.0,1257.0,1239.0,1243.0,1248.0,1251.0,82047368.0,101916548143.0,1518.0
2024-08-06,1247.0,1255.0,1231.0,1239.0,1245.0,1243.0,121986709.0,151172648419.0,2831.0
2024-08-10,1239.0,1250.0,1230.0,1238.0,1231.0,1239.0,36987092.0,45737135786.0,811.0
2024-08-11,1231.0,1239.0,1226.0,1233.0,1227.0,1238.0,47838573.0,58723993779.0,888.0
2024-08-12,1221.0,1239.0,1221.0,1228.0,1221.0,1233.0,46868093.0,57314683781.0,1443.0
2024-08-13,1216.0,1229.0,1216.0,1224.0,1229.0,1228.0,34452062.0,41941308445.0,478.0
2024-08-14,1236.0,1236.0,1236.0,1228.0,1236.0,1224.0,29272337.0,36180608532.0,533.0
2024-08-17,1252.0,1252.0,1252.0,1233.0,1252.0,1228.0,21762965.0,27247232180.0,301.0
2024-08-18,1257.0,1257.0,1257.0,1247.0,1257.0,1233.0,55885143.0,70247624751.0,441.0
2024-08-19,1266.0,1266.0,1240.0,1250.0,1250.0,1247.0,52596242.0,65917606498.0,806.0
2024-08-20,1250.0,1267.0,1231.0,1250.0,1262.0,1250.0,29569907.0,36972942832.0,714.0
2024-08-21,1270.0,1275.0,1250.0,1260.0,1275.0,1250.0,40297574.0,51344511057.0,663.0
2024-08-24,1285.0,1285.0,1285.0,1271.0,1285.0,1260.0,40323439.0,51815619115.0,460.0
2024-08-26,1296.0,1296.0,1296.0,1276.0,1296.0,1271.0,17410701.0,22564268496.0,332.0
2024-08-27,1301.0,1301.0,1301.0,1283.0,1301.0,1276.0,28374284.0,36914943484.0,407.0
2024-08-28,1308.0,1308.0,1308.0,1287.0,1308.0,1283.0,15291030.0,20000667240.0,274.0
2024-08-31,1312.0,1312.0,1312.0,1290.0,1312.0,1287.0,9635104.0,12641256448.0,196.0
2024-09-01,1315.0,1315.0,1315.0,1307.0,1315.0,1290.0,64162477.0,84373657255.0,529.0
2024-09-03,1333.0,1333.0,1327.0,1333.0,1333.0,1307.0,140440160.0,187193779175.0,1598.0
2024-09-07,1362.0,1372.0,1333.0,1355.0,1350.0,1333.0,76855936.0,104432409058.0,1620.0
2024-09-08,1344.0,1395.0,1344.0,1378.0,1376.0,1355.0,95284715.0,131307567104.0,1920.0
2024-09-09,1418.0,1418.0,1374.0,1385.0,1380.0,1378.0,50760465.0,70538974063.0,1200.0
2024-09-10,1378.0,1415.0,1370.0,1392.0,1395.0,1385.0,66859636.0,93201580455.0,1634.0
2024-09-11,1400.0,1420.0,1371.0,1387.0,1385.0,1392.0,75288577.0,104370943366.0,1708.0
2024-09-14,1385.0,1388.0,1346.0,1369.0,1346.0,1387.0,69515366.0,94818798063.0,1906.0
2024-09-15,1332.0,1346.0,1328.0,1354.0,1328.0,1369.0,36566310.0,48728742132.0,740.0
2024-09-16,1321.0,1370.0,1314.0,1344.0,1352.0,1354.0,96576391.0,129763785641.0,1942.0
2024-09-17,1350.0,1384.0,1350.0,1363.0,1384.0,1344.0,43127301.0,59615379353.0,707.0
2024-09-18,1403.0,1403.0,1403.0,1395.0,1403.0,1363.0,68462251.0,96052538153.0,773.0
2024-09-22,1436.0,1436.0,1412.0,1436.0,1436.0,1395.0,376679845.0,540835118207.0,3502.0
2024-09-23,1479.0,1479.0,1479.0,1479.0,1479.0,1436.0,121861188.0,180232697052.0,911.0
2024-09-24,1523.0,1523.0,1502.0,1523.0,1523.0,1479.0,452203249.0,688684987764.0,3272.0
2024-09-25,1568.0,1568.0,1529.0,1559.0,1530.0,1523.0,454063497.0,707962772412.0,4786.0
2024-09-28,1544.0,1544.0,1544.0,1557.0,1544.0,1559.0,8623100.0,13314066400.0,126.0
2024-09-29,1542.0,1548.0,1542.0,1542.0,1547.0,1557.0,480446622.0,740895737392.0,3803.0
2024-09-30,1530.0,1549.0,1527.0,1528.0,1527.0,1542.0,182573352.0,278894920882.0,1558.0
2024-10-01,1513.0,1513.0,1513.0,1528.0,1513.0,1528.0,1033481.0,1563656753.0,38.0
2024-10-02,1513.0,1513.0,1513.0,1513.0,1513.0,1528.0,697342625.0,1055079391625.0,3040.0
2024-10-05,1498.0,1498.0,1498.0,1512.0,1498.0,1513.0,3276408.0,4908059184.0,77.0
2024-10-06,1497.0,1497.0,1497.0,1512.0,1497.0,1512.0,2339726.0,3502569822.0,42.0
2024-10-07,1497.0,1497.0,1497.0,1497.0,1497.0,1512.0,213009703.0,318875525391.0,1418.0
2024-10-08,1491.0,1496.0,1483.0,1487.0,1483.0,1497.0,114895643.0,170904095469.0,1113.0
2024-10-09,1476.0,1485.0,1473.0,1475.0,1473.0,1487.0,76199943.0,112343763397.0,1318.0
2024-10-12,1461.0,1498.0,1451.0,1469.0,1476.0,1475.0,68674416.0,100781449066.0,1202.0
2024-10-13,1489.0,1498.0,1451.0,1471.0,1470.0,1469.0,54131148.0,79655117208.0,1270.0
2024-10-14,1444.0,1468.0,1427.0,1442.0,1427.0,1471.0,57785768.0,82628335511.0,690.0
2024-10-15,1399.0,1419.0,1399.0,1435.0,1399.0,1442.0,13294062.0,18599387738.0,240.0
2024-10-16,1392.0,1449.0,1392.0,1405.0,1392.0,1435.0,92946937.0,130558429478.0,2855.0
2024-10-19,1365.0,1370.0,1363.0,1395.0,1363.0,1405.0,21195003.0,28905136634.0,340.0
2024-10-20,1354.0,1354.0,1354.0,1394.0,1354.0,1395.0,1891050.0,2560481700.0,90.0
2024-10-21,1353.0,1353.0,1353.0,1388.0,1353.0,1394.0,11457631.0,15502174743.0,231.0
2024-10-22,1347.0,1388.0,1347.0,1349.0,1347.0,1388.0,95875596.0,129367373907.0,1090.0
2024-10-23,1309.0,1309.0,1309.0,1340.0,1309.0,1349.0,18354888.0,24026548392.0,268.0
2024-10-26,1379.0,1380.0,1353.0,1379.0,1380.0,1340.0,122399871.0,168800743095.0,1329.0
2024-10-27,1420.0,1420.0,1420.0,1406.0,1420.0,1379.0,57982827.0,82335614340.0,588.0
2024-10-28,1448.0,1448.0,1408.0,1437.0,1440.0,1406.0,231431288.0,332664767389.0,2823.0
2024-10-29,1399.0,1419.0,1394.0,1404.0,1394.0,1437.0,69654809.0,97145237023.0,1004.0
2024-10-30,1362.0,1426.0,1362.0,1388.0,1400.0,1404.0,167678484.0,232656880827.0,2479.0
2024-11-02,1369.0,1409.0,1347.0,1364.0,1347.0,1388.0,104530802.0,142584849818.0,1900.0
2024-11-03,1324.0,1324.0,1324.0,1361.0,1324.0,1364.0,7390527.0,9785057748.0,212.0
2024-11-04,1321.0,1321.0,1321.0,1356.0,1321.0,1361.0,10787262.0,14249973102.0,256.0
2024-11-05,1323.0,1364.0,1317.0,1331.0,1320.0,1356.0,158438787.0,210808463073.0,2201.0
2024-11-06,1292.0,1339.0,1292.0,1306.0,1307.0,1331.0,105127887.0,137247518540.0,1782.0
2024-11-09,1340.0,1345.0,1323.0,1342.0,1345.0,1306.0,85096885.0,114411777346.0,994.0
2024-11-10,1382.0,1382.0,1382.0,1368.0,1382.0,1342.0,59808431.0,82655251642.0,659.0
2024-11-11,1409.0,1409.0,1382.0,1405.0,1390.0,1368.0,264208263.0,371086302890.0,3177.0
2024-11-12,1403.0,1420.0,1368.0,1392.0,1400.0,1405.0,87258259.0,121359292530.0,1678.0
2024-11-13,1410.0,1420.0,1378.0,1395.0,1404.0,1392.0,133347448.0,186035399110.0,1877.0
2024-11-16,1420.0,1436.0,1418.0,1435.0,1436.0,1395.0,104034739.0,149269899322.0,1151.0
2024-11-17,1470.0,1470.0,1396.0,1433.0,1411.0,1435.0,204911389.0,293561746136.0,2893.0
2024-11-18,1449.0,1475.0,1420.0,1465.0,1475.0,1433.0,210494551.0,308313837788.0,2336.0
2024-11-19,1495.0,1508.0,1450.0,1494.0,1452.0,1465.0,377967323.0,564580558881.0,4230.0
2024-11-20,1470.0,1470.0,1450.0,1451.0,1450.0,1494.0,163713948.0,237487810323.0,1797.0
2024-11-23,1494.0,1494.0,1463.0,1492.0,1494.0,1451.0,257774706.0,384701418349.0,2521.0
2024-11-24,1525.0,1536.0,1507.0,1535.0,1536.0,1492.0,150940965.0,231687658236.0,1554.0
2024-11-25,1581.0,1581.0,1581.0,1581.0,1581.0,1535.0,310694915.0,491208660615.0,1954.0
2024-11-26,1628.0,1628.0,1581.0,1619.0,1590.0,1581.0,1048710208.0,1698100432963.0,9262.0
2024-11-27,1614.0,1667.0,1580.0,1644.0,1667.0,1619.0,585091989.0,961801414076.0,5853.0
2024-11-30,1595.0,1615.0,1595.0,1596.0,1595.0,1644.0,402411311.0,642116383700.0,3133.0
2024-12-01,1553.0,1624.0,1549.0,1578.0,1595.0,1596.0,288881027.0,455748961962.0,3076.0
2024-12-02,1625.0,1625.0,1625.0,1625.0,1625.0,1578.0,188018239.0,305529638375.0,1567.0
2024-12-03,1673.0,1673.0,1635.0,1671.0,1673.0,1625.0,898663143.0,1501915465124.0,7166.0
2024-12-04,1661.0,1721.0,1639.0,1719.0,1721.0,1671.0,680899300.0,1170404581114.0,4775.0
2024-12-07,1729.0,1770.0,1671.0,1746.0,1737.0,1719.0,1286165517.0,2246061254873.0,11306.0
2024-12-08,1700.0,1790.0,1694.0,1744.0,1784.0,1746.0,359984986.0,627864143173.0,5104.0
2024-12-09,1788.0,1796.0,1770.0,1796.0,1796.0,1744.0,538294668.0,966675490232.0,3931.0
2024-12-10,1844.0,1849.0,1785.0,1842.0,1820.0,1796.0,1113417416.0,2050423280914.0,9629.0
2024-12-11,1810.0,1897.0,1810.0,1885.0,1897.0,1842.0,1052708842.0,1984124975761.0,7861.0
2024-12-14,1941.0,1941.0,1941.0,1941.0,1941.0,1885.0,234288610.0,454754192010.0,1814.0
2024-12-15,1999.0,1999.0,1961.0,1996.0,1999.0,1941.0,1414262041.0,2823385843035.0,11627.0
2024-12-16,1997.0,2055.0,1938.0,2014.0,1952.0,1996.0,1324155954.0,2666814435138.0,14558.0
2024-12-17,1954.0,2020.0,1954.0,1962.0,1954.0,2014.0,407676875.0,799660454774.0,4161.0
2024-12-18,1904.0,1947.0,1904.0,1907.0,1930.0,1962.0,872211881.0,1662964200948.0,8733.0
2024-12-21,1964.0,1964.0,1964.0,1964.0,1964.0,1907.0,579431714.0,1138003886296.0,3744.0
2024-12-22,1965.0,1986.0,1906.0,1929.0,1906.0,1964.0,595624623.0,1149088244643.0,7777.0
2024-12-23,1881.0,1985.0,1881.0,1951.0,1940.0,1929.0,246279374.0,480510170269.0,3304.0
2024-12-24,1974.0,1990.0,1893.0,1912.0,1915.0,1951.0,1043158272.0,1994394419996.0,13135.0
2024-12-25,1914.0,1935.0,1855.0,1862.0,1857.0,1912.0,651778274.0,1213338897948.0,7784.0
2024-12-28,1917.0,1917.0,1900.0,1917.0,1917.0,1862.0,1744579744.0,3344275066763.0,11889.0
2024-12-29,1935.0,1943.0,1864.0,1905.0,1923.0,1917.0,386342360.0,736032985184.0,5831.0
2024-12-30,1930.0,1962.0,1870.0,1956.0,1962.0,1905.0,1303536763.0,2550224495228.0,11990.0
2024-12-31,2014.0,2014.0,1977.0,2012.0,2014.0,1956.0,1056540650.0,2126025950613.0,8155.0
2025-01-01,2040.0,2050.0,1978.0,2018.0,2037.0,2012.0,538752786.0,1087401458094.0,9388.0
2025-01-04,2060.0,2078.0,2035.0,2070.0,2060.0,2018.0,597117946.0,1236286379351.0,6579.0
2025-01-05,2060.0,2069.0,2008.0,2017.0,2008.0,2070.0,760341326.0,1533767737529.0,10592.0
2025-01-06,1965.0,2015.0,1957.0,1973.0,1986.0,2017.0,413858777.0,816500743135.0,6959.0
2025-01-07,1988.0,2019.0,1962.0,1990.0,1995.0,1973.0,516457896.0,1027918772968.0,7200.0
2025-01-08,1991.0,2025.0,1974.0,1991.0,1988.0,1990.0,399129503.0,794711090945.0,6766.0
2025-01-11,1989.0,1990.0,1932.0,1941.0,1932.0,1991.0,420681447.0,816423263643.0,6782.0
2025-01-12,1889.0,1900.0,1883.0,1884.0,1883.0,1941.0,146344436.0,275689037289.0,1993.0
2025-01-13,1852.0,1940.0,1852.0,1906.0,1905.0,1884.0,357868381.0,681985301271.0,6940.0
2025-01-15,1932.0,1954.0,1857.0,1891.0,1859.0,1906.0,254383879.0,481001160024.0,5487.0
2025-01-18,1860.0,1887.0,1835.0,1838.0,1835.0,1891.0,357653639.0,657283519822.0,4282.0
2025-01-19,1830.0,1849.0,1795.0,1818.0,1820.0,1838.0,145379860.0,264318097830.0,2724.0
2025-01-20,1798.0,1798.0,1764.0,1765.0,1764.0,1818.0,259664071.0,458402110556.0,3267.0
2025-01-21,1783.0,1817.0,1730.0,1798.0,1817.0,1765.0,263202342.0,473292229815.0,4214.0
2025-01-22,1840.0,1851.0,1828.0,1847.0,1851.0,1798.0,159293996.0,294203513010.0,2349.0
2025-01-25,1855.0,1902.0,1852.0,1897.0,1902.0,1847.0,366330147.0,695083435206.0,3587.0
2025-01-26,1918.0,1930.0,1849.0,1880.0,1862.0,1897.0,261909191.0,492282679268.0,4933.0
2025-01-27,1854.0,1890.0,1838.0,1860.0,1844.0,1880.0,134258682.0,249656586646.0,3368.0
2025-01-29,1883.0,1885.0,1805.0,1825.0,1817.0,1860.0,126862452.0,231531646169.0,2439.0
2025-02-01,1820.0,1843.0,1771.0,1781.0,1796.0,1825.0,208292106.0,371032337112.0,4180.0
2025-02-02,1796.0,1809.0,1785.0,1794.0,1794.0,1781.0,105048905.0,188507052665.0,2443.0
2025-02-03,1809.0,1810.0,1780.0,1791.0,1801.0,1794.0,116408463.0,208475087141.0,2695.0
2025-02-04,1814.0,1833.0,1798.0,1812.0,1802.0,1791.0,108023935.0,195716581128.0,1918.0
2025-02-05,1806.0,1848.0,1774.0,1807.0,1830.0,1812.0,235492932.0,425511093389.0,5338.0
2025-02-09,1847.0,1847.0,1762.0,1795.0,1763.0,1807.0,273955805.0,491846180517.0,4717.0
2025-02-11,1782.0,1783.0,1742.0,1745.0,1742.0,1795.0,410659775.0,716761856310.0,4566.0
2025-02-15,1693.0,1693.0,1693.0,1731.0,1693.0,1745.0,18943502.0,32071348886.0,322.0
2025-02-16,1680.0,1693.0,1680.0,1680.0,1684.0,1731.0,398187837.0,669093238878.0,5173.0
2025-02-17,1702.0,1715.0,1666.0,1692.0,1679.0,1680.0,81096391.0,137211295542.0,1559.0
2025-02-18,1690.0,1727.0,1686.0,1705.0,1710.0,1692.0,125525658.0,214070304336.0,2263.0
2025-02-19,1715.0,1736.0,1691.0,1711.0,1705.0,1705.0,235159181.0,402421138222.0,3624.0
2025-02-22,1745.0,1747.0,1660.0,1683.0,1660.0,1711.0,321895704.0,541847734425.0,5592.0
2025-02-25,1733.0,1733.0,1730.0,1733.0,1733.0,1683.0,598326470.0,1036873644263.0,4246.0
2025-02-26,1760.0,1784.0,1742.0,1780.0,1780.0,1733.0,543591801.0,967612261654.0,5340.0
2025-03-01,1833.0,1833.0,1797.0,1826.0,1814.0,1780.0,550950351.0,1006040418122.0,6575.0
2025-03-29,440.0,450.0,436.0,441.0,438.0,414.0,2835466116.0,1250756541742.0,17162.0
2025-03-30,442.0,454.0,433.0,453.0,454.0,441.0,2436058330.0,1102716939198.0,13971.0
2025-04-05,466.0,466.0,466.0,466.0,466.0,453.0,2395642384.0,1116369350944.0,12681.0
2025-04-06,479.0,479.0,468.0,478.0,478.0,466.0,11258784879.0,5381452554590.0,66505.0
2025-04-07,478.0,492.0,466.0,487.0,492.0,478.0,6315495364.0,3073769915873.0,39423.0
2025-04-08,501.0,501.0,501.0,501.0,501.0,487.0,3153910062.0,1580108941062.0,15345.0
2025-04-09,516.0,516.0,516.0,516.0,516.0,501.0,2957323043.0,1525978690188.0,14762.0
2025-04-12,531.0,531.0,531.0,531.0,531.0,516.0,2103088194.0,1116739831014.0,10342.0
2025-04-13,546.0,546.0,546.0,546.0,546.0,531.0,4553450107.0,2486183758422.0,22038.0
2025-04-14,562.0,562.0,562.0,562.0,562.0,546.0,4028959345.0,2264275151890.0,20676.0
2025-04-15,578.0,578.0,555.0,577.0,578.0,562.0,19382203339.0,11181495542090.0,103383.0
2025-04-16,580.0,594.0,580.0,593.0,594.0,577.0,3974574206.0,2356330912869.0,22617.0
2025-04-19,610.0,610.0,610.0,610.0,610.0,593.0,2094103421.0,1277403086810.0,11605.0
2025-04-20,628.0,628.0,628.0,628.0,628.0,610.0,3423412689.0,2149903168692.0,17088.0
2025-04-21,646.0,646.0,639.0,646.0,646.0,628.0,14634183002.0,9451355329781.0,84770.0
2025-04-22,651.0,665.0,627.0,640.0,627.0,646.0,18434733537.0,11791106534880.0,124552.0
2025-04-23,629.0,648.0,621.0,625.0,621.0,640.0,9516320578.0,5950830420072.0,63684.0
2025-04-26,638.0,639.0,607.0,614.0,619.0,625.0,7525463283.0,4619317506197.0,51500.0
2025-04-27,596.0,609.0,596.0,597.0,596.0,614.0,5249100464.0,3135721115350.0,34602.0
2025-04-28,609.0,614.0,581.0,598.0,590.0,597.0,5314630215.0,3180638379947.0,37690.0
2025-04-29,589.0,606.0,581.0,592.0,590.0,598.0,3454116494.0,2045900509136.0,26922.0
2025-04-30,598.0,609.0,595.0,609.0,609.0,592.0,3565993477.0,2170549817340.0,21287.0
2025-05-03,591.0,593.0,591.0,591.0,591.0,609.0,4397481744.0,2598973669896.0,24433.0
2025-05-04,575.0,591.0,574.0,580.0,584.0,591.0,4554047196.0,2642519924502.0,27562.0
2025-05-05,592.0,597.0,590.0,597.0,597.0,580.0,4896526585.0,2922093269952.0,28451.0
2025-05-06,600.0,614.0,591.0,612.0,614.0,597.0,4721729630.0,2887908282505.0,24716.0
2025-05-07,630.0,630.0,630.0,630.0,630.0,612.0,3525141855.0,2220839368650.0,19265.0
2025-05-10,612.0,620.0,612.0,612.0,612.0,630.0,4283503037.0,2623368578343.0,25166.0
2025-05-11,598.0,605.0,594.0,595.0,595.0,612.0,2965577089.0,1765133400530.0,20098.0
2025-05-12,612.0,612.0,612.0,612.0,612.0,595.0,3331262090.0,2038732399080.0,17455.0
2025-05-13,625.0,630.0,619.0,627.0,630.0,612.0,3314287044.0,2077583552034.0,19616.0
2025-05-14,626.0,640.0,611.0,624.0,620.0,627.0,4461359181.0,2786104888605.0,32072.0
2025-05-17,642.0,642.0,607.0,630.0,625.0,624.0,5139802652.0,3238504408437.0,32230.0
2025-05-18,626.0,633.0,620.0,626.0,622.0,630.0,2540219340.0,1589199830405.0,18468.0
2025-05-19,615.0,618.0,608.0,609.0,608.0,626.0,4473502599.0,2722337690549.0,27395.0
2025-05-20,602.0,605.0,591.0,591.0,591.0,609.0,3691924037.0,2183057606895.0,21966.0
2025-05-21,574.0,589.0,574.0,575.0,582.0,591.0,4475082166.0,2572396777870.0,27314.0
2025-05-24,589.0,592.0,566.0,582.0,580.0,575.0,1418316270.0,825826724663.0,11765.0
2025-05-25,578.0,578.0,565.0,566.0,565.0,582.0,1876809096.0,1061380513245.0,12724.0
2025-05-26,575.0,582.0,560.0,576.0,582.0,566.0,3472192584.0,2000517367568.0,23308.0
2025-05-27,593.0,593.0,593.0,593.0,593.0,576.0,1872567531.0,1110432545883.0,9444.0
2025-05-28,605.0,610.0,593.0,603.0,600.0,593.0,3895996860.0,2348915019727.0,20391.0
2025-05-31,616.0,618.0,590.0,603.0,592.0,603.0,2495692634.0,1506128441555.0,17077.0
2025-06-01,590.0,599.0,585.0,587.0,590.0,603.0,3477154186.0,2039830428530.0,23072.0
2025-06-02,586.0,594.0,579.0,585.0,581.0,587.0,1519146919.0,889335945601.0,11226.0
2025-06-03,581.0,581.0,568.0,569.0,568.0,585.0,1808195503.0,1029656767050.0,12706.0
2025-06-07,552.0,556.0,552.0,552.0,552.0,569.0,2714664781.0,1498521894484.0,15613.0
2025-06-08,540.0,554.0,536.0,540.0,539.0,552.0,2169169052.0,1171439987973.0,14932.0
2025-06-09,545.0,545.0,524.0,527.0,524.0,540.0,782735327.0,412246592866.0,4957.0
2025-06-10,525.0,536.0,514.0,522.0,530.0,527.0,1979715881.0,1033723191477.0,12837.0
2025-06-11,532.0,533.0,511.0,516.0,513.0,522.0,1632412751.0,841844575854.0,11352.0
2025-06-28,501.0,501.0,501.0,501.0,501.0,516.0,533216830.0,267141631830.0,1834.0
2025-06-29,486.0,486.0,486.0,486.0,486.0,501.0,1326942620.0,644894113320.0,6945.0
2025-06-30,472.0,472.0,472.0,472.0,472.0,486.0,13180869789.0,6221370540408.0,66900.0
2025-07-01,458.0,459.0,458.0,458.0,458.0,472.0,13532563477.0,6197948415410.0,56571.0
2025-07-02,445.0,471.0,445.0,460.0,471.0,458.0,5173095196.0,2379224607206.0,23101.0
2025-07-07,473.0,473.0,461.0,471.0,468.0,460.0,2286610408.0,1076761795887.0,12956.0
2025-07-08,470.0,473.0,457.0,458.0,457.0,471.0,924721448.0,423463952061.0,5264.0
2025-07-09,445.0,460.0,445.0,447.0,453.0,458.0,1778461726.0,794858247059.0,10368.0
2025-07-12,460.0,460.0,460.0,460.0,460.0,447.0,648789076.0,298442974960.0,3658.0
2025-07-13,473.0,473.0,462.0,470.0,472.0,460.0,2804112481.0,1318889074334.0,15376.0
2025-07-14,473.0,476.0,468.0,471.0,468.0,470.0,2051424001.0,966623227618.0,12525.0
2025-07-15,475.0,476.0,464.0,470.0,472.0,471.0,2475689247.0,1163296881891.0,11484.0
2025-07-16,474.0,475.0,468.0,471.0,468.0,470.0,1069585656.0,503592378745.0,6906.0
2025-07-19,471.0,474.0,465.0,470.0,473.0,471.0,2698962965.0,1268526990199.0,12434.0
2025-07-20,473.0,476.0,467.0,472.0,476.0,470.0,2656635141.0,1254179907906.0,10793.0
2025-07-30,448.0,448.0,448.0,459.0,448.0,461.0,43130496.0,19322462208.0,448.0
2025-08-02,446.0,446.0,446.0,446.0,446.0,459.0,6837426862.0,3049492380452.0,27441.0
2025-08-03,433.0,448.0,433.0,439.0,433.0,446.0,4468538594.0,1962280133145.0,19486.0
2025-08-04,428.0,433.0,426.0,428.0,428.0,439.0,2384963344.0,1020588981552.0,12889.0
2025-08-05,424.0,428.0,416.0,422.0,416.0,428.0,1711905987.0,721899610656.0,10520.0
2025-08-06,410.0,418.0,410.0,411.0,410.0,422.0,1018996582.0,418954845691.0,6267.0
2025-08-09,414.0,422.0,405.0,418.0,416.0,411.0,1028492661.0,429446715589.0,6865.0
2025-08-10,419.0,419.0,406.0,408.0,406.0,418.0,1026724296.0,419325519901.0,6831.0
2025-08-11,400.0,406.0,396.0,397.0,396.0,408.0,502943678.0,199652406999.0,3934.0
2025-08-12,386.0,386.0,386.0,389.0,386.0,397.0,204374585.0,78888589810.0,1266.0
2025-08-13,378.0,378.0,378.0,378.0,378.0,389.0,508002164.0,192024817992.0,2836.0
2025-08-16,367.0,375.0,367.0,368.0,367.0,378.0,1782818645.0,655585301152.0,11437.0
2025-08-17,368.0,379.0,368.0,378.0,379.0,368.0,519025373.0,196027326607.0,3269.0
2025-08-18,389.0,389.0,367.0,377.0,371.0,378.0,1186094753.0,447262976903.0,8066.0
2025-08-19,370.0,374.0,366.0,367.0,366.0,377.0,813074735.0,298672230456.0,5458.0
2025-08-20,359.0,363.0,356.0,357.0,358.0,367.0,791821844.0,282762531164.0,5557.0
2025-08-23,356.0,360.0,349.0,352.0,351.0,357.0,469491137.0,165276162461.0,3547.0
2025-08-25,348.0,351.0,342.0,343.0,342.0,352.0,505094143.0,173194652296.0,3489.0
2025-08-26,333.0,341.0,333.0,336.0,337.0,343.0,635865019.0,213392040528.0,4439.0
2025-08-27,331.0,346.0,331.0,344.0,342.0,336.0,751291582.0,258497294446.0,5074.0
2025-08-30,334.0,341.0,334.0,334.0,335.0,344.0,692487949.0,231586035286.0,4513.0
2025-08-31,335.0,344.0,335.0,344.0,344.0,334.0,596810749.0,205020840168.0,4041.0
2025-09-02,354.0,354.0,348.0,354.0,354.0,344.0,412926745.0,146167655435.0,2108.0
2025-09-03,364.0,364.0,364.0,364.0,364.0,354.0,497994606.0,181270036584.0,2498.0
2025-09-06,374.0,374.0,361.0,372.0,368.0,364.0,2168706245.0,807452010307.0,13045.0
2025-09-07,369.0,383.0,363.0,381.0,383.0,372.0,1028912016.0,391712665071.0,6628.0
2025-09-08,392.0,392.0,392.0,392.0,392.0,381.0,401815146.0,157511537232.0,2147.0
2025-09-09,403.0,403.0,389.0,398.0,396.0,392.0,1353667252.0,538863490946.0,8913.0
2025-09-13,398.0,403.0,387.0,397.0,397.0,398.0,779139707.0,309544670820.0,5497.0
2025-09-14,408.0,408.0,408.0,408.0,408.0,397.0,457446375.0,186638121000.0,2192.0
2025-09-15,410.0,420.0,408.0,415.0,415.0,408.0,2172444966.0,902339306131.0,12937.0
2025-09-16,407.0,422.0,403.0,407.0,403.0,415.0,1293029081.0,525800112544.0,7908.0
2025-09-17,398.0,406.0,395.0,397.0,395.0,407.0,864872224.0,343563743899.0,5473.0
2025-09-20,386.0,386.0,386.0,392.0,386.0,397.0,126871243.0,48972299798.0,517.0
2025-09-21,381.0,386.0,381.0,381.0,386.0,392.0,2065108409.0,786878714505.0,10014.0
2025-09-22,389.0,392.0,386.0,391.0,392.0,381.0,765845849.0,299150032603.0,5040.0
2025-09-23,394.0,396.0,382.0,387.0,386.0,391.0,686856573.0,265630128936.0,4380.0
2025-09-24,376.0,379.0,376.0,376.0,378.0,387.0,896908365.0,337408919522.0,5537.0
2025-09-27,366.0,387.0,366.0,384.0,387.0,376.0,492909989.0,189344688077.0,3068.0
2025-09-28,395.0,395.0,395.0,395.0,395.0,384.0,675025678.0,266635142810.0,3702.0
2025-09-29,406.0,406.0,406.0,406.0,406.0,395.0,644122868.0,261513884408.0,3409.0
2025-09-30,409.0,417.0,394.0,403.0,396.0,406.0,2114066367.0,851953659794.0,12757.0
2025-10-01,399.0,404.0,391.0,394.0,392.0,403.0,1186248389.0,466875696473.0,6701.0
2025-10-04,405.0,405.0,405.0,405.0,405.0,394.0,422408370.0,171075389850.0,2479.0
2025-10-05,417.0,417.0,408.0,413.0,410.0,405.0,3301044358.0,1363909193040.0,19075.0
2025-10-06,411.0,420.0,401.0,409.0,402.0,413.0,1417864629.0,580006916090.0,9720.0
2025-10-07,402.0,421.0,401.0,419.0,421.0,409.0,2513071985.0,1053469946375.0,14942.0
2025-10-08,431.0,431.0,421.0,431.0,431.0,419.0,4227315393.0,1821021143726.0,21291.0
2025-10-11,443.0,443.0,440.0,443.0,443.0,431.0,4255958595.0,1885319686208.0,21166.0
2025-10-12,450.0,456.0,446.0,456.0,456.0,443.0,1496348496.0,681610964339.0,8073.0
2025-10-13,469.0,469.0,458.0,468.0,468.0,456.0,4895789826.0,2290530962000.0,27124.0
2025-10-14,471.0,471.0,454.0,459.0,454.0,468.0,1314835907.0,604114373446.0,7982.0
2025-10-15,446.0,453.0,446.0,446.0,450.0,459.0,2642623895.0,1179700689028.0,15008.0
2025-10-18,455.0,459.0,455.0,459.0,459.0,446.0,1253982342.0,575456524637.0,7242.0
2025-10-19,459.0,470.0,448.0,463.0,455.0,459.0,1471187332.0,680915795478.0,9227.0
2025-10-20,457.0,469.0,450.0,457.0,460.0,463.0,2042284686.0,932925816498.0,12815.0
2025-10-21,458.0,466.0,447.0,455.0,456.0,457.0,738183361.0,335991927965.0,5068.0
2025-10-22,463.0,468.0,449.0,466.0,468.0,455.0,1804687944.0,840714880066.0,10263.0
2025-10-25,472.0,479.0,472.0,478.0,479.0,466.0,2563925516.0,1224358222487.0,14507.0
2025-10-26,480.0,488.0,472.0,479.0,476.0,478.0,1227498743.0,587410397356.0,8337.0
2025-10-27,479.0,485.0,470.0,480.0,479.0,479.0,1913606903.0,918463902767.0,12434.0
2025-10-28,485.0,488.0,467.0,476.0,477.0,480.0,1520551681.0,723885574303.0,10541.0
2025-10-29,474.0,483.0,465.0,477.0,481.0,476.0,1207440724.0,575901278309.0,8547.0
2025-11-01,483.0,490.0,470.0,480.0,473.0,477.0,1996586972.0,959097907875.0,12993.0
2025-11-02,479.0,489.0,473.0,482.0,487.0,480.0,1429979145.0,688831069484.0,9320.0
2025-11-03,482.0,496.0,482.0,495.0,493.0,482.0,5143976382.0,2547122228452.0,28700.0
2025-11-04,485.0,509.0,485.0,501.0,490.0,495.0,4823520447.0,2415407979409.0,29280.0
2025-11-05,492.0,501.0,486.0,492.0,496.0,501.0,1868943443.0,919065781029.0,11547.0
2025-11-08,500.0,503.0,478.0,489.0,484.0,492.0,1296217192.0,633767970339.0,8958.0
2025-11-09,480.0,480.0,475.0,475.0,475.0,489.0,1019291604.0,484221556446.0,5606.0
2025-11-10,461.0,464.0,461.0,461.0,464.0,475.0,1522571773.0,701966084326.0,8789.0
2025-11-11,469.0,470.0,448.0,455.0,451.0,461.0,1319777139.0,600016629074.0,8722.0
2025-11-12,455.0,458.0,444.0,453.0,455.0,455.0,953008312.0,431280244894.0,6257.0
2025-11-15,453.0,460.0,445.0,450.0,448.0,453.0,735255662.0,330758473904.0,5430.0
2025-11-16,451.0,463.0,447.0,460.0,463.0,450.0,831977615.0,382749356528.0,4948.0
2025-11-17,469.0,473.0,465.0,472.0,466.0,460.0,1851057171.0,873628576778.0,11137.0
2025-11-18,467.0,478.0,461.0,470.0,467.0,472.0,832786854.0,391120014000.0,5686.0
2025-11-19,467.0,473.0,465.0,469.0,469.0,470.0,470081501.0,220260810951.0,3201.0
2025-11-22,472.0,476.0,463.0,470.0,468.0,469.0,1107563123.0,520014599575.0,6725.0
2025-11-23,468.0,482.0,462.0,476.0,478.0,470.0,1012118473.0,481435727345.0,6273.0
2025-11-25,483.0,490.0,479.0,489.0,490.0,476.0,1844780399.0,902046241657.0,11508.0
2025-11-26,490.0,493.0,475.0,478.0,479.0,489.0,986371719.0,471800253087.0,6904.0
2025-11-29,466.0,480.0,464.0,466.0,464.0,478.0,1625724326.0,757278115036.0,10100.0
2025-11-30,460.0,470.0,456.0,464.0,466.0,466.0,924660172.0,429052284917.0,6112.0
2025-12-01,470.0,475.0,457.0,466.0,462.0,464.0,888377989.0,413819367878.0,6081.0
2025-12-02,472.0,472.0,462.0,468.0,469.0,466.0,719150281.0,336767078278.0,4995.0
2025-12-03,473.0,478.0,467.0,473.0,476.0,468.0,605753935.0,286321580983.0,4084.0
2025-12-06,487.0,487.0,480.0,487.0,487.0,473.0,1101048432.0,536147032855.0,6388.0
2025-12-07,499.0,501.0,482.0,495.0,486.0,487.0,1852827920.0,916661688172.0,11195.0
2025-12-08,487.0,508.0,486.0,497.0,500.0,495.0,1729324410.0,859622541472.0,10590.0
2025-12-09,506.0,511.0,500.0,511.0,511.0,497.0,5377693206.0,2745976184259.0,29656.0
2025-12-10,526.0,526.0,526.0,526.0,526.0,511.0,3233859830.0,1701010270580.0,16361.0
2025-12-13,541.0,541.0,538.0,541.0,541.0,526.0,6074862392.0,3286334730856.0,31836.0
2025-12-14,549.0,557.0,537.0,556.0,557.0,541.0,6148884855.0,3416801597348.0,34786.0
2025-12-15,568.0,572.0,562.0,572.0,572.0,556.0,2976196357.0,1701014926534.0,16203.0
2025-12-16,587.0,589.0,558.0,579.0,562.0,572.0,6108053603.0,3539138720721.0,36378.0
2025-12-17,570.0,587.0,565.0,573.0,569.0,579.0,2463495158.0,1411740310109.0,15350.0
2025-12-20,574.0,590.0,574.0,590.0,590.0,573.0,6777101026.0,3997208589023.0,36813.0
2025-12-22,599.0,599.0,582.0,585.0,582.0,590.0,1626455617.0,952069543005.0,8328.0
2025-12-23,580.0,593.0,568.0,579.0,584.0,585.0,4613153141.0,2670263394770.0,29923.0
2025-12-24,586.0,596.0,586.0,595.0,596.0,579.0,4767062147.0,2836191552239.0,29640.0
2025-12-27,603.0,612.0,588.0,604.0,596.0,595.0,4454666601.0,2691575246477.0,30220.0
2025-12-28,600.0,609.0,586.0,594.0,591.0,604.0,5997008771.0,3562335276536.0,41700.0
2025-12-29,590.0,591.0,577.0,577.0,577.0,594.0,4001186326.0,2310129056517.0,23760.0
2025-12-30,560.0,567.0,560.0,560.0,560.0,577.0,8466670060.0,4742518407850.0,45615.0
2025-12-31,545.0,570.0,545.0,559.0,562.0,560.0,2508860687.0,1402265282333.0,17309.0
2026-01-04,543.0,559.0,543.0,543.0,544.0,559.0,3537685987.0,1921310887474.0,20531.0
2026-01-05,550.0,559.0,550.0,559.0,559.0,543.0,1764682592.0,986250820866.0,10276.0
2026-01-06,575.0,575.0,575.0,575.0,575.0,559.0,980359296.0,563706595200.0,4741.0
2026-01-07,582.0,583.0,558.0,562.0,558.0,575.0,3734294522.0,2098247849116.0,23615.0
2026-01-10,546.0,548.0,546.0,546.0,546.0,562.0,4734470861.0,2585031616371.0,25794.0
2026-01-11,530.0,543.0,530.0,531.0,530.0,546.0,3428255107.0,1821486921638.0,20533.0
2026-01-12,537.0,546.0,533.0,543.0,546.0,531.0,2284321604.0,1240761805717.0,15560.0
2026-01-13,549.0,553.0,527.0,532.0,527.0,543.0,2305823102.0,1226475045033.0,15118.0
2026-01-14,517.0,523.0,517.0,517.0,517.0,532.0,1680185818.0,868775128440.0,10489.0
2026-01-18,528.0,532.0,517.0,527.0,532.0,517.0,1597559417.0,842585637767.0,10457.0
2026-01-19,520.0,535.0,512.0,521.0,532.0,527.0,1273362130.0,663908693034.0,8481.0
2026-01-20,530.0,536.0,523.0,534.0,536.0,521.0,2869981772.0,1533248562730.0,16870.0
2026-01-21,542.0,550.0,537.0,549.0,550.0,534.0,2015354016.0,1105931684418.0,13276.0
2026-01-24,533.0,535.0,533.0,533.0,533.0,549.0,704332191.0,375410537375.0,3989.0
2026-01-25,518.0,518.0,518.0,518.0,518.0,533.0,324410735.0,168044760730.0,1391.0
2026-01-26,503.0,503.0,503.0,503.0,503.0,518.0,287086289.0,144404403367.0,1140.0
2026-01-27,488.0,488.0,488.0,488.0,488.0,503.0,545077439.0,265997790232.0,3215.0
2026-01-28,474.0,478.0,474.0,474.0,474.0,488.0,3206451495.0,1520115537067.0,19720.0
2026-01-31,460.0,460.0,460.0,460.0,460.0,474.0,315246785.0,145013521100.0,2009.0
2026-02-01,448.0,469.0,447.0,452.0,461.0,460.0,1352456705.0,611699634258.0,9543.0
2026-02-02,465.0,465.0,460.0,465.0,465.0,452.0,637970241.0,296402913529.0,4450.0
2026-02-03,476.0,476.0,452.0,457.0,456.0,465.0,795443153.0,363597575728.0,6026.0
2026-02-07,470.0,470.0,470.0,470.0,470.0,457.0,426815490.0,200603280300.0,1630.0
2026-02-08,484.0,484.0,459.0,477.0,462.0,470.0,1426826943.0,680299701103.0,9125.0
2026-02-09,463.0,463.0,463.0,463.0,463.0,477.0,309833308.0,143452821604.0,1776.0
2026-02-10,455.0,464.0,450.0,454.0,456.0,463.0,924849419.0,420036023107.0,6769.0
2026-02-14,465.0,466.0,441.0,443.0,441.0,454.0,606849504.0,268643914196.0,3897.0
2026-02-15,440.0,442.0,430.0,430.0,430.0,443.0,779163892.0,335316703222.0,5208.0
2026-02-16,418.0,431.0,418.0,422.0,425.0,430.0,1239537761.0,522944543251.0,8141.0
2026-02-17,423.0,423.0,410.0,412.0,418.0,422.0,1295905498.0,534321293170.0,8417.0
2026-02-18,421.0,421.0,400.0,406.0,407.0,412.0,1025392677.0,416256355913.0,7023.0
2026-02-21,394.0,396.0,394.0,394.0,394.0,406.0,460798168.0,181567999139.0,3058.0
2026-02-22,383.0,389.0,383.0,384.0,387.0,394.0,1479134903.0,568687289035.0,9508.0
2026-02-23,395.0,395.0,385.0,393.0,395.0,384.0,962126064.0,378419086249.0,6134.0
2026-02-24,395.0,400.0,382.0,393.0,395.0,393.0,608778468.0,238977801977.0,4085.0
2026-02-25,402.0,404.0,396.0,403.0,404.0,393.0,497719205.0,200612730278.0,3222.0
2026-05-19,379.0,388.0,369.0,376.0,385.0,375.0,3662851745.0,1378957535581.0,19681.0
2026-05-20,386.0,387.0,384.0,387.0,387.0,376.0,1984231961.0,767620900698.0,10946.0
2026-05-23,398.0,398.0,398.0,398.0,398.0,387.0,1144606750.0,455553486500.0,5990.0
2026-05-24,409.0,409.0,409.0,409.0,409.0,398.0,1343118980.0,549335662820.0,7080.0
2026-05-25,421.0,421.0,421.0,421.0,421.0,409.0,3038331146.0,1279137412466.0,15802.0
2026-05-26,433.0,433.0,424.0,432.0,433.0,421.0,3025138057.0,1307791578433.0,13788.0
2026-05-30,444.0,444.0,444.0,444.0,444.0,432.0,872435501.0,387361362444.0,4691.0
2026-05-31,457.0,457.0,457.0,457.0,457.0,444.0,1989472191.0,909188791287.0,10367.0
2026-06-01,470.0,470.0,466.0,470.0,470.0,457.0,5815806644.0,2733257812184.0,31963.0
2026-06-02,483.0,484.0,470.0,483.0,484.0,470.0,5092450179.0,2458348341141.0,27227.0
2026-06-03,484.0,497.0,484.0,496.0,497.0,483.0,7361023196.0,3653848870335.0,37666.0
2026-06-06,509.0,510.0,503.0,510.0,510.0,496.0,3010360110.0,1534843939502.0,15880.0
2026-06-07,525.0,525.0,525.0,525.0,525.0,510.0,3289502735.0,1726988935875.0,17001.0
2026-06-08,510.0,533.0,510.0,512.0,510.0,525.0,7851515713.0,4018478242285.0,41272.0
2026-06-09,527.0,527.0,527.0,527.0,527.0,512.0,2653841095.0,1398574257065.0,13774.0
2026-06-10,542.0,542.0,542.0,542.0,542.0,527.0,2769094478.0,1500849207076.0,14764.0
2026-06-13,558.0,558.0,558.0,558.0,558.0,542.0,1830643120.0,1021498860960.0,9539.0
2026-06-14,574.0,574.0,574.0,574.0,574.0,558.0,1970772360.0,1131223334640.0,10338.0
2026-06-15,591.0,591.0,591.0,591.0,591.0,574.0,2524244548.0,1491828527868.0,12696.0
2026-06-16,608.0,608.0,608.0,608.0,608.0,591.0,3068521265.0,1865660929120.0,15914.0
2026-06-17,626.0,626.0,626.0,626.0,626.0,608.0,6271620189.0,3926034238314.0,31517.0
2026-06-20,644.0,644.0,628.0,643.0,644.0,626.0,23454493412.0,15090513370824.0,124738.0
2026-06-21,662.0,662.0,624.0,648.0,642.0,643.0,15563550129.0,10084181017276.0,81035.0
2026-06-22,637.0,654.0,629.0,632.0,645.0,648.0,9974462047.0,6306678097489.0,56548.0
2026-06-23,650.0,650.0,644.0,650.0,650.0,632.0,4309491482.0,2800862414273.0,22763.0
2026-06-27,669.0,669.0,652.0,667.0,659.0,650.0,10568411394.0,7046103706813.0,16380.0
2026-06-28,647.0,647.0,647.0,647.0,647.0,667.0,3417611048.0,2211194348056.0,2825.0
2026-06-29,628.0,649.0,628.0,631.0,636.0,647.0,9921026626.0,6257000622059.0,16483.0
2026-06-30,640.0,649.0,619.0,637.0,632.0,631.0,5204285718.0,3312989130640.0,12199.0
2026-07-01,630.0,644.0,618.0,631.0,632.0,637.0,5621429927.0,3549566941004.0,14501.0
2026-07-07,640.0,649.0,637.0,648.0,649.0,631.0,4817726174.0,3120648068059.0,8190.0
2026-07-08,629.0,643.0,629.0,630.0,629.0,648.0,7180325327.0,4520780146866.0,11191.0
2026-07-11,612.0,614.0,612.0,612.0,612.0,630.0,5778469628.0,3536498688039.0,6311.0
2026-07-12,594.0,594.0,594.0,594.0,594.0,612.0,309950711.0,184110722334.0,580.0
2026-07-13,577.0,577.0,577.0,577.0,577.0,594.0,1030025976.0,594324988152.0,1408.0
2026-07-14,560.0,561.0,560.0,560.0,560.0,577.0,8059969689.0,4513594754952.0,8729.0
2026-07-15,544.0,546.0,544.0,544.0,545.0,560.0,2776073929.0,1510211144821.0,3567.0
2026-07-18,528.0,528.0,528.0,528.0,528.0,544.0,352785418.0,186270700704.0,675.0
2026-07-19,513.0,519.0,513.0,513.0,515.0,528.0,3784149676.0,1941670239376.0,7026.0
2026-07-20,520.0,528.0,510.0,525.0,528.0,513.0,3067264097.0,1611317860709.0,5698.0
2026-07-26,554.0,570.0,554.0,565.0,570.0,516.0,4109577046.0,2323088324518.0,3637.0
2026-07-27,581.0,581.0,556.0,577.0,581.0,565.0,6063646505.0,3498580120827.0,9440.0
2026-07-28,577.0,594.0,560.0,590.0,592.0,577.0,7539900942.0,4447602135153.0,9230.0
2026-07-29,573.0,605.0,573.0,593.0,600.0,590.0,5222443574.0,3095022475430.0,8642.0
2026-08-01,590.0,610.0,584.0,606.0,603.0,593.0,7837966720.0,4753285051064.0,11163.0
2026-08-02,624.0,624.0,620.0,624.0,624.0,606.0,3954329363.0,2467418526222.0,4372.0
2026-08-03,642.0,642.0,642.0,642.0,642.0,624.0,6306352383.0,4048678229886.0,4998.0
2026-08-05,661.0,661.0,661.0,661.0,661.0,642.0,5943054544.0,3928359053584.0,4649.0
2026-08-08,680.0,680.0,680.0,680.0,680.0,661.0,9255546367.0,6293771529560.0,7169.0
2026-08-09,700.0,700.0,691.0,700.0,700.0,680.0,29713947536.0,20798582760268.0,26347.0
2026-08-10,708.0,721.0,705.0,719.0,721.0,700.0,14280231768.0,10274519593435.0,13559.0
2026-08-11,740.0,740.0,740.0,740.0,740.0,719.0,7477568742.0,5533400869080.0,5909.0
2026-08-15,761.0,762.0,722.0,752.0,734.0,740.0,20482262884.0,15402926758815.0,30029.0
2026-08-16,752.0,774.0,730.0,758.0,774.0,752.0,11565397752.0,8769927763422.0,15907.0
2026-08-17,780.0,780.0,780.0,780.0,780.0,758.0,6735985051.0,5254068339780.0,3954.0
2026-08-18,803.0,803.0,789.0,803.0,803.0,780.0,16733372738.0,13429086224395.0,16811.0
2026-08-19,810.0,827.0,810.0,826.0,827.0,803.0,6763888647.0,5584549169779.0,7626.0
2026-08-22,850.0,850.0,850.0,850.0,850.0,826.0,912090952.0,775277309200.0,1068.0
2026-08-23,875.0,875.0,875.0,875.0,875.0,850.0,3614751407.0,3162907481125.0,3347.0
2026-08-24,901.0,901.0,901.0,901.0,901.0,875.0,3898270096.0,3512341356496.0,3603.0
2026-08-25,928.0,928.0,928.0,928.0,928.0,901.0,2840873833.0,2636330917024.0,2657.0
2026-08-26,955.0,955.0,955.0,955.0,955.0,928.0,1836930586.0,1754268709630.0,2085.0
2026-08-29,983.0,983.0,983.0,983.0,983.0,955.0,563028236.0,553456755988.0,936.0
2026-08-31,1012.0,1012.0,1012.0,1012.0,1012.0,983.0,1371500990.0,1387959001880.0,2242.0
