date,open,high,low,close,last,yesterday,volume,value,trades
2001-03-25,2798.0,2802.0,2798.0,2800.0,2800.0,2798.0,110870.0,310368080.0,115.0
2001-03-26,2801.0,2810.0,2797.0,2798.0,2798.0,2800.0,96613.0,270595190.0,98.0
2001-03-27,2795.0,2800.0,2795.0,2795.0,2795.0,2798.0,166600.0,466405131.0,120.0
2001-03-28,2800.0,2849.0,2796.0,2849.0,2849.0,2795.0,80676.0,227566666.0,104.0
2001-03-31,2840.0,2848.0,2800.0,2838.0,2838.0,2849.0,177362.0,500068371.0,161.0
2001-04-03,2840.0,2870.0,2838.0,2868.0,2868.0,2838.0,55562.0,158053247.0,86.0
2001-04-07,2868.0,2930.0,2868.0,2900.0,2900.0,2868.0,122642.0,355157582.0,144.0
2001-04-08,2920.0,3020.0,2903.0,3004.0,3004.0,2900.0,299359.0,890538835.0,270.0
2001-04-09,3028.0,3140.0,3020.0,3102.0,3102.0,3004.0,434320.0,1349633103.0,378.0
2001-04-10,3155.0,3157.0,3069.0,3080.0,3080.0,3102.0,592395.0,1839935140.0,467.0
2001-04-11,3082.0,3100.0,3071.0,3080.0,3080.0,3080.0,604953.0,1865310571.0,458.0
2001-04-14,3084.0,3110.0,3080.0,3092.0,3092.0,3080.0,434057.0,1343731773.0,398.0
2001-04-15,3093.0,3095.0,3050.0,3059.0,3059.0,3092.0,229777.0,707240663.0,261.0
2001-04-16,3058.0,3068.0,3029.0,3068.0,3068.0,3059.0,268061.0,816117110.0,325.0
2001-04-17,3068.0,3100.0,3065.0,3077.0,3077.0,3068.0,386136.0,1187554196.0,311.0
2001-04-18,3079.0,3100.0,3072.0,3079.0,3079.0,3077.0,534555.0,1650557427.0,387.0
2001-04-21,3079.0,3101.0,3078.0,3087.0,3087.0,3079.0,2129585.0,6598014831.0,331.0
2001-04-22,3091.0,3100.0,3050.0,3084.0,3084.0,3087.0,1014348.0,3112179770.0,383.0
2001-04-23,3086.0,3098.0,3085.0,3090.0,3090.0,3084.0,495008.0,1529794816.0,410.0
2001-04-24,3089.0,3130.0,3089.0,3130.0,3130.0,3090.0,705864.0,2196484253.0,419.0
2001-04-25,3202.0,3286.0,3130.0,3286.0,3286.0,3130.0,94443.0,307808716.0,107.0
2001-04-28,3450.0,3450.0,3360.0,3450.0,3450.0,3286.0,962280.0,3313926256.0,611.0
2001-04-29,3450.0,3610.0,3440.0,3520.0,3520.0,3450.0,651640.0,2295314354.0,430.0
2001-04-30,3550.0,3590.0,3520.0,3531.0,3531.0,3520.0,515842.0,1834287435.0,424.0
2001-05-01,3549.0,3559.0,3502.0,3536.0,3536.0,3531.0,415255.0,1473195131.0,390.0
2001-05-02,3530.0,3530.0,3420.0,3420.0,3420.0,3536.0,307281.0,1067293261.0,347.0
2001-05-05,3411.0,3420.0,3370.0,3408.0,3408.0,3420.0,470082.0,1599525490.0,419.0
2001-05-06,3430.0,3470.0,3410.0,3455.0,3455.0,3408.0,670450.0,2311560861.0,405.0
2001-05-07,3455.0,3590.0,3455.0,3590.0,3590.0,3455.0,525826.0,1842285659.0,359.0
2001-05-08,3590.0,3649.0,3505.0,3598.0,3598.0,3590.0,642528.0,2293543983.0,357.0
2001-05-09,3595.0,3600.0,3565.0,3576.0,3576.0,3598.0,290450.0,1040455849.0,257.0
2001-05-12,3577.0,3579.0,3501.0,3519.0,3519.0,3576.0,180715.0,640421450.0,211.0
2001-05-13,3510.0,3520.0,3451.0,3517.0,3517.0,3519.0,367043.0,1284013846.0,367.0
2001-05-15,3517.0,3517.0,3499.0,3503.0,3503.0,3517.0,283850.0,995082643.0,272.0
2001-05-16,3503.0,3510.0,3490.0,3500.0,3500.0,3503.0,339597.0,1189322545.0,295.0
2001-05-19,3500.0,3514.0,3440.0,3488.0,3488.0,3500.0,1145576.0,3958060693.0,323.0
2001-05-20,3488.0,3488.0,3415.0,3445.0,3445.0,3488.0,480474.0,1650250917.0,305.0
2001-05-21,3446.0,3446.0,3412.0,3415.0,3415.0,3445.0,389722.0,1334026395.0,313.0
2001-05-23,3420.0,3480.0,3418.0,3470.0,3470.0,3415.0,372608.0,1289776767.0,294.0
2001-05-26,3480.0,3521.0,3480.0,3501.0,3501.0,3470.0,396099.0,1386946067.0,306.0
2001-05-27,3520.0,3630.0,3508.0,3622.0,3622.0,3501.0,512473.0,1831451541.0,320.0
2001-05-28,3630.0,3650.0,3550.0,3569.0,3569.0,3622.0,272305.0,978207877.0,270.0
2001-05-29,3560.0,3560.0,3497.0,3500.0,3500.0,3569.0,394759.0,1388279306.0,339.0
2001-05-30,3509.0,3549.0,3500.0,3530.0,3530.0,3500.0,331146.0,1169097545.0,311.0
2001-06-02,3530.0,3550.0,3490.0,3499.0,3499.0,3530.0,507965.0,1788992053.0,394.0
2001-06-03,3498.0,3500.0,3470.0,3500.0,3500.0,3499.0,270617.0,942728650.0,338.0
2001-06-06,3498.0,3504.0,3480.0,3504.0,3504.0,3500.0,302522.0,1058351619.0,290.0
2001-06-09,3540.0,3570.0,3504.0,3564.0,3564.0,3504.0,356390.0,1260727875.0,348.0
2001-06-11,3570.0,3620.0,3570.0,3600.0,3600.0,3564.0,768864.0,2770270403.0,486.0
2001-06-12,3600.0,3609.0,3554.0,3582.0,3582.0,3600.0,546106.0,1956320862.0,357.0
2001-06-13,3579.0,3579.0,2279.0,3557.0,3557.0,3582.0,649121.0,2131304856.0,654.0
2001-06-16,3550.0,3550.0,3505.0,3507.0,3507.0,3557.0,366728.0,1292698150.0,368.0
2001-06-17,3505.0,3505.0,3477.0,3496.0,3496.0,3507.0,547261.0,1911407144.0,421.0
2001-06-18,3482.0,3510.0,3470.0,3510.0,3510.0,3496.0,491032.0,1713486660.0,425.0
2001-06-19,3510.0,3550.0,3510.0,3540.0,3540.0,3510.0,951258.0,3362570813.0,494.0
2001-06-20,3530.0,3589.0,3505.0,3580.0,3580.0,3540.0,596395.0,2114304356.0,440.0
2001-06-23,3580.0,3598.0,3531.0,3540.0,3540.0,3580.0,440805.0,1564794127.0,404.0
2001-06-24,3540.0,3560.0,3530.0,3540.0,3540.0,3540.0,580158.0,2053231667.0,520.0
2001-06-25,3540.0,3551.0,3522.0,3540.0,3540.0,3540.0,488441.0,1728634751.0,474.0
2001-06-26,3539.0,3540.0,3510.0,3522.0,3522.0,3540.0,2633144.0,9271810478.0,592.0
2001-06-27,3522.0,3522.0,3507.0,3510.0,3510.0,3522.0,627807.0,2206884423.0,524.0
2001-06-30,3510.0,3510.0,3480.0,3496.0,3496.0,3510.0,726317.0,2539504161.0,650.0
2001-07-01,3495.0,3500.0,3470.0,3500.0,3500.0,3496.0,1012598.0,3529425321.0,837.0
2001-07-02,3486.0,3489.0,3461.0,3470.0,3470.0,3500.0,630221.0,2192411485.0,688.0
2001-07-03,3467.0,3470.0,3424.0,3442.0,3442.0,3470.0,1082782.0,3737168990.0,828.0
2001-07-04,3440.0,3441.0,3419.0,3440.0,3440.0,3442.0,943588.0,3235056011.0,778.0
2001-07-07,3426.0,3439.0,3420.0,3420.0,3420.0,3440.0,873633.0,2991480743.0,781.0
2001-07-08,3420.0,3450.0,3420.0,3450.0,3450.0,3420.0,873256.0,3001252122.0,911.0
2001-07-09,3449.0,3520.0,3449.0,3511.0,3511.0,3450.0,1121110.0,3911210845.0,902.0
2001-07-10,3535.0,3550.0,3490.0,3510.0,3510.0,3511.0,1488212.0,5214007876.0,792.0
2001-07-11,3510.0,3541.0,3506.0,3519.0,3519.0,3510.0,1030379.0,3633534066.0,776.0
2001-07-14,3526.0,3539.0,3504.0,3510.0,3510.0,3519.0,1612780.0,5667603471.0,958.0
2001-07-15,3510.0,3515.0,3490.0,3499.0,3499.0,3510.0,5837457.0,20432559912.0,1165.0
2001-07-16,3496.0,3540.0,3487.0,3531.0,3531.0,3499.0,4178513.0,14660644873.0,1450.0
2001-08-14,3420.0,3450.0,3250.0,3295.0,3295.0,3531.0,1045135.0,3496689707.0,481.0
2001-08-15,3297.0,3365.0,3295.0,3340.0,3340.0,3295.0,1522950.0,5073962612.0,809.0
2001-08-18,3365.0,3401.0,3350.0,3400.0,3400.0,3340.0,2020509.0,6846440107.0,800.0
2001-08-19,3390.0,3401.0,3368.0,3370.0,3370.0,3400.0,1008851.0,3421300395.0,643.0
2001-08-20,3350.0,3350.0,3251.0,3252.0,3252.0,3370.0,632935.0,2082473926.0,434.0
2001-08-21,3251.0,3251.0,3180.0,3240.0,3240.0,3252.0,691479.0,2221802484.0,452.0
2001-08-22,3240.0,3261.0,3190.0,3230.0,3230.0,3240.0,556096.0,1792218153.0,382.0
2001-08-25,3230.0,3310.0,3225.0,3227.0,3227.0,3230.0,444376.0,1451173831.0,389.0
2001-08-26,3220.0,3234.0,3190.0,3191.0,3191.0,3227.0,380933.0,1222496612.0,515.0
2001-08-27,3191.0,3191.0,3103.0,3103.0,3103.0,3191.0,458272.0,1443071091.0,329.0
2001-08-28,3110.0,3163.0,3110.0,3151.0,3151.0,3103.0,530458.0,1663675284.0,403.0
2001-08-29,3150.0,3152.0,3100.0,3140.0,3140.0,3151.0,542600.0,1693976106.0,380.0
2001-09-01,3125.0,3140.0,3080.0,3086.0,3086.0,3140.0,376749.0,1171190428.0,316.0
2001-09-02,3074.0,3088.0,3033.0,3050.0,3050.0,3086.0,386757.0,1181600922.0,329.0
2001-09-03,3040.0,3040.0,2990.0,3000.0,3000.0,3050.0,726518.0,2183073283.0,368.0
2001-09-04,3000.0,3051.0,2950.0,3050.0,3050.0,3000.0,493069.0,1480146459.0,328.0
2001-09-05,3099.0,3101.0,3050.0,3100.0,3100.0,3050.0,532611.0,1636829821.0,376.0
2001-09-08,3139.0,3170.0,3100.0,3170.0,3170.0,3100.0,457882.0,1441289932.0,349.0
2001-09-09,3200.0,3230.0,3140.0,3200.0,3200.0,3170.0,551484.0,1766106456.0,429.0
2001-09-10,3198.0,3198.0,3102.0,3110.0,3110.0,3200.0,190500.0,600698975.0,171.0
2001-09-11,3110.0,3140.0,3081.0,3110.0,3110.0,3110.0,268651.0,835670745.0,248.0
2001-09-12,3100.0,3105.0,2995.0,3100.0,3100.0,3110.0,678947.0,2074126072.0,389.0
2001-09-15,3060.0,3061.0,2995.0,3035.0,3035.0,3100.0,696351.0,2096946825.0,369.0
2001-09-16,3000.0,3010.0,2940.0,2998.0,2998.0,3035.0,820593.0,2445698895.0,355.0
2001-09-17,2950.0,3000.0,2849.0,2897.0,2897.0,2998.0,2041756.0,5965433309.0,496.0
2001-09-18,2861.0,2910.0,2820.0,2904.0,2904.0,2897.0,920719.0,2646206033.0,424.0
2001-09-19,2996.0,3049.0,2908.0,3049.0,3049.0,2904.0,1475872.0,4432060526.0,394.0
2001-09-22,3049.0,3190.0,3049.0,3162.0,3162.0,3049.0,1288852.0,4012788031.0,437.0
2001-09-23,3165.0,3201.0,3120.0,3149.0,3149.0,3162.0,757019.0,2401982259.0,501.0
2001-09-24,3145.0,3145.0,3058.0,3082.0,3082.0,3149.0,363674.0,1126681883.0,299.0
2001-09-25,3050.0,3094.0,3010.0,3063.0,3063.0,3082.0,446425.0,1365893021.0,341.0
2001-09-26,3060.0,3071.0,3030.0,3069.0,3069.0,3063.0,810289.0,2480453802.0,428.0
2001-09-29,3060.0,3060.0,3003.0,3005.0,3005.0,3069.0,516618.0,1560772223.0,330.0
2001-09-30,3007.0,3080.0,3000.0,3070.0,3070.0,3005.0,696590.0,2112512599.0,404.0
2001-10-02,3100.0,3100.0,3040.0,3060.0,3060.0,3070.0,455326.0,1399452911.0,331.0
2001-10-03,3042.0,3067.0,3030.0,3050.0,3050.0,3060.0,801803.0,2444902495.0,438.0
2001-10-06,3050.0,3068.0,3037.0,3050.0,3050.0,3050.0,840036.0,2561876452.0,424.0
2001-10-07,3048.0,3050.0,3020.0,3046.0,3046.0,3050.0,534078.0,1624641130.0,293.0
2001-10-08,3030.0,3030.0,2997.0,3009.0,3009.0,3046.0,593457.0,1785799332.0,418.0
2001-10-09,2995.0,3000.0,2950.0,2950.0,2950.0,3009.0,452746.0,1349001715.0,262.0
2001-10-10,2900.0,2938.0,2851.0,2898.0,2898.0,2950.0,729946.0,2110650363.0,342.0
2001-10-13,2893.0,3000.0,2893.0,2946.0,2946.0,2898.0,601958.0,1778668303.0,352.0
2001-10-14,2950.0,3010.0,2950.0,2996.0,2996.0,2946.0,727266.0,2171719704.0,436.0
2001-10-16,3000.0,3050.0,3000.0,3040.0,3040.0,2996.0,613438.0,1858330146.0,400.0
2001-10-17,3080.0,3100.0,3050.0,3060.0,3060.0,3040.0,756840.0,2331052639.0,408.0
2001-10-20,3050.0,3120.0,3050.0,3108.0,3108.0,3060.0,908566.0,2806545932.0,296.0
2001-10-21,3150.0,3160.0,3123.0,3148.0,3148.0,3108.0,573919.0,1805374962.0,345.0
2001-10-22,3149.0,3200.0,3149.0,3189.0,3189.0,3148.0,841192.0,2673429796.0,398.0
2001-10-23,3200.0,3200.0,3150.0,3164.0,3164.0,3189.0,1868957.0,5948603010.0,388.0
2001-10-24,3163.0,3163.0,3120.0,3149.0,3149.0,3164.0,363301.0,1145544366.0,311.0
2001-10-27,3140.0,3140.0,3090.0,3100.0,3100.0,3149.0,462358.0,1440472597.0,317.0
2001-10-28,3080.0,3095.0,3050.0,3070.0,3070.0,3100.0,386915.0,1188427125.0,286.0
2001-10-29,3060.0,3117.0,3059.0,3100.0,3100.0,3070.0,380856.0,1173848611.0,283.0
2001-10-30,3100.0,3100.0,3080.0,3091.0,3091.0,3100.0,305326.0,943375858.0,273.0
2001-10-31,3090.0,3155.0,3090.0,3150.0,3150.0,3091.0,498444.0,1557256113.0,304.0
2001-11-03,3175.0,3175.0,3150.0,3150.0,3150.0,3150.0,429170.0,1353869228.0,287.0
2001-11-04,3150.0,3164.0,3150.0,3150.0,3150.0,3150.0,456071.0,1440206802.0,277.0
2001-11-05,3150.0,3160.0,3150.0,3156.0,3156.0,3150.0,617955.0,1949780693.0,288.0
2001-11-06,3165.0,3188.0,3156.0,3160.0,3160.0,3156.0,456083.0,1443967942.0,304.0
2001-11-07,3158.0,3158.0,3139.0,3150.0,3150.0,3160.0,487912.0,1536858178.0,250.0
2001-11-10,3151.0,3151.0,3100.0,3100.0,3100.0,3150.0,278205.0,871419946.0,229.0
2001-11-11,3100.0,3100.0,3050.0,3078.0,3078.0,3100.0,449039.0,1376795472.0,341.0
2001-11-12,3072.0,3073.0,3039.0,3069.0,3069.0,3078.0,421452.0,1288185585.0,304.0
2001-11-13,3070.0,3085.0,3063.0,3085.0,3085.0,3069.0,245754.0,754944426.0,209.0
2001-11-14,3090.0,3130.0,3090.0,3100.0,3100.0,3085.0,315737.0,981418734.0,259.0
2001-11-17,3110.0,3110.0,3080.0,3080.0,3080.0,3100.0,262403.0,811985020.0,217.0
2001-11-18,3072.0,3085.0,3040.0,3080.0,3080.0,3080.0,277471.0,849996413.0,221.0
2001-11-19,3080.0,3090.0,3061.0,3080.0,3080.0,3080.0,422986.0,1301406154.0,250.0
2001-11-20,3074.0,3079.0,3051.0,3078.0,3078.0,3080.0,241997.0,742001745.0,201.0
2001-11-21,3073.0,3081.0,3050.0,3081.0,3081.0,3078.0,1090923.0,3338814279.0,355.0
2001-11-24,3083.0,3141.0,3082.0,3130.0,3130.0,3081.0,658566.0,2049750015.0,319.0
2001-11-25,3130.0,3150.0,3124.0,3131.0,3131.0,3130.0,920308.0,2885725384.0,343.0
2001-11-26,3139.0,3149.0,3129.0,3130.0,3130.0,3131.0,444696.0,1393187889.0,258.0
2001-11-27,3112.0,3130.0,2045.0,3090.0,3090.0,3130.0,1095926.0,2684566512.0,919.0
2001-11-28,3091.0,3120.0,3070.0,3101.0,3101.0,3090.0,874098.0,2703988720.0,329.0
2001-12-01,3102.0,3120.0,3090.0,3112.0,3112.0,3101.0,766443.0,2379189579.0,305.0
2001-12-02,3120.0,3150.0,3112.0,3150.0,3150.0,3112.0,628847.0,1964658269.0,322.0
2001-12-03,3150.0,3155.0,3143.0,3155.0,3155.0,3150.0,866551.0,2729858078.0,333.0
2001-12-04,3155.0,3156.0,3150.0,3156.0,3156.0,3155.0,894922.0,2821895902.0,350.0
2001-12-05,3150.0,3158.0,3150.0,3158.0,3158.0,3156.0,633147.0,1997156578.0,313.0
2001-12-08,3158.0,3160.0,3140.0,3145.0,3145.0,3158.0,425423.0,1339176930.0,279.0
2001-12-09,3144.0,3150.0,3111.0,3118.0,3118.0,3145.0,362104.0,1134166776.0,267.0
2001-12-10,3110.0,3150.0,3105.0,3130.0,3130.0,3118.0,464572.0,1458025294.0,285.0
2001-12-11,3137.0,3144.0,3124.0,3124.0,3124.0,3130.0,497744.0,1559052546.0,261.0
2001-12-12,3125.0,3139.0,3121.0,3131.0,3131.0,3124.0,412146.0,1289672921.0,275.0
2001-12-15,3131.0,3170.0,3131.0,3170.0,3170.0,3131.0,744561.0,2347097894.0,302.0
2001-12-17,3170.0,3268.0,3170.0,3266.0,3266.0,3170.0,1123508.0,3608788311.0,477.0
2001-12-18,3278.0,3350.0,3275.0,3299.0,3299.0,3266.0,1239887.0,4123092815.0,514.0
2001-12-19,3290.0,3300.0,3220.0,3300.0,3300.0,3299.0,1468103.0,4808565989.0,355.0
2001-12-22,3290.0,3290.0,3260.0,3280.0,3280.0,3300.0,577195.0,1891001701.0,277.0
2001-12-23,3269.0,3276.0,3249.0,3260.0,3260.0,3280.0,450145.0,1464821054.0,246.0
2001-12-24,3250.0,3289.0,3250.0,3280.0,3280.0,3260.0,608881.0,1987701616.0,305.0
2001-12-25,3282.0,3344.0,3280.0,3344.0,3344.0,3280.0,739509.0,2453925629.0,377.0
2001-12-26,3350.0,3399.0,3350.0,3389.0,3389.0,3344.0,1191404.0,4021164123.0,459.0
2001-12-29,3400.0,3500.0,3400.0,3500.0,3500.0,3389.0,1715314.0,5964785091.0,500.0
2001-12-30,3570.0,3570.0,3432.0,3450.0,3450.0,3500.0,2012889.0,7016978498.0,667.0
2001-12-31,3420.0,3480.0,3350.0,3420.0,3420.0,3450.0,1606486.0,5528171211.0,702.0
2002-01-21,2900.0,2902.0,2800.0,2863.0,2863.0,3420.0,1222890.0,3511522623.0,500.0
2002-01-22,2888.0,2951.0,2840.0,2951.0,2951.0,2863.0,1662734.0,4819881108.0,530.0
2002-01-23,2953.0,3020.0,2953.0,3000.0,3000.0,2951.0,2374883.0,7122259175.0,724.0
2002-01-26,3000.0,3000.0,2950.0,2988.0,2988.0,3000.0,1313520.0,3916531296.0,569.0
2002-01-27,2970.0,2975.0,2900.0,2900.0,2900.0,2988.0,764984.0,2243626080.0,383.0
2002-01-28,2891.0,2920.0,2853.0,2900.0,2900.0,2900.0,734974.0,2122408246.0,390.0
2002-01-29,2900.0,2910.0,2882.0,2900.0,2900.0,2900.0,733603.0,2127595409.0,341.0
2002-01-30,2899.0,2910.0,2889.0,2902.0,2902.0,2900.0,1533135.0,4449119660.0,311.0
2002-02-02,2903.0,2904.0,2880.0,2885.0,2885.0,2902.0,1223110.0,3542605563.0,404.0
2002-02-03,2883.0,2898.0,2832.0,2885.0,2885.0,2885.0,536018.0,1536940923.0,326.0
2002-02-04,2885.0,2885.0,2868.0,2880.0,2880.0,2885.0,750397.0,2158721155.0,333.0
2002-02-05,2879.0,2890.0,2872.0,2890.0,2890.0,2880.0,675222.0,1945893939.0,306.0
2002-02-06,2889.0,2895.0,2887.0,2890.0,2890.0,2890.0,900459.0,2602486667.0,376.0
2002-02-09,2892.0,2901.0,2880.0,2900.0,2900.0,2890.0,3996809.0,11585152210.0,4653.0
2002-02-10,2893.0,2910.0,2890.0,2900.0,2900.0,2900.0,646228.0,1873047710.0,271.0
2002-02-12,2898.0,2900.0,2870.0,2890.0,2890.0,2900.0,626989.0,1810961603.0,246.0
2002-02-13,2870.0,2880.0,2866.0,2866.0,2866.0,2890.0,373525.0,1072510898.0,310.0
2002-02-16,2870.0,2879.0,2854.0,2871.0,2871.0,2866.0,9103613.0,26116779729.0,17085.0
2002-02-17,2871.0,2877.0,2860.0,2870.0,2870.0,2871.0,441484.0,1266280398.0,218.0
2002-02-18,2865.0,2886.0,2865.0,2876.0,2876.0,2870.0,840396.0,2413327872.0,280.0
2002-02-19,2875.0,2901.0,2875.0,2900.0,2900.0,2876.0,2172163.0,6293878722.0,315.0
2002-02-20,2900.0,2901.0,2888.0,2900.0,2900.0,2900.0,833536.0,2416688377.0,285.0
2002-02-24,2900.0,2900.0,2890.0,2898.0,2898.0,2900.0,522062.0,1512152199.0,255.0
2002-02-25,2898.0,2900.0,2885.0,2899.0,2899.0,2898.0,770129.0,2231392027.0,292.0
2002-02-26,2896.0,2920.0,2896.0,2911.0,2911.0,2899.0,796696.0,2313984968.0,270.0
2002-02-27,2914.0,2930.0,2914.0,2921.0,2921.0,2911.0,571297.0,1670036473.0,326.0
2002-03-02,2919.0,2921.0,2904.0,2910.0,2910.0,2921.0,620689.0,1810590744.0,523.0
2002-03-04,2910.0,2930.0,2908.0,2927.0,2927.0,2910.0,555390.0,1621216045.0,423.0
2002-03-05,2926.0,2980.0,2925.0,2970.0,2970.0,2927.0,534793.0,1579690749.0,380.0
2002-03-06,2971.0,3000.0,2970.0,2997.0,2997.0,2970.0,2083575.0,6234408334.0,633.0
2002-03-09,2996.0,3030.0,2995.0,3018.0,3018.0,2997.0,758677.0,2285193250.0,664.0
2002-03-10,3018.0,3060.0,3018.0,3055.0,3055.0,3018.0,1710381.0,5203589492.0,381.0
2002-03-11,3061.0,3100.0,3060.0,3098.0,3098.0,3055.0,982140.0,3032412144.0,899.0
2002-03-12,3103.0,3150.0,3097.0,3126.0,3126.0,3098.0,1503166.0,4699217686.0,497.0
2002-03-13,3126.0,3133.0,3120.0,3120.0,3120.0,3126.0,2677654.0,8367331685.0,280.0
2002-03-16,3120.0,3125.0,3110.0,3119.0,3119.0,3120.0,432265.0,1348488588.0,273.0
2002-03-17,3117.0,3119.0,3081.0,3081.0,3081.0,3119.0,285183.0,885239911.0,199.0
2002-03-18,3074.0,3076.0,3001.0,3010.0,3010.0,3081.0,573742.0,1737316712.0,283.0
2002-03-19,3016.0,3078.0,3010.0,3049.0,3049.0,3010.0,344096.0,1052323045.0,231.0
2002-03-26,3060.0,3125.0,3046.0,3046.0,3046.0,3049.0,207413.0,638286890.0,106.0
2002-03-27,3047.0,3100.0,3047.0,3047.0,3047.0,3046.0,101886.0,312423533.0,94.0
2002-03-30,3041.0,3056.0,3033.0,3047.0,3047.0,3047.0,276633.0,842445556.0,155.0
2002-03-31,3049.0,3049.0,2999.0,3000.0,3000.0,3047.0,683672.0,2054129880.0,253.0
2002-04-03,3009.0,3020.0,2994.0,2995.0,2995.0,3000.0,741307.0,2226615714.0,268.0
2002-04-06,2995.0,2995.0,2960.0,2980.0,2980.0,2995.0,585277.0,1743204407.0,314.0
2002-04-07,2970.0,2980.0,2950.0,2980.0,2980.0,2980.0,877444.0,2604565539.0,429.0
2002-04-08,2980.0,3065.0,2980.0,3065.0,3065.0,2980.0,579582.0,1761279565.0,414.0
2002-04-09,3082.0,3130.0,3070.0,3120.0,3120.0,3065.0,413241.0,1287654972.0,364.0
2002-04-10,3120.0,3180.0,3116.0,3150.0,3150.0,3120.0,2469545.0,7817385902.0,449.0
2002-04-13,3150.0,3200.0,3100.0,3151.0,3151.0,3150.0,3758133.0,11967784999.0,519.0
2002-04-14,3155.0,3200.0,3145.0,3152.0,3152.0,3151.0,1624205.0,5154037689.0,534.0
2002-04-15,3150.0,3185.0,3150.0,3185.0,3185.0,3152.0,550729.0,1741679515.0,404.0
2002-04-16,3199.0,3250.0,3199.0,3229.0,3229.0,3185.0,819550.0,2644793701.0,419.0
2002-04-17,3229.0,3250.0,3201.0,3240.0,3240.0,3229.0,606547.0,1961619443.0,380.0
2002-04-20,3225.0,3235.0,3199.0,3210.0,3210.0,3240.0,602339.0,1938464422.0,439.0
2002-04-21,3195.0,3200.0,3152.0,3163.0,3163.0,3210.0,1877320.0,5990227286.0,450.0
2002-04-22,3165.0,3180.0,3165.0,3170.0,3170.0,3163.0,494872.0,1569233057.0,398.0
2002-04-23,3171.0,3190.0,3170.0,3177.0,3177.0,3170.0,515567.0,1635643889.0,360.0
2002-04-24,3180.0,3278.0,3180.0,3265.0,3265.0,3177.0,585578.0,1899325766.0,378.0
2002-04-27,3280.0,3281.0,3191.0,3210.0,3210.0,3265.0,430930.0,1387710498.0,355.0
2002-04-28,3210.0,3260.0,3210.0,3259.0,3259.0,3210.0,418938.0,1357226718.0,351.0
2002-04-29,3259.0,3285.0,3220.0,3250.0,3250.0,3259.0,3135661.0,10144667128.0,473.0
2002-04-30,3250.0,3289.0,3210.0,3289.0,3289.0,3250.0,4558006.0,14803551376.0,365.0
2002-05-01,3278.0,3292.0,3250.0,3285.0,3285.0,3289.0,1431157.0,4699280589.0,369.0
2002-05-04,3290.0,3320.0,3265.0,3320.0,3320.0,3285.0,654138.0,2147727704.0,497.0
2002-05-05,3320.0,3372.0,3282.0,3370.0,3370.0,3320.0,2670831.0,8795718006.0,387.0
2002-05-06,3380.0,3380.0,3274.0,3320.0,3320.0,3370.0,2641809.0,8694409240.0,445.0
2002-05-07,3285.0,3330.0,3215.0,3300.0,3300.0,3320.0,4916682.0,15952462584.0,410.0
2002-05-08,3300.0,3340.0,3300.0,3340.0,3340.0,3300.0,412993.0,1374440984.0,377.0
2002-05-12,3340.0,3340.0,3293.0,3340.0,3340.0,3340.0,409389.0,1356567855.0,361.0
2002-05-14,3333.0,3342.0,3290.0,3340.0,3340.0,3340.0,744884.0,2478637476.0,399.0
2002-05-15,3336.0,3360.0,3282.0,3350.0,3350.0,3340.0,4180211.0,13791732632.0,1401.0
2002-05-18,3350.0,3370.0,3340.0,3360.0,3360.0,3350.0,1009573.0,3384536073.0,607.0
2002-05-19,3360.0,3371.0,3340.0,3371.0,3371.0,3360.0,637544.0,2142384548.0,396.0
2002-05-20,3371.0,3401.0,3340.0,3401.0,3401.0,3371.0,689962.0,2336334925.0,352.0
2002-05-21,3382.0,3450.0,3370.0,3400.0,3400.0,3401.0,975464.0,3334573816.0,421.0
2002-05-22,3398.0,3398.0,3301.0,3301.0,3301.0,3400.0,391374.0,1304276405.0,270.0
2002-05-25,3297.0,3297.0,3203.0,3220.0,3220.0,3301.0,538869.0,1741215547.0,365.0
2002-05-26,3220.0,3239.0,3203.0,3230.0,3230.0,3220.0,550611.0,1773782825.0,378.0
2002-05-27,3230.0,3261.0,3222.0,3246.0,3246.0,3230.0,594886.0,1930378788.0,362.0
2002-05-28,3250.0,3315.0,3250.0,3302.0,3302.0,3246.0,754180.0,2481647682.0,407.0
2002-05-29,3302.0,3330.0,3299.0,3310.0,3310.0,3302.0,430856.0,1426055396.0,340.0
2002-06-01,3311.0,3330.0,3310.0,3321.0,3321.0,3310.0,810540.0,2692122762.0,354.0
2002-06-02,3325.0,3350.0,3320.0,3350.0,3350.0,3321.0,598193.0,1991428028.0,351.0
2002-06-03,3350.0,3360.0,3331.0,3352.0,3352.0,3350.0,887303.0,2972225749.0,381.0
2002-06-08,3355.0,3360.0,3347.0,3354.0,3354.0,3352.0,613551.0,2057073057.0,347.0
2002-06-09,3354.0,3380.0,3332.0,3367.0,3367.0,3354.0,728549.0,2441687095.0,467.0
2002-06-10,3367.0,3400.0,3351.0,3400.0,3400.0,3367.0,920842.0,3113430717.0,465.0
2002-06-11,3400.0,3400.0,3380.0,3399.0,3399.0,3400.0,581700.0,1968894172.0,375.0
2002-06-12,3390.0,3410.0,3371.0,3401.0,3401.0,3399.0,844676.0,2860077291.0,456.0
2002-06-15,3400.0,3401.0,3380.0,3390.0,3390.0,3401.0,4472017.0,15201650787.0,432.0
2002-06-16,3390.0,3400.0,3378.0,3400.0,3400.0,3390.0,875511.0,2971336218.0,457.0
2002-06-17,3399.0,3414.0,3395.0,3402.0,3402.0,3400.0,808322.0,2750084734.0,395.0
2002-06-18,3402.0,3410.0,3395.0,3410.0,3410.0,3402.0,825091.0,2807186697.0,402.0
2002-06-19,3410.0,3420.0,3402.0,3411.0,3411.0,3410.0,677974.0,2309975983.0,370.0
2002-06-22,3411.0,3422.0,3410.0,3422.0,3422.0,3411.0,681769.0,2330175371.0,397.0
2002-06-23,3418.0,3422.0,3406.0,3422.0,3422.0,3422.0,1148128.0,3923599309.0,469.0
2002-06-24,3420.0,3460.0,3411.0,3430.0,3430.0,3422.0,4926039.0,16992449072.0,418.0
2002-06-25,3430.0,3460.0,3404.0,3450.0,3450.0,3430.0,22595964.0,78168185307.0,352.0
2002-06-26,3435.0,3449.0,3432.0,3441.0,3441.0,3450.0,582774.0,2005286276.0,309.0
2002-06-29,3440.0,3450.0,3430.0,3445.0,3445.0,3441.0,909250.0,3131671447.0,401.0
2002-06-30,3443.0,3475.0,3440.0,3475.0,3475.0,3445.0,1108994.0,3827866787.0,636.0
2002-07-01,3450.0,3469.0,3450.0,3468.0,3468.0,3475.0,773915.0,2678064411.0,361.0
2002-07-02,3465.0,3510.0,3459.0,3502.0,3502.0,3468.0,1800220.0,6277054171.0,437.0
2002-07-03,3503.0,3530.0,3503.0,3515.0,3515.0,3502.0,790936.0,2781118791.0,405.0
2002-07-06,3515.0,3538.0,3515.0,3531.0,3531.0,3515.0,1024754.0,3617503343.0,435.0
2002-07-07,3531.0,3560.0,3531.0,3551.0,3551.0,3531.0,1106929.0,3925459566.0,505.0
2002-07-08,3556.0,3600.0,3555.0,3599.0,3599.0,3551.0,1250947.0,4480320201.0,500.0
2002-07-09,3600.0,3701.0,3599.0,3700.0,3700.0,3599.0,1213609.0,4432904696.0,456.0
2002-07-10,3705.0,3708.0,3610.0,3620.0,3620.0,3700.0,1187849.0,4326105559.0,450.0
2002-07-13,3620.0,3620.0,3539.0,3570.0,3570.0,3620.0,794625.0,2849925005.0,337.0
2002-07-14,3550.0,3606.0,3530.0,3606.0,3606.0,3570.0,1471975.0,5253546275.0,498.0
2002-07-15,3606.0,3650.0,3606.0,3640.0,3640.0,3606.0,1886985.0,6846118664.0,497.0
2002-07-16,3602.0,3710.0,3602.0,3700.0,3700.0,3640.0,8759730.0,32384160842.0,770.0
2002-07-29,3139.0,3150.0,3000.0,3081.0,3081.0,3700.0,215564.0,665621197.0,86.0
2002-07-30,3081.0,3090.0,3070.0,3080.0,3080.0,3081.0,307765.0,948054817.0,145.0
2002-07-31,3080.0,3087.0,3050.0,3060.0,3060.0,3080.0,843510.0,2589486027.0,248.0
2002-08-03,3050.0,3057.0,3010.0,3010.0,3010.0,3060.0,946417.0,2865164766.0,306.0
2002-08-04,3010.0,3060.0,3010.0,3045.0,3045.0,3010.0,1197942.0,3628051242.0,387.0
2002-08-05,3050.0,3064.0,3037.0,3052.0,3052.0,3045.0,711696.0,2170357579.0,252.0
2002-08-06,3052.0,3070.0,3040.0,3040.0,3040.0,3052.0,1245752.0,3803371245.0,319.0
2002-08-07,3039.0,3048.0,3000.0,3011.0,3011.0,3040.0,779651.0,2357366915.0,236.0
2002-08-10,3011.0,3039.0,3011.0,3030.0,3030.0,3011.0,1138376.0,3444250134.0,347.0
2002-08-11,3030.0,3040.0,3028.0,3032.0,3032.0,3030.0,1508704.0,4573186791.0,313.0
2002-08-13,3032.0,3035.0,3010.0,3030.0,3030.0,3032.0,733307.0,2217352167.0,246.0
2002-08-14,3030.0,3033.0,3021.0,3030.0,3030.0,3030.0,590134.0,1787486540.0,222.0
2002-08-17,3020.0,3030.0,3010.0,3020.0,3020.0,3030.0,473477.0,1428715929.0,228.0
2002-08-18,3019.0,3020.0,3004.0,3006.0,3006.0,3020.0,733106.0,2208675207.0,246.0
2002-08-19,3000.0,3020.0,3000.0,3015.0,3015.0,3006.0,585400.0,1760463313.0,221.0
2002-08-20,3008.0,3010.0,2981.0,2983.0,2983.0,3015.0,653317.0,1959174040.0,236.0
2002-08-21,2983.0,2988.0,2940.0,2950.0,2950.0,2983.0,532142.0,1571961017.0,204.0
2002-08-24,2952.0,3020.0,2950.0,3000.0,3000.0,2950.0,779929.0,2334469093.0,271.0
2002-08-25,3018.0,3020.0,3000.0,3012.0,3012.0,3000.0,779434.0,2345644990.0,265.0
2002-08-26,3015.0,3020.0,3011.0,3020.0,3020.0,3012.0,660014.0,1989568394.0,245.0
2002-08-27,3023.0,3026.0,3010.0,3022.0,3022.0,3020.0,553226.0,1671654850.0,209.0
2002-08-28,3022.0,3035.0,3000.0,3030.0,3030.0,3022.0,1068324.0,3231649781.0,199.0
2002-08-31,3031.0,3039.0,3020.0,3021.0,3021.0,3030.0,797479.0,2414178243.0,253.0
2002-09-01,3021.0,3038.0,3021.0,3031.0,3031.0,3021.0,766967.0,2322929247.0,226.0
2002-09-02,3032.0,3050.0,3030.0,3050.0,3050.0,3031.0,650589.0,1975107033.0,226.0
2002-09-03,3049.0,3050.0,2990.0,3000.0,3000.0,3050.0,499015.0,1507898314.0,197.0
2002-09-04,3003.0,3017.0,2951.0,3000.0,3000.0,3000.0,419459.0,1258075661.0,215.0
2002-09-07,3000.0,3011.0,3000.0,3001.0,3001.0,3000.0,666463.0,2000993575.0,253.0
2002-09-08,2999.0,3005.0,2998.0,3005.0,3005.0,3001.0,2199273.0,6597955965.0,275.0
2002-09-09,3002.0,3020.0,2970.0,3000.0,3000.0,3005.0,1085314.0,3256056587.0,279.0
2002-09-10,2999.0,3013.0,2999.0,3010.0,3010.0,3000.0,854068.0,2568691615.0,399.0
2002-09-11,3009.0,3011.0,2980.0,3000.0,3000.0,3010.0,628003.0,1884922180.0,243.0
2002-09-14,3003.0,3021.0,2901.0,3020.0,3020.0,3000.0,9891439.0,29754250324.0,232.0
2002-09-15,3010.0,3010.0,2989.0,2997.0,2997.0,3020.0,450636.0,1350596476.0,205.0
2002-09-16,2995.0,2995.0,2963.0,2979.0,2979.0,2997.0,252574.0,752666092.0,143.0
2002-09-17,2969.0,2982.0,2940.0,2975.0,2975.0,2979.0,835515.0,2480327824.0,221.0
2002-09-18,2974.0,2999.0,2950.0,2987.0,2987.0,2975.0,549928.0,1637221668.0,221.0
2002-09-22,2980.0,2999.0,2976.0,2990.0,2990.0,2987.0,1515717.0,4529722915.0,226.0
2002-09-23,2990.0,2990.0,2960.0,2980.0,2980.0,2990.0,915618.0,2723760201.0,215.0
2002-09-24,2972.0,2990.0,2969.0,2990.0,2990.0,2980.0,518647.0,1542822712.0,297.0
2002-09-25,2989.0,2989.0,2965.0,2980.0,2980.0,2990.0,455722.0,1356634461.0,230.0
2002-09-28,2979.0,2982.0,2965.0,2970.0,2970.0,2980.0,494958.0,1472212419.0,208.0
2002-09-29,2965.0,2965.0,2950.0,2965.0,2965.0,2970.0,786183.0,2323193166.0,318.0
2002-09-30,2969.0,2982.0,2964.0,2971.0,2971.0,2965.0,690103.0,2049415778.0,292.0
2002-10-01,2972.0,2977.0,2952.0,2977.0,2977.0,2971.0,679418.0,2015579041.0,254.0
2002-10-02,2974.0,2985.0,2957.0,2983.0,2983.0,2977.0,824771.0,2454513761.0,328.0
2002-10-06,2983.0,2999.0,2977.0,2991.0,2991.0,2983.0,2455598.0,7340725921.0,234.0
2002-10-07,2991.0,2996.0,2981.0,2995.0,2995.0,2991.0,381698.0,1140602079.0,301.0
2002-10-08,2996.0,2999.0,2950.0,2979.0,2979.0,2995.0,4898977.0,14655468856.0,315.0
2002-10-09,2974.0,2974.0,2931.0,2955.0,2955.0,2979.0,2380423.0,7009523893.0,424.0
2002-10-12,2954.0,2980.0,2950.0,2960.0,2960.0,2955.0,508302.0,1504989252.0,261.0
2002-10-13,2959.0,2995.0,2954.0,2990.0,2990.0,2960.0,350475.0,1043775826.0,223.0
2002-10-14,3002.0,3053.0,3000.0,3050.0,3050.0,2990.0,672124.0,2039582409.0,317.0
2002-10-15,3056.0,3101.0,3036.0,3049.0,3049.0,3050.0,693855.0,2140371092.0,261.0
2002-10-16,3040.0,3040.0,2978.0,2998.0,2998.0,3049.0,552233.0,1651533279.0,295.0
2002-10-19,2997.0,3015.0,2997.0,3007.0,3007.0,2998.0,793207.0,2381011521.0,388.0
2002-10-20,3010.0,3089.0,3010.0,3070.0,3070.0,3007.0,592456.0,1809614121.0,409.0
2002-10-21,3080.0,3110.0,3050.0,3068.0,3068.0,3070.0,1592178.0,4904323543.0,523.0
2002-11-02,2398.0,2451.0,2300.0,2450.0,2450.0,3068.0,509994.0,1241872402.0,118.0
2002-11-03,2440.0,2440.0,2397.0,2410.0,2410.0,2450.0,576103.0,1390163741.0,243.0
2002-11-04,2410.0,2418.0,2400.0,2411.0,2411.0,2410.0,581818.0,1402146913.0,271.0
2002-11-05,2411.0,2430.0,2410.0,2417.0,2417.0,2411.0,3131429.0,7576262676.0,318.0
2002-11-06,2424.0,2441.0,2420.0,2427.0,2427.0,2417.0,3574398.0,8668691030.0,240.0
2002-11-09,2428.0,2499.0,2428.0,2470.0,2470.0,2427.0,633959.0,1556002708.0,259.0
2002-11-10,2480.0,2510.0,2480.0,2496.0,2496.0,2470.0,647042.0,1615657575.0,537.0
2002-11-11,2496.0,2506.0,2494.0,2499.0,2499.0,2496.0,591092.0,1477095806.0,293.0
2002-11-12,2499.0,2550.0,2499.0,2550.0,2550.0,2499.0,439063.0,1113653533.0,270.0
2002-11-13,2551.0,2554.0,2520.0,2520.0,2520.0,2550.0,558275.0,1416791210.0,313.0
2002-11-16,2520.0,2570.0,2520.0,2564.0,2564.0,2520.0,820381.0,2096856486.0,289.0
2002-11-17,2570.0,2595.0,2560.0,2560.0,2560.0,2564.0,737342.0,1903670286.0,306.0
2002-11-18,2559.0,2561.0,2554.0,2554.0,2554.0,2560.0,437622.0,1119514922.0,233.0
2002-11-19,2554.0,2580.0,2550.0,2556.0,2556.0,2554.0,391973.0,1002599194.0,227.0
2002-11-20,2556.0,2570.0,2548.0,2570.0,2570.0,2556.0,1936472.0,4955946399.0,210.0
2002-11-23,2570.0,2570.0,2519.0,2545.0,2545.0,2570.0,488584.0,1246518159.0,236.0
2002-11-24,2544.0,2545.0,2484.0,2485.0,2485.0,2545.0,315007.0,790057405.0,194.0
2002-11-25,2480.0,2480.0,2412.0,2460.0,2460.0,2485.0,477045.0,1162147179.0,232.0
2002-12-01,2461.0,2479.0,2399.0,2399.0,2399.0,2460.0,496612.0,1215503048.0,342.0
2002-12-02,2398.0,2399.0,2379.0,2399.0,2399.0,2399.0,570437.0,1364191609.0,208.0
2002-12-03,2402.0,2420.0,2397.0,2414.0,2414.0,2399.0,277805.0,668597463.0,174.0
2002-12-04,2414.0,2534.0,2414.0,2497.0,2497.0,2414.0,587180.0,1463735352.0,270.0
2002-12-07,2500.0,2535.0,2490.0,2490.0,2490.0,2497.0,277319.0,696816214.0,168.0
2002-12-08,2490.0,2490.0,2450.0,2468.0,2468.0,2490.0,192678.0,477303603.0,151.0
2002-12-09,2468.0,2478.0,2439.0,2440.0,2440.0,2468.0,250898.0,615814266.0,187.0
2002-12-10,2450.0,2450.0,2400.0,2430.0,2430.0,2440.0,677948.0,1637204007.0,204.0
2002-12-11,2420.0,2440.0,2410.0,2432.0,2432.0,2430.0,208636.0,506397973.0,156.0
2002-12-14,2432.0,2458.0,2430.0,2440.0,2440.0,2432.0,262409.0,640703619.0,175.0
2002-12-15,2440.0,2440.0,2401.0,2402.0,2402.0,2440.0,358860.0,871914526.0,194.0
2002-12-16,2411.0,2413.0,2390.0,2410.0,2410.0,2402.0,224002.0,539205508.0,159.0
2002-12-17,2410.0,2450.0,2410.0,2443.0,2443.0,2410.0,229283.0,556197717.0,159.0
2002-12-18,2450.0,2470.0,2410.0,2460.0,2460.0,2443.0,8261559.0,20400866429.0,149.0
2002-12-21,2470.0,2470.0,2450.0,2456.0,2456.0,2460.0,169054.0,415573672.0,116.0
2002-12-22,2450.0,2450.0,2401.0,2401.0,2401.0,2456.0,247406.0,596896030.0,129.0
2002-12-23,2397.0,2438.0,2370.0,2370.0,2370.0,2401.0,8691161.0,21154373105.0,148.0
2002-12-24,2370.0,2371.0,2350.0,2368.0,2368.0,2370.0,469580.0,1110720457.0,165.0
2002-12-25,2360.0,2430.0,2360.0,2402.0,2402.0,2368.0,430635.0,1031328588.0,180.0
2002-12-28,2402.0,2430.0,2402.0,2430.0,2430.0,2402.0,247269.0,596820625.0,154.0
2002-12-29,2421.0,2440.0,2421.0,2430.0,2430.0,2430.0,468575.0,1138769945.0,200.0
2002-12-31,2430.0,2434.0,2421.0,2432.0,2432.0,2430.0,456043.0,1108348981.0,164.0
2003-01-01,2434.0,2450.0,2428.0,2448.0,2448.0,2432.0,794660.0,1936464141.0,190.0
2003-01-04,2446.0,2446.0,2400.0,2400.0,2400.0,2448.0,286952.0,693582496.0,189.0
2003-01-05,2400.0,2400.0,2349.0,2349.0,2349.0,2400.0,330688.0,787791925.0,178.0
2003-01-06,2341.0,2360.0,2340.0,2349.0,2349.0,2349.0,298657.0,700543313.0,187.0
2003-01-07,2349.0,2349.0,2333.0,2349.0,2349.0,2349.0,126829.0,296821445.0,123.0
2003-01-08,2340.0,2395.0,2334.0,2350.0,2350.0,2349.0,376125.0,890783779.0,180.0
2003-01-11,2350.0,2351.0,2318.0,2320.0,2320.0,2350.0,196258.0,458501113.0,153.0
2003-01-12,2301.0,2321.0,2280.0,2320.0,2320.0,2320.0,379511.0,873635310.0,183.0
2003-01-13,2320.0,2337.0,2310.0,2325.0,2325.0,2320.0,208978.0,484353049.0,156.0
2003-01-14,2325.0,2325.0,2300.0,2313.0,2313.0,2325.0,145582.0,336681540.0,128.0
2003-01-15,2310.0,2310.0,2280.0,2290.0,2290.0,2313.0,273608.0,626468044.0,123.0
2003-01-18,2290.0,2290.0,2251.0,2252.0,2252.0,2290.0,319303.0,724931534.0,150.0
2003-01-19,2252.0,2270.0,2231.0,2249.0,2249.0,2252.0,267925.0,601108221.0,148.0
2003-01-20,2250.0,2310.0,2240.0,2310.0,2310.0,2249.0,290486.0,657110681.0,174.0
2003-01-21,2311.0,2392.0,2300.0,2311.0,2311.0,2310.0,353441.0,827661589.0,192.0
2003-01-22,2316.0,2389.0,2313.0,2350.0,2350.0,2311.0,297840.0,703080280.0,148.0
2003-01-25,2360.0,2390.0,2351.0,2390.0,2390.0,2350.0,301767.0,717690108.0,152.0
2003-01-26,2399.0,2400.0,2370.0,2388.0,2388.0,2390.0,365335.0,873824603.0,189.0
2003-01-27,2375.0,2380.0,2320.0,2370.0,2370.0,2388.0,240201.0,566660578.0,140.0
2003-01-28,2368.0,2380.0,2359.0,2360.0,2360.0,2370.0,268387.0,635605739.0,177.0
2003-01-29,2357.0,2358.0,2300.0,2300.0,2300.0,2360.0,912489.0,2140802642.0,98.0
2003-02-01,2300.0,2300.0,2246.0,2247.0,2247.0,2300.0,257868.0,582379283.0,135.0
2003-02-02,2247.0,2248.0,2200.0,2210.0,2210.0,2247.0,657873.0,1455990607.0,226.0
2003-02-03,2200.0,2260.0,2190.0,2260.0,2260.0,2210.0,313716.0,697092821.0,169.0
2003-02-04,2255.0,2330.0,2240.0,2300.0,2300.0,2260.0,450626.0,1022639006.0,165.0
2003-02-05,2320.0,2360.0,2305.0,2353.0,2353.0,2300.0,290249.0,678177665.0,181.0
2003-02-08,2351.0,2366.0,2345.0,2360.0,2360.0,2353.0,877884.0,2065057900.0,210.0
2003-02-09,2359.0,2368.0,2329.0,2360.0,2360.0,2360.0,608972.0,1433498954.0,194.0
2003-02-10,2349.0,2359.0,2322.0,2358.0,2358.0,2360.0,303764.0,712581782.0,168.0
2003-02-15,2359.0,2360.0,2330.0,2360.0,2360.0,2358.0,278570.0,653927875.0,158.0
2003-02-16,2359.0,2360.0,2320.0,2359.0,2359.0,2360.0,223836.0,525969675.0,115.0
2003-02-17,2350.0,2360.0,2349.0,2350.0,2350.0,2359.0,201745.0,475071358.0,115.0
2003-02-18,2348.0,2350.0,2340.0,2340.0,2340.0,2350.0,376573.0,881848801.0,127.0
2003-02-19,2339.0,2340.0,2310.0,2325.0,2325.0,2340.0,180525.0,419134674.0,92.0
2003-02-22,2323.0,2340.0,2300.0,2300.0,2300.0,2325.0,300252.0,698024567.0,127.0
2003-02-23,2300.0,2300.0,2280.0,2300.0,2300.0,2300.0,296511.0,680677296.0,113.0
2003-02-24,2300.0,2301.0,2287.0,2300.0,2300.0,2300.0,526977.0,1211346461.0,147.0
2003-02-25,2297.0,2300.0,2297.0,2300.0,2300.0,2300.0,420501.0,967084944.0,121.0
2003-02-26,2300.0,2330.0,2299.0,2300.0,2300.0,2300.0,2506042.0,5783587050.0,171.0
2003-03-01,2298.0,2301.0,2291.0,2295.0,2295.0,2300.0,172341.0,395990769.0,113.0
2003-03-02,2285.0,2300.0,2260.0,2300.0,2300.0,2295.0,420733.0,959700811.0,164.0
2003-03-03,2282.0,2300.0,2281.0,2300.0,2300.0,2300.0,501395.0,1151876541.0,146.0
2003-03-04,2300.0,2300.0,2280.0,2280.0,2280.0,2300.0,1492524.0,3419358996.0,127.0
2003-03-05,2279.0,2300.0,2278.0,2287.0,2287.0,2280.0,196280.0,448706984.0,148.0
2003-03-08,2287.0,2297.0,2275.0,2275.0,2275.0,2287.0,245015.0,559250548.0,131.0
2003-03-09,2270.0,2290.0,2260.0,2290.0,2290.0,2275.0,203287.0,462853920.0,107.0
2003-03-10,2287.0,2287.0,2250.0,2250.0,2250.0,2290.0,304939.0,692867079.0,163.0
2003-03-11,2250.0,2250.0,2202.0,2220.0,2220.0,2250.0,195482.0,437664501.0,103.0
2003-03-12,2232.0,2234.0,2190.0,2201.0,2201.0,2220.0,1281668.0,2835003762.0,116.0
2003-03-15,2201.0,2233.0,2200.0,2220.0,2220.0,2201.0,337449.0,748611840.0,125.0
2003-03-16,2220.0,2231.0,2210.0,2229.0,2229.0,2220.0,1528889.0,3406456811.0,164.0
2003-03-17,2227.0,2235.0,2210.0,2220.0,2220.0,2229.0,1223268.0,2726003547.0,597.0
2003-03-18,2220.0,2300.0,2210.0,2300.0,2300.0,2220.0,486319.0,1079259067.0,172.0
2003-03-19,2299.0,2300.0,2250.0,2290.0,2290.0,2300.0,489780.0,1106364052.0,128.0
2003-03-25,2298.0,2300.0,2298.0,2299.0,2299.0,2290.0,42508.0,97734624.0,33.0
2003-03-26,2297.0,2300.0,2297.0,2300.0,2300.0,2299.0,202186.0,464869520.0,65.0
2003-03-29,2300.0,2302.0,2299.0,2300.0,2300.0,2300.0,236930.0,544977405.0,112.0
2003-03-30,2310.0,2341.0,2300.0,2341.0,2341.0,2300.0,1350508.0,3132078623.0,159.0
2003-03-31,2360.0,2389.0,2345.0,2389.0,2389.0,2341.0,363674.0,863076170.0,148.0
2003-04-05,2389.0,2409.0,2387.0,2401.0,2401.0,2389.0,299398.0,718702175.0,132.0
2003-04-06,2406.0,2520.0,2406.0,2520.0,2520.0,2401.0,475710.0,1194105384.0,171.0
2003-04-07,2610.0,2639.0,2550.0,2590.0,2590.0,2520.0,746992.0,1941212702.0,306.0
2003-04-08,2592.0,2616.0,2590.0,2599.0,2599.0,2590.0,1016580.0,2645078527.0,379.0
2003-04-09,2598.0,2600.0,2580.0,2587.0,2587.0,2599.0,397610.0,1030704380.0,222.0
2003-04-12,2583.0,2583.0,2500.0,2500.0,2500.0,2587.0,466483.0,1174944399.0,245.0
2003-04-13,2500.0,2510.0,2451.0,2470.0,2470.0,2500.0,376443.0,935847401.0,199.0
2003-04-14,2468.0,2480.0,2449.0,2478.0,2478.0,2470.0,513820.0,1261834118.0,203.0
2003-04-15,2476.0,2500.0,2461.0,2500.0,2500.0,2478.0,737777.0,1832200002.0,208.0
2003-04-16,2502.0,2520.0,2469.0,2475.0,2475.0,2500.0,391999.0,970612029.0,131.0
2003-04-19,2478.0,2520.0,2477.0,2495.0,2495.0,2475.0,421754.0,1054774902.0,145.0
2003-04-20,2500.0,2507.0,2497.0,2500.0,2500.0,2495.0,775605.0,1939508510.0,219.0
2003-04-21,2499.0,2521.0,2475.0,2484.0,2484.0,2500.0,889798.0,2217544334.0,218.0
2003-04-22,2484.0,2501.0,2477.0,2480.0,2480.0,2484.0,8090365.0,20071459535.0,287.0
2003-04-26,2500.0,2510.0,2484.0,2510.0,2510.0,2480.0,1033553.0,2581532270.0,239.0
2003-04-27,2510.0,2520.0,2471.0,2491.0,2491.0,2510.0,759971.0,1895776797.0,247.0
2003-04-28,2495.0,2551.0,2490.0,2530.0,2530.0,2491.0,3733259.0,9413161670.0,350.0
2003-04-29,2533.0,2600.0,2530.0,2582.0,2582.0,2530.0,1841850.0,4709109795.0,357.0
2003-04-30,2600.0,2602.0,2582.0,2599.0,2599.0,2582.0,858654.0,2228338361.0,300.0
2003-05-06,2698.0,2800.0,2649.0,2690.0,2690.0,2599.0,1532327.0,4117430232.0,415.0
2003-05-07,2695.0,2760.0,2695.0,2740.0,2740.0,2690.0,1186189.0,3222367092.0,361.0
2003-05-10,2756.0,2877.0,2747.0,2877.0,2877.0,2740.0,414467.0,1180575316.0,203.0
2003-05-11,2929.0,3020.0,2900.0,2995.0,2995.0,2877.0,1742170.0,5193680115.0,572.0
2003-05-12,2995.0,3029.0,2985.0,2990.0,2990.0,2995.0,2437335.0,7298208966.0,412.0
2003-05-13,2989.0,3000.0,2903.0,2960.0,2960.0,2990.0,1386669.0,4090636644.0,335.0
2003-05-14,2941.0,2960.0,2904.0,2947.0,2947.0,2960.0,5565656.0,16283853587.0,209.0
2003-05-17,2943.0,2943.0,2890.0,2900.0,2900.0,2947.0,3922934.0,11384925796.0,243.0
2003-05-18,2898.0,2921.0,2800.0,2921.0,2921.0,2900.0,421114.0,1209811297.0,239.0
2003-05-20,2920.0,2940.0,2913.0,2926.0,2926.0,2921.0,2452913.0,7187694516.0,222.0
2003-05-21,2926.0,3001.0,2921.0,3000.0,3000.0,2926.0,9268072.0,27589824058.0,353.0
2003-05-24,3003.0,3150.0,3000.0,3150.0,3150.0,3000.0,580161.0,1798123986.0,240.0
2003-05-25,3307.0,3307.0,3307.0,3307.0,3307.0,3150.0,154000.0,509278000.0,95.0
2003-05-26,3472.0,3472.0,3472.0,3472.0,3472.0,3307.0,222443.0,772322096.0,100.0
2003-05-27,3645.0,3645.0,3485.0,3492.0,3492.0,3472.0,4447933.0,16047087879.0,820.0
2003-05-28,3500.0,3600.0,3453.0,3490.0,3490.0,3492.0,2226919.0,7812771204.0,471.0
2003-05-31,3490.0,3490.0,3431.0,3442.0,3442.0,3490.0,1543517.0,5327029900.0,377.0
2003-06-01,3436.0,3444.0,3319.0,3400.0,3400.0,3442.0,2255697.0,7652178249.0,359.0
2003-06-02,3397.0,3570.0,3397.0,3570.0,3570.0,3400.0,1654952.0,5814579311.0,401.0
2003-06-03,3651.0,3730.0,3574.0,3651.0,3651.0,3570.0,1390547.0,5125272713.0,388.0
2003-06-07,3651.0,3730.0,3651.0,3669.0,3669.0,3651.0,776766.0,2861289707.0,294.0
2003-06-08,3687.0,3699.0,3570.0,3570.0,3570.0,3669.0,843134.0,3084826913.0,307.0
2003-06-09,3571.0,3571.0,3500.0,3550.0,3550.0,3570.0,555582.0,1962212158.0,261.0
2003-06-10,3543.0,3606.0,3535.0,3600.0,3600.0,3550.0,4056099.0,14560121693.0,362.0
2003-06-11,3600.0,3700.0,3570.0,3700.0,3700.0,3600.0,1435336.0,5167174480.0,359.0
2003-06-14,3643.0,3704.0,3640.0,3664.0,3664.0,3700.0,840419.0,3094366460.0,305.0
2003-06-15,3660.0,3660.0,3481.0,3500.0,3500.0,3664.0,948777.0,3323500834.0,288.0
2003-06-16,3500.0,3645.0,3500.0,3600.0,3600.0,3500.0,1188079.0,4246097910.0,386.0
2003-06-17,3600.0,3690.0,3600.0,3680.0,3680.0,3600.0,1932581.0,7041202123.0,444.0
2003-06-18,3690.0,3760.0,3690.0,3745.0,3745.0,3680.0,4642866.0,17296256877.0,540.0
2003-06-21,3780.0,3900.0,3780.0,3866.0,3866.0,3745.0,2837255.0,10987625174.0,470.0
2003-06-22,3879.0,3948.0,3801.0,3905.0,3905.0,3866.0,4784372.0,18672335609.0,612.0
2003-06-23,3909.0,3912.0,3864.0,3899.0,3899.0,3905.0,1782721.0,6923434711.0,462.0
2003-06-24,3900.0,4093.0,3890.0,4093.0,4093.0,3899.0,7846306.0,31113691991.0,827.0
2003-06-25,4100.0,4297.0,4100.0,4260.0,4260.0,4093.0,2515383.0,10669339576.0,664.0
2003-06-28,4260.0,4430.0,4260.0,4379.0,4379.0,4260.0,3425781.0,15030949200.0,872.0
2003-06-29,4454.0,4570.0,4422.0,4570.0,4570.0,4379.0,3687641.0,16706464827.0,1055.0
2003-06-30,4593.0,4798.0,4593.0,4798.0,4798.0,4570.0,754139.0,3614718634.0,365.0
2003-07-01,5037.0,5037.0,5037.0,5037.0,5037.0,4798.0,289562.0,1458523794.0,240.0
2003-07-02,5185.0,5288.0,4822.0,5288.0,5288.0,5037.0,9348009.0,48340166621.0,1616.0
2003-07-05,5552.0,5552.0,5220.0,5220.0,5220.0,5288.0,5536718.0,30563544495.0,963.0
2003-07-06,5314.0,5481.0,5270.0,5330.0,5330.0,5220.0,3349478.0,17830783740.0,898.0
2003-07-07,5461.0,5463.0,5295.0,5305.0,5305.0,5330.0,2527303.0,13515506099.0,829.0
2003-07-08,5300.0,5300.0,5063.0,5170.0,5170.0,5305.0,3848819.0,19780992936.0,1000.0
2003-07-09,5160.0,5428.0,5160.0,5428.0,5428.0,5170.0,3126927.0,16634836298.0,965.0
2003-07-12,5699.0,5699.0,5501.0,5699.0,5699.0,5428.0,3688853.0,20984000972.0,735.0
2003-07-13,5983.0,5983.0,5983.0,5983.0,5983.0,5699.0,1804345.0,10795396135.0,785.0
2003-07-14,6282.0,6282.0,6282.0,6282.0,6282.0,5983.0,1284452.0,8068927464.0,826.0
2003-07-15,6596.0,6596.0,6596.0,6596.0,6596.0,6282.0,1946457.0,12838830372.0,1036.0
2003-07-16,6925.0,6925.0,6925.0,6925.0,6925.0,6596.0,4085091.0,28289255175.0,1471.0
2003-07-30,10561.0,11980.0,9000.0,9352.0,9352.0,6925.0,3949921.0,39221515633.0,783.0
2003-08-03,9000.0,9021.0,8000.0,8900.0,8900.0,9352.0,3793204.0,33176544381.0,1098.0
2003-08-04,8800.0,9650.0,8790.0,9350.0,9350.0,8900.0,5373802.0,50483226189.0,1090.0
2003-08-05,9350.0,9350.0,8050.0,8600.0,8600.0,9350.0,2702123.0,23261170886.0,820.0
2003-08-06,9090.0,9300.0,8600.0,9000.0,9000.0,8600.0,2817451.0,25497011880.0,976.0
2003-08-09,8998.0,9000.0,8802.0,9000.0,9000.0,9000.0,1022267.0,9112383861.0,532.0
2003-08-10,8878.0,8960.0,8831.0,8855.0,8855.0,9000.0,1244557.0,11086985924.0,572.0
2003-08-11,8800.0,9220.0,8561.0,9200.0,9200.0,8855.0,3756395.0,33085082722.0,1324.0
2003-08-12,9350.0,9350.0,9350.0,9350.0,9350.0,9200.0,2282165.0,21338242750.0,919.0
2003-08-13,9350.0,9350.0,9350.0,9350.0,9350.0,9350.0,621309.0,5809239150.0,462.0
2003-08-16,9350.0,9350.0,9350.0,9350.0,9350.0,9350.0,318534.0,2978292900.0,282.0
2003-08-17,9350.0,9350.0,9350.0,9350.0,9350.0,9350.0,463589.0,4334557150.0,405.0
2003-08-18,9350.0,9350.0,9350.0,9350.0,9350.0,9350.0,243761.0,2279165350.0,233.0
2003-08-19,9350.0,9350.0,9350.0,9350.0,9350.0,9350.0,165592.0,1548285200.0,125.0
2003-08-20,9817.0,9817.0,9350.0,9350.0,9350.0,9350.0,278626.0,2735270975.0,325.0
2003-08-23,9817.0,9817.0,9350.0,9350.0,9350.0,9350.0,355494.0,3489884131.0,331.0
2003-08-24,9817.0,9817.0,9350.0,9350.0,9350.0,9350.0,403905.0,3965134918.0,374.0
2003-08-25,9817.0,9817.0,9350.0,9350.0,9350.0,9350.0,373391.0,3665578980.0,373.0
2003-08-26,9817.0,9817.0,9350.0,9350.0,9350.0,9350.0,353650.0,3471781583.0,291.0
2003-08-27,9817.0,9817.0,9350.0,9350.0,9350.0,9350.0,451755.0,4434878368.0,431.0
2003-08-30,9817.0,9817.0,9350.0,9350.0,9350.0,9350.0,392194.0,3850168031.0,396.0
2003-08-31,9817.0,9817.0,9350.0,9350.0,9350.0,9350.0,421386.0,4136741692.0,426.0
2003-09-01,9817.0,9817.0,9817.0,9817.0,9817.0,9350.0,2096825.0,20584531025.0,891.0
2003-09-02,10307.0,10307.0,9370.0,10177.0,10177.0,9817.0,7897840.0,80372743423.0,1894.0
2003-09-03,9800.0,10150.0,9765.0,9939.0,9939.0,10177.0,2680462.0,26640165219.0,844.0
2003-09-06,9906.0,9939.0,9443.0,9939.0,9939.0,9939.0,2075796.0,19861665831.0,509.0
2003-09-07,9443.0,9550.0,9443.0,9445.0,9445.0,9939.0,2925794.0,27632828713.0,612.0
2003-09-08,9102.0,9445.0,8973.0,9445.0,9445.0,9445.0,1878749.0,17106666699.0,793.0
2003-09-09,9051.0,9445.0,8973.0,9445.0,9445.0,9445.0,1091599.0,9812536422.0,376.0
2003-09-13,8973.0,9445.0,8973.0,9445.0,9445.0,9445.0,36492.0,327447436.0,28.0
2003-09-14,8973.0,9445.0,8973.0,9445.0,9445.0,9445.0,43868.0,393632284.0,51.0
2003-09-15,8973.0,9445.0,8973.0,9445.0,9445.0,9445.0,323754.0,2905049362.0,71.0
2003-09-16,8973.0,9247.0,8973.0,9247.0,9247.0,9445.0,604986.0,5428542118.0,223.0
2003-09-17,8785.0,9027.0,8785.0,9027.0,9027.0,9247.0,684188.0,6010594000.0,87.0
2003-09-20,8576.0,8769.0,8576.0,8769.0,8769.0,9027.0,822445.0,7053290250.0,132.0
2003-09-21,8331.0,8500.0,8331.0,8338.0,8338.0,8769.0,9782484.0,81556543233.0,2131.0
2003-09-22,8400.0,8500.0,8338.0,8453.0,8453.0,8338.0,1488946.0,12586706646.0,679.0
2003-09-23,8470.0,8502.0,8400.0,8480.0,8480.0,8453.0,1516827.0,12863538681.0,619.0
2003-09-27,8478.0,8478.0,8250.0,8324.0,8324.0,8480.0,1361416.0,11321168833.0,475.0
2003-09-28,8101.0,8200.0,7908.0,7980.0,7980.0,8324.0,4013757.0,32024581022.0,692.0
2003-09-29,7909.0,7909.0,7581.0,7682.0,7682.0,7980.0,1125420.0,8551991014.0,340.0
2003-09-30,7298.0,7560.0,7298.0,7392.0,7392.0,7682.0,4892535.0,36166845433.0,1051.0
2003-10-01,7380.0,7499.0,7298.0,7427.0,7427.0,7392.0,2813679.0,20898098151.0,694.0
2003-10-04,7578.0,7583.0,7487.0,7511.0,7511.0,7427.0,1150780.0,8669416622.0,553.0
2003-10-05,7649.0,7886.0,7512.0,7649.0,7649.0,7511.0,801264.0,6219082128.0,437.0
2003-10-06,8031.0,8031.0,8031.0,8031.0,8031.0,7649.0,1442961.0,11588419791.0,463.0
2003-10-07,8432.0,8432.0,8419.0,8431.0,8431.0,8031.0,2252431.0,18992102289.0,835.0
2003-10-08,8500.0,8800.0,8432.0,8586.0,8586.0,8431.0,2022207.0,17355064230.0,819.0
2003-10-11,8555.0,8602.0,8502.0,8575.0,8575.0,8586.0,762790.0,6534417031.0,494.0
2003-10-13,8602.0,8710.0,8480.0,8591.0,8591.0,8575.0,735269.0,6329117546.0,510.0
2003-10-14,8591.0,8600.0,8492.0,8577.0,8577.0,8591.0,825336.0,7072285830.0,448.0
2003-10-15,8570.0,8577.0,8210.0,8440.0,8440.0,8577.0,1061068.0,8904460500.0,408.0
2003-10-18,8251.0,8288.0,8018.0,8254.0,8254.0,8440.0,834233.0,6773534615.0,456.0
2003-10-19,8009.0,8041.0,7842.0,8041.0,8041.0,8254.0,981499.0,7794920067.0,458.0
2003-10-20,7988.0,8200.0,7940.0,8028.0,8028.0,8041.0,3634211.0,29021768088.0,526.0
2003-10-21,8499.0,8601.0,8150.0,8258.0,8258.0,8028.0,1237315.0,10218619663.0,381.0
2003-10-22,8670.0,8670.0,8670.0,8670.0,8670.0,8258.0,1443244.0,12512925480.0,440.0
2003-10-25,9103.0,9103.0,8886.0,8886.0,8886.0,8670.0,722759.0,6579273007.0,340.0
2003-10-26,9330.0,9330.0,8950.0,9295.0,9295.0,8886.0,1823509.0,16950020470.0,692.0
2003-10-27,9295.0,9295.0,8831.0,9013.0,9013.0,9295.0,1903434.0,17178378374.0,522.0
2003-10-28,9120.0,9300.0,8994.0,9068.0,9068.0,9013.0,897331.0,8168761961.0,540.0
2003-10-29,9299.0,9460.0,9167.0,9345.0,9345.0,9068.0,1460577.0,13649179450.0,568.0
2003-11-01,9250.0,9255.0,9030.0,9239.0,9239.0,9345.0,697716.0,6367789779.0,476.0
2003-11-02,9075.0,9083.0,8778.0,9083.0,9083.0,9239.0,657583.0,5850791585.0,432.0
2003-11-03,8790.0,8913.0,8631.0,8913.0,8913.0,9083.0,691615.0,6037110552.0,573.0
2003-11-04,8680.0,8724.0,8501.0,8724.0,8724.0,8913.0,1030029.0,8836338914.0,389.0
2003-11-05,8520.0,8900.0,8402.0,8686.0,8686.0,8724.0,849773.0,7353101274.0,481.0
2003-11-08,8999.0,9120.0,8979.0,8979.0,8979.0,8686.0,1017994.0,9266270846.0,451.0
2003-11-09,9300.0,9390.0,9000.0,9118.0,9118.0,8979.0,1731811.0,15839500699.0,774.0
2003-11-10,9030.0,9150.0,8952.0,9098.0,9098.0,9118.0,1324752.0,12052106095.0,619.0
2003-11-11,9098.0,9140.0,9070.0,9100.0,9100.0,9098.0,1670786.0,15211465604.0,532.0
2003-11-12,9100.0,9100.0,8889.0,8989.0,8989.0,9100.0,1031238.0,9225388910.0,600.0
2003-11-15,8899.0,8899.0,8605.0,8804.0,8804.0,8989.0,966039.0,8418265588.0,531.0
2003-11-17,8682.0,8682.0,8500.0,8682.0,8682.0,8804.0,2839497.0,24396643126.0,544.0
2003-11-18,8650.0,8820.0,8572.0,8702.0,8702.0,8682.0,755176.0,6587019609.0,477.0
2003-11-19,8830.0,9050.0,8800.0,8891.0,8891.0,8702.0,5619554.0,50489493890.0,2808.0
2003-11-22,8891.0,9000.0,8852.0,8899.0,8899.0,8891.0,692304.0,6180593032.0,452.0
2003-11-23,8950.0,9000.0,8850.0,8926.0,8926.0,8899.0,1204392.0,10758712571.0,546.0
2003-11-24,8899.0,9000.0,8800.0,8925.0,8925.0,8926.0,4801238.0,42814853298.0,1131.0
2003-11-25,8855.0,8925.0,8814.0,8873.0,8873.0,8925.0,9205027.0,81492124201.0,3033.0
2003-11-29,9000.0,9100.0,8949.0,8990.0,8990.0,8873.0,2878100.0,25953293383.0,1162.0
2003-11-30,9003.0,9050.0,8921.0,8990.0,8990.0,8990.0,5746055.0,51781539172.0,2612.0
2003-12-01,8983.0,9050.0,8800.0,8940.0,8940.0,8990.0,5690364.0,50887011075.0,2017.0
2003-12-02,8895.0,8920.0,8800.0,8859.0,8859.0,8940.0,35745897.0,316919513030.0,11554.0
2003-12-21,6600.0,6700.0,6445.0,6554.0,6554.0,8859.0,1158771.0,7595465240.0,220.0
2003-12-22,6786.0,6800.0,6502.0,6642.0,6642.0,6554.0,3264979.0,21722343940.0,427.0
2003-12-23,6799.0,6850.0,6661.0,6728.0,6728.0,6642.0,2224464.0,14957489158.0,515.0
2003-12-24,6750.0,6920.0,6750.0,6834.0,6834.0,6728.0,1490930.0,10265311903.0,685.0
2003-12-27,6900.0,6990.0,6833.0,6913.0,6913.0,6834.0,1359103.0,9402725926.0,705.0
2003-12-28,6913.0,7048.0,6913.0,6968.0,6968.0,6913.0,3137155.0,21843259275.0,728.0
2003-12-29,6900.0,6900.0,6750.0,6859.0,6859.0,6968.0,2573526.0,17616006017.0,1158.0
2003-12-30,6801.0,6900.0,6699.0,6801.0,6801.0,6859.0,995449.0,6744380263.0,613.0
2003-12-31,6705.0,6705.0,6550.0,6665.0,6665.0,6801.0,1221814.0,8071471969.0,533.0
2004-01-03,6551.0,6600.0,6349.0,6496.0,6496.0,6665.0,1168245.0,7544095960.0,591.0
2004-01-04,6496.0,6550.0,6401.0,6486.0,6486.0,6496.0,1210428.0,7832184945.0,504.0
2004-01-05,6478.0,6520.0,6370.0,6426.0,6426.0,6486.0,2041047.0,13117146592.0,548.0
2004-01-06,6600.0,6601.0,6450.0,6512.0,6512.0,6426.0,3480475.0,22645216166.0,542.0
2004-01-07,6448.0,6500.0,6300.0,6439.0,6439.0,6512.0,1191698.0,7630017160.0,443.0
2004-01-10,6350.0,6410.0,6186.0,6322.0,6322.0,6439.0,2204296.0,13932933775.0,675.0
2004-01-11,6400.0,6400.0,6190.0,6310.0,6310.0,6322.0,746689.0,4700287302.0,440.0
2004-01-12,6200.0,6233.0,6070.0,6233.0,6233.0,6310.0,741697.0,4542857461.0,447.0
2004-01-13,6002.0,6250.0,5950.0,6151.0,6151.0,6233.0,1276123.0,7808311150.0,603.0
2004-01-14,6247.0,6280.0,6050.0,6147.0,6147.0,6151.0,1489328.0,9155818247.0,539.0
2004-01-17,6083.0,6083.0,5863.0,6009.0,6009.0,6147.0,1266423.0,7538426460.0,444.0
2004-01-18,5975.0,6000.0,5723.0,5943.0,5943.0,6009.0,1894887.0,11225771114.0,494.0
2004-01-19,5721.0,5807.0,5646.0,5807.0,5807.0,5943.0,1085316.0,6157897481.0,391.0
2004-01-20,5598.0,5750.0,5518.0,5642.0,5642.0,5807.0,1881333.0,10614719633.0,614.0
2004-01-21,5607.0,5920.0,5600.0,5798.0,5798.0,5642.0,1905925.0,11048885369.0,496.0
2004-01-24,5900.0,5950.0,5715.0,5832.0,5832.0,5798.0,1039274.0,6087338135.0,439.0
2004-01-25,5795.0,5900.0,5700.0,5826.0,5826.0,5832.0,1150034.0,6698432508.0,373.0
2004-01-26,5694.0,5750.0,5551.0,5750.0,5750.0,5826.0,739894.0,4175292001.0,344.0
2004-01-27,5642.0,5645.0,5463.0,5603.0,5603.0,5750.0,1103708.0,6082799401.0,346.0
2004-01-28,5494.0,5500.0,5400.0,5480.0,5480.0,5603.0,1983053.0,10869021215.0,377.0
2004-01-31,5400.0,5500.0,5250.0,5460.0,5460.0,5480.0,894147.0,4800252486.0,232.0
2004-02-01,5250.0,5316.0,5187.0,5316.0,5316.0,5460.0,2443634.0,12679394537.0,354.0
2004-02-03,5180.0,5217.0,5051.0,5217.0,5217.0,5316.0,1053295.0,5421745953.0,355.0
2004-02-04,5157.0,5157.0,5000.0,5144.0,5144.0,5217.0,2822345.0,14259797962.0,315.0
2004-02-07,5080.0,5250.0,5050.0,5153.0,5153.0,5144.0,3284161.0,16928606416.0,300.0
2004-02-08,5183.0,5229.0,5125.0,5159.0,5159.0,5153.0,1127917.0,5845732008.0,316.0
2004-02-09,5170.0,5230.0,5170.0,5172.0,5172.0,5159.0,674278.0,3502781949.0,316.0
2004-02-14,5172.0,5311.0,5150.0,5186.0,5186.0,5172.0,149875316.0,780862009851.0,208.0
2004-02-15,5199.0,5300.0,5100.0,5201.0,5201.0,5186.0,30723055.0,162208152011.0,352.0
2004-02-16,5101.0,5363.0,5101.0,5251.0,5251.0,5201.0,1023177.0,5411871902.0,407.0
2004-02-17,5335.0,5451.0,5306.0,5306.0,5306.0,5251.0,691648.0,3732318976.0,428.0
2004-02-18,5352.0,5502.0,5310.0,5343.0,5343.0,5306.0,515457.0,2803563575.0,423.0
2004-02-21,5397.0,5505.0,5352.0,5377.0,5377.0,5343.0,563100.0,3070152634.0,408.0
2004-02-22,5390.0,5550.0,5390.0,5437.0,5437.0,5377.0,856217.0,4713553878.0,495.0
2004-02-23,5500.0,5602.0,5500.0,5504.0,5504.0,5437.0,838581.0,4681167578.0,477.0
2004-02-24,5575.0,5641.0,5500.0,5552.0,5552.0,5504.0,1709543.0,9495275498.0,528.0
2004-02-25,5598.0,5650.0,5560.0,5579.0,5579.0,5552.0,1040630.0,5828280017.0,492.0
2004-02-28,5651.0,5700.0,5605.0,5624.0,5624.0,5579.0,938857.0,5320639276.0,572.0
2004-02-29,5653.0,5801.0,5600.0,5652.0,5652.0,5624.0,2356289.0,13269883483.0,624.0
2004-03-03,5670.0,5751.0,5652.0,5685.0,5685.0,5652.0,884684.0,5060962182.0,575.0
2004-03-06,5738.0,5969.0,5738.0,5810.0,5810.0,5685.0,894673.0,5312208835.0,502.0
2004-03-07,6002.0,6100.0,6002.0,6048.0,6048.0,5810.0,1483775.0,9050875636.0,631.0
2004-03-08,6350.0,6350.0,6201.0,6306.0,6306.0,6048.0,1704450.0,10774457745.0,868.0
2004-03-09,6280.0,6349.0,6190.0,6260.0,6260.0,6306.0,3384640.0,21219325299.0,819.0
2004-03-10,6190.0,6215.0,6000.0,6177.0,6177.0,6260.0,2100566.0,12924614840.0,809.0
2004-03-13,6169.0,6220.0,5912.0,6135.0,6135.0,6177.0,1760382.0,10764752636.0,697.0
2004-03-14,5980.0,6179.0,5932.0,6072.0,6072.0,6135.0,4770562.0,29318476074.0,752.0
2004-03-15,5995.0,6099.0,5900.0,6037.0,6037.0,6072.0,837066.0,5021553149.0,420.0
2004-03-16,6061.0,6125.0,5989.0,6055.0,6055.0,6037.0,2230931.0,13481863526.0,479.0
2004-03-17,6087.0,6186.0,6058.0,6093.0,6093.0,6055.0,16689555.0,102381346355.0,509.0
2004-03-27,6200.0,6397.0,6166.0,6166.0,6166.0,6093.0,503705.0,3201308442.0,211.0
2004-03-28,6474.0,6474.0,6307.0,6307.0,6307.0,6166.0,828137.0,5361357268.0,357.0
2004-03-29,6622.0,6622.0,6610.0,6610.0,6610.0,6307.0,1733379.0,11478435618.0,602.0
2004-03-30,6940.0,6940.0,6651.0,6702.0,6702.0,6610.0,1016394.0,6904076615.0,617.0
2004-04-03,6698.0,6798.0,6698.0,6710.0,6710.0,6702.0,893537.0,6008285826.0,442.0
2004-04-04,6751.0,6800.0,6476.0,6718.0,6718.0,6710.0,1063694.0,7157918154.0,471.0
2004-04-14,7260.0,7300.0,6849.0,7151.0,7151.0,6718.0,2161837.0,15459974898.0,1088.0
2004-04-17,7144.0,7250.0,7060.0,7169.0,7169.0,7151.0,3891518.0,27879530216.0,1270.0
2004-04-18,7200.0,7206.0,7021.0,7138.0,7138.0,7169.0,2723172.0,19332741895.0,880.0
2004-04-21,7050.0,7100.0,6861.0,7089.0,7089.0,7138.0,1178139.0,8294097606.0,725.0
2004-04-24,6910.0,6957.0,6735.0,6957.0,6957.0,7089.0,1084252.0,7370898214.0,715.0
2004-04-25,6735.0,6763.0,6610.0,6763.0,6763.0,6957.0,1561312.0,10397783006.0,861.0
2004-04-26,6655.0,6800.0,6500.0,6608.0,6608.0,6763.0,66504755.0,438084597917.0,1065.0
2004-04-27,6599.0,6800.0,6593.0,6671.0,6671.0,6608.0,13410343.0,89451257080.0,1123.0
2004-04-28,6700.0,7004.0,6700.0,6811.0,6811.0,6671.0,1705530.0,11867536727.0,698.0
2004-05-01,7020.0,7151.0,6977.0,6977.0,6977.0,6811.0,1450415.0,10278645149.0,788.0
2004-05-02,7009.0,7009.0,6653.0,6895.0,6895.0,6977.0,1023622.0,6946195413.0,625.0
2004-05-03,6700.0,6950.0,6680.0,6818.0,6818.0,6895.0,1163097.0,7836159032.0,613.0
2004-05-04,6810.0,6818.0,6700.0,6789.0,6789.0,6818.0,1021311.0,6894105792.0,652.0
2004-05-05,6800.0,6888.0,6750.0,6805.0,6805.0,6789.0,1203668.0,8210540358.0,622.0
2004-05-15,6760.0,6900.0,6640.0,6808.0,6808.0,6805.0,1266379.0,8622228365.0,830.0
2004-05-16,6702.0,6724.0,6551.0,6724.0,6724.0,6808.0,1025770.0,6783467005.0,558.0
2004-05-17,6692.0,6692.0,6390.0,6653.0,6653.0,6724.0,1412383.0,9254177054.0,818.0
2004-05-18,6400.0,6529.0,6321.0,6529.0,6529.0,6653.0,1153278.0,7376230440.0,565.0
2004-05-19,6500.0,6600.0,6400.0,6499.0,6499.0,6529.0,6163552.0,39938406533.0,1052.0
2004-05-22,6400.0,6459.0,6250.0,6459.0,6459.0,6499.0,671570.0,4270587899.0,421.0
2004-05-23,6348.0,6392.0,6137.0,6392.0,6392.0,6459.0,698235.0,4350971591.0,425.0
2004-05-24,6073.0,6252.0,6073.0,6252.0,6252.0,6392.0,1213872.0,7425978152.0,573.0
2004-05-25,6252.0,6400.0,6252.0,6300.0,6300.0,6252.0,1319876.0,8370169008.0,547.0
2004-05-26,6400.0,6490.0,6340.0,6343.0,6343.0,6300.0,10101783.0,64830397854.0,653.0
2004-05-29,6343.0,6394.0,6280.0,6339.0,6339.0,6343.0,930356.0,5893360164.0,510.0
2004-05-30,6300.0,6300.0,6050.0,6249.0,6249.0,6339.0,3351939.0,20854281826.0,524.0
2004-05-31,6244.0,6289.0,6020.0,6225.0,6225.0,6249.0,1272475.0,7891800066.0,685.0
2004-06-01,6090.0,6118.0,5914.0,6118.0,6118.0,6225.0,1127294.0,6707947203.0,525.0
2004-06-02,6170.0,6190.0,6110.0,6131.0,6131.0,6118.0,1856574.0,11391470818.0,682.0
2004-06-05,6150.0,6200.0,6120.0,6135.0,6135.0,6131.0,804500.0,4943091934.0,493.0
2004-06-06,6145.0,6190.0,6000.0,6140.0,6140.0,6135.0,1030012.0,6332489973.0,581.0
2004-06-07,6179.0,6251.0,6110.0,6146.0,6146.0,6140.0,2723475.0,16846713913.0,611.0
2004-06-08,6150.0,6453.0,6150.0,6242.0,6242.0,6146.0,13016358.0,80661658200.0,715.0
2004-06-09,6500.0,6554.0,6487.0,6487.0,6487.0,6242.0,1910615.0,12518273228.0,542.0
2004-06-12,6599.0,6599.0,6300.0,6444.0,6444.0,6487.0,1150940.0,7364995922.0,589.0
2004-06-13,6358.0,6378.0,6213.0,6378.0,6378.0,6444.0,3579328.0,22432675931.0,484.0
2004-06-14,6378.0,6378.0,6180.0,6332.0,6332.0,6378.0,4025186.0,25109512696.0,492.0
2004-06-15,6250.0,6286.0,6160.0,6286.0,6286.0,6332.0,1989441.0,12325875612.0,516.0
2004-06-16,6227.0,6250.0,6111.0,6232.0,6232.0,6286.0,2720585.0,16798073392.0,505.0
2004-06-19,6250.0,6399.0,6249.0,6272.0,6272.0,6232.0,6004202.0,38182092960.0,575.0
2004-06-20,6272.0,6300.0,6179.0,6252.0,6252.0,6272.0,969167.0,6032096591.0,488.0
2004-06-21,6249.0,6260.0,6149.0,6229.0,6229.0,6252.0,898155.0,5563007917.0,484.0
2004-06-22,6150.0,6180.0,6050.0,6158.0,6158.0,6229.0,1445408.0,8835405495.0,627.0
2004-06-23,6121.0,6465.0,5985.0,6154.0,6154.0,6158.0,2176401.0,13394790939.0,780.0
2004-07-07,6250.0,6460.0,6150.0,6245.0,6245.0,6154.0,2452279.0,15316340659.0,757.0
2004-07-10,6289.0,6400.0,6100.0,6246.0,6246.0,6245.0,6877216.0,42940384442.0,1782.0
2004-07-11,6246.0,6449.0,6150.0,6268.0,6268.0,6246.0,2940334.0,18431073184.0,1063.0
2004-07-12,6268.0,6400.0,6101.0,6239.0,6239.0,6268.0,4790945.0,29894295383.0,1093.0
2004-07-13,6349.0,6400.0,6110.0,6269.0,6269.0,6239.0,5574223.0,34927094798.0,1478.0
2004-07-14,6152.0,6582.0,6152.0,6362.0,6362.0,6269.0,12052928.0,76076385372.0,1918.0
2004-07-27,6060.0,6700.0,6051.0,6442.0,6442.0,6362.0,1075796.0,6930405448.0,257.0
2004-07-28,6494.0,6494.0,6120.0,6368.0,6368.0,6442.0,674169.0,4168179504.0,279.0
2004-07-31,6140.0,6147.0,6050.0,6130.0,6130.0,6368.0,1859208.0,11268944640.0,591.0
2004-08-01,6130.0,6130.0,5903.0,6019.0,6019.0,6130.0,3022150.0,18191577096.0,869.0
2004-08-02,5996.0,6100.0,5800.0,5999.0,5999.0,6019.0,3292803.0,19754799475.0,697.0
2004-08-03,5725.0,6298.0,5700.0,5931.0,5931.0,5999.0,4202605.0,24969422459.0,962.0
2004-08-04,5931.0,6097.0,5800.0,5963.0,5963.0,5931.0,2469449.0,14726209006.0,657.0
2004-08-07,5836.0,6000.0,5665.0,5776.0,5776.0,5963.0,2726556.0,15753330258.0,682.0
2004-08-08,5800.0,5880.0,5488.0,5699.0,5699.0,5776.0,793624.0,4400678340.0,351.0
2004-08-09,5421.0,5520.0,5415.0,5520.0,5520.0,5699.0,1508480.0,8168977971.0,547.0
2004-08-10,5437.0,5600.0,5244.0,5459.0,5459.0,5520.0,1111410.0,5989532136.0,457.0
2004-08-11,5255.0,5390.0,5254.0,5291.0,5291.0,5459.0,2446699.0,12947022930.0,561.0
2004-08-14,5289.0,5350.0,5201.0,5285.0,5285.0,5291.0,1197652.0,6323731142.0,363.0
2004-08-15,5200.0,5200.0,5060.0,5195.0,5195.0,5285.0,1345916.0,6900430043.0,414.0
2004-08-16,5055.0,5180.0,5002.0,5170.0,5170.0,5195.0,576815.0,2937391478.0,275.0
2004-08-17,5099.0,5143.0,5001.0,5143.0,5143.0,5170.0,632542.0,3207324334.0,251.0
2004-08-18,5057.0,5077.0,4999.0,5077.0,5077.0,5143.0,1206671.0,6050140322.0,320.0
2004-08-21,5010.0,5041.0,4901.0,5041.0,5041.0,5077.0,930945.0,4640926298.0,242.0
2004-08-22,4994.0,4994.0,4801.0,4994.0,4994.0,5041.0,847772.0,4161058458.0,295.0
2004-08-23,4944.0,4961.0,4800.0,4961.0,4961.0,4994.0,556953.0,2703580884.0,213.0
2004-08-24,4928.0,4962.0,4840.0,4951.0,4951.0,4961.0,554687.0,2729629656.0,284.0
2004-08-25,4951.0,5150.0,4900.0,4959.0,4959.0,4951.0,452458.0,2261259719.0,235.0
2004-08-28,4959.0,5206.0,4953.0,4982.0,4982.0,4959.0,328590.0,1686246226.0,230.0
2004-08-29,5231.0,5231.0,5042.0,5042.0,5042.0,4982.0,579880.0,3033350390.0,297.0
2004-08-31,5250.0,5290.0,5076.0,5076.0,5076.0,5042.0,472413.0,2464104635.0,281.0
2004-09-01,5201.0,5329.0,5119.0,5119.0,5119.0,5076.0,453334.0,2406273489.0,269.0
2004-09-04,5299.0,5350.0,5146.0,5146.0,5146.0,5119.0,684931.0,3573550395.0,259.0
2004-09-05,5180.0,5240.0,5140.0,5158.0,5158.0,5146.0,730183.0,3788527673.0,293.0
2004-09-06,5220.0,5220.0,5151.0,5162.0,5162.0,5158.0,611606.0,3165469546.0,272.0
2004-09-07,5170.0,5225.0,5150.0,5169.0,5169.0,5162.0,1616252.0,8391593767.0,312.0
2004-09-08,5170.0,5199.0,5116.0,5169.0,5169.0,5169.0,773793.0,4000238926.0,291.0
2004-09-11,5112.0,5151.0,4947.0,5151.0,5151.0,5169.0,348368.0,1758928096.0,226.0
2004-09-12,5065.0,5120.0,4951.0,5111.0,5111.0,5151.0,5717627.0,28636699287.0,297.0
2004-09-14,5052.0,5366.0,5052.0,5140.0,5140.0,5111.0,575493.0,3012657867.0,292.0
2004-09-15,5397.0,5397.0,5197.0,5197.0,5197.0,5140.0,534777.0,2886189469.0,219.0
2004-09-18,5456.0,5456.0,5226.0,5226.0,5226.0,5197.0,269949.0,1472839444.0,161.0
2004-09-19,5487.0,5487.0,5255.0,5255.0,5255.0,5226.0,267365.0,1467029435.0,180.0
2004-09-20,5517.0,5517.0,5260.0,5338.0,5338.0,5255.0,1057005.0,5754681739.0,494.0
2004-09-21,5339.0,5449.0,5286.0,5341.0,5341.0,5338.0,391353.0,2097247063.0,252.0
2004-09-22,5400.0,5456.0,5350.0,5350.0,5350.0,5341.0,404738.0,2184996641.0,276.0
2004-09-25,5350.0,5400.0,5200.0,5343.0,5343.0,5350.0,500240.0,2661504809.0,262.0
2004-09-26,5290.0,5316.0,5120.0,5316.0,5316.0,5343.0,584537.0,3060392172.0,283.0
2004-09-27,5125.0,5243.0,5051.0,5243.0,5243.0,5316.0,725884.0,3685385366.0,288.0
2004-09-28,5060.0,5196.0,4983.0,5196.0,5196.0,5243.0,482843.0,2420434363.0,272.0
2004-09-29,5000.0,5122.0,4950.0,5122.0,5122.0,5196.0,910995.0,4557490169.0,307.0
2004-10-02,5000.0,5057.0,4866.0,5057.0,5057.0,5122.0,832526.0,4110439511.0,266.0
2004-10-03,4872.0,4995.0,4805.0,4995.0,4995.0,5057.0,747535.0,3634290495.0,309.0
2004-10-04,4878.0,5000.0,4820.0,4957.0,4957.0,4995.0,718171.0,3497188513.0,300.0
2004-10-05,4900.0,5050.0,4800.0,4935.0,4935.0,4957.0,692087.0,3378532208.0,278.0
2004-10-06,4840.0,5020.0,4840.0,4946.0,4946.0,4935.0,717035.0,3565614233.0,263.0
2004-10-09,4999.0,5050.0,4960.0,4963.0,4963.0,4946.0,643980.0,3227478817.0,371.0
2004-10-10,5000.0,5040.0,4920.0,4970.0,4970.0,4963.0,20496119.0,102470322534.0,336.0
2004-10-11,4970.0,5050.0,4910.0,4980.0,4980.0,4970.0,941121.0,4701940195.0,286.0
2004-10-12,5002.0,5030.0,4986.0,4986.0,4986.0,4980.0,540098.0,2704485825.0,229.0
2004-10-13,4999.0,5050.0,4801.0,4987.0,4987.0,4986.0,558592.0,2788353291.0,290.0
2004-10-16,4985.0,4985.0,4870.0,4973.0,4973.0,4987.0,399309.0,1959630666.0,230.0
2004-10-17,4938.0,4950.0,4812.0,4949.0,4949.0,4973.0,470620.0,2284972466.0,294.0
2004-10-18,4900.0,4939.0,4811.0,4939.0,4939.0,4949.0,228175.0,1106631056.0,195.0
2004-10-19,4859.0,4925.0,4810.0,4925.0,4925.0,4939.0,333086.0,1613982168.0,213.0
2004-10-20,4850.0,5000.0,4850.0,4931.0,4931.0,4925.0,357503.0,1777020970.0,240.0
2004-10-23,4960.0,5050.0,4943.0,4943.0,4943.0,4931.0,506817.0,2529413212.0,251.0
2004-10-24,4960.0,5030.0,4953.0,4953.0,4953.0,4943.0,508227.0,2538410766.0,242.0
2004-10-25,5000.0,5050.0,4964.0,4964.0,4964.0,4953.0,420857.0,2111407121.0,254.0
2004-10-26,5020.0,5100.0,4986.0,4986.0,4986.0,4964.0,1686033.0,8507647767.0,270.0
2004-10-27,5050.0,5199.0,5019.0,5019.0,5019.0,4986.0,595209.0,3049047044.0,255.0
2004-10-30,5150.0,5160.0,5035.0,5035.0,5035.0,5019.0,554254.0,2821459249.0,262.0
2004-10-31,5064.0,5073.0,5010.0,5035.0,5035.0,5035.0,309372.0,1559861417.0,224.0
2004-11-01,5035.0,5100.0,5020.0,5039.0,5039.0,5035.0,461416.0,2333544389.0,258.0
2004-11-02,5079.0,5079.0,5030.0,5039.0,5039.0,5039.0,12095776.0,61071682925.0,246.0
2004-11-03,5040.0,5099.0,5040.0,5042.0,5042.0,5039.0,624132.0,3154534692.0,250.0
2004-11-06,5043.0,5058.0,5038.0,5042.0,5042.0,5042.0,605046.0,3052449099.0,252.0
2004-11-07,5048.0,5059.0,5024.0,5042.0,5042.0,5042.0,627699.0,3165414819.0,243.0
2004-11-08,5050.0,5080.0,5020.0,5042.0,5042.0,5042.0,522784.0,2636366666.0,275.0
2004-11-09,5050.0,5060.0,5000.0,5039.0,5039.0,5042.0,662417.0,3333479134.0,281.0
2004-11-10,5019.0,5040.0,4950.0,5030.0,5030.0,5039.0,753351.0,3776997046.0,240.0
2004-11-13,5045.0,5070.0,4930.0,5026.0,5026.0,5030.0,740198.0,3714379480.0,290.0
2004-11-15,5030.0,5050.0,4998.0,5021.0,5021.0,5026.0,720807.0,3613097203.0,291.0
2004-11-16,5000.0,5058.0,4999.0,5021.0,5021.0,5021.0,1536125.0,7718908371.0,263.0
2004-11-17,5030.0,5050.0,5000.0,5020.0,5020.0,5021.0,943671.0,4736336041.0,304.0
2004-11-20,5025.0,5051.0,4999.0,5020.0,5020.0,5020.0,578073.0,2904495600.0,294.0
2004-11-21,5020.0,5040.0,4940.0,5018.0,5018.0,5020.0,710160.0,3561189014.0,799.0
2004-11-22,5018.0,5018.0,4901.0,5009.0,5009.0,5018.0,50625936.0,253121821801.0,274.0
2004-11-23,4998.0,5030.0,4952.0,5007.0,5007.0,5009.0,386178.0,1930550573.0,251.0
2004-11-24,5010.0,5040.0,5000.0,5007.0,5007.0,5007.0,2082004.0,10434040955.0,293.0
2004-11-27,4995.0,5070.0,4989.0,5009.0,5009.0,5007.0,396194.0,1991143321.0,269.0
2004-11-28,5031.0,5090.0,5013.0,5013.0,5013.0,5009.0,13488019.0,68015571372.0,265.0
2004-11-29,5055.0,5263.0,5055.0,5077.0,5077.0,5013.0,986354.0,5120092951.0,351.0
2004-11-30,5251.0,5330.0,5151.0,5151.0,5151.0,5077.0,1373036.0,7254365529.0,365.0
2004-12-01,5279.0,5330.0,5179.0,5179.0,5179.0,5151.0,1993305.0,10547037622.0,258.0
2004-12-04,5278.0,5280.0,5090.0,5179.0,5179.0,5179.0,1598294.0,8268897736.0,254.0
2004-12-05,5102.0,5189.0,5000.0,5155.0,5155.0,5179.0,742107.0,3786527340.0,281.0
2004-12-06,5050.0,5199.0,5004.0,5142.0,5142.0,5155.0,537665.0,2742615433.0,220.0
2004-12-07,5080.0,5120.0,5012.0,5120.0,5120.0,5142.0,655436.0,3318328036.0,274.0
2004-12-11,5097.0,5097.0,4900.0,5090.0,5090.0,5120.0,579701.0,2896266753.0,241.0
2004-12-12,4962.0,5055.0,4953.0,5055.0,5055.0,5090.0,855523.0,4259976809.0,322.0
2004-12-13,4960.0,5014.0,4861.0,5014.0,5014.0,5055.0,2850189.0,13982898832.0,323.0
2004-12-14,4895.0,4984.0,4801.0,4984.0,4984.0,5014.0,1049322.0,5123080954.0,480.0
2004-12-15,4900.0,4955.0,4800.0,4955.0,4955.0,4984.0,518503.0,2514858557.0,226.0
2004-12-18,4831.0,4929.0,4800.0,4929.0,4929.0,4955.0,493123.0,2381328909.0,244.0
2004-12-19,4800.0,4900.0,4750.0,4899.0,4899.0,4929.0,603193.0,2901695619.0,231.0
2004-12-20,4839.0,4877.0,4750.0,4877.0,4877.0,4899.0,465501.0,2229427898.0,238.0
2004-12-21,4802.0,4879.0,4760.0,4863.0,4863.0,4877.0,473490.0,2278120865.0,224.0
2004-12-22,4810.0,4850.0,4801.0,4846.0,4846.0,4863.0,892203.0,4299492397.0,267.0
2004-12-25,4820.0,4900.0,4801.0,4841.0,4841.0,4846.0,463173.0,2234440563.0,207.0
2004-12-26,4810.0,4835.0,4760.0,4829.0,4829.0,4841.0,609637.0,2924390428.0,236.0
2004-12-27,4799.0,4820.0,4755.0,4820.0,4820.0,4829.0,570864.0,2736380862.0,232.0
2004-12-28,4798.0,4813.0,4752.0,4813.0,4813.0,4820.0,558544.0,2675706057.0,212.0
2004-12-29,4752.0,4850.0,4751.0,4808.0,4808.0,4813.0,748624.0,3591190503.0,273.0
2005-01-01,4808.0,4839.0,4720.0,4800.0,4800.0,4808.0,695510.0,3326439109.0,232.0
2005-01-02,4720.0,4840.0,4720.0,4793.0,4793.0,4800.0,955578.0,4570747700.0,286.0
2005-01-03,4793.0,4800.0,4701.0,4785.0,4785.0,4793.0,577140.0,2749312027.0,227.0
2005-01-04,4800.0,4834.0,4719.0,4791.0,4791.0,4785.0,1032142.0,4953619992.0,314.0
2005-01-05,4800.0,4839.0,4796.0,4796.0,4796.0,4791.0,467289.0,2252834156.0,267.0
2005-01-08,4822.0,4911.0,4800.0,4809.0,4809.0,4796.0,634990.0,3078345338.0,278.0
2005-01-09,4904.0,4970.0,4790.0,4835.0,4835.0,4809.0,8944225.0,43716329399.0,359.0
2005-01-10,4822.0,4889.0,4755.0,4831.0,4831.0,4835.0,665744.0,3211352084.0,255.0
2005-01-11,4800.0,4920.0,4772.0,4842.0,4842.0,4831.0,20814848.0,101095850335.0,444.0
2005-01-26,4175.0,4200.0,4000.0,4125.0,4125.0,4842.0,3098282.0,12780539636.0,283.0
2005-01-30,4125.0,4130.0,3922.0,4098.0,4098.0,4125.0,543837.0,2168261840.0,201.0
2005-01-31,3942.0,4120.0,3930.0,4055.0,4055.0,4098.0,4049483.0,16331187255.0,263.0
2005-02-01,3971.0,4080.0,3949.0,4036.0,4036.0,4055.0,867274.0,3462212762.0,282.0
2005-02-02,3999.0,4050.0,3982.0,4029.0,4029.0,4036.0,1251706.0,5032779033.0,295.0
2005-02-05,4031.0,4059.0,4000.0,4027.0,4027.0,4029.0,787314.0,3168512547.0,263.0
2005-02-06,4000.0,4079.0,4000.0,4030.0,4030.0,4027.0,586609.0,2373166558.0,246.0
2005-02-07,4027.0,4040.0,3855.0,4016.0,4016.0,4030.0,518472.0,2051675233.0,179.0
2005-02-08,3921.0,4050.0,3850.0,4006.0,4006.0,4016.0,903606.0,3603406557.0,256.0
2005-02-09,4017.0,4050.0,3999.0,4007.0,4007.0,4006.0,373088.0,1497748377.0,257.0
2005-02-12,4008.0,4055.0,3900.0,4005.0,4005.0,4007.0,194619.0,774807522.0,122.0
2005-02-13,3902.0,3992.0,3850.0,3992.0,3992.0,4005.0,326267.0,1269912068.0,193.0
2005-02-14,3853.0,3971.0,3819.0,3971.0,3971.0,3992.0,465436.0,1800027243.0,209.0
2005-02-15,3800.0,3908.0,3773.0,3908.0,3908.0,3971.0,954228.0,3608267996.0,190.0
2005-02-16,3784.0,3950.0,3718.0,3875.0,3875.0,3908.0,646885.0,2435322401.0,219.0
2005-02-21,3875.0,3875.0,3744.0,3866.0,3866.0,3875.0,285294.0,1081151760.0,119.0
2005-02-22,3832.0,3989.0,3715.0,3855.0,3855.0,3866.0,2291773.0,8678982545.0,200.0
2005-02-23,3801.0,4000.0,3800.0,3871.0,3871.0,3855.0,1616753.0,6288857981.0,201.0
2005-02-26,3951.0,4064.0,3919.0,3919.0,3919.0,3871.0,800411.0,3237412349.0,236.0
2005-02-27,4089.0,4114.0,4071.0,4104.0,4104.0,3919.0,3442902.0,14133066203.0,408.0
2005-02-28,4099.0,4280.0,4082.0,4116.0,4116.0,4104.0,484206.0,2022865050.0,273.0
2005-03-01,4200.0,4248.0,4100.0,4128.0,4128.0,4116.0,1577848.0,6516491232.0,313.0
2005-03-02,4130.0,4190.0,4120.0,4135.0,4135.0,4128.0,579383.0,2414097503.0,314.0
2005-03-05,4135.0,4199.0,4082.0,4137.0,4137.0,4135.0,443038.0,1839808613.0,275.0
2005-03-06,4137.0,4180.0,4070.0,4135.0,4135.0,4137.0,1802789.0,7353331206.0,260.0
2005-03-07,4070.0,4150.0,4040.0,4127.0,4127.0,4135.0,477703.0,1953725994.0,271.0
2005-03-08,4118.0,4150.0,4065.0,4122.0,4122.0,4127.0,455563.0,1868021421.0,250.0
2005-03-09,4082.0,4100.0,4000.0,4094.0,4094.0,4122.0,977992.0,3953328764.0,268.0
2005-03-12,4032.0,4062.0,3975.0,4062.0,4062.0,4094.0,968982.0,3876952213.0,248.0
2005-03-13,4020.0,4099.0,4002.0,4061.0,4061.0,4062.0,273612.0,1109338231.0,242.0
2005-03-14,4061.0,4148.0,4061.0,4070.0,4070.0,4061.0,1468420.0,6006807425.0,242.0
2005-03-15,4130.0,4178.0,4071.0,4091.0,4091.0,4070.0,2798952.0,11513241349.0,263.0
2005-03-16,4150.0,4240.0,4130.0,4143.0,4143.0,4091.0,2585478.0,10838835353.0,322.0
2005-03-26,4199.0,4349.0,4159.0,4159.0,4159.0,4143.0,303842.0,1306810822.0,99.0
2005-03-27,4275.0,4319.0,4177.0,4177.0,4177.0,4159.0,455797.0,1950741911.0,127.0
2005-03-28,4286.0,4350.0,4192.0,4192.0,4192.0,4177.0,294182.0,1274095622.0,114.0
2005-03-29,4259.0,4390.0,4213.0,4213.0,4213.0,4192.0,343372.0,1501275082.0,159.0
2005-03-30,4401.0,4423.0,4248.0,4248.0,4248.0,4213.0,497654.0,2200309355.0,190.0
2005-04-03,4363.0,4450.0,4264.0,4264.0,4264.0,4248.0,307600.0,1355026649.0,133.0
2005-04-04,4382.0,4477.0,4318.0,4318.0,4318.0,4264.0,850226.0,3781432257.0,279.0
2005-04-05,4400.0,4430.0,4320.0,4334.0,4334.0,4318.0,699013.0,3066095691.0,279.0
2005-04-06,4398.0,4429.0,4345.0,4345.0,4345.0,4334.0,578260.0,2539605527.0,270.0
2005-04-10,4400.0,4440.0,4366.0,4366.0,4366.0,4345.0,758379.0,3358342649.0,313.0
2005-04-11,4417.0,4584.0,4408.0,4408.0,4408.0,4366.0,869829.0,3920295990.0,427.0
2005-04-12,4535.0,4628.0,4529.0,4529.0,4529.0,4408.0,3056804.0,14132231892.0,466.0
2005-04-13,4755.0,4755.0,4619.0,4619.0,4619.0,4529.0,1225901.0,5813152461.0,490.0
2005-04-16,4628.0,4700.0,4620.0,4632.0,4632.0,4619.0,835842.0,3899024695.0,444.0
2005-04-17,4628.0,4632.0,4480.0,4613.0,4613.0,4632.0,736829.0,3359060924.0,394.0
2005-04-18,4449.0,4580.0,4402.0,4580.0,4580.0,4613.0,568763.0,2531427336.0,374.0
2005-04-19,4475.0,4521.0,4351.0,4521.0,4521.0,4580.0,2328159.0,10228855783.0,727.0
2005-04-20,4398.0,4515.0,4302.0,4515.0,4515.0,4521.0,94788.0,413859165.0,57.0
2005-04-23,4389.0,4700.0,4389.0,4587.0,4587.0,4515.0,915230.0,4198302228.0,428.0
2005-04-24,4630.0,4740.0,4599.0,4630.0,4630.0,4587.0,3019234.0,13996660800.0,426.0
2005-04-25,4657.0,4749.0,4654.0,4654.0,4654.0,4630.0,12090098.0,56866408948.0,342.0
2005-04-27,4714.0,4770.0,4679.0,4679.0,4679.0,4654.0,1016809.0,4806660618.0,379.0
2005-04-30,4717.0,4779.0,4700.0,4702.0,4702.0,4679.0,1260071.0,5963602323.0,464.0
2005-05-01,4709.0,4733.0,4645.0,4700.0,4700.0,4702.0,1751888.0,8249086719.0,396.0
2005-05-02,4693.0,4700.0,4666.0,4696.0,4696.0,4700.0,2007962.0,9408381071.0,361.0
2005-05-03,4689.0,4700.0,4622.0,4687.0,4687.0,4696.0,5616110.0,26272058802.0,417.0
2005-05-04,4679.0,4828.0,4679.0,4713.0,4713.0,4687.0,2982129.0,14200568049.0,415.0
2005-05-07,4718.0,4750.0,4682.0,4712.0,4712.0,4713.0,952248.0,4485953009.0,356.0
2005-05-08,4700.0,4760.0,4693.0,4713.0,4713.0,4712.0,958894.0,4540083108.0,344.0
2005-05-09,4748.0,4780.0,4724.0,4726.0,4726.0,4713.0,1192747.0,5674740326.0,331.0
2005-05-10,4757.0,4838.0,4757.0,4763.0,4763.0,4726.0,1369169.0,6590308448.0,384.0
2005-05-11,4804.0,4879.0,4804.0,4809.0,4809.0,4763.0,7500953.0,36344578142.0,471.0
2005-05-14,4824.0,4850.0,4800.0,4813.0,4813.0,4809.0,1886237.0,9099882743.0,432.0
2005-05-15,4802.0,4830.0,4780.0,4812.0,4812.0,4813.0,630859.0,3034673001.0,333.0
2005-05-16,4826.0,4826.0,4790.0,4810.0,4810.0,4812.0,1900943.0,9140376490.0,369.0
2005-05-17,4806.0,4810.0,4780.0,4807.0,4807.0,4810.0,649097.0,3116017183.0,305.0
2005-05-18,4802.0,4810.0,4750.0,4803.0,4803.0,4807.0,811200.0,3895118466.0,364.0
2005-05-21,4795.0,4795.0,4711.0,4771.0,4771.0,4803.0,818818.0,3887836369.0,308.0
2005-05-22,4734.0,4744.0,4700.0,4744.0,4744.0,4771.0,723437.0,3413284454.0,334.0
2005-05-23,4716.0,4731.0,4700.0,4731.0,4731.0,4744.0,956372.0,4507489137.0,312.0
2005-05-24,4702.0,4728.0,4680.0,4718.0,4718.0,4731.0,966051.0,4552957635.0,383.0
2005-05-25,4713.0,4800.0,4701.0,4724.0,4724.0,4718.0,1271475.0,6015860398.0,356.0
2005-05-28,4740.0,4900.0,4740.0,4821.0,4821.0,4724.0,3873871.0,18651881065.0,512.0
2005-05-29,4821.0,4850.0,4801.0,4823.0,4823.0,4821.0,1386655.0,6690076947.0,431.0
2005-05-30,4822.0,4822.0,4750.0,4806.0,4806.0,4823.0,1528233.0,7345458057.0,443.0
2005-05-31,4806.0,4810.0,4760.0,4797.0,4797.0,4806.0,3373593.0,16189772737.0,403.0
2005-06-01,4799.0,4800.0,4750.0,4790.0,4790.0,4797.0,2192650.0,10505972250.0,368.0
2005-06-06,4790.0,4803.0,4730.0,4784.0,4784.0,4790.0,998390.0,4774807152.0,335.0
2005-06-07,4774.0,4775.0,4726.0,4763.0,4763.0,4784.0,1069463.0,5087073479.0,414.0
2005-06-08,4745.0,4745.0,4621.0,4711.0,4711.0,4763.0,1026110.0,4813859488.0,411.0
2005-06-11,4666.0,4699.0,4602.0,4676.0,4676.0,4711.0,699791.0,3248126752.0,343.0
2005-06-12,4660.0,4667.0,4604.0,4656.0,4656.0,4676.0,813833.0,3777538125.0,323.0
2005-06-13,4652.0,4652.0,4600.0,4633.0,4633.0,4656.0,1547556.0,7153060596.0,371.0
2005-06-14,4621.0,4676.0,4590.0,4625.0,4625.0,4633.0,791241.0,3656115778.0,332.0
2005-06-15,4679.0,4750.0,4660.0,4660.0,4660.0,4625.0,693701.0,3259615022.0,315.0
2005-06-18,4669.0,4800.0,4669.0,4730.0,4730.0,4660.0,872124.0,4165274018.0,311.0
2005-06-19,4750.0,4796.0,4720.0,4753.0,4753.0,4730.0,1144084.0,5444923397.0,406.0
2005-06-20,4753.0,4815.0,4753.0,4783.0,4783.0,4753.0,1169152.0,5602487191.0,332.0
2005-06-21,4787.0,4800.0,4710.0,4765.0,4765.0,4783.0,1113496.0,5301657483.0,287.0
2005-06-22,4763.0,4820.0,4752.0,4798.0,4798.0,4765.0,3537772.0,16977580508.0,423.0
2005-06-25,4700.0,4800.0,4600.0,4689.0,4689.0,4798.0,3507072.0,16447655234.0,585.0
2005-06-26,4688.0,4800.0,4623.0,4690.0,4690.0,4689.0,842258.0,3954510731.0,380.0
2005-06-27,4690.0,4830.0,4681.0,4698.0,4698.0,4690.0,685067.0,3237440838.0,320.0
2005-06-28,4799.0,4800.0,4720.0,4720.0,4720.0,4698.0,870479.0,4155621481.0,368.0
2005-06-29,4735.0,4770.0,4720.0,4728.0,4728.0,4720.0,828699.0,3935523707.0,358.0
2005-07-02,4721.0,4800.0,4720.0,4742.0,4742.0,4728.0,1410080.0,6710146290.0,484.0
2005-07-03,4728.0,4760.0,4680.0,4725.0,4725.0,4742.0,2067812.0,9720973728.0,509.0
2005-07-04,4714.0,4714.0,4649.0,4698.0,4698.0,4725.0,1118227.0,5208482735.0,447.0
2005-07-05,4660.0,4690.0,4600.0,4666.0,4666.0,4698.0,1425962.0,6609786112.0,462.0
2005-07-06,4659.0,4659.0,4610.0,4647.0,4647.0,4666.0,1193430.0,5517046854.0,443.0
2005-07-09,4620.0,4720.0,4590.0,4650.0,4650.0,4647.0,1855626.0,8628559095.0,428.0
2005-07-11,4653.0,4760.0,4652.0,4699.0,4699.0,4650.0,2845036.0,13478051075.0,623.0
2005-07-12,4699.0,4740.0,4680.0,4705.0,4705.0,4699.0,1261189.0,5952919737.0,507.0
2005-07-13,4690.0,4730.0,4651.0,4698.0,4698.0,4705.0,3063315.0,14390202084.0,627.0
2005-07-16,4696.0,4720.0,4670.0,4694.0,4694.0,4698.0,2862962.0,13433525048.0,802.0
2005-07-17,4693.0,4720.0,4662.0,4695.0,4695.0,4694.0,6153833.0,28915145836.0,1085.0
2005-08-17,3250.0,3400.0,3250.0,3377.0,3377.0,4695.0,234264.0,791242275.0,51.0
2005-08-20,3376.0,3519.0,3336.0,3397.0,3397.0,3377.0,1428948.0,4935557493.0,349.0
2005-08-21,3431.0,3560.0,3431.0,3434.0,3434.0,3397.0,881927.0,3103536365.0,323.0
2005-08-22,3565.0,3604.0,3463.0,3463.0,3463.0,3434.0,1025986.0,3651197680.0,298.0
2005-08-23,3576.0,3588.0,3460.0,3478.0,3478.0,3463.0,816253.0,2872895484.0,359.0
2005-08-24,3571.0,3573.0,3460.0,3484.0,3484.0,3478.0,488263.0,1718408597.0,275.0
2005-08-27,3499.0,3560.0,3491.0,3498.0,3498.0,3484.0,1058260.0,3728955115.0,397.0
2005-08-28,3540.0,3550.0,3470.0,3499.0,3499.0,3498.0,1022773.0,3584848936.0,247.0
2005-08-29,3499.0,3535.0,3440.0,3497.0,3497.0,3499.0,380427.0,1327728589.0,255.0
2005-08-30,3469.0,3491.0,3420.0,3491.0,3491.0,3497.0,349480.0,1205809828.0,252.0
2005-08-31,3460.0,3478.0,3385.0,3478.0,3478.0,3491.0,658182.0,2261571055.0,322.0
2005-09-03,3380.0,3425.0,3346.0,3425.0,3425.0,3478.0,1278239.0,4296081232.0,420.0
2005-09-04,3311.0,3410.0,3305.0,3410.0,3410.0,3425.0,708149.0,2366578757.0,317.0
2005-09-05,3370.0,3380.0,3260.0,3380.0,3380.0,3410.0,719958.0,2370972226.0,348.0
2005-09-06,3290.0,3352.0,3212.0,3352.0,3352.0,3380.0,555118.0,1798442672.0,258.0
2005-09-07,3280.0,3400.0,3261.0,3350.0,3350.0,3352.0,395229.0,1320936447.0,231.0
2005-09-10,3341.0,3349.0,3220.0,3336.0,3336.0,3350.0,468768.0,1531221779.0,293.0
2005-09-11,3234.0,3306.0,3200.0,3306.0,3306.0,3336.0,753479.0,2428529282.0,334.0
2005-09-12,3265.0,3287.0,3200.0,3287.0,3287.0,3306.0,642415.0,2071750858.0,268.0
2005-09-13,3197.0,3277.0,3177.0,3277.0,3277.0,3287.0,358587.0,1151853877.0,454.0
2005-09-14,3252.0,3330.0,3220.0,3275.0,3275.0,3277.0,565340.0,1847616616.0,321.0
2005-09-17,3305.0,3389.0,3274.0,3282.0,3282.0,3275.0,338011.0,1128399117.0,299.0
2005-09-18,3299.0,3336.0,3235.0,3280.0,3280.0,3282.0,605366.0,1980302906.0,326.0
2005-09-19,3280.0,3349.0,3252.0,3283.0,3283.0,3280.0,546727.0,1803768577.0,262.0
2005-09-21,3275.0,3305.0,3200.0,3279.0,3279.0,3283.0,488277.0,1594035728.0,281.0
2005-09-24,3278.0,3340.0,3230.0,3277.0,3277.0,3279.0,328930.0,1074376321.0,235.0
2005-09-25,3200.0,3248.0,3114.0,3244.0,3244.0,3277.0,745882.0,2350885283.0,318.0
2005-09-26,3116.0,3182.0,3082.0,3182.0,3182.0,3244.0,1143850.0,3535499294.0,403.0
2005-09-27,3023.0,3133.0,3023.0,3133.0,3133.0,3182.0,1229524.0,3769807437.0,309.0
2005-09-28,3070.0,3106.0,3070.0,3106.0,3106.0,3133.0,2373146.0,7285666497.0,329.0
2005-10-01,3070.0,3094.0,3070.0,3094.0,3094.0,3106.0,1140228.0,3501011201.0,332.0
2005-10-02,3070.0,3120.0,3070.0,3094.0,3094.0,3094.0,414216.0,1281745256.0,209.0
2005-10-03,3095.0,3140.0,3070.0,3094.0,3094.0,3094.0,476343.0,1474621534.0,254.0
2005-10-04,3070.0,3100.0,3070.0,3090.0,3090.0,3094.0,489636.0,1503593126.0,214.0
2005-10-05,3071.0,3160.0,3070.0,3091.0,3091.0,3090.0,252859.0,786531474.0,188.0
2005-10-08,3140.0,3238.0,3099.0,3099.0,3099.0,3091.0,305575.0,974575022.0,268.0
2005-10-09,3205.0,3253.0,3122.0,3122.0,3122.0,3099.0,650741.0,2100446936.0,315.0
2005-10-10,3197.0,3228.0,3131.0,3131.0,3131.0,3122.0,411189.0,1317874881.0,263.0
2005-10-11,3209.0,3239.0,3139.0,3139.0,3139.0,3131.0,441712.0,1415451177.0,223.0
2005-10-12,3170.0,3200.0,3143.0,3143.0,3143.0,3139.0,366609.0,1167978161.0,254.0
2005-10-15,3185.0,3200.0,3150.0,3150.0,3150.0,3143.0,696512.0,2226033037.0,262.0
2005-10-16,3160.0,3210.0,3152.0,3152.0,3152.0,3150.0,736998.0,2356065921.0,222.0
2005-10-17,3169.0,3198.0,3154.0,3154.0,3154.0,3152.0,332370.0,1058175863.0,241.0
2005-10-18,3172.0,3189.0,3132.0,3153.0,3153.0,3154.0,476754.0,1501774892.0,232.0
2005-10-19,3150.0,3179.0,3121.0,3153.0,3153.0,3153.0,382475.0,1208192492.0,210.0
2005-10-22,3171.0,3194.0,3135.0,3154.0,3154.0,3153.0,544033.0,1719406083.0,235.0
2005-10-23,3150.0,3160.0,3139.0,3153.0,3153.0,3154.0,305236.0,961069323.0,194.0
2005-10-24,3148.0,3200.0,3120.0,3150.0,3150.0,3153.0,1061199.0,3339300665.0,324.0
2005-10-26,3152.0,3199.0,3151.0,3152.0,3152.0,3150.0,303878.0,964876129.0,180.0
2005-10-29,3152.0,3180.0,3130.0,3151.0,3151.0,3152.0,589089.0,1853323356.0,255.0
2005-10-30,3152.0,3152.0,3070.0,3143.0,3143.0,3151.0,768218.0,2392872518.0,303.0
2005-10-31,3119.0,3180.0,3050.0,3133.0,3133.0,3143.0,732185.0,2266681100.0,304.0
2005-11-01,3070.0,3116.0,3070.0,3116.0,3116.0,3133.0,941045.0,2889230448.0,313.0
2005-11-02,3070.0,3106.0,3070.0,3106.0,3106.0,3116.0,714341.0,2193104135.0,246.0
2005-11-05,3069.0,3100.0,3069.0,3100.0,3100.0,3106.0,554100.0,1701635104.0,193.0
2005-11-06,3070.0,3093.0,3070.0,3093.0,3093.0,3100.0,748259.0,2297208519.0,297.0
2005-11-07,3070.0,3100.0,3070.0,3085.0,3085.0,3093.0,1150049.0,3532359652.0,333.0
2005-11-08,3070.0,3099.0,3060.0,3081.0,3081.0,3085.0,751271.0,2306629084.0,255.0
2005-11-09,3070.0,3078.0,3070.0,3078.0,3078.0,3081.0,881650.0,2706710820.0,240.0
2005-11-12,3070.0,3075.0,3070.0,3075.0,3075.0,3078.0,1225464.0,3762525428.0,299.0
2005-11-13,3070.0,3080.0,3070.0,3073.0,3073.0,3075.0,1066251.0,3273680408.0,301.0
2005-11-14,3070.0,3072.0,3070.0,3072.0,3072.0,3073.0,579223.0,1778339928.0,188.0
2005-11-15,3070.0,3072.0,3070.0,3071.0,3071.0,3072.0,923665.0,2835759429.0,241.0
2005-11-16,3071.0,3083.0,3070.0,3070.0,3070.0,3071.0,1131466.0,3473819303.0,211.0
2005-11-19,3070.0,3071.0,3070.0,3070.0,3070.0,3070.0,379721.0,1165804028.0,153.0
2005-11-20,3070.0,3085.0,3070.0,3070.0,3070.0,3070.0,41357193.0,126966931440.0,344.0
2005-11-21,3070.0,3075.0,3070.0,3070.0,3070.0,3070.0,697007.0,2139944216.0,243.0
2005-11-22,3071.0,3075.0,3070.0,3070.0,3070.0,3070.0,1838990.0,5645955992.0,286.0
2005-11-23,3090.0,3150.0,3075.0,3076.0,3076.0,3070.0,631240.0,1968012723.0,221.0
2005-11-26,3229.0,3398.0,3229.0,3300.0,3300.0,3076.0,4768795.0,15736344893.0,896.0
2005-11-27,3420.0,3420.0,3196.0,3301.0,3301.0,3300.0,1887370.0,6234525405.0,644.0
2005-11-29,3290.0,3325.0,3272.0,3301.0,3301.0,3301.0,1293803.0,4272075130.0,493.0
2005-11-30,3301.0,3320.0,3280.0,3299.0,3299.0,3301.0,1518180.0,5007516597.0,537.0
2005-12-03,3298.0,3350.0,3249.0,3295.0,3295.0,3299.0,1479715.0,4869540277.0,619.0
2005-12-04,3316.0,3459.0,3315.0,3413.0,3413.0,3295.0,2874558.0,9899047848.0,741.0
2005-12-05,3569.0,3580.0,3290.0,3405.0,3405.0,3413.0,932825.0,3156204167.0,420.0
2005-12-06,3404.0,3405.0,3280.0,3389.0,3389.0,3405.0,671088.0,2230528042.0,402.0
2005-12-10,3330.0,3346.0,3220.0,3346.0,3346.0,3389.0,1408113.0,4620032487.0,527.0
2005-12-11,3210.0,3389.0,3210.0,3336.0,3336.0,3346.0,1011102.0,3350004762.0,399.0
2005-12-12,3340.0,3370.0,3280.0,3330.0,3330.0,3336.0,933159.0,3093513115.0,362.0
2005-12-13,3299.0,3321.0,3230.0,3321.0,3321.0,3330.0,590775.0,1938657538.0,295.0
2005-12-14,3289.0,3293.0,3165.0,3293.0,3293.0,3321.0,813787.0,2605242585.0,332.0
2005-12-17,3220.0,3274.0,3165.0,3274.0,3274.0,3293.0,749115.0,2401417430.0,315.0
2005-12-18,3195.0,3254.0,3111.0,3254.0,3254.0,3274.0,1745631.0,5464286090.0,288.0
2005-12-19,3105.0,3233.0,3100.0,3233.0,3233.0,3254.0,630797.0,1979243850.0,287.0
2005-12-20,3123.0,3219.0,3073.0,3219.0,3219.0,3233.0,439894.0,1372296266.0,235.0
2005-12-21,3100.0,3204.0,3100.0,3204.0,3204.0,3219.0,539773.0,1684455156.0,261.0
2005-12-24,3130.0,3186.0,3088.0,3186.0,3186.0,3204.0,1272950.0,3962061344.0,297.0
2005-12-25,3090.0,3162.0,3070.0,3162.0,3162.0,3186.0,767508.0,2362911654.0,318.0
2005-12-26,3076.0,3129.0,3050.0,3129.0,3129.0,3162.0,3249510.0,9975774565.0,493.0
2005-12-27,3061.0,3102.0,3045.0,3102.0,3102.0,3129.0,7811310.0,23969815929.0,434.0
2005-12-28,3060.0,3083.0,3002.0,3083.0,3083.0,3102.0,2478147.0,7570639129.0,383.0
2005-12-31,3118.0,3121.0,3091.0,3091.0,3091.0,3083.0,6206211.0,19351160141.0,313.0
2006-01-01,3118.0,3119.0,3098.0,3098.0,3098.0,3091.0,994324.0,3100386827.0,308.0
2006-01-02,3149.0,3150.0,3114.0,3114.0,3114.0,3098.0,1360976.0,4286040447.0,372.0
2006-01-03,3179.0,3180.0,3137.0,3137.0,3137.0,3114.0,2712741.0,8624160875.0,426.0
2006-01-04,3199.0,3200.0,3156.0,3156.0,3156.0,3137.0,6045291.0,19338994530.0,339.0
2006-01-07,3199.0,3200.0,3100.0,3167.0,3167.0,3156.0,1177540.0,3756671520.0,365.0
2006-01-08,3197.0,3197.0,3101.0,3168.0,3168.0,3167.0,1438912.0,4561334876.0,453.0
2006-01-09,3168.0,3168.0,3096.0,3161.0,3161.0,3168.0,2556701.0,8010691975.0,390.0
2006-01-10,3168.0,3169.0,3100.0,3156.0,3156.0,3161.0,1362382.0,4291234862.0,404.0
2006-01-14,3160.0,3161.0,3060.0,3144.0,3144.0,3156.0,1564144.0,4896338270.0,451.0
2006-01-15,3144.0,3144.0,3064.0,3135.0,3135.0,3144.0,1459358.0,4559387778.0,427.0
2006-01-16,3081.0,3132.0,3070.0,3118.0,3118.0,3135.0,911069.0,2797661079.0,367.0
2006-01-17,3070.0,3130.0,3070.0,3099.0,3099.0,3118.0,2381780.0,7317271645.0,439.0
2006-01-18,3099.0,3118.0,3090.0,3096.0,3096.0,3099.0,2143165.0,6623642091.0,344.0
2006-01-21,3090.0,3130.0,3090.0,3094.0,3094.0,3096.0,1058589.0,3271400954.0,340.0
2006-01-22,3090.0,3092.0,3089.0,3092.0,3092.0,3094.0,1014343.0,3134698070.0,334.0
2006-01-23,3090.0,3091.0,3090.0,3091.0,3091.0,3092.0,16287142.0,50327389274.0,265.0
2006-01-24,3095.0,3096.0,3091.0,3091.0,3091.0,3091.0,3605215.0,11158189540.0,296.0
2006-01-25,3080.0,3096.0,3063.0,3091.0,3091.0,3091.0,4159941.0,12872237946.0,345.0
2006-01-28,3095.0,3096.0,3091.0,3091.0,3091.0,3091.0,2759847.0,8541851187.0,289.0
2006-01-29,3093.0,3093.0,3091.0,3091.0,3091.0,3091.0,6985923.0,21600566132.0,258.0
2006-01-30,3100.0,3101.0,3090.0,3093.0,3093.0,3091.0,3238038.0,10038007732.0,321.0
2006-01-31,3110.0,3111.0,3097.0,3097.0,3097.0,3093.0,1531372.0,4762590449.0,351.0
2006-02-01,3097.0,3098.0,3097.0,3097.0,3097.0,3097.0,1283031.0,3973628171.0,267.0
2006-02-04,3097.0,3098.0,3097.0,3097.0,3097.0,3097.0,1081174.0,3348495307.0,371.0
2006-02-05,3097.0,3098.0,2990.0,3083.0,3083.0,3097.0,1478083.0,4530635556.0,460.0
2006-02-06,3100.0,3100.0,2996.0,3073.0,3073.0,3083.0,1564379.0,4788434026.0,438.0
2006-02-07,3040.0,3052.0,2939.0,3052.0,3052.0,3073.0,1402260.0,4235100254.0,411.0
2006-02-12,3000.0,3031.0,2945.0,3031.0,3031.0,3052.0,1214928.0,3635463945.0,352.0
2006-02-13,2951.0,3011.0,2880.0,3011.0,3011.0,3031.0,511216.0,1480101661.0,276.0
2006-02-14,2951.0,3010.0,2951.0,3010.0,3010.0,3011.0,37573.0,110878513.0,45.0
2006-02-15,2950.0,3007.0,2950.0,3007.0,3007.0,3010.0,123365.0,363927320.0,73.0
2006-02-18,2947.0,3005.0,2947.0,3005.0,3005.0,3007.0,77926.0,229648502.0,48.0
2006-02-19,2945.0,3002.0,2945.0,3002.0,3002.0,3005.0,163487.0,481469785.0,75.0
2006-02-20,2942.0,2999.0,2942.0,2999.0,2999.0,3002.0,167870.0,493874110.0,82.0
2006-02-21,2940.0,2994.0,2940.0,2994.0,2994.0,2999.0,272727.0,801817920.0,116.0
2006-02-22,2935.0,2990.0,2935.0,2990.0,2990.0,2994.0,202589.0,594599265.0,101.0
2006-02-25,2931.0,2988.0,2931.0,2988.0,2988.0,2990.0,105921.0,310455021.0,56.0
2006-02-26,2929.0,2985.0,2929.0,2985.0,2985.0,2988.0,178092.0,521632028.0,100.0
2006-02-27,2926.0,3020.0,2926.0,2941.0,2941.0,2985.0,11844392.0,35466877687.0,1239.0
2006-02-28,2990.0,2990.0,2890.0,2937.0,2937.0,2941.0,497639.0,1450765606.0,241.0
2006-03-01,2937.0,2937.0,2879.0,2930.0,2930.0,2937.0,1473636.0,4245619895.0,218.0
2006-03-04,2900.0,2924.0,2872.0,2924.0,2924.0,2930.0,1380708.0,3984412507.0,205.0
2006-03-05,2873.0,2917.0,2866.0,2917.0,2917.0,2924.0,1455734.0,4193138597.0,240.0
2006-03-06,2892.0,2930.0,2866.0,2915.0,2915.0,2917.0,282811.0,818501900.0,214.0
2006-03-07,2900.0,2973.0,2900.0,2921.0,2921.0,2915.0,1842406.0,5394105938.0,304.0
2006-03-08,2941.0,2959.0,2905.0,2922.0,2922.0,2921.0,452555.0,1325876756.0,230.0
2006-03-11,2901.0,2918.0,2864.0,2918.0,2918.0,2922.0,224526.0,645286533.0,165.0
2006-03-12,2899.0,2945.0,2861.0,2915.0,2915.0,2918.0,449651.0,1302548092.0,215.0
2006-03-13,2908.0,2934.0,2901.0,2915.0,2915.0,2915.0,183746.0,536009891.0,141.0
2006-03-14,2916.0,2949.0,2905.0,2915.0,2915.0,2915.0,334337.0,975563315.0,195.0
2006-03-15,2930.0,2971.0,2917.0,2917.0,2917.0,2915.0,314901.0,927898258.0,176.0
2006-03-18,2945.0,2975.0,2934.0,2934.0,2934.0,2917.0,1149842.0,3416440471.0,289.0
2006-03-19,2937.0,2992.0,2920.0,2937.0,2937.0,2934.0,1326200.0,3908788921.0,222.0
2006-03-25,2970.0,2995.0,2943.0,2943.0,2943.0,2937.0,412295.0,1234520996.0,120.0
2006-03-26,3000.0,3001.0,2953.0,2953.0,2953.0,2943.0,652144.0,1957018229.0,195.0
2006-03-27,3012.0,3012.0,2961.0,2961.0,2961.0,2953.0,554200.0,1669098136.0,169.0
2006-03-28,3011.0,3020.0,2971.0,2971.0,2971.0,2961.0,666577.0,2012970074.0,211.0
2006-04-03,3019.0,3030.0,2974.0,2974.0,2974.0,2971.0,220748.0,668166658.0,128.0
2006-04-04,3021.0,3033.0,2980.0,2980.0,2980.0,2974.0,533838.0,1617909246.0,187.0
2006-04-05,3029.0,3039.0,2999.0,2999.0,2999.0,2980.0,1256289.0,3816326492.0,336.0
2006-04-08,3040.0,3058.0,3024.0,3024.0,3024.0,2999.0,1586507.0,4851457543.0,334.0
2006-04-09,3084.0,3084.0,3070.0,3070.0,3070.0,3024.0,2766837.0,8532925168.0,511.0
2006-04-10,3131.0,3131.0,3091.0,3130.0,3130.0,3070.0,5138648.0,16087640171.0,1125.0
2006-04-11,3191.0,3192.0,3150.0,3190.0,3190.0,3130.0,4346648.0,13868944533.0,1076.0
2006-04-26,3290.0,3400.0,3172.0,3199.0,3199.0,3190.0,6687902.0,21395472241.0,1580.0
2006-04-29,3194.0,3194.0,3143.0,3187.0,3187.0,3199.0,1086103.0,3433828272.0,457.0
2006-04-30,3140.0,3166.0,3124.0,3166.0,3166.0,3187.0,2523117.0,7886746292.0,449.0
2006-05-01,3128.0,3152.0,3104.0,3152.0,3152.0,3166.0,980563.0,3057563625.0,461.0
2006-05-02,3109.0,3142.0,3090.0,3142.0,3142.0,3152.0,968291.0,3003750344.0,375.0
2006-05-03,3092.0,3132.0,3080.0,3132.0,3132.0,3142.0,611496.0,1888768131.0,276.0
2006-05-06,3071.0,3120.0,3071.0,3117.0,3117.0,3132.0,1070126.0,3298323105.0,448.0
2006-05-07,3093.0,3113.0,3065.0,3113.0,3113.0,3117.0,280256.0,861880037.0,233.0
2006-05-08,3090.0,3120.0,3084.0,3108.0,3108.0,3113.0,973483.0,3011473395.0,303.0
2006-05-09,3080.0,3110.0,3076.0,3105.0,3105.0,3108.0,1229392.0,3804770242.0,315.0
2006-05-10,3100.0,3167.0,3100.0,3166.0,3166.0,3105.0,6802056.0,21537481225.0,994.0
2006-05-13,3229.0,3229.0,3228.0,3228.0,3228.0,3166.0,4593970.0,14833928720.0,769.0
2006-05-14,3292.0,3292.0,3284.0,3284.0,3284.0,3228.0,3164871.0,10418755252.0,570.0
2006-05-15,3349.0,3349.0,3280.0,3343.0,3343.0,3284.0,12206656.0,40744115832.0,1618.0
2006-05-16,3329.0,3333.0,3277.0,3314.0,3314.0,3343.0,2274620.0,7465174904.0,532.0
2006-05-17,3248.0,3293.0,3248.0,3293.0,3293.0,3314.0,1148845.0,3733069594.0,341.0
2006-05-20,3246.0,3275.0,3228.0,3275.0,3275.0,3293.0,1560879.0,5069480576.0,518.0
2006-05-21,3240.0,3256.0,3210.0,3256.0,3256.0,3275.0,6606924.0,21256144498.0,388.0
2006-05-22,3202.0,3245.0,3191.0,3245.0,3245.0,3256.0,2182095.0,6986872520.0,238.0
2006-05-23,3181.0,3230.0,3181.0,3230.0,3230.0,3245.0,2175990.0,6956858362.0,440.0
2006-05-24,3229.0,3229.0,3190.0,3226.0,3226.0,3230.0,2243235.0,7217170374.0,311.0
2006-05-27,3224.0,3250.0,3198.0,3223.0,3223.0,3226.0,1008240.0,3242564443.0,336.0
2006-05-28,3223.0,3287.0,3223.0,3237.0,3237.0,3223.0,1053911.0,3448846284.0,446.0
2006-05-29,3270.0,3299.0,3249.0,3249.0,3249.0,3237.0,1550066.0,5064987952.0,483.0
2006-05-30,3270.0,3300.0,3256.0,3256.0,3256.0,3249.0,1568404.0,5132244424.0,397.0
2006-05-31,3280.0,3321.0,3280.0,3285.0,3285.0,3256.0,2187279.0,7242482580.0,555.0
2006-06-03,3300.0,3350.0,3300.0,3345.0,3345.0,3285.0,3872822.0,12972539814.0,700.0
2006-06-06,3400.0,3411.0,3377.0,3377.0,3377.0,3345.0,2058057.0,6999937844.0,630.0
2006-06-07,3400.0,3444.0,3400.0,3443.0,3443.0,3377.0,4213472.0,14509055623.0,1136.0
2006-06-10,3508.0,3511.0,3482.0,3505.0,3505.0,3443.0,6294832.0,22064797663.0,1422.0
2006-06-11,3575.0,3575.0,3525.0,3546.0,3546.0,3505.0,3411097.0,12120861991.0,933.0
2006-06-12,3578.0,3611.0,3505.0,3567.0,3567.0,3546.0,2451414.0,8783420454.0,735.0
2006-06-13,3501.0,3554.0,3496.0,3554.0,3554.0,3567.0,723603.0,2536950274.0,290.0
2006-06-14,3483.0,3538.0,3483.0,3538.0,3538.0,3554.0,771940.0,2688678997.0,281.0
2006-06-17,3468.0,3520.0,3468.0,3505.0,3505.0,3538.0,2167021.0,7521863206.0,463.0
2006-06-18,3435.0,3472.0,3435.0,3472.0,3472.0,3505.0,1666612.0,5725570621.0,510.0
2006-06-19,3403.0,3497.0,3403.0,3443.0,3443.0,3472.0,3616089.0,12418284543.0,843.0
2006-06-20,3455.0,3510.0,3455.0,3457.0,3457.0,3443.0,1616325.0,5637114392.0,424.0
2006-06-21,3462.0,3495.0,3461.0,3464.0,3464.0,3457.0,1260755.0,4391331773.0,403.0
2006-06-24,3498.0,3510.0,3471.0,3474.0,3474.0,3464.0,2118534.0,7389284558.0,518.0
2006-06-25,3498.0,3498.0,3477.0,3477.0,3477.0,3474.0,3490864.0,12161629860.0,494.0
2006-06-26,3488.0,3514.0,3475.0,3479.0,3479.0,3477.0,3368935.0,11727440417.0,476.0
2006-06-27,3479.0,3499.0,3427.0,3472.0,3472.0,3479.0,2105575.0,7302243625.0,410.0
2006-06-28,3460.0,3461.0,3403.0,3448.0,3448.0,3472.0,2904229.0,9900081651.0,448.0
2006-07-01,3400.0,3433.0,3380.0,3433.0,3433.0,3448.0,851906.0,2885273912.0,308.0
2006-07-02,3365.0,3424.0,3365.0,3424.0,3424.0,3433.0,459997.0,1547890495.0,228.0
2006-07-03,3356.0,3400.0,3356.0,3390.0,3390.0,3424.0,1879111.0,6312744366.0,612.0
2006-07-04,3388.0,3388.0,3339.0,3376.0,3376.0,3390.0,1489718.0,4998391987.0,494.0
2006-07-05,3340.0,3400.0,3340.0,3376.0,3376.0,3376.0,2657002.0,8996291436.0,502.0
2006-07-08,3376.0,3400.0,3370.0,3380.0,3380.0,3376.0,1834868.0,6217168891.0,544.0
2006-07-09,3380.0,3383.0,3313.0,3368.0,3368.0,3380.0,1593852.0,5344301986.0,583.0
2006-07-10,3350.0,3400.0,3310.0,3358.0,3358.0,3368.0,1565412.0,5238087792.0,547.0
2006-07-11,3350.0,3410.0,3350.0,3377.0,3377.0,3358.0,3665745.0,12382069328.0,676.0
2006-07-12,3400.0,3444.0,3360.0,3404.0,3404.0,3377.0,6781240.0,22954581904.0,818.0
2006-07-15,3395.0,3470.0,3336.0,3401.0,3401.0,3404.0,5858802.0,19833065274.0,854.0
2006-07-16,3351.0,3450.0,3351.0,3399.0,3399.0,3401.0,9663028.0,32831561855.0,1443.0
2006-07-24,3051.0,3051.0,2820.0,2889.0,2889.0,3399.0,2571361.0,7428955239.0,570.0
2006-07-25,2900.0,2900.0,2860.0,2876.0,2876.0,2889.0,4367071.0,12573233106.0,604.0
2006-07-26,2895.0,2930.0,2866.0,2879.0,2879.0,2876.0,1622062.0,4677997779.0,429.0
2006-07-29,2872.0,2873.0,2823.0,2869.0,2869.0,2879.0,1181084.0,3352329279.0,330.0
2006-07-30,2840.0,2850.0,2812.0,2841.0,2841.0,2869.0,2438923.0,6884345950.0,572.0
2006-08-02,2785.0,2827.0,2785.0,2827.0,2827.0,2841.0,950785.0,2653143213.0,286.0
2006-08-05,2771.0,2816.0,2771.0,2816.0,2816.0,2827.0,652977.0,1809399717.0,205.0
2006-08-06,2760.0,2779.0,2760.0,2761.0,2761.0,2816.0,7507744.0,20745122397.0,750.0
2006-08-07,2758.0,2796.0,2754.0,2766.0,2766.0,2761.0,2434573.0,6778792929.0,348.0
2006-08-09,2769.0,2784.0,2751.0,2766.0,2766.0,2766.0,598139.0,1655293108.0,241.0
2006-08-12,2760.0,2770.0,2711.0,2756.0,2756.0,2766.0,826439.0,2251861908.0,285.0
2006-08-13,2730.0,2811.0,2726.0,2762.0,2762.0,2756.0,1543570.0,4276386911.0,370.0
2006-08-14,2817.0,2817.0,2765.0,2765.0,2765.0,2762.0,208228.0,586577756.0,94.0
2006-08-15,2820.0,2820.0,2766.0,2766.0,2766.0,2765.0,119605.0,337285560.0,79.0
2006-08-16,2821.0,2821.0,2767.0,2767.0,2767.0,2766.0,81898.0,231033718.0,50.0
2006-08-19,2822.0,2822.0,2771.0,2771.0,2771.0,2767.0,278537.0,786030904.0,123.0
2006-08-20,2826.0,2826.0,2777.0,2777.0,2777.0,2771.0,423560.0,1196980070.0,190.0
2006-08-21,2832.0,2832.0,2782.0,2782.0,2782.0,2777.0,328397.0,930019804.0,130.0
2006-08-23,2837.0,2837.0,2785.0,2785.0,2785.0,2782.0,234892.0,666388084.0,150.0
2006-08-26,2840.0,2840.0,2789.0,2789.0,2789.0,2785.0,269697.0,765938970.0,164.0
2006-08-27,2844.0,2844.0,2808.0,2808.0,2808.0,2789.0,1273579.0,3622058316.0,376.0
2006-08-28,2864.0,2864.0,2813.0,2813.0,2813.0,2808.0,379615.0,1087216850.0,200.0
2006-08-29,2869.0,2869.0,2815.0,2815.0,2815.0,2813.0,156174.0,448062666.0,89.0
2006-08-30,2871.0,2871.0,2832.0,2832.0,2832.0,2815.0,1126554.0,3234336144.0,331.0
2006-09-02,2888.0,2888.0,2833.0,2833.0,2833.0,2832.0,95025.0,274431650.0,60.0
2006-09-03,2889.0,2889.0,2835.0,2835.0,2835.0,2833.0,144345.0,417012165.0,125.0
2006-09-04,2891.0,2891.0,2839.0,2839.0,2839.0,2835.0,263546.0,761910966.0,437.0
2006-09-05,2895.0,2895.0,2842.0,2842.0,2842.0,2839.0,236425.0,684449845.0,110.0
2006-09-06,2898.0,2898.0,2849.0,2849.0,2849.0,2842.0,505985.0,1466344040.0,218.0
2006-09-10,2905.0,2905.0,2853.0,2853.0,2853.0,2849.0,319850.0,929163730.0,151.0
2006-09-11,2910.0,2910.0,2859.0,2859.0,2859.0,2853.0,382135.0,1112012340.0,220.0
2006-09-12,2916.0,2916.0,2862.0,2862.0,2862.0,2859.0,247153.0,720697608.0,168.0
2006-09-13,2919.0,2919.0,2866.0,2866.0,2866.0,2862.0,297337.0,867926173.0,149.0
2006-09-16,2923.0,2923.0,2923.0,2923.0,2923.0,2866.0,7285802.0,21296399246.0,1168.0
2006-09-17,2981.0,2981.0,2927.0,2927.0,2927.0,2923.0,271048.0,807993548.0,160.0
2006-09-18,2985.0,2985.0,2928.0,2928.0,2928.0,2927.0,73357.0,218970075.0,74.0
2006-10-04,2870.0,2950.0,2870.0,2872.0,2872.0,2928.0,6697043.0,19237807954.0,1371.0
2006-10-07,2850.0,2895.0,2822.0,2868.0,2868.0,2872.0,3474473.0,10000954821.0,572.0
2006-10-08,2858.0,2863.0,2811.0,2843.0,2843.0,2868.0,1664181.0,4685062981.0,484.0
2006-10-09,2787.0,2831.0,2787.0,2831.0,2831.0,2843.0,732762.0,2043659547.0,288.0
2006-10-10,2775.0,2817.0,2775.0,2817.0,2817.0,2831.0,959746.0,2667440077.0,338.0
2006-10-11,2761.0,2811.0,2761.0,2809.0,2809.0,2817.0,1444664.0,4019833001.0,305.0
2006-10-14,2808.0,2809.0,2753.0,2804.0,2804.0,2809.0,612989.0,1703548916.0,234.0
2006-10-16,2770.0,2798.0,2748.0,2798.0,2798.0,2804.0,397162.0,1091778620.0,158.0
2006-10-17,2743.0,2797.0,2743.0,2776.0,2776.0,2798.0,1628476.0,4476837490.0,432.0
2006-10-18,2776.0,2798.0,2722.0,2773.0,2773.0,2776.0,1548175.0,4270963282.0,239.0
2006-10-21,2773.0,2773.0,2718.0,2768.0,2768.0,2773.0,510526.0,1399050587.0,200.0
2006-10-22,2748.0,2823.0,2731.0,2773.0,2773.0,2768.0,2124477.0,5963690753.0,270.0
2006-10-23,2776.0,2828.0,2776.0,2783.0,2783.0,2773.0,3302776.0,9339165621.0,194.0
2006-10-28,2838.0,2838.0,2792.0,2792.0,2792.0,2783.0,587874.0,1668385952.0,187.0
2006-10-29,2847.0,2847.0,2792.0,2804.0,2804.0,2792.0,833153.0,2370227010.0,318.0
2006-10-30,2800.0,2860.0,2750.0,2809.0,2809.0,2804.0,2392323.0,6792545330.0,232.0
2006-10-31,2829.0,2860.0,2760.0,2808.0,2808.0,2809.0,441063.0,1236652918.0,190.0
2006-11-01,2790.0,2804.0,2761.0,2804.0,2804.0,2808.0,443845.0,1232689530.0,215.0
2006-11-04,2780.0,2798.0,2748.0,2798.0,2798.0,2804.0,396781.0,1091310647.0,213.0
2006-11-05,2743.0,2779.0,2743.0,2779.0,2779.0,2798.0,1263646.0,3466820559.0,330.0
2006-11-06,2767.0,2774.0,2724.0,2774.0,2774.0,2779.0,4391536.0,12024492333.0,229.0
2006-11-07,2724.0,2761.0,2719.0,2761.0,2761.0,2774.0,1100577.0,2995642733.0,285.0
2006-11-08,2739.0,2815.0,2706.0,2756.0,2756.0,2761.0,2538756.0,6975491633.0,353.0
2006-11-11,2811.0,2811.0,2756.0,2764.0,2764.0,2756.0,650752.0,1821890548.0,236.0
2006-11-12,2764.0,2800.0,2730.0,2764.0,2764.0,2764.0,676257.0,1869800108.0,317.0
2006-11-13,2758.0,2758.0,2712.0,2758.0,2758.0,2764.0,687743.0,1878706713.0,295.0
2006-11-14,2727.0,2747.0,2703.0,2747.0,2747.0,2758.0,839431.0,2276217296.0,319.0
2006-11-15,2693.0,2739.0,2693.0,2739.0,2739.0,2747.0,547454.0,1476336018.0,273.0
2006-11-18,2700.0,2725.0,2685.0,2725.0,2725.0,2739.0,961812.0,2585543718.0,370.0
2006-11-19,2680.0,2720.0,2671.0,2720.0,2720.0,2725.0,338175.0,903355766.0,167.0
2006-11-20,2666.0,2684.0,2666.0,2684.0,2684.0,2720.0,2381073.0,6347940798.0,426.0
2006-11-21,2631.0,2671.0,2631.0,2671.0,2671.0,2684.0,851411.0,2240087809.0,274.0
2006-11-22,2618.0,2667.0,2618.0,2667.0,2667.0,2671.0,248939.0,651722792.0,122.0
2006-11-25,2614.0,2663.0,2614.0,2663.0,2663.0,2667.0,277502.0,725390718.0,139.0
2006-11-26,2610.0,2645.0,2610.0,2645.0,2645.0,2663.0,1217099.0,3176903277.0,416.0
2006-11-27,2593.0,2626.0,2593.0,2626.0,2626.0,2645.0,1302318.0,3376975155.0,315.0
2006-11-28,2610.0,2650.0,2574.0,2622.0,2622.0,2626.0,1115626.0,2914123536.0,391.0
2006-11-29,2627.0,2645.0,2590.0,2621.0,2621.0,2622.0,750360.0,1963666658.0,313.0
2006-12-02,2615.0,2620.0,2569.0,2618.0,2618.0,2621.0,263943.0,681094545.0,123.0
2006-12-03,2566.0,2593.0,2566.0,2593.0,2593.0,2618.0,1738207.0,4460239432.0,384.0
2006-12-04,2542.0,2644.0,2542.0,2573.0,2573.0,2593.0,1470506.0,3741646975.0,445.0
2006-12-05,2587.0,2619.0,2577.0,2577.0,2577.0,2573.0,618068.0,1605008721.0,236.0
2006-12-06,2612.0,2622.0,2570.0,2580.0,2580.0,2577.0,663826.0,1722690927.0,263.0
2006-12-09,2575.0,2599.0,2560.0,2580.0,2580.0,2580.0,353249.0,910263344.0,195.0
2006-12-10,2550.0,2573.0,2529.0,2573.0,2573.0,2580.0,576677.0,1463299376.0,254.0
2006-12-11,2522.0,2592.0,2522.0,2557.0,2557.0,2573.0,1230175.0,3107543997.0,365.0
2006-12-12,2578.0,2608.0,2550.0,2562.0,2562.0,2557.0,478426.0,1242836514.0,225.0
2006-12-13,2613.0,2613.0,2571.0,2571.0,2571.0,2562.0,1132572.0,2946168068.0,280.0
2006-12-16,2622.0,2622.0,2581.0,2581.0,2581.0,2571.0,1297577.0,3383510182.0,359.0
2006-12-17,2600.0,2630.0,2581.0,2589.0,2589.0,2581.0,1207740.0,3147179476.0,403.0
2006-12-18,2589.0,2640.0,2582.0,2592.0,2592.0,2589.0,893564.0,2325096338.0,288.0
2006-12-19,2600.0,2600.0,2541.0,2586.0,2586.0,2592.0,800168.0,2053758711.0,293.0
2006-12-20,2540.0,2573.0,2535.0,2573.0,2573.0,2586.0,931960.0,2362527970.0,285.0
2006-12-23,2573.0,2580.0,2573.0,2573.0,2573.0,2573.0,524107.0,1348676886.0,251.0
2006-12-24,2574.0,2576.0,2573.0,2573.0,2573.0,2573.0,892246.0,2297046883.0,299.0
2006-12-25,2574.0,2575.0,2573.0,2573.0,2573.0,2573.0,929429.0,2392747240.0,378.0
2006-12-26,2573.0,2574.0,2573.0,2573.0,2573.0,2573.0,1020992.0,2627153438.0,363.0
2006-12-27,2573.0,2574.0,2573.0,2573.0,2573.0,2573.0,682345.0,1755730073.0,274.0
2006-12-30,2574.0,2574.0,2573.0,2573.0,2573.0,2573.0,648302.0,1668126574.0,243.0
2007-01-01,2585.0,2586.0,2575.0,2575.0,2575.0,2573.0,726380.0,1877735812.0,276.0
2007-01-02,2587.0,2588.0,2577.0,2577.0,2577.0,2575.0,657169.0,1700159570.0,318.0
2007-01-03,2589.0,2590.0,2579.0,2579.0,2579.0,2577.0,639466.0,1655621389.0,292.0
2007-01-06,2591.0,2592.0,2581.0,2581.0,2581.0,2579.0,663861.0,1720112444.0,275.0
2007-01-07,2593.0,2594.0,2583.0,2583.0,2583.0,2581.0,641495.0,1663470143.0,273.0
2007-01-09,2595.0,2596.0,2585.0,2585.0,2585.0,2583.0,557275.0,1446167330.0,230.0
2007-01-10,2597.0,2598.0,2587.0,2587.0,2587.0,2585.0,625603.0,1624735384.0,275.0
2007-01-13,2596.0,2597.0,2589.0,2589.0,2589.0,2587.0,651671.0,1691764642.0,301.0
2007-01-14,2594.0,2595.0,2590.0,2590.0,2590.0,2589.0,901250.0,2337887919.0,357.0
2007-01-15,2592.0,2593.0,2590.0,2590.0,2590.0,2590.0,819199.0,2123382860.0,343.0
2007-01-16,2595.0,2596.0,2591.0,2591.0,2591.0,2590.0,670149.0,1739046202.0,334.0
2007-01-17,2594.0,2595.0,2591.0,2591.0,2591.0,2591.0,1232318.0,3196650940.0,224.0
2007-01-20,2598.0,2599.0,2592.0,2592.0,2592.0,2591.0,600577.0,1560320086.0,360.0
2007-01-21,2597.0,2598.0,2593.0,2593.0,2593.0,2592.0,605994.0,1573791112.0,291.0
2007-01-22,2595.0,2596.0,2593.0,2593.0,2593.0,2593.0,563226.0,1461595597.0,278.0
2007-01-23,2595.0,2595.0,2593.0,2593.0,2593.0,2593.0,691091.0,1792787922.0,302.0
2007-01-24,2600.0,2601.0,2594.0,2594.0,2594.0,2593.0,495091.0,1287270554.0,243.0
2007-01-27,2600.0,2601.0,2595.0,2595.0,2595.0,2594.0,531291.0,1381424408.0,207.0
2007-01-28,2607.0,2608.0,2597.0,2597.0,2597.0,2595.0,508465.0,1325620972.0,178.0
2007-01-31,2610.0,2630.0,2599.0,2599.0,2599.0,2597.0,514018.0,1341681854.0,203.0
2007-02-03,2610.0,2611.0,2600.0,2600.0,2600.0,2599.0,427040.0,1114593016.0,225.0
2007-02-04,2610.0,2611.0,2602.0,2602.0,2602.0,2600.0,609227.0,1590152636.0,248.0
2007-02-05,2613.0,2614.0,2604.0,2604.0,2604.0,2602.0,613135.0,1602157673.0,243.0
2007-02-06,2618.0,2619.0,2606.0,2606.0,2606.0,2604.0,566682.0,1483638526.0,236.0
2007-02-07,2619.0,2633.0,2610.0,2610.0,2610.0,2606.0,632499.0,1664584413.0,329.0
2007-02-10,2651.0,2651.0,2619.0,2619.0,2619.0,2610.0,765434.0,2028475572.0,392.0
2007-02-12,2666.0,2667.0,2631.0,2631.0,2631.0,2619.0,1208876.0,3223052619.0,367.0
2007-02-13,2680.0,2681.0,2651.0,2651.0,2651.0,2631.0,1706772.0,4574683308.0,579.0
2007-02-14,2700.0,2701.0,2660.0,2660.0,2660.0,2651.0,624160.0,1685302117.0,304.0
2007-02-17,2710.0,2711.0,2670.0,2670.0,2670.0,2660.0,743042.0,2013858095.0,344.0
2007-02-18,2720.0,2723.0,2695.0,2695.0,2695.0,2670.0,1689892.0,4600479425.0,589.0
2007-02-19,2748.0,2748.0,2715.0,2715.0,2715.0,2695.0,3364834.0,9246170538.0,526.0
2007-02-20,2769.0,2769.0,2752.0,2752.0,2752.0,2715.0,2438845.0,6753161635.0,915.0
2007-02-21,2807.0,2807.0,2787.0,2787.0,2787.0,2752.0,2338129.0,6561537299.0,995.0
2007-02-24,2842.0,2842.0,2805.0,2805.0,2805.0,2787.0,1208398.0,3432673766.0,639.0
2007-02-25,2855.0,2860.0,2827.0,2827.0,2827.0,2805.0,1796467.0,5129021727.0,623.0
2007-02-26,2877.0,2878.0,2848.0,2848.0,2848.0,2827.0,4619911.0,13291759634.0,615.0
2007-02-27,2896.0,2904.0,2863.0,2863.0,2863.0,2848.0,1444403.0,4183879724.0,504.0
2007-02-28,2911.0,2920.0,2895.0,2895.0,2895.0,2863.0,2221274.0,6475726399.0,803.0
2007-03-03,2944.0,2952.0,2944.0,2951.0,2951.0,2895.0,4572260.0,13497028704.0,1448.0
2007-03-04,3010.0,3010.0,2989.0,2989.0,2989.0,2951.0,2705052.0,8135527232.0,1603.0
2007-03-05,3039.0,3040.0,2960.0,3011.0,3011.0,2989.0,1729200.0,5249461090.0,846.0
2007-03-06,3011.0,3011.0,2951.0,3005.0,3005.0,3011.0,1157978.0,3464663998.0,422.0
2007-03-07,2945.0,2991.0,2945.0,2991.0,2991.0,3005.0,833748.0,2455388320.0,381.0
2007-03-11,2932.0,2983.0,2932.0,2983.0,2983.0,2991.0,798953.0,2342530706.0,332.0
2007-05-06,2000.0,2088.0,1803.0,1858.0,1858.0,2983.0,2905813.0,5401309550.0,645.0
2007-05-07,1895.0,1895.0,1864.0,1893.0,1893.0,1858.0,5166541.0,9780906473.0,1066.0
2007-05-08,1930.0,1930.0,1916.0,1916.0,1916.0,1893.0,2239675.0,4322572610.0,393.0
2007-05-09,1954.0,1954.0,1917.0,1917.0,1917.0,1916.0,91105.0,178018800.0,62.0
2007-05-12,1955.0,1955.0,1928.0,1928.0,1928.0,1917.0,1030101.0,2013847185.0,285.0
2007-05-13,1966.0,1966.0,1938.0,1938.0,1938.0,1928.0,917089.0,1802996694.0,301.0
2007-05-14,1976.0,1976.0,1953.0,1953.0,1953.0,1938.0,1446652.0,2858584122.0,481.0
2007-05-15,1992.0,1992.0,1968.0,1968.0,1968.0,1953.0,1379808.0,2748577296.0,511.0
2007-05-16,2007.0,2007.0,2005.0,2005.0,2005.0,1968.0,3445553.0,6915224851.0,996.0
2007-05-19,2045.0,2045.0,1965.0,2037.0,2037.0,2005.0,7835869.0,15966372417.0,2137.0
2007-05-20,1997.0,2050.0,1997.0,2028.0,2028.0,2037.0,1136428.0,2282787926.0,437.0
2007-05-21,1990.0,2040.0,1990.0,2023.0,2023.0,2028.0,738463.0,1481568728.0,291.0
2007-05-22,1991.0,2015.0,1983.0,2015.0,2015.0,2023.0,15243390.0,30482870362.0,290.0
2007-05-23,1980.0,1999.0,1975.0,1999.0,1999.0,2015.0,4397860.0,8685798850.0,264.0
2007-05-26,1960.0,1997.0,1960.0,1997.0,1997.0,1999.0,224092.0,439220690.0,121.0
2007-05-27,1958.0,1995.0,1958.0,1995.0,1995.0,1997.0,199930.0,391463310.0,86.0
2007-05-28,1956.0,1993.0,1956.0,1993.0,1993.0,1995.0,157640.0,308344210.0,76.0
2007-05-29,1954.0,1989.0,1954.0,1989.0,1989.0,1993.0,354767.0,693215068.0,122.0
2007-05-30,1950.0,1986.0,1950.0,1986.0,1986.0,1989.0,285856.0,557419560.0,117.0
2007-06-02,1947.0,1983.0,1947.0,1983.0,1983.0,1986.0,266516.0,518907012.0,105.0
2007-06-03,1944.0,1981.0,1944.0,1981.0,1981.0,1983.0,179416.0,348785074.0,91.0
2007-06-06,1942.0,1978.0,1942.0,1978.0,1978.0,1981.0,263431.0,511583362.0,96.0
2007-06-09,1939.0,1975.0,1939.0,1975.0,1975.0,1978.0,273880.0,531053680.0,115.0
2007-06-10,1936.0,1972.0,1936.0,1972.0,1972.0,1975.0,236065.0,457022200.0,100.0
2007-06-11,1933.0,1970.0,1933.0,1970.0,1970.0,1972.0,199439.0,385515957.0,87.0
2007-06-12,1931.0,1969.0,1931.0,1969.0,1969.0,1970.0,119518.0,230789638.0,57.0
2007-06-13,1930.0,1963.0,1930.0,1963.0,1963.0,1969.0,517733.0,999225020.0,142.0
2007-06-16,1924.0,1962.0,1924.0,1962.0,1962.0,1963.0,76747.0,147661608.0,49.0
2007-06-17,1923.0,1961.0,1923.0,1961.0,1961.0,1962.0,123819.0,238104317.0,74.0
2007-06-19,1922.0,1960.0,1922.0,1960.0,1960.0,1961.0,107923.0,207428386.0,46.0
2007-06-20,1921.0,1959.0,1921.0,1959.0,1959.0,1960.0,111140.0,213500320.0,61.0
2007-06-23,1920.0,1957.0,1920.0,1957.0,1957.0,1959.0,114995.0,220790770.0,69.0
2007-06-24,1918.0,1955.0,1918.0,1955.0,1955.0,1957.0,103577.0,198661056.0,54.0
2007-06-25,1916.0,1952.0,1916.0,1952.0,1952.0,1955.0,159678.0,305943408.0,64.0
2007-06-26,1913.0,1949.0,1913.0,1949.0,1949.0,1952.0,148420.0,283927820.0,54.0
2007-06-27,1911.0,1947.0,1911.0,1947.0,1947.0,1949.0,99321.0,189802791.0,41.0
2007-06-30,1909.0,1944.0,1909.0,1944.0,1944.0,1947.0,155088.0,296063342.0,62.0
2007-07-01,1906.0,1942.0,1906.0,1942.0,1942.0,1944.0,82750.0,157721860.0,44.0
2007-07-02,1904.0,1940.0,1904.0,1940.0,1940.0,1942.0,106873.0,203486552.0,44.0
2007-07-03,1902.0,1938.0,1902.0,1938.0,1938.0,1940.0,108702.0,206751564.0,41.0
2007-07-04,1900.0,1935.0,1900.0,1935.0,1935.0,1938.0,161184.0,306249950.0,78.0
2007-07-07,1897.0,1898.0,1897.0,1897.0,1897.0,1935.0,4228458.0,8021394911.0,1201.0
2007-07-08,1930.0,1931.0,1860.0,1902.0,1902.0,1897.0,2911326.0,5539277861.0,1005.0
2007-07-09,1940.0,1940.0,1940.0,1940.0,1940.0,1902.0,2194118.0,4256588920.0,636.0
2007-07-10,1940.0,1961.0,1902.0,1927.0,1927.0,1940.0,1632131.0,3142810286.0,515.0
2007-07-11,1960.0,1961.0,1960.0,1960.0,1960.0,1927.0,2022425.0,3963978134.0,563.0
2007-07-14,1990.0,1991.0,1988.0,1988.0,1988.0,1960.0,1834473.0,3650895474.0,504.0
2007-07-15,2020.0,2021.0,2020.0,2020.0,2020.0,1988.0,1927828.0,3894539056.0,483.0
2007-07-16,2055.0,2056.0,2055.0,2055.0,2055.0,2020.0,2180296.0,4480823807.0,592.0
2007-08-01,1850.0,1851.0,1850.0,1850.0,1850.0,2055.0,941199.0,1741336175.0,319.0
2007-08-04,1855.0,1856.0,1851.0,1851.0,1851.0,1850.0,1069814.0,1984534930.0,307.0
2007-08-05,1858.0,1859.0,1855.0,1855.0,1855.0,1851.0,1184269.0,2200397957.0,339.0
2007-08-06,1858.0,1865.0,1858.0,1860.0,1860.0,1855.0,1252031.0,2333482953.0,368.0
2007-08-07,1870.0,1871.0,1866.0,1866.0,1866.0,1860.0,1080185.0,2019969890.0,309.0
2007-08-08,1876.0,1877.0,1871.0,1871.0,1871.0,1866.0,1031520.0,1935136555.0,291.0
2007-08-12,1883.0,1884.0,1877.0,1877.0,1877.0,1871.0,1178929.0,2219934776.0,285.0
2007-08-13,1892.0,1893.0,1884.0,1884.0,1884.0,1877.0,957811.0,1812236554.0,283.0
2007-08-14,1900.0,1901.0,1891.0,1891.0,1891.0,1884.0,920226.0,1748452329.0,274.0
2007-08-15,1906.0,1907.0,1897.0,1897.0,1897.0,1891.0,1518092.0,2893491144.0,281.0
2007-08-18,1910.0,1911.0,1903.0,1903.0,1903.0,1897.0,948675.0,1812002984.0,253.0
2007-08-19,1923.0,1924.0,1918.0,1918.0,1918.0,1903.0,1486612.0,2859211143.0,399.0
2007-08-20,1930.0,1931.0,1923.0,1923.0,1923.0,1918.0,828834.0,1599663833.0,224.0
2007-08-21,1923.0,1924.0,1923.0,1923.0,1923.0,1923.0,1117582.0,2149153400.0,307.0
2007-08-22,1930.0,1931.0,1927.0,1927.0,1927.0,1923.0,1064613.0,2054708020.0,278.0
2007-08-25,1935.0,1936.0,1931.0,1931.0,1931.0,1927.0,1046135.0,2024355805.0,297.0
2007-08-26,1940.0,1941.0,1893.0,1930.0,1930.0,1931.0,1186822.0,2301009700.0,328.0
2007-08-27,1937.0,1938.0,1934.0,1934.0,1934.0,1930.0,1297585.0,2513484064.0,331.0
2007-08-28,1944.0,1945.0,1940.0,1940.0,1940.0,1934.0,1236581.0,2404180583.0,307.0
2007-09-01,1948.0,1949.0,1943.0,1943.0,1943.0,1940.0,900044.0,1753316687.0,236.0
2007-09-02,1950.0,1951.0,1946.0,1946.0,1946.0,1943.0,821552.0,1602033456.0,216.0
2007-09-03,1955.0,1956.0,1950.0,1950.0,1950.0,1946.0,913100.0,1785117057.0,246.0
2007-09-04,1958.0,1959.0,1954.0,1954.0,1954.0,1950.0,915518.0,1792593315.0,235.0
2007-09-05,1963.0,1964.0,1958.0,1958.0,1958.0,1954.0,950318.0,1865497354.0,264.0
2007-09-08,1950.0,1960.0,1919.0,1949.0,1949.0,1958.0,523448.0,1006237727.0,160.0
2007-09-09,1911.0,1949.0,1911.0,1949.0,1949.0,1949.0,19919.0,38065589.0,19.0
2007-09-10,1911.0,1948.0,1911.0,1948.0,1948.0,1949.0,40189.0,76801549.0,27.0
2007-09-11,1910.0,1948.0,1910.0,1948.0,1948.0,1948.0,12628.0,24119860.0,10.0
2007-09-12,1910.0,1948.0,1910.0,1948.0,1948.0,1948.0,26311.0,50254390.0,17.0
2007-09-15,1910.0,1948.0,1910.0,1948.0,1948.0,1948.0,14632.0,27947500.0,12.0
2007-09-16,1910.0,1947.0,1910.0,1947.0,1947.0,1948.0,45732.0,87348490.0,16.0
2007-09-17,1909.0,1947.0,1909.0,1947.0,1947.0,1947.0,8089.0,15442281.0,8.0
2007-09-18,1909.0,1947.0,1909.0,1947.0,1947.0,1947.0,17346.0,33113894.0,22.0
2007-09-19,1909.0,1947.0,1909.0,1947.0,1947.0,1947.0,11056.0,21106284.0,10.0
2007-09-22,1909.0,1947.0,1909.0,1947.0,1947.0,1947.0,8838.0,16872122.0,11.0
2007-09-23,1909.0,1947.0,1909.0,1947.0,1947.0,1947.0,5259.0,10039811.0,6.0
2007-09-24,1909.0,1947.0,1909.0,1947.0,1947.0,1947.0,17543.0,33489967.0,10.0
2007-09-25,1909.0,1947.0,1909.0,1947.0,1947.0,1947.0,7463.0,14247247.0,8.0
2007-09-26,1909.0,1947.0,1909.0,1947.0,1947.0,1947.0,5963.0,11383747.0,7.0
2007-09-29,1909.0,1946.0,1909.0,1946.0,1946.0,1947.0,41588.0,79391862.0,26.0
2007-09-30,1908.0,1908.0,1908.0,1908.0,1908.0,1946.0,27540.0,52546320.0,16.0
2007-10-01,1870.0,1870.0,1870.0,1870.0,1870.0,1908.0,27475.0,51378250.0,21.0
2007-10-02,1833.0,1833.0,1833.0,1833.0,1833.0,1870.0,35415.0,64915695.0,12.0
2007-10-06,1797.0,1797.0,1797.0,1797.0,1797.0,1833.0,2052584.0,3688493448.0,230.0
2007-10-07,1762.0,1762.0,1762.0,1762.0,1762.0,1797.0,235009.0,414085858.0,25.0
2007-10-08,1727.0,1762.0,1727.0,1727.0,1727.0,1762.0,7718986.0,13334655790.0,1245.0
2007-10-09,1693.0,1727.0,1693.0,1727.0,1727.0,1727.0,13370.0,22635750.0,10.0
2007-10-10,1693.0,1726.0,1693.0,1726.0,1726.0,1727.0,53883.0,91224249.0,19.0
2007-10-14,1692.0,1711.0,1692.0,1711.0,1711.0,1726.0,868914.0,1470218263.0,290.0
2007-10-15,1715.0,1716.0,1713.0,1713.0,1713.0,1711.0,825802.0,1416251857.0,251.0
2007-10-16,1730.0,1731.0,1720.0,1720.0,1720.0,1713.0,924620.0,1599618735.0,330.0
2007-10-17,1735.0,1736.0,1725.0,1725.0,1725.0,1720.0,690284.0,1197677770.0,241.0
2007-10-20,1745.0,1746.0,1732.0,1732.0,1732.0,1725.0,741441.0,1293908950.0,249.0
2007-10-21,1753.0,1754.0,1740.0,1740.0,1740.0,1732.0,739971.0,1297228646.0,238.0
2007-10-22,1761.0,1762.0,1747.0,1747.0,1747.0,1740.0,661014.0,1164053170.0,214.0
2007-10-23,1768.0,1769.0,1755.0,1755.0,1755.0,1747.0,723413.0,1279003048.0,274.0
2007-10-24,1776.0,1777.0,1762.0,1762.0,1762.0,1755.0,686883.0,1219922726.0,225.0
2007-10-27,1783.0,1784.0,1770.0,1770.0,1770.0,1762.0,787374.0,1403896663.0,238.0
2007-10-28,1791.0,1792.0,1779.0,1779.0,1779.0,1770.0,816047.0,1461574804.0,319.0
2007-10-29,1800.0,1801.0,1788.0,1788.0,1788.0,1779.0,841633.0,1514947073.0,298.0
2007-10-30,1805.0,1806.0,1796.0,1796.0,1796.0,1788.0,940240.0,1697155518.0,316.0
2007-10-31,1810.0,1811.0,1803.0,1803.0,1803.0,1796.0,925508.0,1675281773.0,311.0
2007-11-03,1818.0,1819.0,1809.0,1809.0,1809.0,1803.0,757630.0,1377413854.0,229.0
2007-11-04,1820.0,1821.0,1814.0,1814.0,1814.0,1809.0,974618.0,1773884011.0,333.0
2007-11-05,1824.0,1825.0,1819.0,1819.0,1819.0,1814.0,979951.0,1787480608.0,297.0
2007-11-07,1828.0,1829.0,1824.0,1824.0,1824.0,1819.0,1093049.0,1998118646.0,300.0
2007-11-10,1832.0,1833.0,1828.0,1828.0,1828.0,1824.0,1019946.0,1868546264.0,295.0
2007-11-11,1838.0,1839.0,1834.0,1834.0,1834.0,1828.0,1076447.0,1978595993.0,315.0
2007-11-12,1840.0,1841.0,1837.0,1837.0,1837.0,1834.0,1004704.0,1848719365.0,320.0
2007-11-13,1845.0,1846.0,1841.0,1841.0,1841.0,1837.0,995146.0,1836118287.0,298.0
2007-11-14,1848.0,1849.0,1844.0,1844.0,1844.0,1841.0,867151.0,1602520262.0,267.0
2007-11-17,1850.0,1851.0,1847.0,1847.0,1847.0,1844.0,864413.0,1599188264.0,258.0
2007-11-18,1855.0,1856.0,1851.0,1851.0,1851.0,1847.0,985591.0,1828282431.0,345.0
2007-11-19,1860.0,1861.0,1855.0,1855.0,1855.0,1851.0,942049.0,1752215337.0,265.0
2007-11-20,1862.0,1863.0,1858.0,1858.0,1858.0,1855.0,916053.0,1705701230.0,258.0
2007-11-21,1863.0,1864.0,1860.0,1860.0,1860.0,1858.0,950894.0,1771541526.0,270.0
2007-11-24,1870.0,1871.0,1865.0,1865.0,1865.0,1860.0,967091.0,1808475727.0,268.0
2007-11-25,1880.0,1881.0,1873.0,1873.0,1873.0,1865.0,1063221.0,1998881678.0,310.0
2007-11-26,1885.0,1886.0,1881.0,1881.0,1881.0,1873.0,1265277.0,2385067750.0,347.0
2007-11-27,1888.0,1889.0,1885.0,1885.0,1885.0,1881.0,1017679.0,1921388198.0,294.0
2007-11-28,1890.0,1891.0,1888.0,1888.0,1888.0,1885.0,1039762.0,1965191042.0,296.0
2007-12-01,1892.0,1893.0,1890.0,1890.0,1890.0,1888.0,1215762.0,2300249230.0,334.0
2007-12-02,1895.0,1896.0,1853.0,1890.0,1890.0,1890.0,1187632.0,2244773898.0,347.0
2007-12-03,1892.0,1892.0,1853.0,1886.0,1886.0,1890.0,1009094.0,1900137274.0,340.0
2007-12-04,1895.0,1895.0,1849.0,1885.0,1885.0,1886.0,1262919.0,2381137591.0,373.0
2007-12-05,1885.0,1885.0,1848.0,1882.0,1882.0,1885.0,1100321.0,2068902448.0,320.0
2007-12-08,1882.0,1882.0,1845.0,1876.0,1876.0,1882.0,1158498.0,2171326744.0,370.0
2007-12-09,1876.0,1876.0,1839.0,1870.0,1870.0,1876.0,1235033.0,2306190997.0,371.0
2007-12-10,1870.0,1870.0,1833.0,1862.0,1862.0,1870.0,1367429.0,2541830797.0,437.0
2008-01-20,1700.0,1701.0,1700.0,1700.0,1700.0,1862.0,1551821.0,2638201324.0,489.0
2008-01-21,1700.0,1701.0,1700.0,1700.0,1700.0,1700.0,836064.0,1421337115.0,253.0
2008-01-22,1717.0,1718.0,1717.0,1717.0,1717.0,1700.0,2619887.0,4498787173.0,787.0
2008-01-23,1737.0,1751.0,1737.0,1746.0,1746.0,1717.0,13801598.0,24109733745.0,2673.0
2008-01-26,1780.0,1780.0,1751.0,1767.0,1767.0,1746.0,4675643.0,8265785182.0,1665.0
2008-01-27,1777.0,1800.0,1777.0,1777.0,1777.0,1767.0,2041812.0,3629255694.0,511.0
2008-01-28,1787.0,1788.0,1783.0,1783.0,1783.0,1777.0,1114685.0,1991973196.0,368.0
2008-01-29,1793.0,1794.0,1790.0,1790.0,1790.0,1783.0,1391968.0,2495867307.0,466.0
2008-01-30,1794.0,1795.0,1793.0,1793.0,1793.0,1790.0,1490917.0,2674759647.0,410.0
2008-02-02,1796.0,1797.0,1795.0,1795.0,1795.0,1793.0,1499195.0,2692568110.0,383.0
2008-02-03,1799.0,1800.0,1798.0,1798.0,1798.0,1795.0,1435053.0,2581674237.0,367.0
2008-02-04,1802.0,1803.0,1801.0,1801.0,1801.0,1798.0,1292693.0,2329453820.0,331.0
2008-02-05,1804.0,1805.0,1803.0,1803.0,1803.0,1801.0,1285404.0,2318896878.0,362.0
2008-02-12,1803.0,1804.0,1803.0,1803.0,1803.0,1803.0,1235767.0,2228089071.0,293.0
2008-02-13,1803.0,1804.0,1803.0,1803.0,1803.0,1803.0,1860825.0,3355090825.0,480.0
2008-02-16,1803.0,1804.0,1767.0,1801.0,1801.0,1803.0,4076783.0,7346916129.0,726.0
2008-02-17,1806.0,1806.0,1765.0,1798.0,1798.0,1801.0,883266.0,1585938146.0,254.0
2008-02-18,1798.0,1798.0,1763.0,1794.0,1794.0,1798.0,936962.0,1678222816.0,268.0
2008-02-19,1759.0,1774.0,1759.0,1774.0,1774.0,1794.0,1116551.0,1964013359.0,300.0
2008-02-20,1739.0,1772.0,1739.0,1772.0,1772.0,1774.0,89157.0,155044353.0,46.0
2008-02-27,1737.0,1771.0,1737.0,1771.0,1771.0,1772.0,42168.0,73246156.0,27.0
2008-03-01,1736.0,1769.0,1736.0,1769.0,1769.0,1771.0,87734.0,152306554.0,55.0
2008-03-02,1734.0,1769.0,1734.0,1769.0,1769.0,1769.0,27577.0,47818868.0,26.0
2008-03-03,1734.0,1768.0,1734.0,1768.0,1768.0,1769.0,51117.0,88637218.0,30.0
2008-03-04,1733.0,1768.0,1733.0,1768.0,1768.0,1768.0,16386.0,28397288.0,20.0
2008-03-05,1733.0,1767.0,1733.0,1767.0,1767.0,1768.0,65656.0,113782188.0,29.0
2008-03-09,1732.0,1766.0,1732.0,1766.0,1766.0,1767.0,65128.0,112802036.0,29.0
2008-03-10,1731.0,1763.0,1731.0,1763.0,1763.0,1766.0,150186.0,259972286.0,41.0
2008-03-11,1728.0,1761.0,1728.0,1761.0,1761.0,1763.0,98260.0,169793610.0,27.0
2008-03-12,1726.0,1759.0,1726.0,1759.0,1759.0,1761.0,101723.0,175574228.0,34.0
2008-03-15,1724.0,1724.0,1724.0,1724.0,1724.0,1759.0,34914.0,60191736.0,19.0
2008-03-16,1690.0,1690.0,1690.0,1690.0,1690.0,1724.0,12272.0,20739680.0,13.0
2008-03-17,1657.0,1657.0,1657.0,1657.0,1657.0,1690.0,50072.0,82969304.0,16.0
2008-03-18,1624.0,1624.0,1624.0,1624.0,1624.0,1657.0,9223.0,14978152.0,8.0
2008-03-24,1592.0,1592.0,1592.0,1592.0,1592.0,1624.0,2802.0,4460784.0,3.0
2008-03-26,1561.0,1592.0,1561.0,1592.0,1592.0,1592.0,2553.0,3985543.0,3.0
2008-03-29,1561.0,1561.0,1561.0,1561.0,1561.0,1592.0,15000.0,23415000.0,6.0
2008-03-30,1530.0,1530.0,1530.0,1530.0,1530.0,1561.0,23696.0,36254880.0,4.0
2008-04-02,1500.0,1500.0,1500.0,1500.0,1500.0,1530.0,149385.0,224077500.0,19.0
2008-04-05,1470.0,1470.0,1470.0,1470.0,1470.0,1500.0,1532655.0,2253002850.0,183.0
2008-04-06,1441.0,1460.0,1441.0,1460.0,1460.0,1470.0,678569.0,977818119.0,95.0
2008-04-07,1431.0,1431.0,1431.0,1431.0,1431.0,1460.0,2467863.0,3531511953.0,904.0
2008-04-08,1431.0,1432.0,1403.0,1416.0,1416.0,1431.0,1843443.0,2607904684.0,630.0
2008-04-09,1430.0,1431.0,1430.0,1430.0,1430.0,1416.0,2687384.0,3843150394.0,616.0
2008-04-12,1451.0,1452.0,1451.0,1451.0,1451.0,1430.0,4905627.0,7118354213.0,1262.0
2008-04-13,1475.0,1476.0,1475.0,1475.0,1475.0,1451.0,2882633.0,4252018256.0,934.0
2008-04-14,1500.0,1501.0,1500.0,1500.0,1500.0,1475.0,3003910.0,4506007645.0,1063.0
2008-04-15,1520.0,1521.0,1520.0,1520.0,1520.0,1500.0,2439957.0,3709358781.0,747.0
2008-04-16,1535.0,1536.0,1528.0,1528.0,1528.0,1520.0,1117230.0,1714956520.0,358.0
2008-04-19,1543.0,1544.0,1535.0,1535.0,1535.0,1528.0,922957.0,1424147228.0,294.0
2008-04-20,1548.0,1549.0,1546.0,1546.0,1546.0,1535.0,1673142.0,2590057109.0,454.0
2008-04-21,1561.0,1562.0,1558.0,1558.0,1558.0,1546.0,1630075.0,2544651073.0,465.0
2008-04-22,1570.0,1571.0,1565.0,1565.0,1565.0,1558.0,1159738.0,1820815809.0,353.0
2008-04-23,1580.0,1581.0,1574.0,1574.0,1574.0,1565.0,1128941.0,1783751422.0,344.0
2008-06-14,1450.0,1450.0,1153.0,1207.0,1207.0,1574.0,7499898.0,9057726525.0,1330.0
2008-06-15,1173.0,1199.0,1171.0,1199.0,1199.0,1207.0,474513.0,556159266.0,145.0
2008-06-16,1164.0,1196.0,1164.0,1196.0,1196.0,1199.0,174046.0,202589864.0,64.0
2008-06-17,1161.0,1194.0,1161.0,1194.0,1194.0,1196.0,140766.0,163429656.0,48.0
2008-06-18,1159.0,1192.0,1159.0,1192.0,1192.0,1194.0,113459.0,131499311.0,43.0
2008-06-21,1167.0,1167.0,1157.0,1161.0,1161.0,1192.0,2416394.0,2805088540.0,560.0
2008-06-22,1166.0,1167.0,1166.0,1166.0,1166.0,1161.0,3740885.0,4363560830.0,629.0
2008-06-23,1175.0,1177.0,1175.0,1175.0,1175.0,1166.0,19716246.0,23167737334.0,538.0
2008-06-24,1186.0,1187.0,850.0,1185.0,1185.0,1175.0,64608687.0,55458048729.0,346.0
2008-06-25,1200.0,1220.0,1200.0,1205.0,1205.0,1185.0,9831791.0,11818821613.0,632.0
2008-06-28,1220.0,1241.0,1220.0,1221.0,1221.0,1205.0,1787319.0,2194773030.0,460.0
2008-06-29,1245.0,1257.0,1243.0,1243.0,1243.0,1221.0,1658178.0,2079941362.0,406.0
2008-06-30,1270.0,1271.0,1259.0,1259.0,1259.0,1243.0,1157948.0,1470784609.0,291.0
2008-07-01,1275.0,1276.0,1266.0,1266.0,1266.0,1259.0,9357047.0,11930308740.0,215.0
2008-07-02,1286.0,1288.0,1275.0,1283.0,1283.0,1266.0,6907242.0,8830642514.0,427.0
2008-07-05,1300.0,1321.0,1285.0,1290.0,1290.0,1283.0,14153350.0,18203886844.0,238.0
2008-07-06,1310.0,1311.0,1304.0,1304.0,1304.0,1290.0,1877392.0,2459581212.0,348.0
2008-07-07,1324.0,1325.0,1313.0,1313.0,1313.0,1304.0,1138224.0,1507170267.0,216.0
2008-07-08,1333.0,1334.0,1323.0,1323.0,1323.0,1313.0,1312048.0,1749143172.0,260.0
2008-07-09,1350.0,1352.0,1350.0,1350.0,1350.0,1323.0,2629172.0,3551028701.0,437.0
2008-07-12,1380.0,1381.0,1374.0,1374.0,1374.0,1350.0,1933882.0,2669440444.0,373.0
2008-07-13,1395.0,1396.0,1390.0,1390.0,1390.0,1374.0,1833117.0,2557302186.0,330.0
2008-07-14,1410.0,1411.0,1407.0,1407.0,1407.0,1390.0,2183736.0,3079177136.0,394.0
2008-07-15,1430.0,1431.0,1400.0,1429.0,1429.0,1407.0,17431582.0,24529422060.0,680.0
2008-07-23,1200.0,1200.0,1160.0,1170.0,1170.0,1429.0,3931987.0,4601987518.0,529.0
2008-07-26,1172.0,1205.0,1172.0,1175.0,1175.0,1170.0,2640261.0,3105273477.0,302.0
2008-07-27,1210.0,1210.0,1181.0,1193.0,1193.0,1175.0,1314821.0,1589618949.0,296.0
2008-07-28,1228.0,1228.0,1198.0,1198.0,1198.0,1193.0,325920.0,400229460.0,56.0
2008-07-29,1233.0,1233.0,1200.0,1200.0,1200.0,1198.0,147749.0,182174187.0,58.0
2008-08-02,1236.0,1236.0,1209.0,1209.0,1209.0,1200.0,655681.0,810421446.0,188.0
2008-08-03,1245.0,1245.0,1209.0,1244.0,1244.0,1209.0,5913404.0,7357265085.0,1050.0
2008-08-04,1250.0,1251.0,1248.0,1248.0,1248.0,1244.0,1630731.0,2038989016.0,348.0
2008-08-05,1250.0,1252.0,1249.0,1249.0,1249.0,1248.0,1004788.0,1256041479.0,203.0
2008-08-06,1251.0,1252.0,1250.0,1250.0,1250.0,1249.0,955996.0,1196017410.0,187.0
2008-08-09,1252.0,1253.0,1251.0,1251.0,1251.0,1250.0,1312109.0,1642956354.0,247.0
2008-08-10,1254.0,1255.0,1252.0,1252.0,1252.0,1251.0,936561.0,1174461052.0,149.0
2008-08-11,1255.0,1256.0,1254.0,1254.0,1254.0,1252.0,5897063.0,7401323765.0,280.0
2008-08-12,1255.0,1256.0,1254.0,1254.0,1254.0,1254.0,1019038.0,1278934719.0,146.0
2008-08-13,1255.0,1256.0,1254.0,1254.0,1254.0,1254.0,812305.0,1019473116.0,151.0
2008-08-16,1255.0,1256.0,1255.0,1255.0,1255.0,1254.0,1379624.0,1731439195.0,241.0
2008-08-18,1255.0,1256.0,1255.0,1255.0,1255.0,1255.0,2273767.0,2853586949.0,197.0
2008-08-19,1260.0,1261.0,1258.0,1258.0,1258.0,1255.0,13956653.0,17585481997.0,246.0
2008-08-20,1260.0,1261.0,1245.0,1259.0,1259.0,1258.0,6803558.0,8484178682.0,174.0
2008-08-23,1260.0,1261.0,1259.0,1259.0,1259.0,1259.0,828658.0,1044121810.0,156.0
2008-08-24,1260.0,1261.0,1259.0,1259.0,1259.0,1259.0,835681.0,1053008843.0,149.0
2008-08-25,1260.0,1261.0,1259.0,1259.0,1259.0,1259.0,996993.0,1256233835.0,158.0
2008-08-26,1264.0,1265.0,1262.0,1262.0,1262.0,1259.0,1113684.0,1407698872.0,154.0
2008-08-27,1262.0,1263.0,1254.0,1262.0,1262.0,1262.0,14960575.0,18849266003.0,184.0
2008-08-30,1262.0,1262.0,1262.0,1262.0,1262.0,1262.0,823794.0,1039628028.0,128.0
2008-08-31,1262.0,1263.0,1262.0,1262.0,1262.0,1262.0,1289884.0,1627834238.0,205.0
2008-09-01,1262.0,1263.0,1225.0,1262.0,1262.0,1262.0,3279706.0,4060038440.0,207.0
2008-09-02,1262.0,1263.0,1225.0,1260.0,1260.0,1262.0,1374283.0,1730773854.0,228.0
2008-09-03,1270.0,1271.0,1265.0,1265.0,1265.0,1260.0,1016766.0,1291313680.0,177.0
2008-09-06,1275.0,1276.0,1270.0,1270.0,1270.0,1265.0,1259771.0,1606222672.0,213.0
2008-09-07,1290.0,1291.0,1281.0,1281.0,1281.0,1270.0,1241643.0,1601743480.0,198.0
2008-09-08,1293.0,1294.0,1288.0,1288.0,1288.0,1281.0,1348828.0,1744649064.0,197.0
2008-09-09,1302.0,1303.0,1288.0,1295.0,1295.0,1288.0,17548775.0,22626446980.0,297.0
2008-09-10,1307.0,1308.0,1299.0,1299.0,1299.0,1295.0,768301.0,1004180668.0,144.0
2008-09-13,1306.0,1307.0,1301.0,1301.0,1301.0,1299.0,822881.0,1074705375.0,144.0
2008-09-14,1306.0,1307.0,1303.0,1303.0,1303.0,1301.0,895256.0,1169225409.0,151.0
2008-09-15,1308.0,1309.0,1305.0,1305.0,1305.0,1303.0,927216.0,1212883699.0,156.0
2008-09-16,1310.0,1311.0,1307.0,1307.0,1307.0,1305.0,777145.0,1018065611.0,148.0
2008-09-17,1310.0,1311.0,1307.0,1308.0,1308.0,1307.0,18094037.0,23673204189.0,163.0
2008-09-20,1313.0,1314.0,1280.0,1309.0,1309.0,1308.0,1440163.0,1867795621.0,138.0
2008-09-21,1314.0,1315.0,1310.0,1310.0,1310.0,1309.0,735783.0,966822682.0,146.0
2008-09-23,1315.0,1316.0,1310.0,1311.0,1311.0,1310.0,15833482.0,20745040752.0,134.0
2008-09-24,1315.0,1316.0,1312.0,1312.0,1312.0,1311.0,665919.0,875684717.0,111.0
2008-09-27,1315.0,1316.0,1313.0,1313.0,1313.0,1312.0,723208.0,951023109.0,110.0
2008-09-28,1316.0,1317.0,1314.0,1314.0,1314.0,1313.0,741604.0,975952944.0,134.0
2008-09-29,1317.0,1318.0,1315.0,1315.0,1315.0,1314.0,846700.0,1115119482.0,136.0
2008-09-30,1318.0,1319.0,1316.0,1316.0,1316.0,1315.0,849784.0,1120018940.0,132.0
2008-10-04,1317.0,1318.0,1316.0,1316.0,1316.0,1316.0,977948.0,1287964516.0,160.0
2008-10-05,1317.0,1318.0,1316.0,1316.0,1316.0,1316.0,872818.0,1149502348.0,142.0
2008-10-06,1326.0,1327.0,1320.0,1320.0,1320.0,1316.0,921591.0,1222033791.0,137.0
2008-10-07,1330.0,1331.0,1324.0,1324.0,1324.0,1320.0,1009381.0,1342477415.0,178.0
2008-10-12,1314.0,1331.0,1314.0,1325.0,1325.0,1324.0,580039.0,771302820.0,82.0
2008-10-13,1326.0,1327.0,1325.0,1325.0,1325.0,1325.0,653941.0,867127456.0,114.0
2008-10-14,1327.0,1328.0,1326.0,1326.0,1326.0,1325.0,854609.0,1134090904.0,144.0
2008-10-15,1328.0,1328.0,1327.0,1327.0,1327.0,1326.0,817313.0,1085391654.0,137.0
2008-10-18,1330.0,1331.0,1328.0,1328.0,1328.0,1327.0,710270.0,944696080.0,106.0
2008-10-19,1330.0,1331.0,1329.0,1329.0,1329.0,1328.0,750660.0,998381898.0,124.0
2008-10-20,1330.0,1331.0,1329.0,1329.0,1329.0,1329.0,987921.0,1313948875.0,124.0
2008-10-21,1330.0,1331.0,1329.0,1329.0,1329.0,1329.0,578009.0,768772604.0,114.0
2008-10-22,1331.0,1332.0,1330.0,1330.0,1330.0,1329.0,613470.0,816532960.0,89.0
2008-10-26,1331.0,1332.0,1330.0,1330.0,1330.0,1330.0,966381.0,1286316254.0,152.0
2008-10-27,1331.0,1332.0,1330.0,1330.0,1330.0,1330.0,766095.0,1019682206.0,131.0
2008-10-28,1331.0,1331.0,1330.0,1330.0,1330.0,1330.0,962726.0,1281388296.0,158.0
2008-10-29,1291.0,1292.0,1291.0,1291.0,1291.0,1330.0,15412038.0,19897059646.0,451.0
2008-11-01,1291.0,1294.0,1291.0,1291.0,1291.0,1291.0,814422.0,1052918051.0,126.0
2008-11-02,1293.0,1294.0,1292.0,1292.0,1292.0,1291.0,795467.0,1028554349.0,126.0
2008-11-03,1294.0,1295.0,1293.0,1293.0,1293.0,1292.0,1021677.0,1322057173.0,155.0
2008-11-04,1295.0,1296.0,1293.0,1293.0,1293.0,1293.0,602923.0,780785936.0,96.0
2008-11-05,1295.0,1296.0,1293.0,1293.0,1293.0,1293.0,472185.0,611484932.0,84.0
2008-11-08,1296.0,1297.0,1294.0,1294.0,1294.0,1293.0,2587517.0,3353425847.0,102.0
2008-11-09,1296.0,1297.0,1294.0,1294.0,1294.0,1294.0,465006.0,602656441.0,84.0
2008-11-10,1297.0,1297.0,1295.0,1295.0,1295.0,1294.0,535862.0,695012994.0,88.0
2008-11-11,1298.0,1299.0,1296.0,1296.0,1296.0,1295.0,5508338.0,7149826498.0,84.0
2008-11-12,1298.0,1299.0,1297.0,1297.0,1297.0,1296.0,633993.0,822935919.0,124.0
2008-11-15,1300.0,1301.0,1298.0,1298.0,1298.0,1297.0,656442.0,853375580.0,110.0
2008-11-16,1300.0,1301.0,1299.0,1299.0,1299.0,1298.0,772542.0,1004326005.0,149.0
2008-11-17,1301.0,1302.0,1299.0,1299.0,1299.0,1299.0,608209.0,791281425.0,97.0
2008-11-18,1303.0,1304.0,1300.0,1300.0,1300.0,1299.0,519825.0,677332941.0,88.0
2008-11-19,1302.0,1303.0,1301.0,1301.0,1301.0,1300.0,613346.0,798587727.0,109.0
2008-11-22,1303.0,1303.0,1262.0,1301.0,1301.0,1301.0,7203410.0,9120304182.0,123.0
2008-11-23,1303.0,1304.0,1302.0,1302.0,1302.0,1301.0,819827.0,1068251163.0,143.0
2008-11-24,1305.0,1306.0,1303.0,1303.0,1303.0,1302.0,743376.0,970125660.0,107.0
2008-11-25,1306.0,1307.0,1304.0,1304.0,1304.0,1303.0,690697.0,902060262.0,99.0
2008-11-26,1306.0,1307.0,1304.0,1304.0,1304.0,1304.0,584589.0,763485913.0,101.0
2008-11-29,1307.0,1308.0,1305.0,1305.0,1305.0,1304.0,698403.0,912821452.0,129.0
2008-11-30,1307.0,1308.0,1306.0,1306.0,1306.0,1305.0,707065.0,924138530.0,120.0
2008-12-01,1309.0,1310.0,1307.0,1307.0,1307.0,1306.0,568661.0,744381019.0,109.0
2008-12-02,1309.0,1309.0,1307.0,1307.0,1307.0,1307.0,568961.0,744769929.0,95.0
2008-12-03,1308.0,1309.0,1307.0,1307.0,1307.0,1307.0,610828.0,798964636.0,111.0
2008-12-06,1308.0,1309.0,1270.0,1278.0,1308.0,1307.0,2222994.0,2831686027.0,30.0
2008-12-07,1311.0,1312.0,1311.0,1283.0,1311.0,1278.0,362811.0,475665221.0,62.0
2008-12-08,1310.0,1311.0,1310.0,1287.0,1310.0,1283.0,417677.0,547160357.0,77.0
2008-12-10,1311.0,1312.0,1311.0,1291.0,1311.0,1287.0,467419.0,612792375.0,69.0
2008-12-13,1310.0,1311.0,1310.0,1295.0,1310.0,1291.0,511302.0,669806563.0,83.0
2008-12-14,1311.0,1312.0,1270.0,1271.0,1270.0,1295.0,15490838.0,19692629778.0,371.0
2008-12-15,1307.0,1308.0,1307.0,1307.0,1308.0,1271.0,2627515.0,3434177739.0,97.0
2008-12-16,1315.0,1316.0,1315.0,1309.0,1315.0,1307.0,504740.0,663733120.0,87.0
2008-12-20,1312.0,1312.0,1312.0,1310.0,1312.0,1309.0,561848.0,737144576.0,85.0
2008-12-21,1315.0,1316.0,1315.0,1310.0,1315.0,1310.0,190105.0,249990015.0,67.0
2008-12-22,1314.0,1314.0,1314.0,1310.0,1314.0,1310.0,239039.0,314097246.0,60.0
2008-12-23,1313.0,1314.0,1271.0,1273.0,1313.0,1310.0,5406907.0,6885218949.0,119.0
2008-12-24,1308.0,1308.0,1308.0,1305.0,1308.0,1273.0,2304986.0,3014921688.0,85.0
2008-12-27,1307.0,1307.0,1307.0,1305.0,1307.0,1305.0,411740.0,538144180.0,103.0
2008-12-28,1325.0,1326.0,1325.0,1308.0,1325.0,1305.0,409795.0,542979687.0,104.0
2008-12-29,1318.0,1319.0,1318.0,1310.0,1318.0,1308.0,457058.0,602403952.0,136.0
2008-12-30,1318.0,1318.0,1318.0,1311.0,1318.0,1310.0,390669.0,514901742.0,103.0
2008-12-31,1318.0,1319.0,1318.0,1312.0,1319.0,1311.0,364119.0,479918842.0,98.0
2009-01-03,1319.0,1320.0,1319.0,1313.0,1319.0,1312.0,410936.0,542025986.0,115.0
2009-01-04,1320.0,1321.0,1320.0,1314.0,1321.0,1313.0,370614.0,489216780.0,94.0
2009-01-05,1320.0,1320.0,1320.0,1315.0,1320.0,1314.0,359952.0,475136640.0,95.0
2009-01-10,1320.0,1321.0,1320.0,1316.0,1320.0,1315.0,356282.0,470292990.0,103.0
2009-01-11,1320.0,1320.0,1320.0,1317.0,1320.0,1316.0,364861.0,481616520.0,93.0
2009-01-12,1322.0,1323.0,1322.0,1318.0,1322.0,1317.0,507482.0,670901954.0,126.0
2009-01-13,1323.0,1323.0,1323.0,1319.0,1323.0,1318.0,332170.0,439460910.0,95.0
2009-01-14,1325.0,1325.0,1325.0,1320.0,1325.0,1319.0,349904.0,463622800.0,85.0
2009-01-17,1325.0,1325.0,1325.0,1321.0,1325.0,1320.0,432277.0,572767025.0,104.0
2009-01-18,1325.0,1326.0,1325.0,1322.0,1325.0,1321.0,365612.0,484442619.0,101.0
2009-01-19,1330.0,1330.0,1290.0,1290.0,1290.0,1322.0,36465328.0,47054023680.0,97.0
2009-01-20,1310.0,1310.0,1310.0,1293.0,1310.0,1290.0,319878.0,419040180.0,97.0
2009-01-21,1310.0,1311.0,1310.0,1294.0,1310.0,1293.0,193372.0,253321320.0,82.0
2009-01-24,1310.0,1311.0,1310.0,1295.0,1310.0,1294.0,207435.0,271748231.0,94.0
2009-01-25,1310.0,1310.0,1310.0,1297.0,1310.0,1295.0,314299.0,411731690.0,143.0
2009-01-26,1310.0,1311.0,1310.0,1299.0,1310.0,1297.0,323639.0,423980435.0,137.0
2009-01-27,1310.0,1311.0,1310.0,1301.0,1310.0,1299.0,355634.0,465886298.0,156.0
2009-01-28,1310.0,1311.0,1310.0,1302.0,1310.0,1301.0,353910.0,463639468.0,149.0
2009-01-31,1310.0,1310.0,1310.0,1303.0,1310.0,1302.0,340421.0,445951510.0,142.0
2009-02-01,1315.0,1315.0,1315.0,1305.0,1315.0,1303.0,356953.0,469393195.0,154.0
2009-02-02,1315.0,1316.0,1315.0,1306.0,1315.0,1305.0,302828.0,398218821.0,119.0
2009-02-03,1315.0,1316.0,1315.0,1308.0,1315.0,1306.0,583203.0,766933403.0,234.0
2009-02-04,1315.0,1316.0,1315.0,1309.0,1315.0,1308.0,356174.0,468371810.0,157.0
2009-02-07,1315.0,1316.0,1315.0,1310.0,1315.0,1309.0,289787.0,381072905.0,113.0
2009-02-08,1315.0,1316.0,1315.0,1311.0,1315.0,1310.0,330589.0,434727536.0,148.0
2009-02-09,1315.0,1316.0,1315.0,1312.0,1315.0,1311.0,341981.0,449708015.0,153.0
2009-02-11,1315.0,1315.0,1315.0,1312.0,1315.0,1312.0,306852.0,403510380.0,126.0
2009-02-14,1322.0,1323.0,1322.0,1313.0,1322.0,1312.0,330294.0,436649028.0,140.0
2009-02-15,1323.0,1324.0,1323.0,1314.0,1323.0,1313.0,340665.0,450699895.0,142.0
2009-02-17,1325.0,1326.0,1325.0,1316.0,1325.0,1314.0,385910.0,511334750.0,157.0
2009-02-18,1326.0,1326.0,1326.0,1317.0,1326.0,1316.0,330433.0,438154158.0,126.0
2009-02-21,1320.0,1325.0,1320.0,1318.0,1325.0,1317.0,315989.0,418680425.0,134.0
2009-02-22,1328.0,1329.0,1328.0,1318.0,1328.0,1318.0,104336.0,138559379.0,126.0
2009-02-23,1330.0,1330.0,1330.0,1319.0,1330.0,1318.0,153012.0,203505960.0,163.0
2009-02-25,1330.0,1331.0,1330.0,1320.0,1330.0,1319.0,179369.0,238564340.0,191.0
2009-02-28,1328.0,1328.0,1328.0,1321.0,1328.0,1320.0,171756.0,228091968.0,197.0
2009-03-01,1330.0,1330.0,1330.0,1322.0,1330.0,1321.0,203329.0,270427570.0,220.0
2009-03-02,1332.0,1333.0,1332.0,1323.0,1332.0,1322.0,197065.0,262492098.0,220.0
2009-03-03,1334.0,1334.0,1334.0,1324.0,1334.0,1323.0,206662.0,275687108.0,221.0
2009-03-04,1332.0,1332.0,1332.0,1325.0,1332.0,1324.0,184240.0,245407680.0,200.0
2009-03-07,1335.0,1336.0,1335.0,1326.0,1335.0,1325.0,206964.0,276297441.0,257.0
2009-03-08,1336.0,1337.0,1336.0,1327.0,1336.0,1326.0,204870.0,273707320.0,222.0
2009-03-09,1337.0,1338.0,1337.0,1328.0,1337.0,1327.0,225495.0,301492815.0,264.0
2009-03-10,1338.0,1339.0,1338.0,1329.0,1338.0,1328.0,242589.0,324586082.0,258.0
2009-03-11,1341.0,1342.0,1341.0,1330.0,1341.0,1329.0,235536.0,315854776.0,265.0
2009-03-14,1340.0,1341.0,1340.0,1331.0,1340.0,1330.0,231631.0,310386687.0,266.0
2009-03-16,1339.0,1340.0,1339.0,1332.0,1339.0,1331.0,178040.0,238400218.0,192.0
2009-03-17,1338.0,1338.0,1338.0,1332.0,1338.0,1332.0,177870.0,237990060.0,198.0
2009-03-18,1340.0,1340.0,1340.0,1333.0,1340.0,1332.0,209052.0,280129680.0,217.0
2009-03-25,1339.0,1339.0,1339.0,1333.0,1339.0,1333.0,87786.0,117545454.0,93.0
2009-03-28,1343.0,1343.0,1343.0,1333.0,1343.0,1333.0,119354.0,160292422.0,132.0
2009-03-29,1343.0,1343.0,1343.0,1336.0,1343.0,1333.0,860884.0,1156167212.0,123.0
2009-03-30,1346.0,1347.0,1346.0,1336.0,1346.0,1336.0,118980.0,160147858.0,130.0
2009-03-31,1336.0,1336.0,1336.0,1336.0,1336.0,1336.0,118432.0,158225152.0,124.0
2009-04-04,1345.0,1346.0,1345.0,1336.0,1345.0,1336.0,116136.0,156203920.0,127.0
2009-04-05,1342.0,1343.0,1342.0,1336.0,1342.0,1336.0,155683.0,208929578.0,164.0
2009-04-06,1346.0,1347.0,1346.0,1337.0,1346.0,1336.0,149454.0,201166084.0,162.0
2009-04-07,1347.0,1348.0,1347.0,1339.0,1347.0,1337.0,544412.0,733354964.0,567.0
2009-04-08,1349.0,1350.0,1349.0,1342.0,1349.0,1339.0,872427.0,1176905023.0,924.0
2009-04-11,1352.0,1353.0,1352.0,1344.0,1352.0,1342.0,471328.0,637239129.0,490.0
2009-04-12,1354.0,1355.0,1354.0,1346.0,1354.0,1344.0,386847.0,523793407.0,429.0
2009-04-13,1360.0,1361.0,1360.0,1351.0,1360.0,1346.0,892600.0,1213936730.0,924.0
2009-04-14,1365.0,1365.0,1365.0,1352.0,1365.0,1351.0,176910.0,241482150.0,189.0
2009-04-15,1366.0,1367.0,1366.0,1353.0,1366.0,1352.0,157920.0,215734993.0,183.0
2009-04-18,1365.0,1366.0,1365.0,1354.0,1365.0,1353.0,196177.0,267782605.0,210.0
2009-04-19,1370.0,1370.0,1370.0,1355.0,1370.0,1354.0,173329.0,237460730.0,191.0
2009-04-20,1370.0,1371.0,1370.0,1361.0,1370.0,1355.0,1047523.0,1435238585.0,530.0
2009-04-21,1375.0,1376.0,1375.0,1362.0,1375.0,1361.0,110210.0,151540196.0,133.0
2009-04-22,1380.0,1381.0,1380.0,1363.0,1380.0,1362.0,146081.0,201602292.0,171.0
2009-04-25,1380.0,1381.0,1380.0,1364.0,1380.0,1363.0,126651.0,174779380.0,146.0
2009-04-26,1385.0,1386.0,1385.0,1365.0,1386.0,1364.0,138550.0,191905624.0,156.0
2009-04-27,1386.0,1386.0,1386.0,1366.0,1386.0,1365.0,165966.0,230028876.0,194.0
2009-04-28,1385.0,1386.0,1385.0,1368.0,1385.0,1366.0,202151.0,279979635.0,267.0
2009-04-29,1388.0,1389.0,1388.0,1370.0,1388.0,1368.0,192409.0,267064408.0,220.0
2009-05-02,1390.0,1390.0,1390.0,1371.0,1390.0,1370.0,150455.0,209132450.0,169.0
2009-05-03,1391.0,1392.0,1391.0,1372.0,1391.0,1371.0,188268.0,261887971.0,204.0
2009-05-04,1390.0,1391.0,1390.0,1374.0,1390.0,1372.0,211803.0,294406180.0,251.0
2009-05-05,1385.0,1385.0,1385.0,1375.0,1385.0,1374.0,172724.0,239222740.0,186.0
2009-05-06,1390.0,1391.0,1390.0,1377.0,1390.0,1375.0,293575.0,408089250.0,328.0
2009-05-09,1387.0,1388.0,1387.0,1378.0,1387.0,1377.0,221091.0,306672898.0,277.0
2009-05-10,1388.0,1389.0,1388.0,1379.0,1388.0,1378.0,191822.0,266250929.0,214.0
2009-05-11,1388.0,1389.0,1388.0,1380.0,1388.0,1379.0,210615.0,292336044.0,239.0
2009-05-12,1385.0,1385.0,1385.0,1380.0,1385.0,1380.0,156293.0,216465805.0,179.0
2009-05-13,1385.0,1386.0,1385.0,1381.0,1385.0,1380.0,291277.0,403428695.0,266.0
2009-05-16,1385.0,1386.0,1385.0,1381.0,1385.0,1381.0,169085.0,234184877.0,181.0
2009-05-17,1385.0,1385.0,1385.0,1381.0,1385.0,1381.0,182462.0,252709870.0,197.0
2009-05-18,1385.0,1385.0,1385.0,1381.0,1385.0,1381.0,216737.0,300180745.0,242.0
2009-05-19,1384.0,1385.0,1384.0,1381.0,1384.0,1381.0,197203.0,272931197.0,213.0
2009-05-20,1385.0,1386.0,1385.0,1381.0,1385.0,1381.0,208792.0,289177020.0,221.0
2009-05-23,1384.0,1385.0,1384.0,1381.0,1384.0,1381.0,319774.0,442588661.0,338.0
2009-05-24,1386.0,1387.0,1386.0,1382.0,1386.0,1381.0,278390.0,385850229.0,309.0
2009-05-25,1341.0,1384.0,1341.0,1382.0,1383.0,1382.0,214482.0,296556908.0,236.0
2009-05-26,1387.0,1388.0,1387.0,1382.0,1387.0,1382.0,225771.0,313159393.0,251.0
2009-05-27,1386.0,1386.0,1386.0,1382.0,1386.0,1382.0,190864.0,264537504.0,210.0
2009-05-30,1385.0,1386.0,1385.0,1382.0,1385.0,1382.0,213140.0,295201924.0,246.0
2009-05-31,1384.0,1385.0,1384.0,1382.0,1384.0,1382.0,223599.0,309461116.0,248.0
2009-06-01,1385.0,1385.0,1385.0,1382.0,1385.0,1382.0,203994.0,282531690.0,224.0
2009-06-02,1386.0,1387.0,1386.0,1382.0,1386.0,1382.0,210117.0,291225714.0,225.0
2009-06-03,1385.0,1386.0,1385.0,1382.0,1385.0,1382.0,193814.0,268434532.0,207.0
2009-06-06,1385.0,1385.0,1385.0,1382.0,1385.0,1382.0,210996.0,292229460.0,232.0
2009-06-07,1387.0,1387.0,1387.0,1382.0,1387.0,1382.0,230100.0,319148700.0,252.0
2009-06-08,1387.0,1387.0,1387.0,1382.0,1387.0,1382.0,228950.0,317553650.0,243.0
2009-06-09,1386.0,1387.0,1386.0,1382.0,1387.0,1382.0,236844.0,328266339.0,259.0
2009-06-10,1385.0,1385.0,1385.0,1382.0,1385.0,1382.0,176194.0,244028690.0,194.0
2009-06-13,1387.0,1388.0,1387.0,1382.0,1387.0,1382.0,203975.0,282914758.0,220.0
2009-06-14,1386.0,1386.0,1386.0,1382.0,1386.0,1382.0,230853.0,319962258.0,248.0
2009-06-15,1385.0,1386.0,1385.0,1382.0,1385.0,1382.0,207918.0,287966530.0,219.0
2009-06-16,1387.0,1387.0,1387.0,1382.0,1387.0,1382.0,190456.0,264162472.0,210.0
2009-06-17,1387.0,1387.0,1387.0,1382.0,1387.0,1382.0,54569.0,75687203.0,59.0
2009-11-17,1528.0,1705.0,1430.0,1554.0,1561.0,1382.0,13550261.0,21059620084.0,775.0
2009-11-18,1595.0,1595.0,1500.0,1507.0,1500.0,1554.0,3786429.0,5705252430.0,301.0
2009-11-21,1490.0,1490.0,1455.0,1506.0,1455.0,1507.0,43387.0,63387842.0,20.0
2009-11-22,1454.0,1454.0,1454.0,1506.0,1454.0,1506.0,9344.0,13586176.0,6.0
2009-11-23,1454.0,1460.0,1454.0,1454.0,1454.0,1506.0,4269967.0,6208673741.0,296.0
2009-11-24,1431.0,1478.0,1411.0,1431.0,1411.0,1454.0,4500944.0,6440395605.0,306.0
2009-11-25,1405.0,1477.0,1398.0,1437.0,1420.0,1431.0,3105773.0,4463047691.0,202.0
2009-11-29,1387.0,1387.0,1387.0,1433.0,1387.0,1437.0,211589.0,293473943.0,10.0
2009-11-30,1383.0,1383.0,1383.0,1431.0,1383.0,1433.0,124133.0,171675939.0,7.0
2009-12-01,1381.0,1381.0,1381.0,1428.0,1381.0,1431.0,156381.0,215962161.0,9.0
2009-12-02,1379.0,1414.0,1379.0,1379.0,1379.0,1428.0,4871451.0,6720024115.0,337.0
2009-12-05,1338.0,1382.0,1332.0,1370.0,1360.0,1379.0,774947.0,1046192557.0,83.0
2009-12-07,1327.0,1400.0,1327.0,1372.0,1360.0,1370.0,1044470.0,1436527241.0,97.0
2009-12-08,1345.0,1345.0,1324.0,1363.0,1324.0,1372.0,502410.0,665810282.0,70.0
2009-12-09,1316.0,1316.0,1316.0,1355.0,1316.0,1363.0,438035.0,576454060.0,45.0
2009-12-12,1308.0,1369.0,1308.0,1314.0,1369.0,1355.0,11320990.0,14878037920.0,94.0
2009-12-13,1301.0,1320.0,1269.0,1308.0,1269.0,1314.0,453679.0,579869293.0,29.0
2009-12-14,1263.0,1308.0,1263.0,1294.0,1263.0,1308.0,808314.0,1021679291.0,61.0
2009-12-15,1249.0,1249.0,1249.0,1274.0,1249.0,1294.0,1108619.0,1384665131.0,80.0
2009-12-16,1231.0,1297.0,1230.0,1263.0,1230.0,1274.0,676720.0,833213784.0,52.0
2009-12-19,1219.0,1219.0,1219.0,1261.0,1219.0,1263.0,116224.0,141677056.0,6.0
2009-12-20,1234.0,1305.0,1234.0,1290.0,1305.0,1261.0,2339424.0,3022399950.0,145.0
2009-12-21,1326.0,1330.0,1271.0,1291.0,1286.0,1290.0,404823.0,525608654.0,79.0
2009-12-22,1250.0,1295.0,1246.0,1284.0,1247.0,1291.0,441409.0,551070796.0,61.0
2009-12-23,1240.0,1292.0,1240.0,1282.0,1263.0,1284.0,147219.0,184909517.0,33.0
2009-12-28,1238.0,1294.0,1238.0,1281.0,1238.0,1282.0,81329.0,100951451.0,11.0
2009-12-29,1237.0,1290.0,1237.0,1275.0,1237.0,1281.0,400000.0,496679523.0,50.0
2009-12-30,1231.0,1275.0,1231.0,1269.0,1231.0,1275.0,440828.0,547719604.0,69.0
2010-01-02,1288.0,1313.0,1236.0,1276.0,1313.0,1269.0,799224.0,1031841687.0,88.0
2010-01-03,1314.0,1314.0,1233.0,1277.0,1233.0,1276.0,508603.0,650990647.0,66.0
2010-01-04,1235.0,1235.0,1233.0,1274.0,1233.0,1277.0,181941.0,224373177.0,33.0
2010-01-05,1230.0,1230.0,1230.0,1270.0,1230.0,1274.0,229995.0,282893850.0,11.0
2010-01-06,1226.0,1270.0,1226.0,1258.0,1227.0,1270.0,11308428.0,14225711985.0,199.0
2010-01-09,1240.0,1240.0,1214.0,1250.0,1214.0,1258.0,475569.0,578198234.0,68.0
2010-01-10,1211.0,1230.0,1207.0,1211.0,1207.0,1250.0,2789826.0,3378846177.0,104.0
2010-01-11,1180.0,1200.0,1169.0,1207.0,1174.0,1211.0,274619.0,323742804.0,52.0
2010-01-12,1171.0,1207.0,1165.0,1198.0,1175.0,1207.0,655605.0,767578569.0,94.0
2010-01-13,1160.0,1200.0,1157.0,1195.0,1180.0,1198.0,244239.0,283818485.0,62.0
2010-01-16,1165.0,1195.0,1158.0,1194.0,1158.0,1195.0,116727.0,135991966.0,47.0
2010-01-17,1158.0,1170.0,1153.0,1188.0,1153.0,1194.0,387749.0,448827229.0,67.0
2010-01-18,1147.0,1175.0,1147.0,1183.0,1147.0,1188.0,359735.0,413508967.0,64.0
2010-01-19,1142.0,1180.0,1142.0,1178.0,1143.0,1183.0,360831.0,413213862.0,43.0
2010-01-20,1148.0,1169.0,1139.0,1175.0,1139.0,1178.0,218132.0,249263208.0,52.0
2010-01-23,1140.0,1210.0,1138.0,1174.0,1175.0,1175.0,150491.0,175314895.0,43.0
2010-01-24,1199.0,1215.0,1174.0,1178.0,1203.0,1174.0,388635.0,465181335.0,70.0
2010-01-25,1200.0,1200.0,1171.0,1180.0,1171.0,1178.0,389681.0,463035561.0,59.0
2010-01-26,1171.0,1210.0,1170.0,1181.0,1187.0,1180.0,455315.0,540227096.0,51.0
2010-01-27,1180.0,1222.0,1174.0,1187.0,1222.0,1181.0,666218.0,802023369.0,85.0
2010-01-30,1228.0,1228.0,1226.0,1192.0,1228.0,1187.0,323011.0,396636418.0,53.0
2010-01-31,1233.0,1233.0,1233.0,1197.0,1233.0,1192.0,288951.0,356276583.0,32.0
2010-02-01,1238.0,1238.0,1238.0,1198.0,1238.0,1197.0,78410.0,97071580.0,22.0
2010-02-02,1239.0,1239.0,1239.0,1200.0,1239.0,1198.0,133812.0,165793068.0,27.0
2010-02-03,1242.0,1242.0,1242.0,1203.0,1242.0,1200.0,155695.0,193373190.0,43.0
2010-02-06,1245.0,1245.0,1221.0,1231.0,1245.0,1203.0,1684889.0,2097248098.0,166.0
2010-02-07,1231.0,1247.0,1189.0,1227.0,1189.0,1231.0,492970.0,596943037.0,104.0
2010-02-08,1185.0,1215.0,1185.0,1225.0,1185.0,1227.0,137077.0,162640520.0,42.0
2010-02-09,1209.0,1240.0,1183.0,1223.0,1183.0,1225.0,181005.0,217272359.0,43.0
2010-02-10,1181.0,1200.0,1181.0,1219.0,1199.0,1223.0,325244.0,387167416.0,48.0
2010-02-14,1200.0,1256.0,1189.0,1221.0,1256.0,1219.0,435455.0,536676728.0,64.0
2010-02-16,1250.0,1263.0,1224.0,1228.0,1230.0,1221.0,537903.0,675095824.0,51.0
2010-02-17,1249.0,1260.0,1223.0,1230.0,1260.0,1228.0,391209.0,484914675.0,51.0
2010-02-20,1267.0,1273.0,1221.0,1237.0,1273.0,1230.0,789011.0,988548133.0,80.0
2010-02-21,1280.0,1280.0,1280.0,1240.0,1280.0,1237.0,194776.0,249313280.0,41.0
2010-02-22,1283.0,1283.0,1283.0,1268.0,1283.0,1240.0,1651475.0,2118842425.0,73.0
2010-02-23,1310.0,1312.0,1281.0,1309.0,1312.0,1268.0,2763473.0,3617217028.0,149.0
2010-02-24,1307.0,1354.0,1307.0,1326.0,1342.0,1309.0,1370070.0,1835810019.0,130.0
2010-02-27,1310.0,1326.0,1280.0,1319.0,1282.0,1326.0,629720.0,816685636.0,95.0
2010-02-28,1273.0,1327.0,1273.0,1316.0,1308.0,1319.0,514303.0,670104169.0,80.0
2010-03-01,1290.0,1329.0,1285.0,1315.0,1300.0,1316.0,205907.0,268237069.0,49.0
2010-03-02,1299.0,1328.0,1274.0,1310.0,1274.0,1315.0,439974.0,566986555.0,63.0
2010-03-03,1280.0,1300.0,1265.0,1278.0,1265.0,1310.0,2076364.0,2640383327.0,142.0
2010-03-09,1280.0,1322.0,1280.0,1291.0,1322.0,1278.0,740475.0,977935290.0,62.0
2010-03-10,1334.0,1334.0,1263.0,1291.0,1300.0,1291.0,177397.0,227955043.0,34.0
2010-03-13,1246.0,1289.0,1246.0,1247.0,1278.0,1291.0,4214279.0,5254717803.0,155.0
2010-03-14,1244.0,1290.0,1204.0,1249.0,1250.0,1247.0,300223.0,380370312.0,39.0
2010-03-15,1284.0,1290.0,1215.0,1252.0,1220.0,1249.0,324349.0,412378400.0,31.0
2010-03-16,1212.0,1256.0,1209.0,1242.0,1209.0,1252.0,694518.0,843936962.0,44.0
2010-03-17,1211.0,1238.0,1199.0,1238.0,1238.0,1242.0,345614.0,419665023.0,32.0
2010-03-27,1238.0,1280.0,1238.0,1238.0,1252.0,1238.0,325750.0,404285485.0,13.0
2010-03-28,1276.0,1281.0,1270.0,1240.0,1281.0,1238.0,108233.0,138568296.0,23.0
2010-03-29,1280.0,1283.0,1280.0,1241.0,1283.0,1240.0,73960.0,94822105.0,13.0
2010-03-30,1284.0,1284.0,1284.0,1242.0,1284.0,1241.0,50958.0,65430072.0,12.0
2010-03-31,1285.0,1285.0,1285.0,1243.0,1285.0,1242.0,46856.0,60209960.0,8.0
2010-04-03,1286.0,1286.0,1286.0,1245.0,1286.0,1243.0,110873.0,142582678.0,8.0
2010-04-04,1288.0,1288.0,1288.0,1248.0,1288.0,1245.0,187017.0,240877896.0,21.0
2010-04-05,1291.0,1291.0,1291.0,1264.0,1291.0,1248.0,933709.0,1205418319.0,33.0
2010-04-06,1308.0,1308.0,1308.0,1308.0,1308.0,1264.0,2531336.0,3310987488.0,71.0
2010-04-07,1353.0,1353.0,1353.0,1353.0,1353.0,1308.0,2621462.0,3546838086.0,49.0
2010-04-10,1400.0,1400.0,1400.0,1400.0,1400.0,1353.0,2547792.0,3566908800.0,69.0
2010-04-11,1449.0,1449.0,1449.0,1449.0,1449.0,1400.0,2803657.0,4062498993.0,78.0
2010-04-12,1499.0,1499.0,1499.0,1499.0,1499.0,1449.0,3120029.0,4676923471.0,85.0
2010-04-13,1551.0,1551.0,1551.0,1551.0,1551.0,1499.0,40039112.0,62100662712.0,941.0
2010-04-14,1605.0,1605.0,1497.0,1599.0,1548.0,1551.0,58264836.0,93146652391.0,1795.0
2010-04-17,1545.0,1546.0,1544.0,1544.0,1544.0,1599.0,3318798.0,5124680462.0,177.0
2010-04-18,1598.0,1598.0,1598.0,1598.0,1598.0,1544.0,16330747.0,26096533706.0,390.0
2010-04-19,1653.0,1653.0,1653.0,1653.0,1653.0,1598.0,12568664.0,20776001592.0,272.0
2010-04-20,1710.0,1710.0,1710.0,1710.0,1710.0,1653.0,7126792.0,12186814320.0,172.0
2010-04-21,1759.0,1759.0,1661.0,1740.0,1732.0,1710.0,32904894.0,57242614877.0,1344.0
2010-04-24,1700.0,1800.0,1682.0,1785.0,1800.0,1740.0,19707924.0,35181640129.0,818.0
2010-04-25,1835.0,1835.0,1723.0,1765.0,1723.0,1785.0,5870557.0,10361943171.0,456.0
2010-04-26,1704.0,1740.0,1704.0,1704.0,1704.0,1765.0,28797040.0,49073959892.0,797.0
2010-04-27,1645.0,1645.0,1645.0,1645.0,1645.0,1704.0,3772401.0,6205599645.0,91.0
2010-04-28,1588.0,1591.0,1588.0,1588.0,1588.0,1645.0,49697018.0,78919192862.0,963.0
2010-05-01,1541.0,1643.0,1541.0,1601.0,1643.0,1588.0,2140276.0,3432062394.0,196.0
2010-05-02,1647.0,1647.0,1545.0,1565.0,1545.0,1601.0,2181513.0,3403031507.0,207.0
2010-05-03,1515.0,1550.0,1511.0,1524.0,1511.0,1565.0,2071350.0,3138840358.0,170.0
2010-05-04,1492.0,1520.0,1471.0,1475.0,1471.0,1524.0,3575307.0,5273100111.0,209.0
2010-05-05,1425.0,1440.0,1424.0,1424.0,1440.0,1475.0,2866542.0,4083040430.0,178.0
2010-05-08,1428.0,1473.0,1428.0,1431.0,1473.0,1424.0,405293.0,595287986.0,40.0
2010-05-09,1481.0,1481.0,1481.0,1432.0,1481.0,1431.0,57233.0,84762073.0,16.0
2010-05-10,1482.0,1482.0,1482.0,1434.0,1482.0,1432.0,113346.0,167978772.0,23.0
2010-05-11,1484.0,1484.0,1484.0,1438.0,1484.0,1434.0,183423.0,272199732.0,31.0
2010-05-12,1488.0,1488.0,1488.0,1445.0,1488.0,1438.0,370872.0,551857536.0,28.0
2010-05-15,1495.0,1495.0,1495.0,1446.0,1495.0,1445.0,52372.0,78296140.0,17.0
2010-05-16,1496.0,1496.0,1496.0,1447.0,1496.0,1446.0,35077.0,52475192.0,9.0
2010-05-18,1497.0,1497.0,1497.0,1487.0,1497.0,1447.0,2034269.0,3045300693.0,50.0
2010-05-19,1539.0,1539.0,1539.0,1539.0,1539.0,1487.0,2517018.0,3873690702.0,72.0
2010-05-22,1592.0,1592.0,1592.0,1592.0,1592.0,1539.0,42793841.0,68127794872.0,1306.0
2010-05-23,1594.0,1601.0,1551.0,1588.0,1590.0,1592.0,5051568.0,8019767897.0,325.0
2010-05-24,1643.0,1643.0,1643.0,1643.0,1643.0,1588.0,6125993.0,10065006499.0,108.0
2010-05-25,1700.0,1700.0,1700.0,1649.0,1700.0,1643.0,259902.0,441833400.0,32.0
2010-05-26,1706.0,1706.0,1706.0,1706.0,1706.0,1649.0,2550000.0,4350300000.0,85.0
2010-05-29,1751.0,1759.0,1681.0,1727.0,1700.0,1706.0,17115325.0,29562842282.0,872.0
2010-05-30,1670.0,1700.0,1667.0,1671.0,1669.0,1727.0,5025635.0,8399550633.0,357.0
2010-05-31,1672.0,1729.0,1672.0,1727.0,1729.0,1671.0,9278733.0,16025124455.0,395.0
2010-06-01,1729.0,1787.0,1729.0,1781.0,1780.0,1727.0,8685690.0,15471246308.0,442.0
2010-06-02,1773.0,1843.0,1750.0,1820.0,1843.0,1781.0,7606660.0,13841049937.0,457.0
2010-06-06,1865.0,1883.0,1826.0,1877.0,1883.0,1820.0,2999291.0,5630360053.0,293.0
2010-06-07,1930.0,1942.0,1880.0,1916.0,1938.0,1877.0,15381003.0,29477333109.0,744.0
2010-06-08,1932.0,1932.0,1853.0,1878.0,1855.0,1916.0,3728439.0,7001780731.0,260.0
2010-06-09,1847.0,1847.0,1813.0,1815.0,1813.0,1878.0,5618780.0,10195534692.0,285.0
2010-06-12,1771.0,1878.0,1771.0,1856.0,1873.0,1815.0,3815405.0,7080442704.0,286.0
2010-06-13,1870.0,1897.0,1851.0,1865.0,1890.0,1856.0,1570212.0,2937834888.0,170.0
2010-06-14,1890.0,1910.0,1881.0,1898.0,1903.0,1865.0,6406145.0,12157759887.0,299.0
2010-06-15,1900.0,1964.0,1900.0,1950.0,1929.0,1898.0,7084980.0,13818675449.0,375.0
2010-06-16,1930.0,1930.0,1882.0,1895.0,1889.0,1950.0,4220617.0,7997039454.0,300.0
2010-06-19,1890.0,1890.0,1839.0,1870.0,1859.0,1895.0,1961185.0,3654610464.0,174.0
2010-06-20,1862.0,1900.0,1811.0,1854.0,1847.0,1870.0,2550627.0,4728090133.0,243.0
2010-06-21,1831.0,1876.0,1790.0,1806.0,1821.0,1854.0,19858198.0,35869302750.0,797.0
2010-06-22,1813.0,1869.0,1813.0,1865.0,1869.0,1806.0,8780924.0,16379799113.0,683.0
2010-06-23,1906.0,1923.0,1852.0,1888.0,1865.0,1865.0,3779768.0,7135300174.0,258.0
2010-06-27,1890.0,1900.0,1822.0,1826.0,1822.0,1888.0,2908256.0,5311050974.0,177.0
2010-06-28,1800.0,1850.0,1753.0,1781.0,1760.0,1826.0,8090889.0,14413275994.0,386.0
2010-06-29,1732.0,1800.0,1732.0,1766.0,1760.0,1781.0,4246937.0,7501762433.0,250.0
2010-06-30,1766.0,1778.0,1740.0,1766.0,1773.0,1766.0,2641794.0,4666048978.0,213.0
2010-07-03,1698.0,1770.0,1698.0,1755.0,1755.0,1766.0,2584206.0,4533989911.0,164.0
2010-07-04,1747.0,1774.0,1715.0,1742.0,1741.0,1755.0,2152409.0,3745358840.0,131.0
2010-07-05,1700.0,1811.0,1700.0,1778.0,1811.0,1742.0,3700729.0,6579897039.0,216.0
2010-07-06,1811.0,1845.0,1772.0,1835.0,1830.0,1778.0,2852003.0,5232204480.0,205.0
2010-07-07,1830.0,1908.0,1830.0,1888.0,1900.0,1835.0,11245414.0,21235341570.0,510.0
2010-07-11,1888.0,1963.0,1888.0,1961.0,1962.0,1888.0,10596959.0,20783973236.0,370.0
2010-07-12,1940.0,1962.0,1883.0,1898.0,1884.0,1961.0,3965672.0,7527425990.0,266.0
2010-07-13,1823.0,1877.0,1823.0,1853.0,1850.0,1898.0,2004595.0,3692203453.0,135.0
2010-07-14,1801.0,1880.0,1801.0,1841.0,1821.0,1853.0,1819735.0,3342361075.0,136.0
2010-07-17,1805.0,1850.0,1804.0,1834.0,1830.0,1841.0,1121926.0,2048986354.0,136.0
2010-07-18,1784.0,1907.0,1784.0,1876.0,1907.0,1834.0,6787403.0,12735347494.0,359.0
2010-07-25,1770.0,1840.0,1770.0,1807.0,1840.0,1726.0,280831.0,507440338.0,41.0
2010-07-26,1879.0,1879.0,1879.0,1833.0,1879.0,1807.0,920857.0,1730290303.0,47.0
2010-07-28,1906.0,1906.0,1906.0,1906.0,1906.0,1833.0,4453636.0,8488630216.0,155.0
2010-07-31,1910.0,1938.0,1880.0,1918.0,1911.0,1906.0,3732327.0,7156754772.0,262.0
2010-08-01,1900.0,1900.0,1886.0,1904.0,1894.0,1918.0,1744333.0,3311148234.0,116.0
2010-08-02,1832.0,1980.0,1832.0,1965.0,1980.0,1904.0,8535756.0,16775957349.0,355.0
2010-08-03,1991.0,2043.0,1980.0,2035.0,2043.0,1965.0,8524495.0,17348785996.0,371.0
2010-08-04,2109.0,2116.0,2023.0,2107.0,2116.0,2035.0,13001149.0,27389759028.0,619.0
2010-08-07,2170.0,2191.0,2166.0,2182.0,2191.0,2107.0,6491566.0,14164722789.0,379.0
2010-08-08,2269.0,2269.0,2259.0,2269.0,2269.0,2182.0,32765450.0,74341030369.0,843.0
2010-08-09,2305.0,2359.0,2270.0,2351.0,2359.0,2269.0,25361549.0,59637363597.0,1194.0
2010-08-10,2398.0,2445.0,2365.0,2433.0,2420.0,2351.0,14212040.0,34573046777.0,625.0
2010-08-11,2440.0,2440.0,2336.0,2374.0,2336.0,2433.0,11188600.0,26559092437.0,672.0
2010-08-14,2300.0,2301.0,2280.0,2284.0,2282.0,2374.0,17160418.0,39187741134.0,861.0
2010-08-15,2210.0,2259.0,2193.0,2201.0,2210.0,2284.0,8310976.0,18291913663.0,462.0
2010-08-16,2193.0,2289.0,2193.0,2265.0,2288.0,2201.0,9370820.0,21225924338.0,497.0
2010-08-17,2288.0,2355.0,2288.0,2351.0,2355.0,2265.0,10215219.0,24014429481.0,430.0
2010-08-18,2356.0,2439.0,2350.0,2393.0,2350.0,2351.0,7205665.0,17246153594.0,432.0
2010-08-21,2370.0,2370.0,2298.0,2300.0,2300.0,2393.0,4953448.0,11392128974.0,251.0
2010-08-22,2290.0,2328.0,2222.0,2289.0,2300.0,2300.0,1872453.0,4279487823.0,124.0
2010-08-23,2301.0,2380.0,2301.0,2341.0,2378.0,2289.0,1597886.0,3788267861.0,155.0
2010-08-24,2312.0,2370.0,2248.0,2306.0,2301.0,2341.0,2153878.0,4955078895.0,154.0
2010-08-25,2300.0,2350.0,2300.0,2321.0,2320.0,2306.0,1702421.0,3964678288.0,173.0
2010-08-28,2300.0,2410.0,2282.0,2353.0,2398.0,2321.0,2596577.0,6109210574.0,207.0
2010-08-29,2353.0,2447.0,2353.0,2438.0,2447.0,2353.0,7282733.0,17752975877.0,385.0
2010-08-30,2535.0,2535.0,2475.0,2530.0,2492.0,2438.0,12862919.0,32539723603.0,507.0
2010-08-31,2438.0,2631.0,2438.0,2593.0,2631.0,2530.0,13095203.0,33954253756.0,653.0
2010-09-04,2690.0,2696.0,2690.0,2695.0,2696.0,2593.0,5271116.0,14205716288.0,224.0
2010-09-05,2802.0,2802.0,2680.0,2764.0,2700.0,2695.0,16087561.0,44472012982.0,720.0
2010-09-06,2728.0,2798.0,2664.0,2728.0,2685.0,2764.0,7792488.0,21259035162.0,546.0
2010-09-07,2688.0,2700.0,2619.0,2647.0,2619.0,2728.0,4996759.0,13227450654.0,212.0
2010-09-08,2560.0,2668.0,2560.0,2605.0,2602.0,2647.0,3367566.0,8772949480.0,334.0
2010-09-12,2600.0,2709.0,2554.0,2692.0,2709.0,2605.0,5094340.0,13715702651.0,269.0
2010-09-13,2749.0,2799.0,2661.0,2759.0,2670.0,2692.0,8179842.0,22566654143.0,542.0
2010-09-14,2680.0,2790.0,2680.0,2733.0,2686.0,2759.0,3485144.0,9524859563.0,305.0
2010-09-15,2630.0,2650.0,2624.0,2625.0,2624.0,2733.0,11147001.0,29257404868.0,392.0
2010-09-18,2535.0,2650.0,2535.0,2592.0,2570.0,2625.0,3027321.0,7846974682.0,279.0
2010-09-19,2512.0,2554.0,2489.0,2538.0,2489.0,2592.0,1572138.0,3938181596.0,142.0
2010-09-20,2460.0,2530.0,2438.0,2451.0,2455.0,2538.0,2752449.0,6746795342.0,304.0
2010-09-21,2450.0,2549.0,2358.0,2516.0,2549.0,2451.0,2913234.0,7331079672.0,193.0
2010-09-22,2560.0,2612.0,2441.0,2550.0,2576.0,2516.0,1590988.0,4089648954.0,150.0
2010-09-25,2576.0,2629.0,2526.0,2571.0,2526.0,2550.0,1089554.0,2830293455.0,123.0
2010-09-26,2568.0,2569.0,2469.0,2471.0,2469.0,2571.0,2829828.0,6991718949.0,181.0
2010-09-27,2400.0,2440.0,2400.0,2444.0,2440.0,2471.0,1409677.0,3416414938.0,127.0
2010-09-28,2405.0,2495.0,2405.0,2445.0,2445.0,2444.0,1472243.0,3600947347.0,108.0
2010-09-29,2439.0,2480.0,2348.0,2425.0,2359.0,2445.0,1221658.0,2937487771.0,139.0
2010-10-02,2350.0,2399.0,2328.0,2330.0,2358.0,2425.0,2902549.0,6761948026.0,205.0
2010-10-03,2339.0,2380.0,2250.0,2322.0,2340.0,2330.0,1164329.0,2693546960.0,128.0
2010-10-05,2260.0,2379.0,2260.0,2310.0,2350.0,2322.0,1726108.0,3977690596.0,158.0
2010-10-06,2300.0,2300.0,2218.0,2225.0,2244.0,2310.0,4774444.0,10624824302.0,236.0
2010-10-09,2260.0,2260.0,2136.0,2143.0,2143.0,2225.0,3456658.0,7409169550.0,281.0
2010-10-10,2102.0,2143.0,2080.0,2097.0,2090.0,2143.0,4830193.0,10128384569.0,357.0
2010-10-11,2020.0,2150.0,2016.0,2079.0,2041.0,2097.0,1311586.0,2705772301.0,134.0
2010-10-12,2072.0,2072.0,1996.0,1998.0,1996.0,2079.0,11471647.0,22918762845.0,340.0
2010-10-13,1922.0,1959.0,1919.0,1937.0,1920.0,1998.0,1953746.0,3750796802.0,166.0
2010-10-16,1870.0,2014.0,1870.0,1954.0,2014.0,1937.0,1044838.0,2067582325.0,101.0
2010-10-17,2032.0,2032.0,2032.0,1964.0,2032.0,1954.0,319689.0,649608048.0,53.0
2010-10-18,2042.0,2042.0,2042.0,1979.0,2042.0,1964.0,500000.0,1021000000.0,32.0
2010-10-19,2058.0,2058.0,2058.0,2052.0,2058.0,1979.0,2322358.0,4779412764.0,74.0
2010-10-20,2085.0,2134.0,2059.0,2096.0,2134.0,2052.0,6271626.0,13143062459.0,383.0
2010-10-23,2150.0,2179.0,2140.0,2126.0,2179.0,2096.0,994751.0,2160210509.0,81.0
2010-10-24,2200.0,2200.0,2100.0,2148.0,2190.0,2126.0,2363836.0,5081546455.0,238.0
2010-10-25,2120.0,2220.0,2115.0,2154.0,2190.0,2148.0,696211.0,1511611231.0,100.0
2010-10-26,2171.0,2240.0,2161.0,2198.0,2240.0,2154.0,1464459.0,3264915202.0,148.0
2010-10-27,2285.0,2285.0,2285.0,2246.0,2285.0,2198.0,1400000.0,3199000000.0,88.0
2010-10-30,2335.0,2335.0,2335.0,2299.0,2335.0,2246.0,1500000.0,3502500000.0,65.0
2010-10-31,2390.0,2390.0,2302.0,2375.0,2308.0,2299.0,8494123.0,20169325828.0,395.0
2010-11-01,2300.0,2380.0,2290.0,2350.0,2350.0,2375.0,3582503.0,8417792546.0,255.0
2010-11-02,2333.0,2380.0,2295.0,2334.0,2310.0,2350.0,1819277.0,4234419740.0,154.0
2010-11-03,2300.0,2340.0,2292.0,2322.0,2340.0,2334.0,1232053.0,2844883155.0,156.0
2010-11-06,2290.0,2359.0,2280.0,2322.0,2340.0,2322.0,849690.0,1972569379.0,86.0
2010-11-07,2280.0,2350.0,2280.0,2316.0,2349.0,2322.0,8311275.0,19251200866.0,169.0
2010-11-08,2290.0,2400.0,2290.0,2364.0,2395.0,2316.0,3648032.0,8624212693.0,240.0
2010-11-09,2352.0,2458.0,2350.0,2439.0,2458.0,2364.0,4605751.0,11235194189.0,271.0
2010-11-10,2534.0,2536.0,2460.0,2520.0,2536.0,2439.0,4123570.0,10393304502.0,314.0
2010-11-13,2460.0,2549.0,2460.0,2502.0,2502.0,2520.0,1646306.0,4102081899.0,174.0
2010-11-14,2460.0,2536.0,2402.0,2495.0,2402.0,2502.0,881518.0,2188031864.0,116.0
2010-11-15,2411.0,2450.0,2396.0,2414.0,2410.0,2495.0,2522307.0,6087993687.0,220.0
2010-11-16,2350.0,2413.0,2350.0,2400.0,2380.0,2414.0,1097718.0,2614832234.0,122.0
2010-11-20,2330.0,2400.0,2330.0,2390.0,2380.0,2400.0,1720871.0,4105341688.0,158.0
2010-11-21,2330.0,2397.0,2296.0,2372.0,2379.0,2390.0,1188118.0,2793861238.0,103.0
2010-11-22,2336.0,2409.0,2336.0,2393.0,2401.0,2372.0,5774824.0,13818426150.0,149.0
2010-11-23,2376.0,2430.0,2375.0,2401.0,2403.0,2393.0,1679911.0,4039171677.0,162.0
2010-11-24,2400.0,2455.0,2400.0,2433.0,2455.0,2401.0,3269975.0,7954829834.0,141.0
2010-11-27,2400.0,2471.0,2390.0,2452.0,2470.0,2433.0,14348393.0,35184047966.0,365.0
2010-11-28,2399.0,2450.0,2399.0,2442.0,2450.0,2452.0,582276.0,1401622186.0,127.0
2010-11-29,2381.0,2438.0,2381.0,2418.0,2438.0,2442.0,2743805.0,6635210420.0,140.0
2010-11-30,2380.0,2428.0,2380.0,2414.0,2405.0,2418.0,543633.0,1305151083.0,84.0
2010-12-01,2401.0,2414.0,2377.0,2410.0,2405.0,2414.0,773302.0,1855905126.0,62.0
2010-12-04,2390.0,2428.0,2390.0,2406.0,2402.0,2410.0,1485354.0,3569310987.0,112.0
2010-12-05,2384.0,2415.0,2384.0,2404.0,2401.0,2406.0,937412.0,2249243557.0,136.0
2010-12-06,2388.0,2408.0,2388.0,2402.0,2400.0,2404.0,1083466.0,2599724866.0,122.0
2010-12-07,2342.0,2430.0,2342.0,2403.0,2430.0,2402.0,1256910.0,3020442065.0,126.0
2010-12-08,2399.0,2499.0,2390.0,2495.0,2499.0,2403.0,8445795.0,21070865856.0,316.0
2010-12-11,2594.0,2594.0,2594.0,2566.0,2594.0,2495.0,1818789.0,4717938666.0,110.0
2010-12-12,2650.0,2666.0,2594.0,2644.0,2629.0,2566.0,8943207.0,23648128827.0,1443.0
2010-12-13,2600.0,2600.0,2541.0,2554.0,2580.0,2644.0,5123389.0,13086140744.0,159.0
2010-12-14,2500.0,2619.0,2500.0,2554.0,2619.0,2554.0,1120289.0,2861350976.0,130.0
2010-12-18,2503.0,2567.0,2503.0,2551.0,2545.0,2554.0,585375.0,1487248099.0,60.0
2010-12-19,2461.0,2600.0,2461.0,2544.0,2560.0,2551.0,1525981.0,3876139527.0,110.0
2010-12-20,2463.0,2645.0,2463.0,2569.0,2645.0,2544.0,1083294.0,2817767313.0,90.0
2010-12-21,2671.0,2671.0,2671.0,2595.0,2671.0,2569.0,630642.0,1684444782.0,80.0
2010-12-22,2698.0,2698.0,2698.0,2628.0,2698.0,2595.0,801221.0,2161694258.0,58.0
2010-12-25,2733.0,2733.0,2733.0,2710.0,2733.0,2628.0,1963927.0,5367412491.0,103.0
2010-12-26,2818.0,2818.0,2818.0,2797.0,2818.0,2710.0,2023093.0,5701076074.0,100.0
2010-12-27,2908.0,2908.0,2908.0,2846.0,2908.0,2797.0,1115833.0,3244842364.0,95.0
2010-12-28,2959.0,2959.0,2959.0,2913.0,2959.0,2846.0,1500000.0,4438500000.0,105.0
2010-12-29,3146.0,3271.0,3030.0,3118.0,3083.0,2913.0,10656454.0,33228680401.0,581.0
2011-01-01,2999.0,3039.0,2994.0,3000.0,3017.0,3118.0,5608824.0,16828807712.0,380.0
2011-01-02,2930.0,3120.0,2930.0,3081.0,3120.0,3000.0,2177226.0,6734916109.0,201.0
2011-01-03,3204.0,3204.0,3204.0,3155.0,3204.0,3081.0,1521952.0,4876334208.0,106.0
2011-01-04,3281.0,3281.0,3281.0,3195.0,3281.0,3155.0,790512.0,2593669872.0,95.0
2011-01-05,3322.0,3322.0,3322.0,3260.0,3322.0,3195.0,1293320.0,4296409040.0,119.0
2011-01-08,3390.0,3390.0,3390.0,3352.0,3390.0,3260.0,1785143.0,6051634770.0,89.0
2011-01-09,3486.0,3486.0,3486.0,3486.0,3486.0,3352.0,2630000.0,9168180000.0,104.0
2011-01-10,3740.0,3760.0,3591.0,3630.0,3591.0,3486.0,41567089.0,150884514966.0,2300.0
2011-01-11,3590.0,3711.0,3560.0,3677.0,3668.0,3630.0,5769227.0,21212727699.0,427.0
2011-01-12,3600.0,3600.0,3542.0,3575.0,3580.0,3677.0,3722376.0,13308720857.0,382.0
2011-01-15,3488.0,3510.0,3432.0,3459.0,3460.0,3575.0,3193608.0,11047729197.0,374.0
2011-01-16,3370.0,3597.0,3370.0,3568.0,3597.0,3459.0,3158027.0,11269244719.0,250.0
2011-01-17,3710.0,3710.0,3710.0,3710.0,3710.0,3568.0,4233664.0,15706893440.0,209.0
2011-01-18,3858.0,3858.0,3858.0,3858.0,3858.0,3710.0,3766340.0,14530539720.0,161.0
2011-01-19,4012.0,4012.0,4012.0,3943.0,4012.0,3858.0,1398887.0,5612334644.0,115.0
2011-03-05,4100.0,4100.0,4100.0,4100.0,4100.0,3943.0,31059873.0,127345479300.0,971.0
2011-03-06,4264.0,4264.0,4264.0,4264.0,4264.0,4100.0,31061795.0,132447493880.0,837.0
2011-03-07,4434.0,4434.0,4265.0,4434.0,4434.0,4264.0,76330047.0,338422917673.0,2016.0
2011-03-08,4580.0,4611.0,4450.0,4602.0,4611.0,4434.0,38764430.0,178408290445.0,910.0
2011-03-09,4786.0,4786.0,4480.0,4584.0,4500.0,4602.0,34958207.0,160246446797.0,1031.0
2011-03-12,4413.0,4550.0,4406.0,4488.0,4534.0,4584.0,6570053.0,29485793218.0,711.0
2011-03-13,4390.0,4560.0,4390.0,4495.0,4411.0,4488.0,6879047.0,30921927207.0,564.0
2011-03-14,4480.0,4589.0,4431.0,4505.0,4482.0,4495.0,3891908.0,17534227256.0,385.0
2011-03-15,4450.0,4480.0,4326.0,4398.0,4411.0,4505.0,4576994.0,20127823098.0,316.0
2011-03-16,4401.0,4401.0,4267.0,4323.0,4319.0,4398.0,4244545.0,18348468511.0,302.0
2011-03-19,4260.0,4495.0,4252.0,4448.0,4336.0,4323.0,37021523.0,164675813282.0,288.0
2011-03-26,4488.0,4625.0,4420.0,4553.0,4625.0,4448.0,1995930.0,9142900135.0,159.0
2011-03-27,4650.0,4732.0,4612.0,4660.0,4612.0,4553.0,2439846.0,11378762489.0,195.0
2011-03-28,4600.0,4805.0,4502.0,4699.0,4770.0,4660.0,1601941.0,7562360297.0,152.0
2011-03-29,4700.0,4755.0,4700.0,4706.0,4723.0,4699.0,864262.0,4079254882.0,135.0
2011-03-30,4715.0,4800.0,4531.0,4664.0,4649.0,4706.0,2188190.0,10191754085.0,189.0
2011-04-03,4500.0,4750.0,4479.0,4668.0,4641.0,4664.0,1153643.0,5390888726.0,124.0
2011-04-04,4537.0,4780.0,4537.0,4704.0,4612.0,4668.0,3956362.0,18608990743.0,310.0
2011-04-05,4606.0,4701.0,4606.0,4666.0,4650.0,4704.0,3004490.0,14018000446.0,270.0
2011-04-06,4660.0,4665.0,4480.0,4538.0,4480.0,4666.0,3783085.0,17166964644.0,329.0
2011-04-09,4361.0,4499.0,4357.0,4379.0,4357.0,4538.0,2970736.0,13007989039.0,229.0
2011-04-10,4210.0,4280.0,4210.0,4250.0,4230.0,4379.0,2185362.0,9244197597.0,347.0
2011-04-11,4110.0,4350.0,4110.0,4253.0,4260.0,4250.0,2489053.0,10585694268.0,344.0
2011-04-12,4249.0,4260.0,4116.0,4215.0,4223.0,4253.0,1460198.0,6114872664.0,239.0
2011-04-13,4151.0,4250.0,4081.0,4167.0,4250.0,4215.0,1519906.0,6284222199.0,266.0
2011-04-16,4110.0,4333.0,4110.0,4294.0,4333.0,4167.0,2209577.0,9527663044.0,248.0
2011-04-17,4240.0,4330.0,4200.0,4272.0,4250.0,4294.0,1167934.0,4959970721.0,200.0
2011-04-18,4250.0,4270.0,4120.0,4226.0,4130.0,4272.0,1045173.0,4348454251.0,178.0
2011-04-19,4140.0,4170.0,4103.0,4179.0,4107.0,4226.0,1069477.0,4400134310.0,180.0
2011-04-20,4060.0,4220.0,4056.0,4146.0,4150.0,4179.0,1698985.0,7017153807.0,260.0
2011-04-23,4140.0,4140.0,3981.0,4102.0,4140.0,4146.0,1873366.0,7656335200.0,307.0
2011-04-24,4138.0,4138.0,3980.0,4071.0,4120.0,4102.0,1112211.0,4484458074.0,186.0
2011-04-25,3952.0,4080.0,3952.0,4032.0,4002.0,4071.0,1056494.0,4202806868.0,212.0
2011-04-26,3949.0,3998.0,3914.0,3997.0,3924.0,4032.0,1045112.0,4124556471.0,178.0
2011-04-27,3942.0,3950.0,3838.0,3927.0,3843.0,3997.0,1504949.0,5838443397.0,231.0
2011-04-30,3770.0,3980.0,3770.0,3787.0,3770.0,3927.0,3498231.0,13246966338.0,201.0
2011-05-01,3636.0,3750.0,3636.0,3644.0,3636.0,3787.0,3705683.0,13503728520.0,293.0
2011-05-02,3789.0,3789.0,3789.0,3701.0,3789.0,3644.0,987552.0,3741834528.0,121.0
2011-05-03,3849.0,3849.0,3710.0,3748.0,3849.0,3701.0,1201448.0,4565614855.0,215.0
2011-05-04,3799.0,3897.0,3721.0,3886.0,3897.0,3748.0,2550143.0,9910239029.0,172.0
2011-05-08,4041.0,4041.0,3755.0,4021.0,3910.0,3886.0,5530668.0,22240042169.0,353.0
2011-05-09,4181.0,4181.0,4181.0,4181.0,4181.0,4021.0,2531606.0,10584644686.0,157.0
2011-05-10,4300.0,4348.0,4200.0,4305.0,4348.0,4181.0,2799145.0,12049909773.0,302.0
2011-05-11,4449.0,4477.0,4357.0,4474.0,4477.0,4305.0,12589267.0,56326057276.0,711.0
2011-05-14,4652.0,4652.0,4502.0,4631.0,4652.0,4474.0,108067513.0,500467906638.0,335.0
2011-05-15,4816.0,4816.0,4600.0,4762.0,4611.0,4631.0,10947853.0,52135230887.0,591.0
2011-05-16,4600.0,4630.0,4572.0,4572.0,4572.0,4762.0,6607399.0,30212156823.0,428.0
2011-05-17,4390.0,4570.0,4390.0,4473.0,4437.0,4572.0,1769757.0,7842723490.0,262.0
2011-05-18,4307.0,4400.0,4295.0,4305.0,4295.0,4473.0,3103598.0,13361792735.0,399.0
2011-05-21,4199.0,4200.0,4133.0,4188.0,4133.0,4305.0,1717340.0,7099476625.0,155.0
2011-05-22,4026.0,4200.0,4021.0,4050.0,4021.0,4188.0,2153718.0,8672514627.0,258.0
2011-05-23,3900.0,4000.0,3889.0,4017.0,3889.0,4050.0,749884.0,2953475266.0,170.0
2011-05-24,3888.0,3889.0,3857.0,3975.0,3857.0,4017.0,674420.0,2603975403.0,122.0
2011-05-25,3816.0,3849.0,3816.0,3958.0,3816.0,3975.0,277602.0,1059442423.0,71.0
2011-05-28,3800.0,3800.0,3800.0,3947.0,3800.0,3958.0,168063.0,638639400.0,22.0
2011-05-29,3790.0,3790.0,3790.0,3944.0,3790.0,3947.0,43368.0,164364720.0,5.0
2011-05-30,3787.0,3949.0,3787.0,3824.0,3787.0,3944.0,4938604.0,18885366206.0,514.0
2011-05-31,3796.0,3900.0,3704.0,3817.0,3704.0,3824.0,1079050.0,4107511774.0,224.0
2011-06-01,3665.0,3675.0,3665.0,3748.0,3665.0,3817.0,1137261.0,4168167858.0,152.0
2011-06-06,3665.0,3700.0,3599.0,3687.0,3599.0,3748.0,1108191.0,3999750198.0,221.0
2011-06-07,3650.0,3670.0,3540.0,3629.0,3540.0,3687.0,1032432.0,3659495400.0,109.0
2011-06-08,3485.0,3649.0,3484.0,3545.0,3484.0,3629.0,1614654.0,5647279300.0,178.0
2011-06-11,3404.0,3520.0,3404.0,3476.0,3404.0,3545.0,1251951.0,4265136900.0,140.0
2011-06-12,3337.0,3449.0,3337.0,3410.0,3337.0,3476.0,1232303.0,4117672399.0,176.0
2011-06-13,3274.0,3546.0,3274.0,3365.0,3546.0,3410.0,2310786.0,7767396361.0,219.0
2011-07-06,3470.0,3499.0,3293.0,3404.0,3430.0,3365.0,6320369.0,21516495589.0,414.0
2011-07-09,3311.0,3450.0,3268.0,3379.0,3268.0,3404.0,674256.0,2233383322.0,99.0
2011-07-10,3244.0,3337.0,3244.0,3328.0,3244.0,3379.0,63753569.0,212168411886.0,144.0
2011-07-11,3195.0,3339.0,3195.0,3337.0,3195.0,3328.0,63344077.0,211391017806.0,146.0
2011-07-12,3204.0,3347.0,3204.0,3345.0,3204.0,3337.0,64262039.0,214965576547.0,179.0
2011-07-13,3220.0,3345.0,3212.0,3342.0,3345.0,3345.0,52329591.0,174861222589.0,123.0
2011-07-16,3210.0,3299.0,3209.0,3298.0,3299.0,3342.0,63307539.0,208791234921.0,122.0
2011-07-18,3279.0,3400.0,3171.0,3335.0,3399.0,3298.0,108624520.0,362257975153.0,446.0
2011-07-24,3300.0,3399.0,3300.0,3323.0,3350.0,3135.0,794485.0,2639749915.0,86.0
2011-07-25,3351.0,3351.0,3191.0,3318.0,3320.0,3323.0,62758508.0,208255429558.0,146.0
2011-07-26,3220.0,3290.0,3187.0,3270.0,3243.0,3318.0,62274887.0,203633155574.0,84.0
2011-07-27,3209.0,3209.0,3153.0,3255.0,3153.0,3270.0,354576.0,1122763727.0,94.0
2011-07-30,3130.0,3189.0,3125.0,3246.0,3125.0,3255.0,239233.0,754859321.0,59.0
2011-07-31,3117.0,3117.0,3117.0,3243.0,3117.0,3246.0,49921.0,155603757.0,26.0
2011-08-01,3114.0,3275.0,3114.0,3188.0,3120.0,3243.0,1953863.0,6196750883.0,296.0
2011-08-02,3076.0,3180.0,3076.0,3176.0,3116.0,3188.0,415498.0,1295191749.0,84.0
2011-08-03,3062.0,3144.0,3055.0,3164.0,3144.0,3176.0,398741.0,1235488090.0,104.0
2011-08-06,3075.0,3075.0,3038.0,3147.0,3038.0,3164.0,351114.0,1067820629.0,110.0
2011-08-07,3022.0,3052.0,3022.0,3140.0,3022.0,3147.0,133523.0,403761439.0,43.0
2011-08-08,3015.0,3061.0,3015.0,3127.0,3015.0,3140.0,282544.0,853613139.0,115.0
2011-08-09,3002.0,3002.0,3002.0,3126.0,3002.0,3127.0,24043.0,72177086.0,10.0
2011-08-10,3001.0,3100.0,3001.0,3099.0,3020.0,3126.0,50819431.0,157465529767.0,154.0
2011-08-13,3030.0,3120.0,2976.0,3096.0,3052.0,3099.0,201601.0,617759483.0,77.0
2011-08-14,3007.0,3219.0,3007.0,3172.0,3071.0,3096.0,1983615.0,6333204357.0,238.0
2011-08-15,3147.0,3147.0,3053.0,3164.0,3053.0,3172.0,195587.0,601231657.0,84.0
2011-08-16,3221.0,3275.0,3102.0,3171.0,3106.0,3164.0,933372.0,2971217783.0,202.0
2011-08-17,3100.0,3200.0,3070.0,3166.0,3106.0,3171.0,267716.0,836951853.0,86.0
2011-08-20,3149.0,3149.0,3040.0,3155.0,3070.0,3166.0,266948.0,818450375.0,93.0
2011-08-21,3050.0,3133.0,3050.0,3146.0,3129.0,3155.0,375256.0,1162508444.0,98.0
2011-08-23,3099.0,3271.0,3088.0,3185.0,3271.0,3146.0,1357837.0,4369136921.0,239.0
2011-08-24,3312.0,3312.0,3312.0,3298.0,3312.0,3185.0,2232963.0,7395573456.0,212.0
2011-08-27,3300.0,3350.0,3200.0,3297.0,3240.0,3298.0,287575.0,945001187.0,71.0
2011-08-28,3173.0,3250.0,3173.0,3273.0,3200.0,3297.0,617399.0,1975961210.0,83.0
2011-08-29,3200.0,3403.0,3143.0,3292.0,3345.0,3273.0,718355.0,2400155818.0,126.0
2011-08-30,3250.0,3300.0,3202.0,3288.0,3280.0,3292.0,351052.0,1144362620.0,80.0
2011-09-03,3305.0,3310.0,3250.0,3286.0,3260.0,3288.0,174299.0,568928265.0,54.0
2011-09-04,3185.0,3277.0,3185.0,3268.0,3226.0,3286.0,897461.0,2903485386.0,110.0
2011-09-05,3181.0,3249.0,3181.0,3262.0,3220.0,3268.0,303075.0,974344114.0,78.0
2011-09-06,3249.0,3370.0,3203.0,3303.0,3370.0,3262.0,2105659.0,6972350510.0,223.0
2011-09-07,3280.0,3435.0,3280.0,3421.0,3435.0,3303.0,2642997.0,9042299447.0,209.0
2011-09-10,3520.0,3557.0,3506.0,3548.0,3557.0,3421.0,2411054.0,8568077424.0,198.0
2011-09-11,3620.0,3620.0,3455.0,3547.0,3599.0,3548.0,839331.0,2975235779.0,140.0
2011-09-12,3550.0,3569.0,3454.0,3535.0,3500.0,3547.0,532721.0,1858695394.0,155.0
2011-09-13,3535.0,3649.0,3500.0,3539.0,3530.0,3535.0,848124.0,3008377060.0,171.0
2011-09-14,3630.0,3630.0,3470.0,3568.0,3600.0,3539.0,1929168.0,6899755008.0,219.0
2011-09-17,3560.0,3570.0,3430.0,3485.0,3470.0,3568.0,1935811.0,6696999243.0,198.0
2011-09-18,3401.0,3499.0,3383.0,3455.0,3435.0,3485.0,1094853.0,3741141139.0,185.0
2011-09-19,3450.0,3450.0,3362.0,3447.0,3390.0,3455.0,341459.0,1158503161.0,97.0
2011-09-20,3451.0,3495.0,3310.0,3401.0,3382.0,3447.0,1537676.0,5183312992.0,135.0
2011-09-21,3380.0,3443.0,3300.0,3397.0,3300.0,3401.0,507685.0,1716098002.0,125.0
2011-09-25,3300.0,3375.0,3275.0,3385.0,3375.0,3397.0,341854.0,1130320210.0,98.0
2011-09-26,3360.0,3400.0,3250.0,3365.0,3290.0,3385.0,592645.0,1954910380.0,138.0
2011-09-27,3251.0,3299.0,3235.0,3313.0,3281.0,3365.0,1304108.0,4256344722.0,123.0
2011-09-28,3235.0,3280.0,3200.0,3300.0,3210.0,3313.0,382068.0,1231938833.0,117.0
2011-10-01,3204.0,3276.0,3176.0,3278.0,3269.0,3300.0,612742.0,1965898102.0,156.0
2011-10-02,3230.0,3396.0,3147.0,3237.0,3222.0,3278.0,1704371.0,5483291479.0,350.0
2011-10-03,3269.0,3318.0,3249.0,3249.0,3249.0,3237.0,849635.0,2781504269.0,157.0
2011-10-04,3204.0,3240.0,3200.0,3239.0,3200.0,3249.0,657151.0,2109325558.0,184.0
2011-10-05,3180.0,3200.0,3120.0,3209.0,3191.0,3239.0,913299.0,2883682175.0,210.0
2011-10-08,3150.0,3200.0,3150.0,3200.0,3170.0,3209.0,520325.0,1647272639.0,113.0
2011-10-09,3156.0,3190.0,3140.0,3192.0,3188.0,3200.0,487505.0,1540680642.0,163.0
2011-10-10,3130.0,3170.0,3130.0,3181.0,3160.0,3192.0,528444.0,1659901395.0,152.0
2011-10-11,3142.0,3200.0,3141.0,3175.0,3150.0,3181.0,637559.0,2014161180.0,117.0
2011-10-12,3160.0,3160.0,3120.0,3167.0,3120.0,3175.0,473588.0,1483576353.0,140.0
2011-10-15,3100.0,3148.0,3041.0,3096.0,3070.0,3167.0,1793269.0,5500483478.0,202.0
2011-10-16,2990.0,3020.0,2973.0,3066.0,3000.0,3096.0,642619.0,1913384142.0,195.0
2011-10-17,2945.0,3060.0,2944.0,3059.0,2956.0,3066.0,313986.0,945224011.0,94.0
2011-10-18,3009.0,3181.0,2960.0,3081.0,3100.0,3059.0,969147.0,3019092980.0,178.0
2011-10-19,3165.0,3170.0,2990.0,3067.0,3065.0,3081.0,1096160.0,3340842797.0,179.0
2011-11-12,2190.0,2190.0,2150.0,2158.0,2150.0,2190.0,868959.0,1875490114.0,62.0
2011-11-13,2149.0,2149.0,2072.0,2118.0,2072.0,2158.0,1637390.0,3393284518.0,156.0
2011-11-14,2034.0,2070.0,2034.0,2099.0,2055.0,2118.0,995119.0,2040632355.0,135.0
2011-11-16,2020.0,2050.0,2016.0,2085.0,2016.0,2099.0,628834.0,1269779772.0,138.0
2011-11-19,2002.0,2030.0,2002.0,2073.0,2011.0,2085.0,643564.0,1297923396.0,105.0
2011-11-20,1991.0,1994.0,1991.0,2069.0,1991.0,2073.0,160418.0,319460479.0,36.0
2011-11-21,1987.0,1987.0,1987.0,2062.0,1987.0,2069.0,287868.0,571993716.0,67.0
2011-11-22,1980.0,1980.0,1980.0,2060.0,1980.0,2062.0,68213.0,135061740.0,15.0
2011-11-23,1978.0,1978.0,1978.0,2057.0,1978.0,2060.0,111601.0,220746778.0,23.0
2011-11-26,1975.0,2057.0,1975.0,2025.0,1975.0,2057.0,1585644.0,3147943781.0,212.0
2011-11-27,1961.0,2020.0,1944.0,2012.0,1944.0,2025.0,605457.0,1179071731.0,57.0
2011-11-28,1932.0,1950.0,1932.0,1984.0,1932.0,2012.0,1247371.0,2411933553.0,98.0
2011-11-29,1908.0,2060.0,1906.0,1994.0,2050.0,1984.0,1199675.0,2414747832.0,175.0
2011-11-30,2040.0,2040.0,1915.0,1988.0,1950.0,1994.0,475142.0,925531295.0,112.0
2011-12-03,1930.0,2067.0,1911.0,1998.0,2040.0,1988.0,858358.0,1740595453.0,146.0
2011-12-04,2060.0,2077.0,2050.0,2014.0,2077.0,1998.0,727301.0,1510193500.0,95.0
2011-12-07,2093.0,2094.0,2079.0,2025.0,2094.0,2014.0,483579.0,1012526151.0,69.0
2011-12-10,2106.0,2106.0,2010.0,2030.0,2022.0,2025.0,311911.0,647912147.0,97.0
2011-12-11,2030.0,2030.0,1954.0,2028.0,1970.0,2030.0,123855.0,244520496.0,51.0
2011-12-12,1976.0,2109.0,1976.0,2043.0,2109.0,2028.0,871701.0,1822155633.0,121.0
2011-12-13,2124.0,2124.0,2124.0,2063.0,2124.0,2043.0,873487.0,1855286388.0,49.0
2011-12-14,2145.0,2145.0,2125.0,2145.0,2145.0,2063.0,4240586.0,9095857932.0,242.0
2011-12-17,2229.0,2230.0,2190.0,2191.0,2230.0,2145.0,1902161.0,4240993296.0,165.0
2011-12-18,2278.0,2278.0,2278.0,2267.0,2278.0,2191.0,3090238.0,7039562164.0,149.0
2011-12-19,2357.0,2357.0,2249.0,2346.0,2274.0,2267.0,4779730.0,11214659986.0,281.0
2011-12-20,2265.0,2340.0,2253.0,2302.0,2253.0,2346.0,4842277.0,11148083929.0,379.0
2011-12-21,2259.0,2290.0,2210.0,2276.0,2210.0,2302.0,3408409.0,7753519977.0,325.0
2011-12-24,2185.0,2185.0,2185.0,2262.0,2185.0,2276.0,539904.0,1179690240.0,35.0
2011-12-25,2172.0,2172.0,2172.0,2256.0,2172.0,2262.0,229673.0,498849756.0,13.0
2011-12-26,2166.0,2166.0,2166.0,2251.0,2166.0,2256.0,203903.0,441653898.0,18.0
2011-12-27,2161.0,2161.0,2161.0,2249.0,2161.0,2251.0,87750.0,189627750.0,6.0
2011-12-28,2160.0,2249.0,2160.0,2181.0,2180.0,2249.0,2956573.0,6409122545.0,267.0
2011-12-31,2101.0,2184.0,2101.0,2178.0,2180.0,2181.0,541749.0,1171762188.0,88.0
2012-01-01,2150.0,2150.0,2100.0,2170.0,2112.0,2178.0,511567.0,1087617098.0,80.0
2012-01-02,2084.0,2250.0,2084.0,2170.0,2250.0,2170.0,605726.0,1314782382.0,117.0
2012-01-03,2151.0,2256.0,2151.0,2187.0,2190.0,2170.0,920241.0,2056753176.0,122.0
2012-01-04,2110.0,2239.0,2110.0,2169.0,2110.0,2187.0,1371974.0,2938683849.0,161.0
2012-01-07,2200.0,2200.0,2121.0,2168.0,2138.0,2169.0,85433.0,183416894.0,37.0
2012-01-08,2119.0,2190.0,2110.0,2167.0,2145.0,2168.0,130429.0,278532554.0,53.0
2012-01-09,2142.0,2160.0,2120.0,2164.0,2121.0,2167.0,305373.0,652080161.0,97.0
2012-01-10,2150.0,2200.0,2135.0,2164.0,2167.0,2164.0,1178944.0,2552178239.0,110.0
2012-01-11,2170.0,2220.0,2150.0,2181.0,2150.0,2164.0,1849644.0,4061060079.0,192.0
2012-01-15,2181.0,2224.0,2180.0,2192.0,2180.0,2181.0,1490290.0,3289469943.0,117.0
2012-01-16,2132.0,2220.0,2131.0,2207.0,2164.0,2192.0,3406526.0,7519085415.0,215.0
2012-01-17,2207.0,2207.0,2119.0,2196.0,2119.0,2207.0,1257482.0,2737261165.0,101.0
2012-01-18,2109.0,2159.0,2109.0,2174.0,2109.0,2196.0,1119325.0,2381652734.0,179.0
2012-01-21,2121.0,2137.0,2101.0,2171.0,2101.0,2174.0,216448.0,458774061.0,49.0
2012-01-23,2092.0,2120.0,2085.0,2156.0,2100.0,2171.0,622250.0,1299406908.0,90.0
2012-01-25,2070.0,2070.0,2070.0,2153.0,2070.0,2156.0,112936.0,233777520.0,39.0
2012-01-28,2121.0,2199.0,2099.0,2141.0,2120.0,2153.0,2056949.0,4386002051.0,260.0
2012-01-29,2114.0,2127.0,2086.0,2137.0,2100.0,2141.0,426703.0,899780549.0,77.0
2012-01-30,2100.0,2100.0,2052.0,2129.0,2052.0,2137.0,397602.0,820766415.0,105.0
2012-01-31,2053.0,2053.0,2044.0,2119.0,2044.0,2129.0,408592.0,835301642.0,81.0
2012-02-01,2035.0,2036.0,2035.0,2115.0,2035.0,2119.0,169314.0,344555207.0,70.0
2012-02-04,2031.0,2031.0,2031.0,2109.0,2031.0,2115.0,245703.0,499022793.0,54.0
2012-02-05,2025.0,2025.0,2025.0,2106.0,2025.0,2109.0,136050.0,275501250.0,19.0
2012-02-06,2022.0,2022.0,2022.0,2105.0,2022.0,2106.0,30096.0,60854112.0,8.0
2012-02-07,2021.0,2021.0,2021.0,2103.0,2021.0,2105.0,99522.0,201133962.0,20.0
2012-02-08,2019.0,2019.0,2019.0,2102.0,2019.0,2103.0,50879.0,102724701.0,11.0
2012-02-12,2018.0,2018.0,2018.0,2090.0,2018.0,2102.0,503231.0,1015520158.0,23.0
2012-02-13,2007.0,2007.0,2007.0,2090.0,2007.0,2090.0,3949.0,7925643.0,9.0
2012-02-14,2007.0,2007.0,2007.0,2089.0,2007.0,2090.0,42884.0,86068188.0,16.0
2012-02-15,2006.0,2088.0,2006.0,2040.0,2006.0,2089.0,2208403.0,4440760554.0,290.0
2012-02-18,2004.0,2006.0,1959.0,2029.0,1979.0,2040.0,613502.0,1211795445.0,140.0
2012-02-19,1973.0,2110.0,1970.0,2062.0,2108.0,2029.0,1990597.0,4155705914.0,323.0
2012-02-20,2135.0,2135.0,1990.0,2058.0,2040.0,2062.0,1177765.0,2413389382.0,212.0
2012-02-21,2007.0,2039.0,1976.0,2026.0,1981.0,2058.0,1645954.0,3272998501.0,257.0
2012-02-22,1981.0,1981.0,1945.0,2016.0,1950.0,2026.0,452302.0,882165115.0,142.0
2012-02-25,1936.0,1950.0,1936.0,2007.0,1950.0,2016.0,379472.0,734952952.0,83.0
2012-02-26,1927.0,1950.0,1927.0,2002.0,1927.0,2007.0,216758.0,417803444.0,53.0
2012-02-27,1922.0,1922.0,1922.0,2000.0,1922.0,2002.0,84944.0,163262368.0,47.0
2012-02-28,1920.0,2000.0,1920.0,1980.0,1949.0,2000.0,976571.0,1881779730.0,176.0
2012-02-29,1980.0,1998.0,1940.0,1979.0,1968.0,1980.0,381978.0,751635746.0,94.0
2012-03-03,1970.0,1980.0,1942.0,1978.0,1960.0,1979.0,362961.0,713025192.0,92.0
2012-03-04,1985.0,1985.0,1910.0,1975.0,1920.0,1978.0,170918.0,328929057.0,69.0
2012-03-05,1910.0,1920.0,1896.0,1967.0,1896.0,1975.0,402862.0,766212578.0,71.0
2012-03-06,1889.0,1900.0,1889.0,1962.0,1889.0,1967.0,217307.0,410531808.0,67.0
2012-03-07,1884.0,2020.0,1884.0,1952.0,1978.0,1962.0,884509.0,1698609125.0,127.0
2012-03-10,1970.0,2021.0,1901.0,1967.0,1990.0,1952.0,1131669.0,2263576756.0,176.0
2012-03-11,2038.0,2045.0,1891.0,2007.0,1901.0,1967.0,7780076.0,15612946100.0,795.0
2012-03-27,2030.0,2030.0,1930.0,1990.0,1949.0,2007.0,1206075.0,2361387060.0,210.0
2012-03-28,1950.0,1970.0,1926.0,1972.0,1926.0,1990.0,1144651.0,2215023231.0,191.0
2012-04-02,1900.0,1905.0,1894.0,1960.0,1894.0,1972.0,546330.0,1036550762.0,96.0
2012-04-03,1882.0,1882.0,1882.0,1955.0,1882.0,1960.0,204113.0,384140666.0,40.0
2012-04-04,1877.0,1877.0,1877.0,1951.0,1877.0,1955.0,165957.0,311501289.0,28.0
2012-04-07,1873.0,1873.0,1873.0,1950.0,1873.0,1951.0,47361.0,88707153.0,11.0
2012-04-08,1872.0,1872.0,1872.0,1949.0,1872.0,1950.0,40415.0,75656880.0,17.0
2012-04-09,1872.0,1872.0,1872.0,1948.0,1872.0,1949.0,46315.0,86701680.0,15.0
2012-04-10,1793.0,1793.0,1722.0,1738.0,1722.0,1948.0,2890842.0,5023376684.0,355.0
2012-04-11,1681.0,1750.0,1669.0,1704.0,1719.0,1738.0,3427989.0,5837859660.0,445.0
2012-04-14,1720.0,1769.0,1720.0,1721.0,1750.0,1704.0,1807205.0,3138483491.0,227.0
2012-04-15,1789.0,1789.0,1789.0,1759.0,1789.0,1721.0,1979260.0,3540896140.0,128.0
2012-04-16,1829.0,1829.0,1761.0,1822.0,1780.0,1759.0,5281583.0,9622852520.0,395.0
2012-04-17,1798.0,1798.0,1750.0,1791.0,1754.0,1822.0,1635057.0,2871279071.0,249.0
2012-04-18,1750.0,1750.0,1720.0,1760.0,1740.0,1791.0,1645472.0,2837943765.0,245.0
2012-04-21,1739.0,1739.0,1690.0,1739.0,1690.0,1760.0,1129773.0,1912871279.0,216.0
2012-04-22,1720.0,1720.0,1670.0,1725.0,1710.0,1739.0,909488.0,1531978903.0,151.0
2012-04-23,1680.0,1700.0,1656.0,1708.0,1660.0,1725.0,1089571.0,1821075076.0,190.0
2012-04-24,1660.0,1699.0,1644.0,1698.0,1650.0,1708.0,665277.0,1102339354.0,145.0
2012-04-28,1650.0,1700.0,1643.0,1693.0,1654.0,1698.0,491483.0,818423567.0,128.0
2012-04-29,1690.0,1760.0,1661.0,1709.0,1664.0,1693.0,1581517.0,2733666250.0,252.0
2012-04-30,1700.0,1726.0,1682.0,1708.0,1699.0,1709.0,398982.0,679143666.0,89.0
2012-05-01,1700.0,1705.0,1670.0,1706.0,1670.0,1708.0,271827.0,458300073.0,80.0
2012-05-02,1672.0,1689.0,1647.0,1702.0,1689.0,1706.0,336114.0,558597673.0,82.0
2012-05-05,1660.0,1700.0,1660.0,1699.0,1698.0,1702.0,454581.0,763212901.0,108.0
2012-05-06,1698.0,1699.0,1660.0,1698.0,1682.0,1699.0,165155.0,275988484.0,63.0
2012-05-07,1661.0,1678.0,1645.0,1694.0,1645.0,1698.0,413600.0,686663622.0,106.0
2012-05-08,1650.0,1650.0,1627.0,1687.0,1632.0,1694.0,441995.0,722954400.0,109.0
2012-05-09,1631.0,1650.0,1620.0,1669.0,1620.0,1687.0,1004529.0,1630235218.0,170.0
2012-05-12,1609.0,1620.0,1603.0,1661.0,1603.0,1669.0,449322.0,722209815.0,106.0
2012-05-13,1595.0,1643.0,1595.0,1653.0,1643.0,1661.0,501482.0,804928352.0,107.0
2012-05-14,1601.0,1638.0,1590.0,1649.0,1630.0,1653.0,329228.0,530669141.0,81.0
2012-05-15,1630.0,1650.0,1600.0,1647.0,1610.0,1649.0,255848.0,413821189.0,66.0
2012-05-16,1620.0,1620.0,1590.0,1642.0,1590.0,1647.0,360212.0,575805829.0,90.0
2012-05-19,1593.0,1600.0,1577.0,1634.0,1582.0,1642.0,509326.0,807201289.0,92.0
2012-05-20,1590.0,1590.0,1569.0,1622.0,1574.0,1634.0,688642.0,1083427892.0,102.0
2012-05-21,1590.0,1619.0,1572.0,1620.0,1602.0,1622.0,263416.0,420872072.0,78.0
2012-05-22,1585.0,1648.0,1585.0,1621.0,1648.0,1620.0,371155.0,604954975.0,95.0
2012-05-23,1650.0,1685.0,1650.0,1636.0,1685.0,1621.0,855001.0,1437667960.0,118.0
2012-05-26,1674.0,1674.0,1571.0,1629.0,1600.0,1636.0,624676.0,995784631.0,122.0
2012-05-27,1600.0,1608.0,1570.0,1625.0,1581.0,1629.0,295499.0,467540429.0,58.0
2012-05-28,1590.0,1590.0,1566.0,1619.0,1579.0,1625.0,422588.0,664531720.0,111.0
2012-05-29,1562.0,1578.0,1555.0,1615.0,1566.0,1619.0,239108.0,373003060.0,83.0
2012-05-30,1561.0,1590.0,1551.0,1611.0,1561.0,1615.0,294944.0,463229471.0,84.0
2012-06-02,1597.0,1597.0,1547.0,1606.0,1584.0,1611.0,300877.0,467162832.0,86.0
2012-06-05,1561.0,1599.0,1550.0,1602.0,1561.0,1606.0,432464.0,681521387.0,80.0
2012-06-06,1558.0,1558.0,1538.0,1598.0,1538.0,1602.0,227342.0,350457710.0,67.0
2012-06-09,1535.0,1535.0,1535.0,1596.0,1535.0,1598.0,124599.0,191259465.0,16.0
2012-06-10,1533.0,1533.0,1533.0,1595.0,1533.0,1596.0,71317.0,109328961.0,27.0
2012-06-11,1532.0,1553.0,1532.0,1573.0,1532.0,1595.0,1277943.0,1959461611.0,176.0
2012-06-12,1533.0,1560.0,1511.0,1566.0,1513.0,1573.0,563727.0,861212509.0,137.0
2012-06-13,1543.0,1543.0,1505.0,1564.0,1519.0,1566.0,138488.0,210243098.0,52.0
2012-06-16,1540.0,1540.0,1502.0,1550.0,1502.0,1564.0,787143.0,1183116721.0,134.0
2012-06-17,1491.0,1520.0,1488.0,1541.0,1500.0,1550.0,574138.0,858815445.0,117.0
2012-06-19,1510.0,1510.0,1480.0,1536.0,1484.0,1541.0,299724.0,445413786.0,71.0
2012-06-20,1475.0,1475.0,1475.0,1534.0,1475.0,1536.0,116993.0,172564675.0,32.0
2012-06-23,1473.0,1473.0,1473.0,1532.0,1473.0,1534.0,101623.0,149690679.0,34.0
2012-06-24,1471.0,1471.0,1471.0,1530.0,1471.0,1532.0,87057.0,128060847.0,13.0
2012-06-25,1469.0,1469.0,1469.0,1529.0,1469.0,1530.0,41455.0,60897395.0,16.0
2012-06-26,1468.0,1468.0,1468.0,1527.0,1468.0,1529.0,91020.0,133617360.0,16.0
2012-06-27,1466.0,1466.0,1466.0,1526.0,1466.0,1527.0,45057.0,66053562.0,14.0
2012-06-30,1465.0,1465.0,1465.0,1525.0,1465.0,1526.0,54298.0,79546570.0,16.0
2012-07-01,1464.0,1464.0,1464.0,1525.0,1464.0,1525.0,4082.0,5976048.0,9.0
2012-07-02,1464.0,1464.0,1464.0,1518.0,1464.0,1525.0,418344.0,612455616.0,40.0
2012-07-03,1458.0,1479.0,1458.0,1458.0,1458.0,1518.0,4542959.0,6625851544.0,358.0
2012-07-04,1450.0,1450.0,1405.0,1452.0,1439.0,1458.0,566876.0,804597418.0,103.0
2012-07-07,1402.0,1428.0,1394.0,1450.0,1394.0,1452.0,149523.0,209125838.0,61.0
2012-07-08,1392.0,1393.0,1392.0,1442.0,1392.0,1450.0,514533.0,716237336.0,87.0
2012-07-09,1385.0,1385.0,1385.0,1442.0,1385.0,1442.0,18443.0,25543555.0,9.0
2012-07-10,1385.0,1474.0,1385.0,1414.0,1385.0,1442.0,1771965.0,2455531646.0,145.0
2012-07-11,1361.0,1429.0,1361.0,1410.0,1395.0,1414.0,453925.0,628814321.0,70.0
2012-07-24,1340.0,1340.0,1300.0,1315.0,1339.0,1180.0,5070476.0,6667909493.0,348.0
2012-07-25,1340.0,1349.0,1263.0,1296.0,1263.0,1315.0,2613490.0,3369131771.0,271.0
2012-07-28,1245.0,1245.0,1245.0,1280.0,1245.0,1296.0,1084583.0,1350305835.0,72.0
2012-07-29,1229.0,1229.0,1229.0,1279.0,1229.0,1280.0,60300.0,74108700.0,8.0
2012-07-30,1228.0,1228.0,1228.0,1278.0,1228.0,1279.0,85410.0,104883480.0,11.0
2012-07-31,1227.0,1227.0,1227.0,1276.0,1227.0,1278.0,111323.0,136593321.0,10.0
2012-08-01,1225.0,1225.0,1225.0,1275.0,1225.0,1276.0,62573.0,76651925.0,12.0
2012-08-04,1224.0,1224.0,1224.0,1275.0,1224.0,1275.0,4157.0,5088168.0,6.0
2012-08-05,1224.0,1224.0,1224.0,1275.0,1224.0,1275.0,6811.0,8336664.0,4.0
2012-08-06,1224.0,1224.0,1224.0,1274.0,1224.0,1275.0,68561.0,83918664.0,12.0
2012-08-07,1224.0,1224.0,1224.0,1274.0,1224.0,1274.0,24644.0,30164256.0,9.0
2012-08-08,1224.0,1224.0,1224.0,1273.0,1224.0,1274.0,70912.0,86796288.0,5.0
2012-08-11,1223.0,1223.0,1223.0,1272.0,1223.0,1273.0,51572.0,63072556.0,11.0
2012-08-12,1222.0,1222.0,1222.0,1272.0,1222.0,1272.0,1100.0,1344200.0,2.0
2012-08-13,1222.0,1222.0,1222.0,1272.0,1222.0,1272.0,15042.0,18381324.0,8.0
2012-08-14,1222.0,1222.0,1222.0,1272.0,1222.0,1272.0,4571.0,5585762.0,4.0
2012-08-15,1222.0,1222.0,1222.0,1271.0,1222.0,1272.0,44135.0,53932970.0,7.0
2012-08-18,1221.0,1221.0,1221.0,1270.0,1221.0,1271.0,96970.0,118400370.0,11.0
2012-08-21,1220.0,1220.0,1220.0,1269.0,1220.0,1270.0,93219.0,113727180.0,6.0
2012-08-22,1219.0,1219.0,1219.0,1267.0,1219.0,1269.0,111726.0,136193994.0,20.0
2012-08-25,1217.0,1217.0,1217.0,1267.0,1217.0,1267.0,12436.0,15134612.0,7.0
2012-08-26,1166.0,1166.0,1120.0,1121.0,1120.0,1267.0,331150.0,371062846.0,50.0
2012-08-27,1077.0,1077.0,1077.0,1119.0,1077.0,1121.0,142944.0,153950688.0,42.0
2012-09-02,1075.0,1075.0,1075.0,1113.0,1075.0,1119.0,469702.0,504929650.0,38.0
2012-09-03,1069.0,1157.0,1069.0,1115.0,1150.0,1113.0,6960433.0,7757436955.0,514.0
2012-09-04,1159.0,1159.0,1159.0,1134.0,1159.0,1115.0,1514825.0,1755682175.0,57.0
2012-09-05,1179.0,1179.0,1179.0,1160.0,1179.0,1134.0,2009653.0,2369380887.0,68.0
2012-09-08,1206.0,1206.0,1206.0,1206.0,1206.0,1160.0,3544002.0,4274066412.0,113.0
2012-09-09,1254.0,1254.0,1181.0,1248.0,1254.0,1206.0,10682648.0,13327743321.0,685.0
2012-09-10,1275.0,1290.0,1250.0,1258.0,1268.0,1248.0,2088357.0,2642963736.0,239.0
2012-09-11,1249.0,1308.0,1208.0,1252.0,1308.0,1258.0,5521226.0,6910114550.0,347.0
2012-09-15,1302.0,1302.0,1264.0,1302.0,1302.0,1252.0,8775350.0,11424932276.0,322.0
2012-09-16,1330.0,1348.0,1300.0,1308.0,1309.0,1302.0,1642544.0,2158667423.0,201.0
2012-09-17,1315.0,1360.0,1315.0,1359.0,1360.0,1308.0,95308415.0,129541103247.0,289.0
2012-09-18,1413.0,1413.0,1413.0,1413.0,1413.0,1359.0,100592509.0,142137215217.0,399.0
2012-09-19,1469.0,1469.0,1469.0,1469.0,1469.0,1413.0,3673104.0,5395789776.0,91.0
2012-09-22,1527.0,1527.0,1527.0,1527.0,1527.0,1469.0,5408595.0,8258924565.0,129.0
2012-09-23,1588.0,1588.0,1500.0,1581.0,1540.0,1527.0,44098948.0,69716182530.0,1600.0
2012-09-24,1527.0,1644.0,1519.0,1606.0,1640.0,1581.0,24962192.0,40101628227.0,1659.0
2012-09-25,1670.0,1670.0,1647.0,1667.0,1670.0,1606.0,31627606.0,52738956741.0,1322.0
2012-09-26,1708.0,1733.0,1682.0,1729.0,1733.0,1667.0,23090261.0,39917962081.0,1494.0
2012-09-29,1775.0,1798.0,1750.0,1796.0,1798.0,1729.0,32185859.0,57811023667.0,1188.0
2012-09-30,1867.0,1867.0,1781.0,1851.0,1790.0,1796.0,48944955.0,90581791380.0,2264.0
2012-10-01,1800.0,1800.0,1777.0,1781.0,1777.0,1851.0,3700885.0,6590310448.0,236.0
2012-10-02,1710.0,1776.0,1710.0,1725.0,1710.0,1781.0,129118873.0,222766832040.0,3131.0
2012-10-03,1720.0,1750.0,1656.0,1717.0,1656.0,1725.0,113340165.0,194632952498.0,3298.0
2012-10-06,1651.0,1680.0,1649.0,1652.0,1649.0,1717.0,96052622.0,158656561782.0,2077.0
2012-10-07,1586.0,1586.0,1586.0,1586.0,1586.0,1652.0,74317680.0,117867840480.0,1666.0
2012-10-08,1649.0,1649.0,1649.0,1649.0,1649.0,1586.0,7968575.0,13140180175.0,265.0
2012-10-09,1714.0,1714.0,1641.0,1700.0,1661.0,1649.0,18067696.0,30717568617.0,1086.0
2012-10-10,1632.0,1632.0,1632.0,1666.0,1632.0,1700.0,1782572.0,2909157504.0,127.0
2012-10-13,1600.0,1600.0,1600.0,1664.0,1600.0,1666.0,80725.0,129160000.0,20.0
2012-10-14,1598.0,1623.0,1598.0,1600.0,1616.0,1664.0,12928144.0,20690730219.0,662.0
2012-10-15,1620.0,1640.0,1536.0,1578.0,1536.0,1600.0,6389830.0,10080148301.0,529.0
2012-10-16,1515.0,1519.0,1515.0,1515.0,1515.0,1578.0,5675564.0,8598533260.0,271.0
2012-10-17,1455.0,1455.0,1455.0,1510.0,1455.0,1515.0,266372.0,387571260.0,27.0
2012-10-20,1450.0,1450.0,1450.0,1469.0,1450.0,1510.0,2393889.0,3471139050.0,337.0
2012-10-21,1411.0,1411.0,1411.0,1468.0,1411.0,1469.0,83744.0,118162784.0,19.0
2012-10-22,1410.0,1410.0,1410.0,1410.0,1410.0,1468.0,7909627.0,11152574070.0,190.0
2012-10-23,1354.0,1354.0,1354.0,1399.0,1354.0,1410.0,718797.0,973251138.0,43.0
2012-10-24,1288.0,1339.0,1237.0,1297.0,1320.0,1399.0,20997441.0,27227044424.0,1177.0
2012-10-27,1328.0,1348.0,1290.0,1334.0,1315.0,1297.0,7949121.0,10605091308.0,559.0
2012-10-28,1358.0,1358.0,1281.0,1302.0,1281.0,1334.0,3536622.0,4605466678.0,255.0
2012-10-29,1250.0,1250.0,1250.0,1276.0,1250.0,1302.0,1732369.0,2165461250.0,99.0
2012-10-30,1225.0,1225.0,1225.0,1270.0,1225.0,1276.0,440422.0,539516950.0,44.0
2012-10-31,1220.0,1220.0,1220.0,1234.0,1220.0,1270.0,2529459.0,3085939980.0,168.0
2012-11-04,1226.0,1283.0,1185.0,1226.0,1283.0,1234.0,15410957.0,18897173861.0,1201.0
2012-11-05,1275.0,1275.0,1275.0,1258.0,1275.0,1226.0,2319937.0,2957919675.0,95.0
2012-11-06,1277.0,1298.0,1211.0,1263.0,1212.0,1258.0,8631479.0,10900677939.0,727.0
2012-11-07,1248.0,1248.0,1213.0,1237.0,1213.0,1263.0,2170010.0,2649259639.0,248.0
2012-11-10,1214.0,1230.0,1188.0,1196.0,1190.0,1237.0,5382477.0,6437319963.0,463.0
2012-11-11,1187.0,1195.0,1182.0,1191.0,1183.0,1196.0,2280523.0,2709343319.0,208.0
2012-11-12,1156.0,1177.0,1144.0,1150.0,1144.0,1191.0,3902669.0,4486592407.0,363.0
2012-11-13,1104.0,1140.0,1104.0,1107.0,1104.0,1150.0,6642199.0,7355063087.0,456.0
2012-11-14,1089.0,1102.0,1065.0,1078.0,1080.0,1107.0,10637965.0,11463960687.0,728.0
2012-11-17,1090.0,1090.0,1035.0,1054.0,1036.0,1078.0,4498833.0,4740429569.0,452.0
2012-11-18,1096.0,1096.0,1096.0,1090.0,1096.0,1054.0,3010949.0,3300000104.0,131.0
2012-11-19,1133.0,1133.0,1133.0,1127.0,1133.0,1090.0,3051290.0,3457111570.0,72.0
2012-11-20,1172.0,1172.0,1172.0,1172.0,1172.0,1127.0,3902335.0,4573536620.0,101.0
2012-11-21,1218.0,1218.0,1188.0,1217.0,1189.0,1172.0,24112872.0,29346745253.0,849.0
2012-11-26,1210.0,1210.0,1169.0,1174.0,1174.0,1217.0,15584328.0,18294493284.0,912.0
2012-11-27,1150.0,1220.0,1150.0,1210.0,1220.0,1174.0,11612902.0,14052703981.0,829.0
2012-11-28,1239.0,1258.0,1220.0,1250.0,1258.0,1210.0,7174383.0,8965205739.0,480.0
2012-12-01,1300.0,1300.0,1261.0,1298.0,1288.0,1250.0,11902022.0,15443887861.0,771.0
2012-12-02,1301.0,1303.0,1247.0,1262.0,1247.0,1298.0,5645710.0,7125958328.0,475.0
2012-12-03,1230.0,1230.0,1212.0,1219.0,1212.0,1262.0,3222001.0,3915321423.0,275.0
2012-12-04,1177.0,1210.0,1173.0,1181.0,1175.0,1219.0,4881733.0,5765284052.0,573.0
2012-12-05,1188.0,1225.0,1159.0,1194.0,1190.0,1181.0,4970340.0,5936293439.0,355.0
2012-12-08,1225.0,1236.0,1164.0,1207.0,1170.0,1194.0,4643562.0,5604204312.0,360.0
2012-12-09,1183.0,1198.0,1159.0,1166.0,1171.0,1207.0,3937133.0,4591108148.0,398.0
2012-12-10,1158.0,1197.0,1123.0,1144.0,1128.0,1166.0,4307769.0,4926993326.0,446.0
2012-12-11,1150.0,1168.0,1122.0,1144.0,1149.0,1144.0,4161326.0,4762076126.0,450.0
2012-12-12,1189.0,1189.0,1179.0,1187.0,1189.0,1144.0,3402457.0,4042473797.0,258.0
2012-12-15,1234.0,1234.0,1200.0,1230.0,1220.0,1187.0,9002575.0,11069373327.0,648.0
2012-12-25,1116.0,1116.0,1072.0,1095.0,1101.0,1230.0,6538333.0,7159962061.0,532.0
2012-12-26,1100.0,1138.0,1082.0,1110.0,1099.0,1095.0,12980059.0,14411349706.0,1314.0
2013-02-16,1000.0,1017.0,980.0,997.0,988.0,1064.0,4893203.0,4876210192.0,590.0
2013-02-17,988.0,1020.0,960.0,986.0,979.0,997.0,6270900.0,6180766971.0,735.0
2013-02-18,980.0,980.0,947.0,950.0,947.0,986.0,8135786.0,7728589400.0,639.0
2013-02-19,941.0,951.0,913.0,937.0,950.0,950.0,4511322.0,4226536232.0,527.0
2013-02-20,950.0,974.0,948.0,958.0,974.0,937.0,2607632.0,2517853642.0,185.0
2013-02-23,996.0,996.0,996.0,982.0,996.0,958.0,2199396.0,2190598416.0,100.0
2013-02-24,1020.0,1020.0,965.0,1005.0,965.0,982.0,8078871.0,8120455642.0,653.0
2013-02-25,971.0,977.0,965.0,968.0,965.0,1005.0,4418630.0,4279078444.0,347.0
2013-02-26,951.0,968.0,930.0,945.0,939.0,968.0,3180693.0,2996174110.0,341.0
2013-02-27,955.0,955.0,930.0,935.0,930.0,945.0,3839722.0,3591083437.0,480.0
2013-03-02,950.0,965.0,932.0,949.0,949.0,935.0,3220270.0,3059937514.0,360.0
2013-03-03,950.0,950.0,919.0,930.0,930.0,949.0,3055292.0,2830759036.0,367.0
2013-03-04,964.0,967.0,960.0,965.0,967.0,930.0,3953458.0,3813548186.0,264.0
2013-03-05,1003.0,1003.0,950.0,994.0,968.0,965.0,15187737.0,15090752974.0,1101.0
2013-03-06,979.0,979.0,955.0,968.0,965.0,994.0,3099560.0,2989565704.0,387.0
2013-03-09,960.0,960.0,934.0,939.0,936.0,968.0,3765438.0,3535515163.0,335.0
2013-03-10,941.0,965.0,941.0,950.0,964.0,939.0,2089396.0,1999315131.0,232.0
2013-03-11,960.0,969.0,920.0,936.0,920.0,950.0,3532506.0,3306107265.0,399.0
2013-03-12,923.0,956.0,923.0,940.0,940.0,936.0,2347507.0,2212195789.0,250.0
2013-03-13,940.0,954.0,930.0,942.0,945.0,940.0,1810317.0,1707386287.0,316.0
2013-03-16,931.0,950.0,930.0,942.0,950.0,942.0,1917681.0,1806598425.0,218.0
2013-03-17,940.0,970.0,931.0,951.0,970.0,942.0,4513671.0,4291177487.0,376.0
2013-03-18,967.0,968.0,935.0,942.0,960.0,951.0,3763753.0,3543964758.0,287.0
2013-04-16,922.0,922.0,886.0,901.0,894.0,942.0,2671816.0,2408049008.0,230.0
2013-04-17,882.0,882.0,865.0,868.0,865.0,901.0,7075855.0,6139667236.0,659.0
2013-04-20,860.0,878.0,842.0,862.0,851.0,868.0,1728207.0,1477499966.0,225.0
2013-04-21,870.0,870.0,849.0,855.0,860.0,862.0,3303096.0,2823339356.0,283.0
2013-04-22,860.0,889.0,860.0,870.0,889.0,855.0,2077089.0,1829946867.0,214.0
2013-04-23,900.0,904.0,877.0,883.0,904.0,870.0,1563748.0,1406328413.0,320.0
2013-04-24,918.0,918.0,904.0,893.0,918.0,883.0,999374.0,916809006.0,131.0
2013-04-27,928.0,928.0,920.0,904.0,928.0,893.0,1147457.0,1064187189.0,163.0
2013-04-28,940.0,940.0,940.0,920.0,940.0,904.0,1550979.0,1457920260.0,223.0
2013-04-29,956.0,956.0,956.0,943.0,956.0,920.0,2224421.0,2126546476.0,164.0
2013-04-30,980.0,980.0,957.0,976.0,980.0,943.0,3224607.0,3155889972.0,275.0
2013-05-01,1015.0,1015.0,993.0,1014.0,1015.0,976.0,5688167.0,5767742704.0,460.0
2013-05-04,1054.0,1054.0,1054.0,1043.0,1054.0,1014.0,2578742.0,2717994068.0,117.0
2013-05-05,1084.0,1084.0,1040.0,1079.0,1062.0,1043.0,7509015.0,8104787708.0,579.0
2013-05-06,1074.0,1074.0,1036.0,1064.0,1036.0,1079.0,1659850.0,1736687512.0,158.0
2013-05-07,1022.0,1022.0,1022.0,1059.0,1022.0,1064.0,427695.0,437104290.0,57.0
2013-05-08,1017.0,1017.0,1017.0,1057.0,1017.0,1059.0,175907.0,178897419.0,28.0
2013-05-11,1015.0,1015.0,1015.0,1052.0,1015.0,1057.0,420703.0,427013545.0,45.0
2013-05-12,1040.0,1090.0,1010.0,1035.0,1020.0,1052.0,6915680.0,7160512475.0,693.0
2013-05-13,1019.0,1019.0,994.0,1028.0,994.0,1035.0,620722.0,618116644.0,97.0
2013-05-14,987.0,987.0,987.0,1019.0,987.0,1028.0,778999.0,768872013.0,37.0
2013-05-15,979.0,979.0,979.0,997.0,979.0,1019.0,1959813.0,1918656927.0,224.0
2013-05-18,958.0,958.0,958.0,996.0,958.0,997.0,132738.0,127163004.0,37.0
2013-05-19,957.0,970.0,957.0,962.0,960.0,996.0,3108891.0,2976477729.0,242.0
2013-05-20,935.0,998.0,935.0,977.0,988.0,962.0,2600706.0,2555808339.0,290.0
2013-05-21,951.0,988.0,945.0,971.0,946.0,977.0,1005534.0,961725464.0,182.0
2013-05-22,934.0,969.0,933.0,957.0,934.0,971.0,1342042.0,1254694529.0,182.0
2013-05-25,922.0,973.0,919.0,953.0,943.0,957.0,1969622.0,1871434462.0,242.0
2013-05-26,974.0,974.0,931.0,950.0,940.0,953.0,1127705.0,1065841947.0,205.0
2013-05-27,956.0,956.0,916.0,939.0,924.0,950.0,1564395.0,1447244952.0,242.0
2013-05-28,919.0,930.0,905.0,927.0,926.0,939.0,1750381.0,1600385962.0,247.0
2013-05-29,928.0,964.0,928.0,952.0,964.0,927.0,5569892.0,5301706200.0,387.0
2013-06-01,934.0,960.0,934.0,950.0,952.0,952.0,1678262.0,1591689855.0,224.0
2013-06-02,942.0,988.0,921.0,977.0,988.0,950.0,5549562.0,5420305858.0,378.0
2013-06-03,1008.0,1016.0,988.0,1004.0,1016.0,977.0,2767451.0,2797964314.0,241.0
2013-06-29,1274.0,1324.0,1274.0,1306.0,1324.0,1004.0,21404191.0,27949462860.0,1034.0
2013-06-30,1299.0,1358.0,1280.0,1351.0,1358.0,1306.0,21123314.0,28536113157.0,1131.0
2013-07-01,1380.0,1405.0,1320.0,1387.0,1359.0,1351.0,207070317.0,287162148204.0,1222.0
2013-07-02,1332.0,1332.0,1332.0,1332.0,1332.0,1387.0,5875360.0,7825979520.0,253.0
2013-07-03,1279.0,1385.0,1279.0,1359.0,1385.0,1332.0,23860495.0,32433831138.0,1239.0
2013-07-06,1413.0,1413.0,1413.0,1413.0,1413.0,1359.0,194880742.0,275366488446.0,488.0
2013-07-07,1469.0,1469.0,1469.0,1469.0,1469.0,1413.0,6975181.0,10246540889.0,199.0
2013-07-08,1527.0,1527.0,1490.0,1527.0,1527.0,1469.0,28647150.0,43733653612.0,801.0
2013-07-09,1588.0,1588.0,1550.0,1584.0,1588.0,1527.0,48352447.0,76601349693.0,1683.0
2013-07-10,1630.0,1630.0,1521.0,1555.0,1521.0,1584.0,13289121.0,20664668315.0,983.0
2013-07-13,1493.0,1493.0,1493.0,1493.0,1493.0,1555.0,3817770.0,5699930610.0,146.0
2013-07-14,1434.0,1490.0,1434.0,1435.0,1434.0,1493.0,48333720.0,69357223279.0,1421.0
2013-07-15,1436.0,1492.0,1436.0,1485.0,1480.0,1435.0,16590851.0,24629598205.0,630.0
2013-07-16,1510.0,1510.0,1426.0,1426.0,1426.0,1485.0,128738914.0,183620433491.0,2850.0
2013-07-17,1410.0,1483.0,1410.0,1456.0,1483.0,1426.0,71482826.0,104074730550.0,2011.0
2013-07-20,1507.0,1514.0,1500.0,1512.0,1514.0,1456.0,6546512.0,9895952042.0,368.0
2013-07-23,1750.0,1800.0,1680.0,1713.0,1680.0,1512.0,19003334.0,32545349981.0,1004.0
2013-07-24,1645.0,1750.0,1645.0,1684.0,1695.0,1713.0,15115797.0,25459696086.0,1333.0
2013-07-27,1701.0,1708.0,1617.0,1623.0,1617.0,1684.0,4265679.0,6923717918.0,354.0
2013-07-28,1559.0,1590.0,1559.0,1561.0,1559.0,1623.0,9067119.0,14149775899.0,648.0
2013-07-29,1560.0,1623.0,1560.0,1613.0,1623.0,1561.0,9529951.0,15368632901.0,643.0
2013-07-31,1668.0,1677.0,1631.0,1673.0,1677.0,1613.0,7409385.0,12398670694.0,474.0
2013-08-03,1680.0,1729.0,1607.0,1644.0,1607.0,1673.0,6399174.0,10519438006.0,583.0
2013-08-04,1590.0,1600.0,1579.0,1580.0,1579.0,1644.0,7577724.0,11969756517.0,360.0
2013-08-05,1572.0,1609.0,1517.0,1520.0,1520.0,1580.0,70152541.0,106645948170.0,1780.0
2013-08-06,1515.0,1578.0,1461.0,1466.0,1467.0,1520.0,96701111.0,141779354625.0,2370.0
2013-08-07,1499.0,1524.0,1480.0,1522.0,1524.0,1466.0,15423658.0,23470056869.0,779.0
2013-08-13,1890.0,1959.0,1822.0,1909.0,1919.0,1522.0,49598698.0,94694102916.0,3601.0
2013-08-14,1900.0,1985.0,1833.0,1954.0,1985.0,1909.0,17160524.0,33540162812.0,935.0
2013-08-17,2032.0,2032.0,2032.0,2024.0,2032.0,1954.0,3435402.0,6980736864.0,100.0
2013-08-18,2104.0,2104.0,1970.0,2096.0,2104.0,2024.0,53430836.0,111968744684.0,3121.0
2013-08-19,2050.0,2058.0,2013.0,2016.0,2013.0,2096.0,21979219.0,44304221585.0,1375.0
2013-08-20,1997.0,2096.0,1960.0,2050.0,2096.0,2016.0,17802989.0,36493187663.0,1404.0
2013-08-21,2132.0,2132.0,2120.0,2132.0,2132.0,2050.0,31453409.0,67055881478.0,1469.0
2013-08-24,2170.0,2217.0,2156.0,2200.0,2217.0,2132.0,9020765.0,19849028178.0,540.0
2013-08-25,2288.0,2288.0,2171.0,2272.0,2200.0,2200.0,28451818.0,64628933811.0,1420.0
2013-08-26,2200.0,2298.0,2182.0,2219.0,2260.0,2272.0,14872371.0,33005575080.0,1310.0
2013-08-27,2297.0,2307.0,2131.0,2261.0,2182.0,2219.0,34444622.0,77871721572.0,1820.0
2013-08-28,2171.0,2171.0,2171.0,2227.0,2171.0,2261.0,1446382.0,3140095322.0,104.0
2013-08-31,2160.0,2227.0,2138.0,2151.0,2138.0,2227.0,16565626.0,35624451499.0,1081.0
2013-09-01,2110.0,2137.0,2065.0,2094.0,2065.0,2151.0,17407094.0,36453472144.0,1249.0
2013-09-03,2038.0,2038.0,2011.0,2053.0,2011.0,2094.0,2021989.0,4077247273.0,163.0
2013-09-04,1971.0,1971.0,1971.0,2050.0,1971.0,2053.0,130760.0,257727960.0,17.0
2013-09-07,1968.0,1968.0,1968.0,2049.0,1968.0,2050.0,57138.0,112447584.0,7.0
2013-09-08,1968.0,1968.0,1968.0,2046.0,1968.0,2049.0,128580.0,253045440.0,13.0
2013-09-09,1965.0,1965.0,1965.0,2042.0,1965.0,2046.0,170617.0,335262405.0,19.0
2013-09-10,1961.0,2062.0,1961.0,1981.0,2000.0,2042.0,41620329.0,82453497091.0,2251.0
2013-09-11,2035.0,2035.0,1902.0,1949.0,1902.0,1981.0,8529227.0,16623748688.0,810.0
2013-09-14,1950.0,1994.0,1872.0,1913.0,1967.0,1949.0,20330194.0,38888906830.0,1118.0
2013-09-15,1989.0,1989.0,1882.0,1965.0,1890.0,1913.0,27914391.0,54864733365.0,1544.0
2013-09-16,1890.0,1916.0,1887.0,1892.0,1898.0,1965.0,6255076.0,11836559382.0,588.0
2013-09-17,1923.0,1967.0,1923.0,1964.0,1967.0,1892.0,19030253.0,37380321207.0,689.0
2013-09-18,2042.0,2042.0,2042.0,2040.0,2042.0,1964.0,3741935.0,7641031270.0,152.0
2013-09-21,2121.0,2121.0,2121.0,2090.0,2121.0,2040.0,2354325.0,4993523325.0,100.0
2013-09-22,2173.0,2173.0,2173.0,2155.0,2173.0,2090.0,3016200.0,6554202600.0,102.0
2013-09-23,2241.0,2241.0,2241.0,2241.0,2241.0,2155.0,3838967.0,8603125047.0,151.0
2013-09-24,2330.0,2330.0,2272.0,2329.0,2330.0,2241.0,105283038.0,245240180372.0,4199.0
2013-09-25,2280.0,2422.0,2273.0,2407.0,2422.0,2329.0,81090612.0,195179641441.0,4462.0
2013-09-28,2503.0,2503.0,2503.0,2503.0,2503.0,2407.0,5259350.0,13164153050.0,208.0
2013-09-29,2603.0,2603.0,2403.0,2551.0,2440.0,2503.0,119668504.0,305246226123.0,6181.0
2013-09-30,2449.0,2490.0,2449.0,2453.0,2449.0,2551.0,12095225.0,29666734900.0,696.0
2013-10-01,2470.0,2551.0,2470.0,2545.0,2551.0,2453.0,58164392.0,148009502710.0,2570.0
2013-10-02,2500.0,2570.0,2444.0,2472.0,2500.0,2545.0,23400215.0,57834472490.0,1816.0
2013-10-05,2462.0,2490.0,2374.0,2387.0,2374.0,2472.0,21481841.0,51282589439.0,1647.0
2013-10-06,2360.0,2482.0,2342.0,2427.0,2482.0,2387.0,24796544.0,60173159353.0,1913.0
2013-10-07,2523.0,2524.0,2427.0,2512.0,2459.0,2427.0,40477360.0,101688507725.0,2274.0
2013-10-08,2430.0,2481.0,2412.0,2418.0,2412.0,2512.0,22964353.0,55533201591.0,1546.0
2013-10-09,2439.0,2508.0,2343.0,2412.0,2440.0,2418.0,28297783.0,68250518146.0,1914.0
2013-10-12,2479.0,2508.0,2401.0,2505.0,2508.0,2412.0,19262146.0,48244248725.0,881.0
2013-10-13,2604.0,2605.0,2510.0,2592.0,2539.0,2505.0,42668603.0,110593517779.0,2288.0
2013-10-14,2550.0,2695.0,2500.0,2648.0,2670.0,2592.0,42331037.0,112079724564.0,2977.0
2013-10-15,2681.0,2753.0,2680.0,2749.0,2753.0,2648.0,15383823.0,42292311932.0,755.0
2013-10-19,2858.0,2858.0,2858.0,2858.0,2858.0,2749.0,9431197.0,26954361026.0,289.0
2013-10-20,2880.0,2972.0,2744.0,2903.0,2972.0,2858.0,57732286.0,167574522474.0,3403.0
2013-10-21,3010.0,3019.0,2960.0,3013.0,3019.0,2903.0,15455885.0,46566908842.0,786.0
2013-10-22,3133.0,3133.0,3020.0,3114.0,3030.0,3013.0,74588803.0,232239947085.0,5161.0
2013-10-23,3072.0,3170.0,2990.0,3026.0,2990.0,3114.0,45537902.0,137802028815.0,3371.0
2013-10-26,2905.0,2969.0,2905.0,2908.0,2905.0,3026.0,65858958.0,191525670590.0,3008.0
2013-10-27,2840.0,2870.0,2792.0,2798.0,2794.0,2908.0,46307046.0,129589760154.0,2383.0
2013-10-28,2890.0,2909.0,2854.0,2906.0,2909.0,2798.0,38076304.0,110664573425.0,2322.0
2013-10-29,3022.0,3022.0,2851.0,2961.0,2870.0,2906.0,22927499.0,67887452810.0,2183.0
2013-10-30,2890.0,2989.0,2843.0,2902.0,2900.0,2961.0,19932802.0,57851386947.0,1904.0
2013-11-02,2900.0,2938.0,2786.0,2822.0,2786.0,2902.0,9602997.0,27100566189.0,1202.0
2013-11-03,2760.0,2820.0,2710.0,2736.0,2710.0,2822.0,14860924.0,40656809892.0,1296.0
2013-11-04,2627.0,2685.0,2627.0,2630.0,2627.0,2736.0,24223614.0,63715203706.0,1665.0
2013-11-05,2630.0,2735.0,2630.0,2708.0,2735.0,2630.0,19141871.0,51832185413.0,1905.0
2013-11-06,2670.0,2760.0,2600.0,2660.0,2640.0,2708.0,23874061.0,63501145178.0,2090.0
2013-11-09,2766.0,2766.0,2766.0,2733.0,2766.0,2660.0,2662036.0,7363191576.0,202.0
2013-11-10,2725.0,2725.0,2660.0,2718.0,2680.0,2733.0,1828001.0,4936618175.0,133.0
2013-11-16,2900.0,3016.0,2855.0,2966.0,3015.0,2718.0,46049625.0,136586822159.0,3118.0
2013-11-17,2980.0,3043.0,2848.0,2879.0,2848.0,2966.0,23375237.0,67289359074.0,2006.0
2013-11-18,2802.0,2874.0,2764.0,2815.0,2816.0,2879.0,22064536.0,62115278273.0,1780.0
2013-11-19,2835.0,2885.0,2802.0,2840.0,2831.0,2815.0,10078258.0,28624707822.0,972.0
2013-11-20,2840.0,2840.0,2742.0,2801.0,2800.0,2840.0,9436399.0,26435474400.0,1019.0
2013-11-23,2910.0,2913.0,2880.0,2911.0,2913.0,2801.0,6995546.0,20362119028.0,430.0
2013-11-24,3027.0,3027.0,3027.0,2945.0,3027.0,2911.0,1122501.0,3397810527.0,117.0
2013-11-25,3062.0,3062.0,3062.0,3003.0,3062.0,2945.0,1889738.0,5786377756.0,123.0
2013-11-26,3123.0,3123.0,3123.0,3123.0,3123.0,3003.0,15342079.0,47913312717.0,622.0
2013-11-27,3247.0,3247.0,3161.0,3245.0,3247.0,3123.0,27787616.0,90164381692.0,1283.0
2013-11-30,3374.0,3374.0,3374.0,3309.0,3374.0,3245.0,1899702.0,6409594548.0,105.0
2013-12-01,3441.0,3441.0,3441.0,3441.0,3441.0,3309.0,17410683.0,59910160203.0,518.0
2013-12-02,3500.0,3578.0,3442.0,3555.0,3577.0,3441.0,97393628.0,346194820964.0,5952.0
2013-12-03,3559.0,3645.0,3413.0,3464.0,3420.0,3555.0,53577956.0,185597192447.0,4530.0
2013-12-04,3372.0,3489.0,3326.0,3381.0,3419.0,3464.0,24491446.0,82812127874.0,2831.0
2013-12-07,3480.0,3516.0,3400.0,3496.0,3450.0,3381.0,54537630.0,190659864922.0,5963.0
2013-12-08,3456.0,3460.0,3357.0,3366.0,3357.0,3496.0,54482337.0,183384304103.0,3647.0
2013-12-09,3272.0,3357.0,3232.0,3256.0,3270.0,3366.0,41716430.0,135848633581.0,2973.0
2013-12-10,3212.0,3386.0,3212.0,3355.0,3386.0,3256.0,70898482.0,237851671106.0,2904.0
2013-12-11,3449.0,3450.0,3250.0,3349.0,3300.0,3355.0,21956806.0,73532781966.0,2267.0
2013-12-14,3216.0,3216.0,3216.0,3216.0,3216.0,3349.0,24603460.0,79124727360.0,1211.0
2013-12-15,3200.0,3320.0,3123.0,3180.0,3152.0,3216.0,26324003.0,83706086730.0,3295.0
2013-12-16,3210.0,3307.0,3080.0,3279.0,3300.0,3180.0,54388364.0,178322032247.0,6138.0
2013-12-17,3347.0,3400.0,3250.0,3353.0,3360.0,3279.0,99918714.0,335027259025.0,4791.0
2013-12-18,3400.0,3487.0,3360.0,3468.0,3487.0,3353.0,29901069.0,103704827193.0,1687.0
2013-12-21,3590.0,3606.0,3515.0,3601.0,3606.0,3468.0,27008096.0,97252288225.0,2049.0
2013-12-22,3600.0,3600.0,3457.0,3493.0,3457.0,3601.0,29069568.0,101548281679.0,2385.0
2013-12-24,3410.0,3497.0,3354.0,3397.0,3405.0,3493.0,22784810.0,77397889220.0,2446.0
2013-12-25,3399.0,3399.0,3262.0,3291.0,3262.0,3397.0,19063863.0,62735560841.0,1880.0
2013-12-28,3231.0,3379.0,3203.0,3259.0,3230.0,3291.0,11597421.0,37797594765.0,1220.0
2013-12-29,3200.0,3300.0,3145.0,3198.0,3180.0,3259.0,8735114.0,27931630725.0,1146.0
2013-12-30,3190.0,3325.0,3190.0,3310.0,3325.0,3198.0,105646751.0,349734908053.0,3762.0
2014-01-01,3442.0,3442.0,3440.0,3442.0,3442.0,3310.0,175162757.0,602909691630.0,4225.0
2014-01-04,3570.0,3579.0,3451.0,3568.0,3579.0,3442.0,125534348.0,447861639320.0,5945.0
2014-01-05,3600.0,3710.0,3570.0,3683.0,3710.0,3568.0,82012643.0,302080631109.0,8044.0
2014-01-06,3810.0,3830.0,3750.0,3829.0,3830.0,3683.0,82018322.0,314010573518.0,5181.0
2014-01-07,3899.0,3982.0,3851.0,3964.0,3898.0,3829.0,102440455.0,406121477661.0,9061.0
2014-01-08,3840.0,4050.0,3810.0,3923.0,3835.0,3964.0,73363403.0,287828821680.0,5827.0
2014-01-11,3850.0,3910.0,3767.0,3787.0,3782.0,3923.0,39596229.0,149949203001.0,2611.0
2014-01-12,3690.0,3782.0,3636.0,3643.0,3650.0,3787.0,35732905.0,130161597306.0,1667.0
2014-01-13,3788.0,3788.0,3778.0,3788.0,3788.0,3643.0,48439995.0,183488036680.0,1823.0
2014-01-14,3930.0,3930.0,3675.0,3817.0,3681.0,3788.0,27624265.0,105436125270.0,2454.0
2014-01-15,3750.0,3788.0,3665.0,3685.0,3688.0,3817.0,27092366.0,99842550221.0,1922.0
2014-01-18,3720.0,3720.0,3538.0,3572.0,3538.0,3685.0,12103605.0,43237498372.0,1102.0
2014-01-20,3530.0,3600.0,3430.0,3462.0,3430.0,3572.0,8056096.0,27888375938.0,529.0
2014-01-21,3401.0,3540.0,3324.0,3382.0,3324.0,3462.0,29349500.0,99263749890.0,2232.0
2014-01-22,3278.0,3349.0,3247.0,3267.0,3247.0,3382.0,27933265.0,91269800433.0,2292.0
2014-01-25,3260.0,3397.0,3260.0,3368.0,3380.0,3267.0,52199688.0,175809491992.0,10826.0
2014-01-26,3396.0,3434.0,3234.0,3275.0,3234.0,3368.0,16146279.0,52872213419.0,1763.0
2014-01-27,3144.0,3264.0,3144.0,3152.0,3264.0,3275.0,30629207.0,96546210450.0,1281.0
2014-01-28,3270.0,3278.0,3240.0,3277.0,3278.0,3152.0,41821054.0,137029341116.0,1691.0
2014-01-29,3348.0,3408.0,3311.0,3402.0,3408.0,3277.0,50979058.0,173408784192.0,1979.0
2014-02-01,3538.0,3538.0,3538.0,3538.0,3538.0,3402.0,41554361.0,147019329218.0,970.0
2014-02-02,3570.0,3648.0,3410.0,3553.0,3470.0,3538.0,64715587.0,229910299102.0,5786.0
2014-02-03,3475.0,3649.0,3411.0,3522.0,3594.0,3553.0,40579807.0,142905885780.0,3012.0
2014-02-04,3630.0,3660.0,3401.0,3584.0,3565.0,3522.0,76291497.0,273431886553.0,6169.0
2014-02-05,3481.0,3535.0,3441.0,3459.0,3441.0,3584.0,8680106.0,30020906132.0,703.0
2014-02-08,3321.0,3321.0,3321.0,3445.0,3321.0,3459.0,394985.0,1311745185.0,65.0
2014-02-09,3308.0,3308.0,3308.0,3308.0,3308.0,3445.0,5387672.0,17822418976.0,262.0
2014-02-10,3220.0,3289.0,3176.0,3192.0,3176.0,3308.0,36988493.0,118066369822.0,2105.0
2014-02-12,3065.0,3065.0,3065.0,3190.0,3065.0,3192.0,48271.0,147950615.0,21.0
2014-02-15,3063.0,3178.0,3063.0,3071.0,3063.0,3190.0,16553764.0,50829523212.0,1413.0
2014-02-16,2980.0,3179.0,2971.0,3095.0,3095.0,3071.0,22492416.0,69616079903.0,2415.0
2014-02-17,3120.0,3197.0,2972.0,3100.0,3100.0,3095.0,21905041.0,67896245196.0,2978.0
2014-02-18,3010.0,3028.0,2976.0,2980.0,2980.0,3100.0,18457875.0,54998196555.0,1395.0
2014-02-19,2940.0,3090.0,2935.0,3001.0,3000.0,2980.0,12584086.0,37762629870.0,1532.0
2014-02-22,3010.0,3121.0,3001.0,3095.0,3089.0,3001.0,18768873.0,58081381225.0,1863.0
2014-02-23,3159.0,3189.0,3061.0,3127.0,3127.0,3095.0,13658139.0,42703806990.0,1713.0
2014-02-24,3020.0,3050.0,3002.0,3039.0,3002.0,3127.0,2857425.0,8597532110.0,333.0
2014-02-25,2934.0,2950.0,2918.0,2950.0,2918.0,3039.0,3032806.0,8874505268.0,290.0
2014-02-26,2832.0,2898.0,2832.0,2838.0,2838.0,2950.0,16676269.0,47331615547.0,1876.0
2014-03-01,2850.0,2951.0,2820.0,2919.0,2904.0,2838.0,22266441.0,64992701668.0,2023.0
2014-03-02,2970.0,2970.0,2803.0,2846.0,2803.0,2919.0,5773196.0,16431967205.0,724.0
2014-03-03,2733.0,2733.0,2733.0,2747.0,2733.0,2846.0,3371946.0,9215528418.0,198.0
2014-03-04,2638.0,2719.0,2638.0,2646.0,2646.0,2747.0,16935534.0,44816116669.0,1827.0
2014-04-08,2741.0,2798.0,2640.0,2702.0,2690.0,2316.0,77383542.0,209076118625.0,6707.0
2014-04-09,2699.0,2699.0,2594.0,2616.0,2640.0,2702.0,42174885.0,110333983037.0,3112.0
2014-04-12,2590.0,2640.0,2512.0,2523.0,2512.0,2616.0,18730259.0,47264926006.0,1662.0
2014-04-13,2450.0,2468.0,2423.0,2426.0,2423.0,2523.0,5761484.0,13977573059.0,508.0
2014-04-14,2329.0,2370.0,2329.0,2330.0,2329.0,2426.0,15869776.0,36969099003.0,901.0
2014-04-15,2250.0,2359.0,2237.0,2259.0,2248.0,2330.0,53506284.0,120880619613.0,4544.0
2014-04-16,2300.0,2349.0,2229.0,2316.0,2285.0,2259.0,29967695.0,69419362504.0,2744.0
2014-04-19,2270.0,2275.0,2224.0,2270.0,2224.0,2316.0,2131922.0,4761821953.0,246.0
2014-04-20,2359.0,2360.0,2300.0,2358.0,2360.0,2270.0,24318997.0,57354939443.0,1907.0
2014-04-21,2440.0,2445.0,2373.0,2410.0,2417.0,2358.0,21315881.0,51372544157.0,2234.0
2014-04-22,2399.0,2418.0,2314.0,2331.0,2314.0,2410.0,27141606.0,63271573222.0,2387.0
2014-04-23,2260.0,2378.0,2250.0,2307.0,2311.0,2331.0,14918007.0,34411129475.0,1556.0
2014-04-26,2399.0,2399.0,2399.0,2399.0,2399.0,2307.0,4099630.0,9835012370.0,186.0
2014-04-27,2494.0,2494.0,2402.0,2489.0,2494.0,2399.0,73879250.0,183863172826.0,3999.0
2014-04-28,2440.0,2532.0,2430.0,2472.0,2436.0,2489.0,17286219.0,42727151996.0,2147.0
2014-04-29,2440.0,2441.0,2374.0,2381.0,2379.0,2472.0,27662438.0,65870233173.0,1845.0
2014-04-30,2379.0,2476.0,2350.0,2466.0,2476.0,2381.0,32334709.0,79740985740.0,1998.0
2014-05-03,2501.0,2564.0,2450.0,2534.0,2488.0,2466.0,32775014.0,83059340765.0,2639.0
2014-05-04,2439.0,2526.0,2433.0,2445.0,2449.0,2534.0,11684359.0,28571978855.0,1154.0
2014-05-05,2480.0,2542.0,2459.0,2541.0,2542.0,2445.0,68805522.0,174840876853.0,2828.0
2014-05-06,2639.0,2642.0,2532.0,2613.0,2547.0,2541.0,80289895.0,209815759511.0,5350.0
2014-05-07,2540.0,2717.0,2530.0,2681.0,2690.0,2613.0,74113544.0,198692701169.0,5795.0
2014-05-10,2695.0,2734.0,2574.0,2616.0,2574.0,2681.0,47013196.0,123004081776.0,3930.0
2014-05-11,2590.0,2700.0,2560.0,2659.0,2616.0,2616.0,24935586.0,66314164850.0,2054.0
2014-05-12,2621.0,2765.0,2621.0,2755.0,2765.0,2659.0,51038635.0,140620074059.0,2907.0
2014-05-14,2865.0,2865.0,2799.0,2854.0,2865.0,2755.0,52261985.0,149146552773.0,2701.0
2014-05-17,2740.0,2790.0,2740.0,2742.0,2740.0,2854.0,37953184.0,104062573090.0,1833.0
2014-05-18,2740.0,2851.0,2740.0,2843.0,2851.0,2742.0,155982949.0,443482069126.0,2236.0
2014-05-19,2956.0,2956.0,2815.0,2925.0,2850.0,2843.0,121897218.0,356568874367.0,8312.0
2014-05-20,2900.0,2968.0,2808.0,2851.0,2830.0,2925.0,42729670.0,121826986250.0,3340.0
2014-05-21,2831.0,2910.0,2770.0,2838.0,2860.0,2851.0,35251125.0,100060251510.0,3177.0
2014-05-24,2895.0,2907.0,2772.0,2856.0,2830.0,2838.0,24591920.0,70226812572.0,1890.0
2014-05-25,2831.0,2831.0,2742.0,2759.0,2742.0,2856.0,20776230.0,57316676220.0,1747.0
2014-05-26,2740.0,2869.0,2710.0,2819.0,2840.0,2759.0,32733365.0,92284329268.0,3146.0
2014-05-28,2861.0,2931.0,2707.0,2833.0,2871.0,2819.0,97816637.0,277078565879.0,5994.0
2014-05-31,2900.0,2928.0,2780.0,2851.0,2790.0,2833.0,16771466.0,47813855588.0,1832.0
2014-06-01,2751.0,2840.0,2737.0,2746.0,2750.0,2851.0,28974774.0,79569722003.0,2382.0
2014-06-02,2771.0,2810.0,2693.0,2779.0,2795.0,2746.0,19175472.0,53294450814.0,1522.0
2014-06-03,2800.0,2820.0,2739.0,2786.0,2798.0,2779.0,13262843.0,36954764882.0,1407.0
2014-06-07,2760.0,2818.0,2675.0,2709.0,2690.0,2786.0,23674960.0,64147001329.0,1990.0
2014-06-08,2700.0,2748.0,2660.0,2715.0,2710.0,2709.0,9853097.0,26750248227.0,1125.0
2014-06-09,2750.0,2823.0,2750.0,2816.0,2786.0,2715.0,32412813.0,91278719394.0,2283.0
2014-06-10,2850.0,2870.0,2775.0,2824.0,2820.0,2816.0,18567185.0,52436770845.0,1863.0
2014-06-11,2828.0,2863.0,2775.0,2822.0,2790.0,2824.0,128377961.0,362292183619.0,1069.0
2014-06-14,2839.0,2839.0,2710.0,2766.0,2710.0,2822.0,13535843.0,37445656145.0,868.0
2014-06-15,2700.0,2725.0,2656.0,2665.0,2719.0,2766.0,114039014.0,303956343214.0,1707.0
2014-06-16,2710.0,2764.0,2681.0,2714.0,2690.0,2665.0,10312919.0,27989270686.0,1200.0
2014-06-17,2690.0,2733.0,2620.0,2675.0,2695.0,2714.0,15687303.0,41964745820.0,1440.0
2014-06-18,2650.0,2782.0,2650.0,2759.0,2782.0,2675.0,20922057.0,57729868985.0,1447.0
2014-06-21,2766.0,2829.0,2765.0,2796.0,2777.0,2759.0,10283739.0,28752570695.0,1051.0
2014-06-22,2770.0,2826.0,2753.0,2793.0,2759.0,2796.0,13299595.0,37148130518.0,990.0
2014-06-23,2751.0,2779.0,2682.0,2699.0,2682.0,2793.0,15672156.0,42305660606.0,1027.0
2014-06-24,2671.0,2690.0,2592.0,2602.0,2608.0,2699.0,24091976.0,62678957928.0,1593.0
2014-06-25,2598.0,2630.0,2498.0,2518.0,2498.0,2602.0,17362811.0,43715880228.0,1509.0
2014-06-28,2430.0,2520.0,2418.0,2432.0,2418.0,2518.0,39994009.0,97250389201.0,2342.0
2014-06-29,2390.0,2418.0,2335.0,2346.0,2335.0,2432.0,30457511.0,71452046566.0,1781.0
2014-06-30,2310.0,2420.0,2256.0,2337.0,2314.0,2346.0,16639830.0,38880130971.0,1610.0
2014-07-01,2350.0,2430.0,2350.0,2415.0,2430.0,2337.0,7100250.0,17149895436.0,548.0
2014-07-02,2511.0,2511.0,2511.0,2511.0,2511.0,2415.0,5376864.0,13501305504.0,173.0
2014-07-05,2611.0,2611.0,2611.0,2547.0,2611.0,2511.0,1389449.0,3627851339.0,93.0
2014-07-06,2648.0,2648.0,2600.0,2646.0,2645.0,2547.0,82274828.0,217683450195.0,3695.0
2014-07-07,2690.0,2751.0,2601.0,2714.0,2751.0,2646.0,17176768.0,46613434671.0,1239.0
2014-07-08,2822.0,2822.0,2822.0,2822.0,2822.0,2714.0,6036591.0,17035259802.0,206.0
2014-07-09,2934.0,2934.0,2830.0,2914.0,2865.0,2822.0,114202601.0,332799900204.0,6552.0
2014-07-12,2798.0,2939.0,2798.0,2837.0,2800.0,2914.0,50856888.0,144260345362.0,3451.0
2014-07-13,2800.0,2819.0,2724.0,2747.0,2743.0,2837.0,27089624.0,74411338115.0,2165.0
2014-07-14,2749.0,2856.0,2701.0,2837.0,2856.0,2747.0,40806534.0,115784743544.0,2468.0
2014-07-15,2880.0,2880.0,2860.0,2843.0,2861.0,2837.0,821815.0,2355757166.0,46.0
2014-07-20,2750.0,2949.0,2750.0,2826.0,2801.0,2843.0,28267869.0,79889502924.0,2122.0
2014-07-23,2880.0,2880.0,2780.0,2836.0,2800.0,2826.0,11352109.0,32193927021.0,948.0
2014-07-26,2770.0,2788.0,2723.0,2727.0,2723.0,2836.0,8108917.0,22109364811.0,476.0
2014-07-27,2700.0,2723.0,2635.0,2673.0,2690.0,2727.0,11851872.0,31682672055.0,1202.0
2014-07-28,2700.0,2744.0,2662.0,2699.0,2699.0,2673.0,11776270.0,31784955917.0,1092.0
2014-08-02,2680.0,2680.0,2592.0,2600.0,2592.0,2699.0,11140590.0,28965649311.0,1047.0
2014-08-03,2540.0,2633.0,2500.0,2536.0,2550.0,2600.0,6349451.0,16099907108.0,905.0
2014-08-04,2580.0,2637.0,2541.0,2596.0,2569.0,2536.0,11961436.0,31052354735.0,1196.0
2014-08-05,2600.0,2600.0,2500.0,2523.0,2510.0,2596.0,10378279.0,26188239291.0,1101.0
2014-08-06,2560.0,2589.0,2506.0,2545.0,2570.0,2523.0,6299177.0,16031660211.0,706.0
2014-08-09,2568.0,2600.0,2507.0,2555.0,2550.0,2545.0,7542647.0,19271693374.0,818.0
2014-08-10,2520.0,2629.0,2520.0,2578.0,2619.0,2555.0,10008066.0,25802272680.0,1089.0
2014-08-11,2630.0,2681.0,2623.0,2670.0,2666.0,2578.0,52117853.0,139176293823.0,3791.0
2014-08-12,2701.0,2719.0,2603.0,2659.0,2636.0,2670.0,12148450.0,32307844571.0,1223.0
2014-08-13,2621.0,2687.0,2610.0,2641.0,2636.0,2659.0,6273839.0,16570108530.0,698.0
2014-08-16,2640.0,2640.0,2542.0,2578.0,2571.0,2641.0,16151398.0,41631842468.0,1087.0
2014-08-17,2580.0,2640.0,2570.0,2594.0,2587.0,2578.0,9986397.0,25903679403.0,944.0
2014-08-18,2620.0,2647.0,2581.0,2605.0,2597.0,2594.0,11842318.0,30844675201.0,807.0
2014-08-19,2599.0,2600.0,2515.0,2547.0,2560.0,2605.0,11545964.0,29402561273.0,1112.0
2014-08-20,2558.0,2568.0,2510.0,2525.0,2517.0,2547.0,8514259.0,21499268289.0,849.0
2014-08-23,2526.0,2619.0,2526.0,2569.0,2551.0,2525.0,11681277.0,30003389185.0,1086.0
2014-08-24,2543.0,2573.0,2504.0,2532.0,2508.0,2569.0,13880510.0,35148108001.0,1063.0
2014-08-25,2524.0,2572.0,2500.0,2542.0,2560.0,2532.0,14284902.0,36307528388.0,1324.0
2014-08-26,2590.0,2609.0,2520.0,2578.0,2560.0,2542.0,8102117.0,20883498406.0,1066.0
2014-08-27,2569.0,2585.0,2496.0,2515.0,2500.0,2578.0,19086859.0,48003943915.0,1826.0
2014-08-30,2490.0,2498.0,2415.0,2422.0,2420.0,2515.0,24063432.0,58278979781.0,1813.0
2014-08-31,2470.0,2509.0,2416.0,2478.0,2505.0,2422.0,14263450.0,35339741851.0,1383.0
2014-09-01,2490.0,2518.0,2445.0,2469.0,2460.0,2478.0,7750429.0,19132271500.0,865.0
2014-09-02,2465.0,2465.0,2375.0,2395.0,2396.0,2469.0,17674977.0,42334905002.0,1624.0
2014-09-03,2380.0,2445.0,2375.0,2402.0,2400.0,2395.0,9315060.0,22370687364.0,956.0
2014-09-06,2399.0,2417.0,2306.0,2330.0,2306.0,2402.0,16596026.0,38675885033.0,1294.0
2014-09-07,2302.0,2390.0,2271.0,2342.0,2368.0,2330.0,22063091.0,51661127090.0,1803.0
2014-09-08,2380.0,2435.0,2367.0,2420.0,2435.0,2342.0,16394513.0,39672992536.0,1373.0
2014-09-09,2451.0,2482.0,2332.0,2419.0,2398.0,2420.0,14783432.0,35754085328.0,1355.0
2014-09-10,2418.0,2418.0,2324.0,2347.0,2345.0,2419.0,8762575.0,20566593448.0,939.0
2014-09-13,2304.0,2316.0,2254.0,2286.0,2277.0,2347.0,17209468.0,39347790150.0,1124.0
2014-09-14,2290.0,2320.0,2277.0,2292.0,2278.0,2286.0,6263408.0,14353215977.0,779.0
2014-09-15,2314.0,2379.0,2297.0,2349.0,2360.0,2292.0,7679248.0,18041705033.0,883.0
2014-09-16,2350.0,2442.0,2334.0,2415.0,2436.0,2349.0,19479902.0,47050753546.0,1660.0
2014-09-17,2431.0,2449.0,2405.0,2417.0,2420.0,2415.0,6833567.0,16520135544.0,1061.0
2014-09-20,2430.0,2491.0,2425.0,2459.0,2488.0,2417.0,10062087.0,24742992687.0,1585.0
2014-09-21,2480.0,2557.0,2480.0,2548.0,2557.0,2459.0,16443853.0,41902104230.0,1664.0
2014-09-22,2599.0,2629.0,2553.0,2596.0,2590.0,2548.0,13558379.0,35200202145.0,1493.0
2014-09-23,2572.0,2635.0,2565.0,2606.0,2611.0,2596.0,13899144.0,36220252314.0,1461.0
2014-09-24,2660.0,2662.0,2611.0,2637.0,2628.0,2606.0,10336632.0,27259976319.0,1060.0
2014-09-27,2600.0,2620.0,2541.0,2593.0,2610.0,2637.0,34631995.0,89795733248.0,1702.0
2014-09-28,2600.0,2635.0,2560.0,2596.0,2593.0,2593.0,16840007.0,43718311682.0,1538.0
2014-09-29,2593.0,2617.0,2556.0,2582.0,2562.0,2596.0,9561773.0,24687904992.0,1001.0
2014-09-30,2600.0,2600.0,2552.0,2581.0,2565.0,2582.0,10066924.0,25979224099.0,861.0
2014-10-01,2580.0,2598.0,2526.0,2576.0,2580.0,2581.0,8188458.0,21092318980.0,822.0
2014-10-04,2588.0,2589.0,2570.0,2580.0,2577.0,2576.0,5769980.0,14884055363.0,606.0
2014-10-06,2599.0,2649.0,2582.0,2621.0,2611.0,2580.0,7273749.0,19067178161.0,750.0
2014-10-07,2620.0,2640.0,2578.0,2613.0,2620.0,2621.0,10706614.0,27977555765.0,741.0
2014-10-08,2610.0,2620.0,2600.0,2613.0,2614.0,2613.0,9255798.0,24188402728.0,778.0
2014-10-11,2619.0,2648.0,2602.0,2637.0,2615.0,2613.0,37752573.0,99540501257.0,702.0
2014-10-12,2637.0,2640.0,2600.0,2622.0,2635.0,2637.0,7010773.0,18382958556.0,605.0
2014-10-14,2630.0,2726.0,2611.0,2702.0,2726.0,2622.0,28123855.0,75999952767.0,2115.0
2014-10-15,2790.0,2790.0,2702.0,2757.0,2760.0,2702.0,14733173.0,40617353641.0,1394.0
2014-10-18,2798.0,2844.0,2770.0,2813.0,2800.0,2757.0,31841200.0,89566011631.0,1637.0
2014-10-19,2810.0,2925.0,2770.0,2888.0,2900.0,2813.0,41643989.0,120267671873.0,3545.0
2014-10-20,2960.0,3003.0,2924.0,2992.0,2966.0,2888.0,72020122.0,215475918514.0,4944.0
2014-10-21,2959.0,3080.0,2939.0,3009.0,2980.0,2992.0,43664319.0,131380156496.0,2884.0
2014-10-22,2990.0,3009.0,2911.0,2968.0,2925.0,3009.0,26591731.0,78913799276.0,2263.0
2014-10-27,3070.0,3080.0,2948.0,3019.0,2968.0,2968.0,76271586.0,230278086777.0,6119.0
2014-10-28,2950.0,3010.0,2907.0,2947.0,2942.0,3019.0,28272623.0,83315186484.0,2721.0
2014-10-29,2980.0,3064.0,2980.0,3044.0,3049.0,2947.0,57533335.0,175115623602.0,5715.0
2014-11-01,3060.0,3165.0,3056.0,3162.0,3160.0,3044.0,110222142.0,348500650215.0,5438.0
2014-11-02,3189.0,3199.0,3100.0,3151.0,3145.0,3162.0,38722147.0,121996823550.0,3111.0
2014-11-05,3139.0,3265.0,3123.0,3224.0,3217.0,3151.0,25785657.0,83129095077.0,2582.0
2014-11-08,3226.0,3270.0,3100.0,3146.0,3120.0,3224.0,52753213.0,165948851192.0,4819.0
2014-11-09,3100.0,3230.0,3100.0,3177.0,3160.0,3146.0,30291146.0,96228104351.0,2433.0
2014-11-10,3157.0,3243.0,3135.0,3193.0,3207.0,3177.0,36008235.0,114973495328.0,3132.0
2014-11-11,3190.0,3260.0,3160.0,3206.0,3168.0,3193.0,24740471.0,79311877162.0,2236.0
2014-11-12,3198.0,3220.0,3111.0,3161.0,3140.0,3206.0,18665988.0,59012292559.0,2192.0
2014-11-15,3079.0,3089.0,3035.0,3045.0,3037.0,3161.0,47849121.0,145713361331.0,3340.0
2014-11-16,3012.0,3110.0,3012.0,3075.0,3090.0,3045.0,13660025.0,42004835587.0,1844.0
2014-11-17,3111.0,3150.0,3070.0,3090.0,3075.0,3075.0,25003468.0,77253397267.0,2018.0
2014-11-18,3093.0,3100.0,3011.0,3031.0,3018.0,3090.0,25566312.0,77479467116.0,1930.0
2014-11-19,3000.0,3081.0,2964.0,3037.0,3010.0,3031.0,38071430.0,115623826915.0,3205.0
2014-11-22,3047.0,3129.0,3000.0,3067.0,3030.0,3037.0,20275469.0,62190579576.0,2241.0
2014-11-23,3049.0,3189.0,3028.0,3160.0,3150.0,3067.0,48311704.0,152672318037.0,3555.0
2014-11-24,3213.0,3286.0,3189.0,3262.0,3238.0,3160.0,91061647.0,297057516257.0,5680.0
2014-11-25,3132.0,3132.0,3132.0,3138.0,3132.0,3262.0,3444487.0,10788133284.0,148.0
2014-11-26,3013.0,3070.0,3013.0,3016.0,3013.0,3138.0,114664465.0,345793743773.0,6490.0
2014-11-29,3051.0,3085.0,2896.0,2945.0,2896.0,3016.0,40157856.0,118262296930.0,2928.0
2014-11-30,2840.0,2860.0,2828.0,2831.0,2828.0,2945.0,19260978.0,54523999499.0,929.0
2014-12-01,2730.0,2800.0,2718.0,2726.0,2745.0,2831.0,53289702.0,145254992511.0,3841.0
2014-12-02,2780.0,2825.0,2710.0,2745.0,2727.0,2726.0,25340328.0,69557288513.0,1799.0
2014-12-03,2749.0,2764.0,2636.0,2644.0,2637.0,2745.0,32920378.0,87052474206.0,2959.0
2014-12-06,2722.0,2749.0,2651.0,2725.0,2685.0,2644.0,24886057.0,67818659707.0,2196.0
2014-12-07,2720.0,2745.0,2616.0,2665.0,2682.0,2725.0,15811746.0,42138253027.0,1816.0
2014-12-08,2690.0,2771.0,2690.0,2759.0,2771.0,2665.0,24930737.0,68778896584.0,2659.0
2014-12-09,2794.0,2794.0,2730.0,2764.0,2761.0,2759.0,26060337.0,72018335458.0,1500.0
2014-12-10,2763.0,2763.0,2685.0,2713.0,2697.0,2764.0,7395007.0,20061870544.0,609.0
2014-12-14,2700.0,2700.0,2605.0,2609.0,2605.0,2713.0,28563009.0,74515451538.0,1708.0
2014-12-15,2550.0,2599.0,2505.0,2534.0,2579.0,2609.0,20139080.0,51022621621.0,1403.0
2014-12-16,2585.0,2629.0,2550.0,2592.0,2570.0,2534.0,18225476.0,47245797915.0,1035.0
2014-12-17,2562.0,2597.0,2489.0,2498.0,2510.0,2592.0,23351822.0,58332643755.0,1778.0
2014-12-20,2498.0,2597.0,2480.0,2580.0,2597.0,2498.0,20162134.0,52016056686.0,1798.0
2014-12-22,2625.0,2683.0,2625.0,2674.0,2683.0,2580.0,5012196.0,13400494760.0,315.0
2014-12-24,2749.0,2780.0,2649.0,2720.0,2714.0,2674.0,17989133.0,48936991712.0,1505.0
2014-12-27,2721.0,2770.0,2631.0,2714.0,2766.0,2720.0,11378886.0,30883474885.0,1148.0
2014-12-28,2780.0,2799.0,2740.0,2766.0,2758.0,2714.0,8332781.0,23048625335.0,1129.0
2014-12-29,2752.0,2769.0,2670.0,2707.0,2690.0,2766.0,7678915.0,20786267177.0,886.0
2014-12-30,2681.0,2740.0,2671.0,2708.0,2674.0,2707.0,5212173.0,14115588642.0,665.0
2014-12-31,2691.0,2697.0,2640.0,2660.0,2681.0,2708.0,4302084.0,11443790754.0,626.0
2015-01-03,2690.0,2748.0,2666.0,2696.0,2691.0,2660.0,24614273.0,66368942090.0,717.0
2015-01-04,2692.0,2752.0,2690.0,2730.0,2713.0,2696.0,5708040.0,15582623285.0,792.0
2015-01-05,2700.0,2750.0,2625.0,2670.0,2639.0,2730.0,5333646.0,14238863290.0,673.0
2015-01-06,2670.0,2670.0,2570.0,2588.0,2570.0,2670.0,14217548.0,36790353616.0,1007.0
2015-01-07,2560.0,2623.0,2540.0,2589.0,2589.0,2588.0,17130949.0,44347555146.0,829.0
2015-01-10,2601.0,2613.0,2486.0,2499.0,2486.0,2589.0,9888322.0,24706267709.0,882.0
2015-01-11,2435.0,2522.0,2400.0,2435.0,2505.0,2499.0,20358077.0,49572407705.0,1390.0
2015-01-12,2500.0,2532.0,2500.0,2526.0,2532.0,2435.0,3961029.0,10004826039.0,259.0
2015-01-13,2627.0,2627.0,2510.0,2601.0,2626.0,2526.0,19639862.0,51086915551.0,1741.0
2015-01-14,2600.0,2649.0,2572.0,2611.0,2630.0,2601.0,7397761.0,19318132356.0,738.0
2015-01-17,2612.0,2715.0,2598.0,2642.0,2630.0,2611.0,14547660.0,38436478547.0,1182.0
2015-01-18,2607.0,2639.0,2537.0,2546.0,2540.0,2642.0,9992352.0,25438872333.0,1034.0
2015-01-19,2501.0,2530.0,2445.0,2458.0,2518.0,2546.0,22381719.0,55003393815.0,2110.0
2015-01-20,2520.0,2530.0,2375.0,2429.0,2400.0,2458.0,9779995.0,23759767849.0,1074.0
2015-01-21,2399.0,2400.0,2332.0,2339.0,2355.0,2429.0,36062655.0,84356188047.0,2507.0
2015-01-24,2362.0,2389.0,2300.0,2349.0,2375.0,2339.0,9505117.0,22329302451.0,860.0
2015-01-25,2378.0,2442.0,2360.0,2432.0,2411.0,2349.0,13406664.0,32605318376.0,1257.0
2015-01-26,2449.0,2454.0,2367.0,2429.0,2434.0,2432.0,15724188.0,38199230254.0,1402.0
2015-01-27,2429.0,2490.0,2429.0,2461.0,2457.0,2429.0,15279211.0,37598696258.0,552.0
2015-01-28,2495.0,2559.0,2480.0,2531.0,2559.0,2461.0,41712125.0,105569626966.0,1716.0
2015-01-31,2589.0,2632.0,2579.0,2629.0,2632.0,2531.0,24045334.0,63222029456.0,1402.0
2015-02-01,2690.0,2695.0,2589.0,2645.0,2660.0,2629.0,28036291.0,74159038146.0,2322.0
2015-02-02,2659.0,2730.0,2638.0,2696.0,2710.0,2645.0,16721580.0,45082600742.0,2124.0
2015-02-03,2724.0,2759.0,2696.0,2725.0,2712.0,2696.0,16661212.0,45395104182.0,1353.0
2015-02-04,2733.0,2820.0,2732.0,2764.0,2740.0,2725.0,23924748.0,66116204514.0,2143.0
2015-02-07,2770.0,2820.0,2735.0,2779.0,2792.0,2764.0,23350094.0,64884229017.0,2279.0
2015-02-08,2751.0,2779.0,2675.0,2710.0,2707.0,2779.0,22121857.0,59950355555.0,2123.0
2015-02-09,2699.0,2739.0,2602.0,2678.0,2620.0,2710.0,26546205.0,71082112325.0,1998.0
2015-02-10,2624.0,2719.0,2624.0,2688.0,2691.0,2678.0,21003468.0,56458403269.0,1482.0
2015-02-14,2705.0,2780.0,2703.0,2728.0,2735.0,2688.0,7115098.0,19412791417.0,957.0
2015-02-15,2730.0,2751.0,2671.0,2736.0,2740.0,2728.0,16690926.0,45666522240.0,1951.0
2015-02-16,2741.0,2818.0,2741.0,2798.0,2790.0,2736.0,24281972.0,67945241294.0,1437.0
2015-02-17,2798.0,2850.0,2750.0,2798.0,2750.0,2798.0,20607750.0,57668740970.0,2721.0
2015-02-18,2796.0,2796.0,2687.0,2698.0,2687.0,2798.0,18075484.0,48775315356.0,1334.0
2015-02-21,2680.0,2730.0,2625.0,2667.0,2635.0,2698.0,7163147.0,19105791049.0,1314.0
2015-02-22,2622.0,2630.0,2580.0,2595.0,2610.0,2667.0,10084058.0,26171957431.0,1077.0
2015-02-23,2600.0,2669.0,2580.0,2629.0,2630.0,2595.0,8111076.0,21321990823.0,985.0
2015-02-24,2680.0,2681.0,2594.0,2637.0,2605.0,2629.0,6501084.0,17145214027.0,860.0
2015-02-25,2601.0,2641.0,2581.0,2633.0,2599.0,2637.0,19886628.0,52358883873.0,592.0
2015-02-28,2577.0,2630.0,2538.0,2567.0,2543.0,2633.0,4431642.0,11375322207.0,696.0
2015-03-01,2530.0,2658.0,2530.0,2621.0,2622.0,2567.0,20992560.0,55018909225.0,1834.0
2015-03-02,2675.0,2685.0,2590.0,2620.0,2610.0,2621.0,43210778.0,113222388229.0,1661.0
2015-03-03,2620.0,2621.0,2578.0,2608.0,2583.0,2620.0,39438545.0,102866124272.0,1650.0
2015-03-04,2600.0,2650.0,2600.0,2633.0,2639.0,2608.0,13667345.0,35987153970.0,1210.0
2015-03-10,2500.0,2540.0,2480.0,2504.0,2490.0,2633.0,18415867.0,46121465952.0,1582.0
2015-03-11,2461.0,2555.0,2461.0,2524.0,2505.0,2504.0,15403461.0,38874098260.0,915.0
2015-03-14,2531.0,2624.0,2531.0,2617.0,2624.0,2524.0,25927644.0,67855940521.0,1504.0
2015-03-15,2719.0,2721.0,2680.0,2718.0,2721.0,2617.0,26003777.0,70680021447.0,1562.0
2015-03-16,2780.0,2789.0,2664.0,2726.0,2689.0,2718.0,12871093.0,35084127052.0,1716.0
2015-03-17,2639.0,2726.0,2639.0,2681.0,2726.0,2726.0,6781049.0,18179171307.0,861.0
2015-03-18,2749.0,2788.0,2730.0,2786.0,2788.0,2681.0,36055219.0,100454358493.0,2311.0
2015-03-25,2810.0,2810.0,2766.0,2787.0,2780.0,2786.0,3874458.0,10798925314.0,523.0
2015-03-28,2789.0,2898.0,2750.0,2851.0,2898.0,2787.0,32881953.0,93756414471.0,2408.0
2015-03-29,2937.0,2965.0,2901.0,2960.0,2950.0,2851.0,46738728.0,138361057640.0,3348.0
2015-03-30,2920.0,2980.0,2842.0,2866.0,2842.0,2960.0,23756680.0,68088042040.0,2268.0
2015-03-31,2790.0,2933.0,2790.0,2883.0,2883.0,2866.0,16248109.0,46839682742.0,1558.0
2015-04-04,2998.0,2998.0,2998.0,2998.0,2998.0,2883.0,3541510.0,10617446980.0,113.0
2015-04-05,3117.0,3117.0,3117.0,3117.0,3117.0,2998.0,61506436.0,191715561012.0,1377.0
2015-04-06,3241.0,3241.0,3075.0,3193.0,3150.0,3117.0,97121464.0,310152741812.0,6561.0
2015-04-07,3120.0,3180.0,3066.0,3090.0,3067.0,3193.0,23171937.0,71590944163.0,3086.0
2015-04-08,3060.0,3200.0,3030.0,3164.0,3150.0,3090.0,37763266.0,119485619157.0,4290.0
2015-04-11,3100.0,3150.0,3038.0,3053.0,3038.0,3164.0,45162418.0,137883960255.0,3709.0
2015-04-12,3001.0,3030.0,2931.0,2944.0,2931.0,3053.0,32268786.0,94993149135.0,2455.0
2015-04-13,2945.0,3020.0,2851.0,2937.0,3009.0,2944.0,30603338.0,89885589621.0,3425.0
2015-04-14,3001.0,3045.0,2950.0,3001.0,3010.0,2937.0,13254374.0,39775239075.0,2175.0
2015-04-15,2960.0,3040.0,2928.0,2991.0,2980.0,3001.0,17706378.0,52959340629.0,2221.0
2015-04-18,2950.0,2990.0,2872.0,2891.0,2888.0,2991.0,14894166.0,43052636312.0,1975.0
2015-04-19,2860.0,2950.0,2860.0,2903.0,2892.0,2891.0,8616757.0,25018143406.0,1178.0
2015-04-20,2900.0,2900.0,2791.0,2816.0,2812.0,2903.0,8121538.0,22869644534.0,1208.0
2015-04-21,2801.0,2878.0,2790.0,2829.0,2855.0,2816.0,6308064.0,17843724303.0,849.0
2015-04-22,2880.0,2928.0,2860.0,2895.0,2924.0,2829.0,8756590.0,25351916514.0,1181.0
2015-04-25,2938.0,2970.0,2880.0,2920.0,2888.0,2895.0,4701359.0,13726688273.0,735.0
2015-04-26,2842.0,2907.0,2840.0,2861.0,2870.0,2920.0,5037769.0,14411701204.0,672.0
2015-04-27,2848.0,2848.0,2782.0,2801.0,2800.0,2861.0,5234523.0,14664217409.0,874.0
2015-04-28,2770.0,2851.0,2770.0,2810.0,2806.0,2801.0,8342214.0,23438838964.0,1356.0
2015-04-29,2848.0,2870.0,2801.0,2827.0,2810.0,2810.0,3824542.0,10810273308.0,765.0
2015-05-03,2831.0,2849.0,2718.0,2758.0,2748.0,2827.0,4509797.0,12435824914.0,724.0
2015-05-04,2706.0,2741.0,2648.0,2666.0,2680.0,2758.0,12882348.0,34345247859.0,1244.0
2015-05-05,2667.0,2752.0,2667.0,2712.0,2674.0,2666.0,7169262.0,19444048143.0,1224.0
2015-05-06,2701.0,2748.0,2660.0,2709.0,2718.0,2712.0,29371861.0,79572611951.0,959.0
2015-05-09,2670.0,2700.0,2601.0,2620.0,2601.0,2709.0,10927908.0,28630094419.0,1146.0
2015-05-10,2560.0,2620.0,2525.0,2560.0,2558.0,2620.0,9977891.0,25538436991.0,1103.0
2015-05-11,2560.0,2662.0,2560.0,2634.0,2638.0,2560.0,8094733.0,21317758822.0,995.0
2015-05-12,2658.0,2715.0,2650.0,2681.0,2661.0,2634.0,6399692.0,17154574428.0,786.0
2015-05-13,2673.0,2710.0,2625.0,2657.0,2661.0,2681.0,3674210.0,9761355172.0,594.0
2015-05-17,2633.0,2640.0,2570.0,2592.0,2580.0,2657.0,5039043.0,13062925859.0,839.0
2015-05-18,2593.0,2619.0,2554.0,2580.0,2570.0,2592.0,3660763.0,9443799736.0,697.0
2015-05-19,2560.0,2618.0,2560.0,2599.0,2580.0,2580.0,4734147.0,12305216218.0,675.0
2015-05-20,2590.0,2615.0,2573.0,2589.0,2600.0,2599.0,13092505.0,33899715971.0,900.0
2015-05-23,2584.0,2617.0,2550.0,2587.0,2610.0,2589.0,6604334.0,17085184958.0,1099.0
2015-05-24,2600.0,2660.0,2560.0,2607.0,2640.0,2587.0,9323380.0,24307774389.0,1883.0
2015-05-25,2617.0,2692.0,2617.0,2631.0,2629.0,2607.0,2920328.0,7704861931.0,549.0
2015-05-26,2622.0,2652.0,2600.0,2627.0,2625.0,2631.0,7241535.0,19020174403.0,1691.0
2015-05-27,2630.0,2640.0,2590.0,2623.0,2605.0,2627.0,4078491.0,10696209683.0,679.0
2015-05-30,2610.0,2645.0,2610.0,2626.0,2613.0,2623.0,1984142.0,5217069502.0,473.0
2015-05-31,2630.0,2640.0,2601.0,2618.0,2612.0,2626.0,4255464.0,11142142084.0,631.0
2015-06-01,2590.0,2629.0,2580.0,2609.0,2586.0,2618.0,3713331.0,9686636248.0,862.0
2015-06-02,2600.0,2639.0,2566.0,2599.0,2608.0,2609.0,3106053.0,8065486626.0,601.0
2015-06-06,2598.0,2600.0,2570.0,2590.0,2571.0,2599.0,2023128.0,5222580229.0,380.0
2015-06-07,2629.0,2629.0,2580.0,2606.0,2580.0,2590.0,4187138.0,10913171509.0,440.0
2015-06-08,2602.0,2619.0,2504.0,2569.0,2504.0,2606.0,5009907.0,12868840351.0,1245.0
2015-06-09,2504.0,2571.0,2460.0,2497.0,2462.0,2569.0,7608733.0,18997499342.0,1784.0
2015-06-10,2480.0,2560.0,2478.0,2520.0,2560.0,2497.0,3415000.0,8616805640.0,597.0
2015-06-13,2533.0,2590.0,2527.0,2547.0,2569.0,2520.0,2439249.0,6253408415.0,501.0
2015-06-14,2548.0,2590.0,2520.0,2552.0,2520.0,2547.0,3047737.0,7782661728.0,468.0
2015-06-15,2547.0,2547.0,2479.0,2520.0,2480.0,2552.0,2318523.0,5789267537.0,390.0
2015-06-16,2518.0,2596.0,2483.0,2535.0,2590.0,2520.0,3582198.0,9087692535.0,515.0
2015-06-17,2563.0,2661.0,2563.0,2651.0,2661.0,2535.0,7056833.0,18707294315.0,748.0
2015-06-20,2749.0,2749.0,2652.0,2702.0,2676.0,2651.0,6361915.0,17192895089.0,868.0
2015-06-21,2650.0,2731.0,2650.0,2706.0,2697.0,2702.0,3880339.0,10500384287.0,628.0
2015-06-22,2694.0,2839.0,2681.0,2789.0,2825.0,2706.0,6844074.0,19087062093.0,1018.0
2015-06-23,2849.0,2891.0,2805.0,2856.0,2856.0,2789.0,9085134.0,25946764491.0,1180.0
2015-06-24,2850.0,2880.0,2778.0,2804.0,2800.0,2856.0,9693569.0,27176131131.0,1269.0
2015-06-27,2778.0,2840.0,2760.0,2784.0,2770.0,2804.0,7534854.0,20978649294.0,828.0
2015-06-28,2740.0,2741.0,2671.0,2706.0,2675.0,2784.0,7342096.0,19871264691.0,846.0
2015-06-29,2672.0,2758.0,2672.0,2722.0,2752.0,2706.0,5739709.0,15622831874.0,656.0
2015-06-30,2753.0,2858.0,2753.0,2842.0,2858.0,2722.0,18729948.0,53227065132.0,1933.0
2015-07-01,2879.0,2906.0,2821.0,2866.0,2879.0,2842.0,10565761.0,30278150200.0,1421.0
2015-07-04,2969.0,3009.0,2937.0,3001.0,3009.0,2866.0,44734910.0,134240406260.0,6862.0
2015-07-05,3030.0,3059.0,2950.0,3005.0,3001.0,3001.0,21721616.0,65282276571.0,2429.0
2015-07-06,3001.0,3041.0,2952.0,3010.0,3000.0,3005.0,14549211.0,43796145030.0,1820.0
2015-07-07,3010.0,3121.0,3010.0,3061.0,3090.0,3010.0,22368093.0,68476320647.0,2481.0
2015-07-11,2999.0,3079.0,2950.0,3044.0,3070.0,3061.0,12770994.0,38875974914.0,1569.0
2015-07-12,3061.0,3129.0,3020.0,3073.0,3040.0,3044.0,16179368.0,49723996344.0,2036.0
2015-07-13,3115.0,3194.0,3000.0,3076.0,3030.0,3073.0,62621208.0,192621969086.0,6593.0
2015-07-22,2840.0,2840.0,2721.0,2773.0,2730.0,3060.0,15232360.0,42246416340.0,1668.0
2015-07-25,2723.0,2738.0,2635.0,2649.0,2635.0,2773.0,14531378.0,38495525550.0,1270.0
2015-07-26,2610.0,2769.0,2610.0,2684.0,2749.0,2649.0,14882478.0,39949940631.0,1475.0
2015-07-27,2710.0,2716.0,2633.0,2666.0,2680.0,2684.0,5392465.0,14375525605.0,582.0
2015-07-28,2645.0,2720.0,2645.0,2699.0,2711.0,2666.0,4399597.0,11874100613.0,631.0
2015-07-29,2769.0,2833.0,2730.0,2821.0,2833.0,2699.0,24061326.0,67870598482.0,1662.0
2015-08-01,2860.0,2905.0,2800.0,2860.0,2830.0,2821.0,12209997.0,34919710344.0,1374.0
2015-08-02,2790.0,2826.0,2765.0,2791.0,2776.0,2860.0,7042815.0,19658480840.0,839.0
2015-08-03,2801.0,2850.0,2792.0,2820.0,2810.0,2791.0,5698914.0,16068220590.0,643.0
2015-08-04,2818.0,2841.0,2731.0,2811.0,2840.0,2820.0,8489371.0,23860898737.0,698.0
2015-08-05,2752.0,2798.0,2723.0,2768.0,2758.0,2811.0,7937650.0,21973525897.0,760.0
2015-08-08,2754.0,2756.0,2656.0,2702.0,2690.0,2768.0,8341391.0,22538062342.0,905.0
2015-08-09,2661.0,2720.0,2661.0,2701.0,2704.0,2702.0,5871012.0,15857746815.0,595.0
2015-08-10,2702.0,2730.0,2702.0,2714.0,2704.0,2701.0,4362257.0,11840900957.0,490.0
2015-08-12,2698.0,2698.0,2651.0,2695.0,2668.0,2714.0,1369202.0,3646178816.0,335.0
2015-08-15,2650.0,2660.0,2582.0,2609.0,2600.0,2695.0,5978595.0,15595880191.0,762.0
2015-08-16,2610.0,2666.0,2610.0,2635.0,2636.0,2609.0,5477651.0,14433855148.0,562.0
2015-08-17,2630.0,2640.0,2600.0,2614.0,2601.0,2635.0,3376193.0,8819755822.0,414.0
2015-08-18,2590.0,2614.0,2561.0,2579.0,2568.0,2614.0,4795902.0,12367120628.0,517.0
2015-08-19,2581.0,2610.0,2568.0,2583.0,2568.0,2579.0,3441319.0,8891705271.0,361.0
2015-08-22,2572.0,2625.0,2502.0,2543.0,2510.0,2583.0,3807855.0,9682148364.0,564.0
2015-08-23,2512.0,2531.0,2478.0,2492.0,2480.0,2543.0,10770930.0,26839254836.0,979.0
2015-08-24,2485.0,2516.0,2480.0,2500.0,2483.0,2492.0,8346357.0,20866575840.0,729.0
2015-08-25,2499.0,2503.0,2375.0,2464.0,2499.0,2500.0,13327118.0,32835989373.0,1148.0
2015-08-26,2480.0,2513.0,2420.0,2478.0,2470.0,2464.0,3304039.0,8193724272.0,477.0
2015-08-29,2500.0,2601.0,2500.0,2562.0,2550.0,2478.0,10047489.0,25742232953.0,762.0
2015-08-30,2550.0,2559.0,2501.0,2525.0,2514.0,2562.0,6417915.0,16204436728.0,520.0
2015-08-31,2499.0,2505.0,2461.0,2502.0,2505.0,2525.0,2138084.0,5304384009.0,414.0
2015-09-01,2523.0,2542.0,2491.0,2511.0,2500.0,2502.0,4719522.0,11850631746.0,463.0
2015-09-02,2495.0,2512.0,2480.0,2500.0,2497.0,2511.0,2530900.0,6309002285.0,424.0
2015-09-05,2505.0,2593.0,2505.0,2545.0,2540.0,2500.0,5326703.0,13556536564.0,705.0
2015-09-06,2521.0,2550.0,2487.0,2508.0,2490.0,2545.0,5891193.0,14774585022.0,641.0
2015-09-07,2480.0,2515.0,2460.0,2493.0,2485.0,2508.0,5704310.0,14218342013.0,566.0
2015-09-08,2485.0,2490.0,2451.0,2466.0,2451.0,2493.0,4550478.0,11221681227.0,597.0
2015-09-09,2463.0,2490.0,2445.0,2461.0,2470.0,2466.0,8352030.0,20552173618.0,805.0
2015-09-12,2490.0,2514.0,2415.0,2459.0,2415.0,2461.0,3605891.0,8867477746.0,553.0
2015-09-13,2416.0,2417.0,2337.0,2345.0,2345.0,2459.0,17984678.0,42169221394.0,1644.0
2015-09-14,2356.0,2390.0,2327.0,2351.0,2335.0,2345.0,6357707.0,14945860446.0,702.0
2015-09-15,2325.0,2330.0,2245.0,2275.0,2279.0,2351.0,6085395.0,13841774697.0,813.0
2015-09-16,2259.0,2318.0,2247.0,2266.0,2251.0,2275.0,4911497.0,11129794265.0,813.0
2015-09-19,2267.0,2320.0,2240.0,2271.0,2245.0,2266.0,4244987.0,9641005699.0,512.0
2015-09-20,2238.0,2238.0,2158.0,2167.0,2158.0,2271.0,4907041.0,10633665379.0,544.0
2015-09-21,2090.0,2149.0,2059.0,2067.0,2090.0,2167.0,17802890.0,36802727745.0,1337.0
2015-09-22,2110.0,2131.0,2050.0,2109.0,2120.0,2067.0,6875265.0,14500290021.0,734.0
2015-09-23,2115.0,2160.0,2106.0,2133.0,2107.0,2109.0,7500368.0,15999544287.0,792.0
2015-09-26,2100.0,2108.0,2036.0,2064.0,2070.0,2133.0,5570247.0,11494847385.0,624.0
2015-09-27,2038.0,2079.0,1980.0,2036.0,2034.0,2064.0,8014602.0,16314646539.0,831.0
2015-09-28,2030.0,2070.0,2025.0,2038.0,2048.0,2036.0,3514972.0,7167200736.0,390.0
2015-09-29,2052.0,2099.0,2044.0,2058.0,2050.0,2038.0,5262404.0,10828145224.0,477.0
2015-09-30,2057.0,2060.0,2011.0,2038.0,2023.0,2058.0,2945035.0,5968975245.0,447.0
2015-10-03,2019.0,2019.0,1937.0,1956.0,1937.0,2038.0,10353955.0,20250252785.0,866.0
2015-10-04,1898.0,1925.0,1859.0,1880.0,1911.0,1956.0,28140436.0,52905476326.0,2260.0
2015-10-05,1902.0,1929.0,1850.0,1882.0,1860.0,1880.0,6894619.0,12975662282.0,866.0
2015-10-06,1850.0,1850.0,1788.0,1799.0,1788.0,1882.0,12203337.0,21958009074.0,1145.0
2015-10-07,1779.0,1821.0,1750.0,1780.0,1764.0,1799.0,10728480.0,19095769898.0,1042.0
2015-10-10,1749.0,1787.0,1711.0,1735.0,1718.0,1780.0,6243183.0,10832265361.0,738.0
2015-10-11,1718.0,1734.0,1662.0,1699.0,1724.0,1735.0,11322931.0,19239503084.0,1013.0
2015-10-12,1705.0,1777.0,1705.0,1752.0,1744.0,1699.0,6660895.0,11669423741.0,728.0
2015-10-13,1756.0,1839.0,1731.0,1812.0,1839.0,1752.0,8485662.0,15374044606.0,861.0
2015-10-14,1856.0,1902.0,1856.0,1898.0,1902.0,1812.0,11859379.0,22509266917.0,826.0
2015-10-17,1950.0,1992.0,1930.0,1970.0,1992.0,1898.0,17683848.0,34830619054.0,1351.0
2015-10-18,2068.0,2068.0,2025.0,2065.0,2060.0,1970.0,42745823.0,88250386616.0,2333.0
2015-10-19,2031.0,2120.0,2031.0,2074.0,2060.0,2065.0,12134155.0,25166203877.0,1256.0
2015-10-20,2080.0,2080.0,1971.0,2006.0,1971.0,2074.0,10968453.0,21998842680.0,1018.0
2015-10-21,1965.0,1977.0,1911.0,1929.0,1918.0,2006.0,9388610.0,18110774597.0,881.0
2015-10-28,1815.0,1894.0,1810.0,1845.0,1865.0,1929.0,14923969.0,27539172798.0,970.0
2015-10-31,1850.0,1876.0,1830.0,1847.0,1841.0,1845.0,51914095.0,95864174390.0,848.0
2015-11-01,1860.0,1939.0,1842.0,1919.0,1939.0,1847.0,8340703.0,16001976547.0,674.0
2015-11-02,1960.0,2014.0,1943.0,1971.0,1961.0,1919.0,133021184.0,262180254037.0,1366.0
2015-11-03,1944.0,1974.0,1911.0,1950.0,1940.0,1971.0,3259707.0,6324191732.0,458.0
2015-11-04,1912.0,1967.0,1912.0,1964.0,1935.0,1950.0,125091697.0,245729320597.0,613.0
2015-11-07,1972.0,2035.0,1972.0,2018.0,1985.0,1964.0,128809116.0,259982628760.0,892.0
2015-11-08,2010.0,2020.0,1980.0,2018.0,2013.0,2018.0,83626479.0,168771047278.0,669.0
2015-11-09,2018.0,2055.0,1995.0,2022.0,2000.0,2018.0,8219417.0,16619592570.0,758.0
2015-11-10,2065.0,2110.0,2050.0,2075.0,2060.0,2022.0,11703224.0,24279209614.0,1014.0
2015-11-11,2090.0,2092.0,2031.0,2048.0,2043.0,2075.0,6551140.0,13416694167.0,564.0
2015-11-14,2050.0,2080.0,2015.0,2036.0,2018.0,2048.0,7490937.0,15249063162.0,790.0
2015-11-15,2000.0,2000.0,1935.0,1952.0,1935.0,2036.0,11259882.0,21977517560.0,1220.0
2015-11-16,1902.0,2049.0,1902.0,1985.0,1988.0,1952.0,25755273.0,51135190069.0,2145.0
2015-11-17,1970.0,1970.0,1886.0,1897.0,1886.0,1985.0,21155109.0,40123129351.0,1829.0
2015-12-05,1698.0,1698.0,1614.0,1640.0,1630.0,1703.0,19436429.0,31884210214.0,1980.0
2015-12-06,1631.0,1631.0,1558.0,1581.0,1591.0,1640.0,11356758.0,17957818407.0,1487.0
2015-12-07,1593.0,1627.0,1550.0,1584.0,1568.0,1581.0,5956122.0,9436123671.0,846.0
2015-12-08,1562.0,1594.0,1550.0,1579.0,1580.0,1584.0,4022269.0,6342231561.0,503.0
2015-12-09,1590.0,1619.0,1572.0,1604.0,1611.0,1579.0,6314188.0,10128310473.0,684.0
2015-12-13,1619.0,1633.0,1572.0,1597.0,1578.0,1604.0,3698741.0,5887321010.0,477.0
2015-12-14,1582.0,1635.0,1580.0,1613.0,1626.0,1597.0,4552923.0,7370822943.0,591.0
2015-12-15,1632.0,1660.0,1610.0,1632.0,1639.0,1613.0,4806748.0,7872184178.0,622.0
2015-12-16,1678.0,1678.0,1576.0,1615.0,1580.0,1632.0,6389591.0,10319273053.0,616.0
2015-12-19,1598.0,1598.0,1535.0,1539.0,1535.0,1615.0,8293618.0,12760577443.0,696.0
2015-12-20,1530.0,1540.0,1463.0,1477.0,1475.0,1539.0,11697625.0,17277530240.0,841.0
2015-12-21,1470.0,1525.0,1453.0,1482.0,1475.0,1477.0,4464022.0,6623692227.0,436.0
2015-12-22,1506.0,1525.0,1458.0,1486.0,1520.0,1482.0,5034748.0,7487040050.0,477.0
2015-12-23,1519.0,1520.0,1496.0,1504.0,1519.0,1486.0,6070203.0,9128279793.0,492.0
2015-12-26,1504.0,1520.0,1501.0,1507.0,1504.0,1504.0,5856781.0,8827700601.0,468.0
2015-12-27,1496.0,1579.0,1490.0,1551.0,1560.0,1507.0,7724806.0,11979117913.0,790.0
2015-12-28,1575.0,1575.0,1500.0,1531.0,1520.0,1551.0,8462671.0,12957093298.0,732.0
2015-12-30,1539.0,1580.0,1513.0,1562.0,1580.0,1531.0,8081181.0,12623870194.0,645.0
2016-01-02,1571.0,1589.0,1544.0,1562.0,1553.0,1562.0,3142317.0,4910722252.0,425.0
2016-01-03,1554.0,1578.0,1523.0,1558.0,1559.0,1562.0,2816879.0,4373992042.0,348.0
2016-01-04,1550.0,1578.0,1540.0,1568.0,1575.0,1558.0,34169856.0,53573286256.0,458.0
2016-01-05,1541.0,1646.0,1541.0,1623.0,1646.0,1568.0,5981162.0,9715824391.0,623.0
2016-01-06,1700.0,1704.0,1660.0,1701.0,1704.0,1623.0,18070306.0,30737959716.0,1167.0
2016-01-09,1748.0,1749.0,1668.0,1707.0,1670.0,1701.0,11730403.0,20027198084.0,1123.0
2016-01-10,1687.0,1760.0,1633.0,1706.0,1717.0,1707.0,8398748.0,14331336429.0,827.0
2016-01-11,1706.0,1791.0,1706.0,1789.0,1791.0,1706.0,19417710.0,34739711902.0,812.0
2016-01-12,1830.0,1870.0,1800.0,1838.0,1840.0,1789.0,26405862.0,48522608227.0,2148.0
2016-01-13,1835.0,1891.0,1801.0,1866.0,1872.0,1838.0,20164115.0,37633707014.0,1582.0
2016-01-16,1940.0,1959.0,1902.0,1957.0,1959.0,1866.0,23198425.0,45394503460.0,1502.0
2016-01-17,2054.0,2054.0,1860.0,1964.0,1872.0,1957.0,36161755.0,71038519276.0,2694.0
2016-01-18,1899.0,2029.0,1866.0,1928.0,1965.0,1964.0,39481495.0,76107742039.0,2538.0
2016-01-19,2022.0,2024.0,1982.0,2022.0,2024.0,1928.0,12797558.0,25877285837.0,612.0
2016-01-20,2110.0,2123.0,2070.0,2115.0,2123.0,2022.0,57754935.0,122128705346.0,3290.0
2016-01-23,2143.0,2220.0,2061.0,2165.0,2220.0,2115.0,56801514.0,122976303766.0,3881.0
2016-01-24,2220.0,2273.0,2190.0,2261.0,2273.0,2165.0,46996199.0,106261150522.0,3042.0
2016-01-25,2280.0,2374.0,2241.0,2343.0,2374.0,2261.0,52555472.0,123131581870.0,3986.0
2016-01-26,2440.0,2460.0,2420.0,2452.0,2460.0,2343.0,47937523.0,117548120128.0,3322.0
2016-01-27,2574.0,2574.0,2400.0,2519.0,2415.0,2452.0,112422927.0,283235572104.0,6692.0
2016-01-30,2470.0,2568.0,2394.0,2440.0,2394.0,2519.0,76254295.0,186088351489.0,5660.0
2016-01-31,2351.0,2380.0,2318.0,2336.0,2369.0,2440.0,56592662.0,132201354869.0,3690.0
2016-02-01,2397.0,2452.0,2371.0,2440.0,2452.0,2336.0,59063678.0,144114702315.0,3890.0
2016-02-02,2490.0,2530.0,2323.0,2420.0,2340.0,2440.0,39759380.0,96200749375.0,3673.0
2016-02-03,2372.0,2479.0,2302.0,2430.0,2438.0,2420.0,42830749.0,104075579663.0,3615.0
2016-02-06,2495.0,2551.0,2471.0,2543.0,2551.0,2430.0,40446256.0,102861925939.0,1656.0
2016-02-07,2670.0,2670.0,2670.0,2670.0,2670.0,2543.0,7161289.0,19120641630.0,272.0
2016-02-08,2803.0,2803.0,2803.0,2698.0,2803.0,2670.0,861627.0,2415140481.0,50.0
2016-02-10,2832.0,2832.0,2832.0,2832.0,2832.0,2698.0,27019273.0,76518581136.0,622.0
2016-02-13,2955.0,2973.0,2831.0,2934.0,2860.0,2832.0,225671310.0,662130121373.0,11330.0
2016-02-14,2930.0,3079.0,2882.0,2969.0,2930.0,2934.0,75884227.0,225299007152.0,5366.0
2016-02-15,3000.0,3117.0,2989.0,3111.0,3117.0,2969.0,148860968.0,463064468201.0,5022.0
2016-02-16,3240.0,3266.0,3120.0,3244.0,3266.0,3111.0,130161896.0,422206129905.0,7276.0
2016-02-17,3350.0,3406.0,3312.0,3399.0,3406.0,3244.0,43955205.0,149401491173.0,1946.0
2016-02-20,3389.0,3400.0,3230.0,3260.0,3230.0,3399.0,116368906.0,379355153738.0,7021.0
2016-02-21,3155.0,3230.0,3097.0,3114.0,3097.0,3260.0,105739299.0,329298517072.0,5503.0
2016-02-22,3269.0,3269.0,3220.0,3269.0,3269.0,3114.0,95668296.0,312705896094.0,3100.0
2016-02-23,3432.0,3432.0,3252.0,3376.0,3275.0,3269.0,185997164.0,627971662428.0,10194.0
2016-02-24,3260.0,3499.0,3250.0,3410.0,3438.0,3376.0,103682720.0,353527915509.0,7719.0
2016-02-27,3544.0,3580.0,3500.0,3562.0,3510.0,3410.0,129317516.0,460641925574.0,7785.0
2016-02-28,3590.0,3598.0,3384.0,3430.0,3385.0,3562.0,74695267.0,256195568176.0,6572.0
2016-02-29,3450.0,3540.0,3331.0,3445.0,3370.0,3430.0,75097402.0,258710952936.0,6200.0
2016-03-01,3520.0,3615.0,3505.0,3565.0,3590.0,3445.0,83949736.0,299240423724.0,6224.0
2016-03-02,3620.0,3680.0,3420.0,3600.0,3670.0,3565.0,113950118.0,410168447537.0,7608.0
2016-03-05,3700.0,3780.0,3681.0,3767.0,3780.0,3600.0,44289988.0,166821064414.0,2027.0
2016-03-06,3955.0,3955.0,3955.0,3955.0,3955.0,3767.0,30904439.0,122227056245.0,1040.0
2016-03-07,4152.0,4152.0,3993.0,4125.0,4056.0,3955.0,236128463.0,974050526015.0,11934.0
2016-03-08,4050.0,4236.0,4001.0,4141.0,4140.0,4125.0,103690869.0,429408347258.0,8865.0
2016-03-14,4348.0,4348.0,4348.0,4348.0,4348.0,4141.0,93751023.0,407629448004.0,1892.0
2016-03-15,4565.0,4565.0,4470.0,4558.0,4565.0,4348.0,250040294.0,1139677733679.0,12022.0
2016-03-16,4638.0,4784.0,4351.0,4644.0,4502.0,4558.0,167126567.0,776054834579.0,11662.0
2016-03-26,4580.0,4630.0,4412.0,4455.0,4412.0,4644.0,35567119.0,158468048307.0,2863.0
2016-03-27,4300.0,4490.0,4233.0,4280.0,4233.0,4455.0,41231912.0,176485040966.0,3228.0
2016-03-28,4066.0,4149.0,4066.0,4068.0,4066.0,4280.0,16776728.0,68252521719.0,1331.0
2016-03-29,3865.0,4271.0,3865.0,4033.0,4271.0,4068.0,144905516.0,584411350340.0,10356.0
2016-03-30,4234.0,4234.0,4234.0,4234.0,4234.0,4033.0,34215165.0,144867008610.0,704.0
2016-04-02,4280.0,4389.0,4051.0,4218.0,4140.0,4234.0,90761525.0,382789288979.0,7831.0
2016-04-03,4222.0,4291.0,4008.0,4085.0,4181.0,4218.0,88901659.0,363144283275.0,6727.0
2016-04-04,4170.0,4262.0,4060.0,4165.0,4208.0,4085.0,91652574.0,381714544629.0,7524.0
2016-04-05,4230.0,4373.0,4212.0,4326.0,4373.0,4165.0,79439555.0,343693439593.0,5623.0
2016-04-06,4420.0,4532.0,4200.0,4371.0,4288.0,4326.0,71694247.0,313377427110.0,7444.0
2016-04-09,4470.0,4575.0,4396.0,4501.0,4500.0,4371.0,64055867.0,288328118917.0,6777.0
2016-04-10,4395.0,4453.0,4276.0,4321.0,4276.0,4501.0,85507940.0,369475781922.0,7364.0
2016-04-11,4182.0,4350.0,4122.0,4228.0,4200.0,4321.0,47699941.0,201689586101.0,5124.0
2016-04-12,4210.0,4270.0,4017.0,4058.0,4017.0,4228.0,63510213.0,257721256557.0,5874.0
2016-04-13,3950.0,4050.0,3856.0,3875.0,3856.0,4058.0,94372709.0,365673676131.0,7015.0
2016-04-16,3761.0,3849.0,3682.0,3716.0,3682.0,3875.0,14273578.0,53037397691.0,1162.0
2016-04-17,3531.0,3599.0,3531.0,3536.0,3531.0,3716.0,110242780.0,389832490404.0,7271.0
2016-04-18,3530.0,3694.0,3530.0,3604.0,3579.0,3536.0,55192429.0,198919971878.0,5081.0
2016-04-19,3638.0,3638.0,3424.0,3448.0,3424.0,3604.0,37077490.0,127860228424.0,2552.0
2016-04-20,3352.0,3420.0,3276.0,3293.0,3276.0,3448.0,23121671.0,76144208388.0,1811.0
2016-04-23,3181.0,3400.0,3150.0,3251.0,3222.0,3293.0,73305214.0,238331809995.0,6756.0
2016-04-24,3270.0,3413.0,3270.0,3386.0,3413.0,3251.0,24104338.0,81611333445.0,1951.0
2016-04-25,3519.0,3550.0,3301.0,3431.0,3380.0,3386.0,79271879.0,271947429498.0,6352.0
2016-04-26,3390.0,3480.0,3303.0,3410.0,3430.0,3431.0,58720349.0,200217775319.0,4053.0
2016-04-27,3480.0,3580.0,3451.0,3571.0,3580.0,3410.0,39265089.0,140222656411.0,1787.0
2016-04-30,3749.0,3749.0,3623.0,3744.0,3749.0,3571.0,198969462.0,745039592494.0,8222.0
2016-05-01,3770.0,3928.0,3682.0,3818.0,3718.0,3744.0,98104683.0,374594823789.0,7453.0
2016-05-02,3701.0,3990.0,3640.0,3884.0,3968.0,3818.0,125749386.0,488350853892.0,8957.0
2016-05-03,3959.0,4050.0,3866.0,3933.0,3900.0,3884.0,85366358.0,335762314464.0,5583.0
2016-05-04,3881.0,4129.0,3881.0,4051.0,4017.0,3933.0,120192869.0,486842293693.0,8544.0
2016-05-07,4052.0,4090.0,3849.0,3909.0,3849.0,4051.0,41111345.0,160711974661.0,3396.0
2016-05-08,3714.0,3880.0,3714.0,3735.0,3740.0,3909.0,125161976.0,467522585546.0,7464.0
2016-05-09,3750.0,3780.0,3549.0,3613.0,3549.0,3735.0,42082060.0,152042091496.0,4253.0
2016-05-10,3433.0,3540.0,3433.0,3445.0,3433.0,3613.0,47609987.0,164008230252.0,3201.0
2016-05-11,3430.0,3430.0,3273.0,3285.0,3321.0,3445.0,122770703.0,403245481244.0,6891.0
2016-05-14,3301.0,3449.0,3301.0,3426.0,3449.0,3285.0,15892844.0,54456725219.0,1276.0
2016-05-15,3564.0,3597.0,3405.0,3554.0,3568.0,3426.0,84597507.0,300639473886.0,6208.0
2016-05-16,3598.0,3666.0,3489.0,3577.0,3500.0,3554.0,23971787.0,85744998742.0,2685.0
2016-05-17,3500.0,3598.0,3431.0,3479.0,3460.0,3577.0,26492769.0,92178828713.0,2596.0
2016-05-18,3421.0,3566.0,3371.0,3490.0,3490.0,3479.0,30712673.0,107186297097.0,2488.0
2016-05-21,3588.0,3660.0,3550.0,3612.0,3600.0,3490.0,17507675.0,63241601645.0,1857.0
2016-05-23,3650.0,3792.0,3634.0,3755.0,3705.0,3612.0,37558959.0,141052403385.0,3214.0
2016-05-24,3749.0,3799.0,3581.0,3651.0,3590.0,3755.0,29662023.0,108291650087.0,3250.0
2016-05-25,3590.0,3699.0,3541.0,3642.0,3662.0,3651.0,21502625.0,78310272334.0,1877.0
2016-05-28,3644.0,3733.0,3570.0,3635.0,3591.0,3642.0,10813078.0,39300843806.0,1520.0
2016-05-29,3630.0,3719.0,3521.0,3594.0,3570.0,3635.0,11295502.0,40598939837.0,1491.0
2016-05-30,3594.0,3670.0,3571.0,3614.0,3583.0,3594.0,18912957.0,68350632579.0,1624.0
2016-05-31,3619.0,3620.0,3440.0,3491.0,3470.0,3614.0,12099698.0,42235691277.0,1434.0
2016-06-01,3460.0,3659.0,3450.0,3576.0,3639.0,3491.0,33751846.0,120691290410.0,2104.0
2016-06-05,3669.0,3754.0,3615.0,3736.0,3751.0,3576.0,36948587.0,138027088401.0,2973.0
2016-06-06,3750.0,3789.0,3626.0,3685.0,3636.0,3736.0,16267566.0,59949636877.0,1859.0
2016-06-07,3622.0,3680.0,3571.0,3615.0,3599.0,3685.0,8453433.0,30559504173.0,1095.0
2016-06-08,3581.0,3670.0,3560.0,3608.0,3566.0,3615.0,11191309.0,40378927820.0,1892.0
2016-06-11,3521.0,3639.0,3428.0,3443.0,3441.0,3608.0,20131930.0,69314614922.0,1804.0
2016-06-12,3450.0,3489.0,3289.0,3395.0,3369.0,3443.0,14908385.0,50610364200.0,1861.0
2016-06-13,3386.0,3460.0,3271.0,3362.0,3300.0,3395.0,17315593.0,58211484538.0,1871.0
2016-06-14,3300.0,3333.0,3194.0,3212.0,3225.0,3362.0,38574973.0,123883659239.0,3262.0
2016-06-15,3200.0,3370.0,3150.0,3288.0,3369.0,3212.0,23956799.0,78767044393.0,2612.0
2016-06-18,3398.0,3400.0,3220.0,3330.0,3265.0,3288.0,36747812.0,122364587653.0,1579.0
2016-06-19,3280.0,3288.0,3164.0,3183.0,3171.0,3330.0,22613098.0,71986776970.0,2281.0
2016-06-20,3189.0,3260.0,3052.0,3177.0,3090.0,3183.0,32080031.0,101931053967.0,2154.0
2016-06-21,3150.0,3329.0,3090.0,3233.0,3321.0,3177.0,24323534.0,78642092513.0,2543.0
2016-06-22,3351.0,3394.0,3301.0,3381.0,3394.0,3233.0,16059964.0,54305110541.0,1463.0
2016-06-25,3420.0,3490.0,3265.0,3355.0,3290.0,3381.0,17031887.0,57134295054.0,2198.0
2016-06-26,3270.0,3500.0,3260.0,3428.0,3474.0,3355.0,24018117.0,82337694041.0,2741.0
2016-06-28,3495.0,3599.0,3490.0,3589.0,3599.0,3428.0,61586532.0,221035883120.0,4364.0
2016-06-29,3560.0,3667.0,3451.0,3545.0,3475.0,3589.0,47163568.0,167211274079.0,4884.0
2016-07-02,3552.0,3581.0,3455.0,3510.0,3466.0,3545.0,36357593.0,127604467855.0,4072.0
2016-07-03,3500.0,3579.0,3436.0,3510.0,3450.0,3510.0,28943472.0,101579725736.0,3313.0
2016-07-04,3470.0,3478.0,3335.0,3358.0,3335.0,3510.0,30906101.0,103775214198.0,3128.0
2016-07-05,3300.0,3422.0,3300.0,3365.0,3420.0,3358.0,14933853.0,50245532701.0,1763.0
2016-07-09,3270.0,3320.0,3197.0,3214.0,3197.0,3365.0,32911784.0,105768209744.0,3461.0
2016-07-10,3155.0,3259.0,3122.0,3166.0,3140.0,3214.0,24702194.0,78206427617.0,2925.0
2016-07-11,3166.0,3175.0,3052.0,3104.0,3099.0,3166.0,28496244.0,88449672656.0,3475.0
2016-07-17,3162.0,3210.0,3090.0,3135.0,3110.0,3104.0,21272115.0,66692151705.0,1951.0
2016-07-18,3100.0,3130.0,3051.0,3092.0,3119.0,3135.0,19221734.0,59427740249.0,2011.0
2016-07-19,3073.0,3233.0,3073.0,3176.0,3160.0,3092.0,24605339.0,78143702281.0,2969.0
2016-07-25,3348.0,3444.0,3250.0,3334.0,3260.0,3171.0,28171138.0,93918201546.0,2891.0
2016-07-26,3270.0,3340.0,3212.0,3249.0,3215.0,3334.0,13881295.0,45096295890.0,1543.0
2016-07-27,3170.0,3275.0,3150.0,3219.0,3198.0,3249.0,28421747.0,91498852551.0,2564.0
2016-07-31,3192.0,3348.0,3192.0,3277.0,3230.0,3219.0,20256958.0,66385006505.0,2255.0
2016-08-01,3240.0,3270.0,3152.0,3190.0,3185.0,3277.0,10361483.0,33055910298.0,1305.0
2016-08-02,3180.0,3255.0,3125.0,3190.0,3211.0,3190.0,15319181.0,48871904901.0,1940.0
2016-08-03,3300.0,3349.0,3260.0,3332.0,3330.0,3190.0,53198625.0,177269935971.0,3673.0
2016-08-06,3340.0,3380.0,3250.0,3297.0,3270.0,3332.0,21462469.0,70771264579.0,2435.0
2016-08-07,3270.0,3390.0,3230.0,3317.0,3250.0,3297.0,21295644.0,70632442013.0,2422.0
2016-08-08,3300.0,3349.0,3251.0,3298.0,3255.0,3317.0,15506315.0,51134628777.0,1561.0
2016-08-09,3260.0,3280.0,3169.0,3208.0,3230.0,3298.0,16857641.0,54086341747.0,1726.0
2016-08-10,3250.0,3270.0,3169.0,3203.0,3199.0,3208.0,16138306.0,51683272075.0,1663.0
2016-08-13,3199.0,3262.0,3171.0,3229.0,3236.0,3203.0,14942656.0,48247841692.0,1707.0
2016-08-14,3249.0,3297.0,3170.0,3214.0,3180.0,3229.0,14441843.0,46419172830.0,1907.0
2016-08-15,3175.0,3200.0,3156.0,3174.0,3180.0,3214.0,11653874.0,36987364390.0,1216.0
2016-08-16,3170.0,3200.0,3145.0,3158.0,3158.0,3174.0,9406838.0,29707049575.0,1169.0
2016-08-17,3170.0,3199.0,3145.0,3157.0,3155.0,3158.0,10210168.0,32233816598.0,929.0
2016-08-20,3190.0,3196.0,3125.0,3145.0,3130.0,3157.0,14700306.0,46227762196.0,1733.0
2016-08-21,3121.0,3170.0,3120.0,3147.0,3140.0,3145.0,15238372.0,47961374001.0,1613.0
2016-08-22,3150.0,3302.0,3150.0,3259.0,3225.0,3147.0,37232355.0,121346151981.0,3009.0
2016-08-23,3267.0,3280.0,3217.0,3240.0,3225.0,3259.0,13095816.0,42433764227.0,1126.0
2016-08-24,3238.0,3279.0,3201.0,3244.0,3210.0,3240.0,11909598.0,38640004298.0,978.0
2016-08-27,3224.0,3249.0,3176.0,3210.0,3181.0,3244.0,10758043.0,34533354183.0,1074.0
2016-08-28,3180.0,3200.0,3105.0,3143.0,3117.0,3210.0,16126938.0,50692568346.0,1768.0
2016-08-29,3103.0,3179.0,3102.0,3151.0,3120.0,3143.0,18334030.0,57777458994.0,996.0
2016-08-30,3112.0,3165.0,3110.0,3121.0,3112.0,3151.0,5347511.0,16691646819.0,795.0
2016-08-31,3120.0,3130.0,3040.0,3072.0,3050.0,3121.0,11507976.0,35352803521.0,1517.0
2016-09-03,3058.0,3090.0,2919.0,2957.0,2937.0,3072.0,20331860.0,60118293125.0,2634.0
2016-09-04,2937.0,3000.0,2870.0,2935.0,2913.0,2957.0,14331583.0,42058395285.0,1572.0
2016-09-05,2970.0,2980.0,2896.0,2937.0,2950.0,2935.0,7097165.0,20841609926.0,841.0
2016-09-06,2966.0,3083.0,2964.0,3032.0,3080.0,2937.0,17572407.0,53277937510.0,1672.0
2016-09-07,3080.0,3147.0,3018.0,3065.0,3032.0,3032.0,13384691.0,41027727154.0,1293.0
2016-09-10,3035.0,3090.0,2970.0,3019.0,3010.0,3065.0,10005353.0,30208050862.0,916.0
2016-09-11,3049.0,3144.0,3020.0,3094.0,3061.0,3019.0,13246312.0,40989682100.0,1388.0
2016-09-13,3098.0,3137.0,3040.0,3086.0,3049.0,3094.0,9017448.0,27825343218.0,950.0
2016-09-14,3031.0,3088.0,3001.0,3034.0,3010.0,3086.0,15990000.0,48513734997.0,1321.0
2016-09-17,3046.0,3046.0,2969.0,2985.0,2972.0,3034.0,11841304.0,35342743994.0,1275.0
2016-09-18,3020.0,3024.0,2971.0,2989.0,2975.0,2985.0,5712175.0,17075529888.0,675.0
2016-09-19,2999.0,3080.0,2978.0,3026.0,2996.0,2989.0,13635378.0,41258741252.0,1119.0
2016-09-21,3007.0,3059.0,2994.0,3016.0,3021.0,3026.0,6743728.0,20338210914.0,948.0
2016-09-24,3040.0,3166.0,3039.0,3149.0,3166.0,3016.0,18717733.0,58937983986.0,1395.0
2016-09-25,3250.0,3280.0,3152.0,3203.0,3152.0,3149.0,23714357.0,75959306485.0,2245.0
2016-09-26,3130.0,3184.0,3080.0,3123.0,3097.0,3203.0,10371272.0,32384579313.0,1241.0
2016-09-27,3089.0,3144.0,3061.0,3077.0,3075.0,3123.0,10297913.0,31691635444.0,1094.0
2016-09-28,3070.0,3200.0,3070.0,3153.0,3127.0,3077.0,15472169.0,48784611666.0,1776.0
2016-10-01,3242.0,3290.0,3157.0,3217.0,3179.0,3153.0,20303644.0,65322188955.0,2164.0
2016-10-02,3136.0,3215.0,3129.0,3168.0,3140.0,3217.0,18269445.0,57869246700.0,1749.0
2016-10-03,3187.0,3326.0,3150.0,3312.0,3326.0,3168.0,122653021.0,406225264572.0,5262.0
2016-10-04,3410.0,3477.0,3333.0,3452.0,3375.0,3312.0,148812645.0,513740674989.0,6704.0
2016-10-05,3405.0,3610.0,3372.0,3525.0,3535.0,3452.0,68067239.0,239936837428.0,5971.0
2016-10-08,3550.0,3648.0,3450.0,3513.0,3460.0,3525.0,33824840.0,118829553530.0,2991.0
2016-10-09,3421.0,3530.0,3421.0,3466.0,3426.0,3513.0,14738659.0,51080831158.0,1568.0
2016-10-10,3405.0,3569.0,3405.0,3507.0,3524.0,3466.0,18394585.0,64502961811.0,1696.0
2016-10-15,3560.0,3579.0,3450.0,3490.0,3460.0,3507.0,14865262.0,51886903689.0,1423.0
2016-10-16,3430.0,3459.0,3339.0,3371.0,3341.0,3490.0,15398381.0,51912530381.0,1768.0
2016-10-17,3335.0,3450.0,3285.0,3382.0,3400.0,3371.0,14071528.0,47586053750.0,1556.0
2016-10-18,3385.0,3476.0,3382.0,3413.0,3390.0,3382.0,8807706.0,30061766818.0,916.0
2016-10-19,3365.0,3545.0,3365.0,3486.0,3460.0,3413.0,19028302.0,66325383953.0,1821.0
2016-10-22,3430.0,3540.0,3382.0,3437.0,3391.0,3486.0,19770021.0,67940447173.0,1798.0
2016-10-23,3411.0,3430.0,3332.0,3369.0,3340.0,3437.0,12972197.0,43702154355.0,1671.0
2016-10-24,3324.0,3400.0,3301.0,3332.0,3315.0,3369.0,14898115.0,49636309171.0,1785.0
2016-10-25,3325.0,3397.0,3311.0,3338.0,3317.0,3332.0,10946237.0,36542403327.0,1500.0
2016-10-26,3350.0,3390.0,3320.0,3338.0,3326.0,3338.0,12515589.0,41771405319.0,1441.0
2016-10-29,3350.0,3433.0,3295.0,3354.0,3303.0,3338.0,20979399.0,70373624943.0,2075.0
2016-10-30,3310.0,3360.0,3298.0,3325.0,3338.0,3354.0,13283746.0,44170465858.0,1445.0
2016-10-31,3321.0,3410.0,3301.0,3355.0,3314.0,3325.0,16962919.0,56903688682.0,1986.0
2016-11-01,3330.0,3350.0,3270.0,3292.0,3280.0,3355.0,11298989.0,37191487419.0,1536.0
2016-11-02,3282.0,3300.0,3240.0,3254.0,3255.0,3292.0,11372363.0,37011274414.0,1378.0
2016-11-05,3280.0,3280.0,3172.0,3211.0,3184.0,3254.0,14690941.0,47173101463.0,1839.0
2016-11-06,3180.0,3245.0,3155.0,3200.0,3192.0,3211.0,6548347.0,20953134861.0,980.0
2016-11-07,3210.0,3360.0,3210.0,3338.0,3360.0,3200.0,20393192.0,68072971187.0,1728.0
2016-11-08,3418.0,3450.0,3361.0,3401.0,3389.0,3338.0,14858947.0,50530618172.0,1640.0
2016-11-09,3231.0,3246.0,3231.0,3231.0,3231.0,3401.0,51831253.0,167472892166.0,2523.0
2016-11-12,3200.0,3240.0,3070.0,3106.0,3091.0,3231.0,39926960.0,123999733482.0,3867.0
2016-11-13,3101.0,3155.0,3090.0,3115.0,3120.0,3106.0,10798448.0,33637655649.0,1329.0
2016-11-14,3120.0,3239.0,3120.0,3181.0,3180.0,3115.0,14357155.0,45667744744.0,1668.0
2016-11-15,3186.0,3230.0,3040.0,3124.0,3098.0,3181.0,11434229.0,35715066249.0,1435.0
2016-11-16,3098.0,3119.0,3060.0,3076.0,3078.0,3124.0,10566784.0,32504681786.0,1531.0
2016-11-19,3118.0,3139.0,3075.0,3101.0,3080.0,3076.0,6865186.0,21290196801.0,1125.0
2016-11-21,3120.0,3127.0,3059.0,3075.0,3071.0,3101.0,5821793.0,17903108604.0,926.0
2016-11-22,3100.0,3100.0,3026.0,3038.0,3040.0,3075.0,12354609.0,37531554606.0,1404.0
2016-11-23,3050.0,3078.0,3028.0,3039.0,3037.0,3038.0,6455549.0,19615754469.0,1048.0
2016-11-26,3028.0,3030.0,2952.0,2987.0,2952.0,3039.0,15599427.0,46592741632.0,2114.0
2016-11-27,2960.0,3035.0,2953.0,2983.0,2972.0,2987.0,12287150.0,36658201569.0,1563.0
2016-11-29,2970.0,2972.0,2856.0,2894.0,2860.0,2983.0,24013025.0,69495003091.0,2957.0
2016-12-03,2801.0,2828.0,2750.0,2755.0,2750.0,2894.0,30716044.0,84631785434.0,2377.0
2016-12-04,2700.0,2785.0,2668.0,2719.0,2751.0,2755.0,23532014.0,63978020677.0,2684.0
2016-12-05,2758.0,2800.0,2700.0,2756.0,2726.0,2719.0,14493885.0,39947594105.0,1649.0
2016-12-06,2721.0,2767.0,2699.0,2711.0,2718.0,2756.0,25986818.0,70437384866.0,2022.0
2016-12-07,2712.0,2846.0,2710.0,2839.0,2846.0,2711.0,47896225.0,135994584283.0,2580.0
2016-12-10,2873.0,2923.0,2755.0,2829.0,2799.0,2839.0,20622467.0,58342666808.0,1768.0
2016-12-11,2799.0,2829.0,2722.0,2776.0,2755.0,2829.0,14572373.0,40452630303.0,1385.0
2016-12-12,2776.0,2790.0,2652.0,2714.0,2675.0,2776.0,21960268.0,59593885699.0,2324.0
2016-12-13,2698.0,2849.0,2698.0,2788.0,2760.0,2714.0,29273001.0,81598677572.0,1999.0
2016-12-14,2768.0,2927.0,2761.0,2906.0,2898.0,2788.0,54319222.0,157848000075.0,4018.0
2016-12-18,2920.0,2950.0,2850.0,2883.0,2870.0,2906.0,15043922.0,43367658149.0,1398.0
2016-12-19,2948.0,2948.0,2790.0,2840.0,2796.0,2883.0,15437998.0,43848541147.0,1526.0
2016-12-20,2820.0,2820.0,2732.0,2759.0,2770.0,2840.0,17455596.0,48167849959.0,1280.0
2016-12-21,2741.0,2850.0,2741.0,2808.0,2800.0,2759.0,5965472.0,16752370886.0,769.0
2016-12-24,2820.0,2890.0,2787.0,2827.0,2790.0,2808.0,10258652.0,29003540045.0,1123.0
2016-12-25,2801.0,2844.0,2770.0,2790.0,2800.0,2827.0,6253000.0,17444842193.0,722.0
2016-12-26,2763.0,2810.0,2737.0,2759.0,2744.0,2790.0,11115522.0,30668708628.0,906.0
2016-12-27,2760.0,2760.0,2687.0,2716.0,2721.0,2759.0,13683513.0,37168549020.0,1160.0
2016-12-28,2710.0,2780.0,2706.0,2731.0,2730.0,2716.0,9166895.0,25038238755.0,763.0
2016-12-31,2735.0,2863.0,2735.0,2827.0,2781.0,2731.0,15041834.0,42527589083.0,1296.0
2017-01-01,2815.0,2815.0,2699.0,2747.0,2700.0,2827.0,15961903.0,43850301973.0,1328.0
2017-01-02,2743.0,2784.0,2701.0,2732.0,2724.0,2747.0,15684042.0,42849598502.0,1263.0
2017-01-03,2724.0,2732.0,2660.0,2684.0,2690.0,2732.0,7093262.0,19037717600.0,904.0
2017-01-04,2681.0,2710.0,2640.0,2673.0,2648.0,2684.0,11038193.0,29502609533.0,875.0
2017-01-07,2670.0,2670.0,2562.0,2595.0,2575.0,2673.0,22080517.0,57301531837.0,2090.0
2017-01-08,2574.0,2688.0,2574.0,2650.0,2630.0,2595.0,14551143.0,38559323708.0,1234.0
2017-01-09,2629.0,2629.0,2526.0,2548.0,2539.0,2650.0,13598351.0,34654516166.0,1612.0
2017-01-11,2570.0,2612.0,2455.0,2559.0,2579.0,2548.0,21109921.0,54027808041.0,1614.0
2017-01-14,2664.0,2686.0,2629.0,2685.0,2686.0,2559.0,25575793.0,68681315586.0,1276.0
2017-01-15,2800.0,2819.0,2721.0,2799.0,2819.0,2685.0,32961297.0,92274688001.0,2624.0
2017-01-16,2820.0,2849.0,2715.0,2796.0,2840.0,2799.0,26548453.0,74235148173.0,2031.0
2017-01-17,2870.0,2933.0,2842.0,2897.0,2891.0,2796.0,33456240.0,96939002513.0,2503.0
2017-01-18,2880.0,3000.0,2850.0,2955.0,2950.0,2897.0,34168209.0,100959978655.0,2820.0
2017-01-21,2990.0,3000.0,2821.0,2899.0,2829.0,2955.0,18094286.0,52462788754.0,1864.0
2017-01-22,2873.0,2891.0,2790.0,2838.0,2807.0,2899.0,14133707.0,40116969101.0,1168.0
2017-01-23,2800.0,2821.0,2770.0,2791.0,2781.0,2838.0,12285214.0,34291467667.0,1041.0
2017-01-24,2801.0,2862.0,2801.0,2830.0,2846.0,2791.0,13873376.0,39260203430.0,1072.0
2017-01-25,2851.0,2876.0,2801.0,2830.0,2811.0,2830.0,13512790.0,38246235303.0,874.0
2017-01-28,2821.0,2839.0,2738.0,2796.0,2745.0,2830.0,12229736.0,34196546301.0,1038.0
2017-01-29,2795.0,2849.0,2783.0,2818.0,2794.0,2796.0,17723949.0,49944361584.0,1335.0
2017-01-30,2802.0,2958.0,2802.0,2926.0,2958.0,2818.0,27763384.0,81237882851.0,2173.0
2017-01-31,3022.0,3048.0,2803.0,2949.0,2851.0,2926.0,38643001.0,113966209078.0,3255.0
2017-02-01,2850.0,2980.0,2803.0,2896.0,2915.0,2949.0,22895973.0,66313434851.0,2101.0
2017-02-04,2945.0,2945.0,2840.0,2888.0,2880.0,2896.0,10143813.0,29297644298.0,1149.0
2017-02-05,2879.0,2900.0,2801.0,2850.0,2817.0,2888.0,15460118.0,44061901453.0,1186.0
2017-02-06,2799.0,2920.0,2790.0,2879.0,2841.0,2850.0,13979460.0,40242512899.0,975.0
2017-02-07,2881.0,2959.0,2850.0,2901.0,2850.0,2879.0,16174483.0,46927134177.0,1248.0
2017-02-08,2887.0,2888.0,2780.0,2826.0,2790.0,2901.0,19181033.0,54198510027.0,1723.0
2017-02-11,2806.0,2837.0,2746.0,2770.0,2750.0,2826.0,9210123.0,25512487682.0,1031.0
2017-02-12,2746.0,2798.0,2735.0,2758.0,2790.0,2770.0,11413546.0,31480238035.0,1094.0
2017-02-13,2786.0,2820.0,2738.0,2765.0,2740.0,2758.0,9465537.0,26175312041.0,893.0
2017-02-14,2793.0,2793.0,2720.0,2761.0,2783.0,2765.0,11518969.0,31805608285.0,978.0
2017-02-15,2790.0,2790.0,2737.0,2748.0,2737.0,2761.0,6889935.0,18932279001.0,741.0
2017-02-18,2750.0,2849.0,2750.0,2800.0,2790.0,2748.0,10850524.0,30376292002.0,1068.0
2017-03-13,2759.0,2759.0,2622.0,2675.0,2650.0,2800.0,22909634.0,61281138178.0,1803.0
2017-03-14,2650.0,2692.0,2587.0,2632.0,2660.0,2675.0,21822316.0,57438235404.0,1742.0
2017-03-15,2680.0,2687.0,2607.0,2631.0,2614.0,2632.0,9448627.0,24856947412.0,772.0
2017-03-18,2615.0,2676.0,2577.0,2606.0,2599.0,2631.0,12007202.0,31296174893.0,1264.0
2017-03-25,2605.0,2736.0,2605.0,2704.0,2736.0,2606.0,6836796.0,18485720279.0,679.0
2017-03-26,2751.0,2798.0,2680.0,2726.0,2700.0,2704.0,6315207.0,17212638065.0,848.0
2017-03-27,2720.0,2778.0,2710.0,2754.0,2739.0,2726.0,5435335.0,14970985165.0,761.0
2017-03-28,2749.0,2770.0,2710.0,2749.0,2738.0,2754.0,5369728.0,14763110525.0,771.0
2017-03-29,2737.0,2780.0,2710.0,2745.0,2749.0,2749.0,6404212.0,17582135326.0,731.0
2017-04-03,2750.0,2788.0,2730.0,2751.0,2770.0,2745.0,4548187.0,12513912648.0,623.0
2017-04-04,2770.0,2793.0,2721.0,2762.0,2733.0,2751.0,6617032.0,18276999458.0,909.0
2017-04-05,2760.0,2793.0,2720.0,2759.0,2780.0,2762.0,12415878.0,34260247038.0,1217.0
2017-04-08,2789.0,2896.0,2760.0,2876.0,2896.0,2759.0,22042688.0,63386377992.0,2135.0
2017-04-09,2900.0,2960.0,2860.0,2927.0,2930.0,2876.0,19832042.0,58049380918.0,2207.0
2017-04-10,2930.0,3023.0,2881.0,2953.0,2930.0,2927.0,22328376.0,65925654178.0,2592.0
2017-04-12,2933.0,2970.0,2866.0,2904.0,2939.0,2953.0,20104783.0,58391529633.0,2186.0
2017-04-15,2905.0,3030.0,2905.0,2983.0,2952.0,2904.0,29986418.0,89464132662.0,2991.0
2017-04-16,3000.0,3060.0,2906.0,2977.0,2911.0,2983.0,32468530.0,96673056686.0,2728.0
2017-04-17,2945.0,2949.0,2829.0,2840.0,2829.0,2977.0,24002903.0,68168112288.0,2176.0
2017-04-18,2850.0,2880.0,2780.0,2819.0,2808.0,2840.0,11039009.0,31120379038.0,1176.0
2017-04-19,2811.0,2850.0,2782.0,2801.0,2818.0,2819.0,12835315.0,35948242759.0,1328.0
2017-04-22,2850.0,2941.0,2840.0,2931.0,2941.0,2801.0,19282663.0,56510347524.0,1497.0
2017-04-23,3000.0,3020.0,2870.0,2934.0,2878.0,2931.0,18222480.0,53459710685.0,1805.0
2017-04-24,2918.0,2920.0,2835.0,2858.0,2845.0,2934.0,10182510.0,29097145550.0,1212.0
2017-04-26,2870.0,2880.0,2790.0,2807.0,2800.0,2858.0,12461189.0,34981182228.0,1410.0
2017-04-29,2804.0,2839.0,2760.0,2788.0,2781.0,2807.0,13183575.0,36751805899.0,1440.0
2017-04-30,2800.0,2865.0,2788.0,2821.0,2798.0,2788.0,15349022.0,43306392263.0,1296.0
2017-05-01,2802.0,2835.0,2759.0,2792.0,2789.0,2821.0,17053970.0,47609829569.0,1237.0
2017-05-02,2818.0,2849.0,2800.0,2824.0,2800.0,2792.0,10529538.0,29732726285.0,1051.0
2017-05-03,2835.0,2870.0,2775.0,2800.0,2787.0,2824.0,7549010.0,21136021089.0,837.0
2017-05-06,2810.0,2810.0,2699.0,2738.0,2700.0,2800.0,13654050.0,37383554113.0,1529.0
2017-05-07,2700.0,2816.0,2683.0,2740.0,2740.0,2738.0,11287783.0,30931554019.0,1282.0
2017-05-08,2735.0,2780.0,2697.0,2710.0,2700.0,2740.0,12636496.0,34242288001.0,1128.0
2017-05-09,2722.0,2829.0,2690.0,2745.0,2822.0,2710.0,15447423.0,42406071489.0,1279.0
2017-05-10,2840.0,2880.0,2781.0,2820.0,2790.0,2745.0,18779040.0,52964671792.0,1653.0
2017-05-13,2820.0,2850.0,2747.0,2794.0,2751.0,2820.0,9197364.0,25695349810.0,869.0
2017-05-14,2755.0,2850.0,2730.0,2792.0,2790.0,2794.0,16017807.0,44728066816.0,1212.0
2017-05-15,2790.0,2815.0,2761.0,2792.0,2780.0,2792.0,6200228.0,17313732547.0,591.0
2017-05-16,2790.0,2848.0,2780.0,2807.0,2780.0,2792.0,8634274.0,24233266323.0,809.0
2017-05-17,2789.0,2817.0,2763.0,2797.0,2810.0,2807.0,14583204.0,40795002115.0,1101.0
2017-05-20,2910.0,2936.0,2850.0,2910.0,2880.0,2797.0,27257244.0,79316392607.0,1926.0
2017-05-21,2889.0,2947.0,2822.0,2870.0,2830.0,2910.0,13375497.0,38382817089.0,1326.0
2017-05-22,2825.0,2830.0,2780.0,2793.0,2781.0,2870.0,7038702.0,19661704544.0,748.0
2017-05-23,2791.0,2810.0,2771.0,2786.0,2800.0,2793.0,6470936.0,18027402280.0,589.0
2017-05-24,2780.0,2839.0,2777.0,2814.0,2800.0,2786.0,6533187.0,18381874738.0,722.0
2017-05-27,2793.0,2830.0,2750.0,2765.0,2751.0,2814.0,6302382.0,17426455394.0,793.0
2017-05-28,2740.0,2765.0,2695.0,2716.0,2765.0,2765.0,7616019.0,20686685305.0,1082.0
2017-05-29,2715.0,2764.0,2696.0,2722.0,2719.0,2716.0,7582335.0,20642326675.0,861.0
2017-05-30,2700.0,2759.0,2675.0,2702.0,2680.0,2722.0,8682688.0,23461009081.0,939.0
2017-05-31,2676.0,2725.0,2651.0,2684.0,2663.0,2702.0,8215815.0,22054252248.0,967.0
2017-06-13,2684.0,2708.0,2653.0,2685.0,2686.0,2684.0,9212381.0,24732882486.0,573.0
2017-06-14,2656.0,2743.0,2656.0,2703.0,2729.0,2685.0,8036917.0,21726178590.0,1052.0
2017-06-17,2725.0,2725.0,2613.0,2646.0,2630.0,2703.0,8333928.0,22049122464.0,926.0
2017-06-18,2650.0,2681.0,2611.0,2644.0,2635.0,2646.0,8363600.0,22114694621.0,855.0
2017-06-19,2640.0,2667.0,2616.0,2634.0,2652.0,2644.0,4548623.0,11979574568.0,566.0
2017-06-20,2617.0,2662.0,2605.0,2636.0,2660.0,2634.0,5377086.0,14174230657.0,620.0
2017-06-21,2613.0,2649.0,2605.0,2619.0,2640.0,2636.0,4308929.0,11285157760.0,569.0
2017-06-24,2631.0,2700.0,2619.0,2650.0,2650.0,2619.0,6651784.0,17627716181.0,799.0
2017-06-25,2650.0,2679.0,2591.0,2624.0,2602.0,2650.0,8423389.0,22101566135.0,799.0
2017-06-28,2641.0,2641.0,2590.0,2602.0,2601.0,2624.0,4697350.0,12224189594.0,683.0
2017-07-01,2605.0,2648.0,2596.0,2610.0,2630.0,2602.0,8093757.0,21128534768.0,755.0
2017-07-02,2613.0,2634.0,2587.0,2603.0,2610.0,2610.0,4231213.0,11012277756.0,596.0
2017-07-03,2590.0,2590.0,2550.0,2581.0,2589.0,2603.0,16338433.0,42174374517.0,924.0
2017-07-04,2590.0,2620.0,2551.0,2601.0,2618.0,2581.0,7561699.0,19667273346.0,709.0
2017-07-05,2625.0,2630.0,2540.0,2576.0,2550.0,2601.0,7488639.0,19293636946.0,837.0
2017-07-08,2580.0,2580.0,2512.0,2551.0,2560.0,2576.0,7510326.0,19162395991.0,708.0
2017-07-09,2552.0,2647.0,2540.0,2605.0,2647.0,2551.0,12458440.0,32459665271.0,1193.0
2017-07-10,2647.0,2719.0,2612.0,2678.0,2698.0,2605.0,15307871.0,40991173048.0,1500.0
2017-07-11,2700.0,2700.0,2632.0,2652.0,2666.0,2678.0,6908033.0,18322140515.0,722.0
2017-07-12,2670.0,2670.0,2621.0,2634.0,2628.0,2652.0,4955733.0,13054915327.0,485.0
2017-07-15,2625.0,2645.0,2580.0,2599.0,2600.0,2634.0,7545689.0,19612718875.0,770.0
2017-07-16,2580.0,2600.0,2550.0,2577.0,2599.0,2599.0,7655664.0,19725265524.0,840.0
2017-07-17,2596.0,2705.0,2565.0,2633.0,2704.0,2577.0,26095164.0,68719004798.0,1679.0
2017-07-18,2680.0,2763.0,2611.0,2726.0,2668.0,2633.0,29264489.0,79765534610.0,2242.0
2017-07-25,2719.0,2719.0,2664.0,2702.0,2666.0,2711.0,6992771.0,18892656809.0,375.0
2017-07-26,2645.0,2645.0,2567.0,2582.0,2590.0,2702.0,15853336.0,40939260937.0,1827.0
2017-07-29,2570.0,2580.0,2531.0,2548.0,2540.0,2582.0,5291936.0,13483732542.0,735.0
2017-07-30,2530.0,2560.0,2520.0,2529.0,2540.0,2548.0,5749973.0,14542255447.0,747.0
2017-07-31,2502.0,2600.0,2502.0,2532.0,2520.0,2529.0,6980457.0,17673133446.0,797.0
2017-08-01,2520.0,2578.0,2520.0,2530.0,2540.0,2532.0,4474127.0,11320828408.0,579.0
2017-08-02,2521.0,2542.0,2520.0,2526.0,2530.0,2530.0,6916858.0,17475415092.0,646.0
2017-08-06,2520.0,2629.0,2520.0,2579.0,2544.0,2526.0,8223327.0,21204644190.0,1015.0
2017-08-07,2589.0,2597.0,2520.0,2551.0,2592.0,2579.0,8153611.0,20801659299.0,810.0
2017-08-08,2536.0,2560.0,2510.0,2526.0,2550.0,2551.0,5867962.0,14823047443.0,702.0
2017-08-09,2520.0,2530.0,2498.0,2503.0,2520.0,2526.0,8128912.0,20350379251.0,1122.0
2017-08-12,2507.0,2514.0,2461.0,2479.0,2500.0,2503.0,6070093.0,15046734903.0,948.0
2017-08-13,2488.0,2530.0,2458.0,2477.0,2488.0,2479.0,5211333.0,12910583093.0,629.0
2017-08-14,2477.0,2477.0,2430.0,2443.0,2435.0,2477.0,4709918.0,11508398042.0,691.0
2017-08-15,2430.0,2490.0,2416.0,2442.0,2450.0,2443.0,6068873.0,14820855226.0,603.0
2017-08-16,2430.0,2544.0,2399.0,2443.0,2480.0,2442.0,20199327.0,49357030631.0,1371.0
2017-08-19,2490.0,2490.0,2430.0,2443.0,2447.0,2443.0,5039647.0,12312161277.0,618.0
2017-08-20,2444.0,2500.0,2430.0,2470.0,2456.0,2443.0,5378330.0,13286871822.0,627.0
2017-08-21,2440.0,2490.0,2435.0,2465.0,2488.0,2470.0,5009046.0,12345550820.0,525.0
2017-08-22,2475.0,2489.0,2430.0,2452.0,2489.0,2465.0,5863786.0,14379139891.0,603.0
2017-08-23,2450.0,2470.0,2431.0,2442.0,2439.0,2452.0,3508473.0,8561129844.0,394.0
2017-08-26,2445.0,2447.0,2412.0,2424.0,2420.0,2442.0,7973645.0,19325024393.0,766.0
2017-08-27,2424.0,2450.0,2406.0,2425.0,2426.0,2424.0,7045146.0,17086369939.0,682.0
2017-08-28,2430.0,2477.0,2430.0,2440.0,2440.0,2425.0,3534219.0,8633459891.0,599.0
2017-08-29,2435.0,2474.0,2420.0,2430.0,2430.0,2440.0,20786243.0,50503377138.0,920.0
2017-08-30,2430.0,2449.0,2419.0,2426.0,2425.0,2430.0,6207877.0,15062975659.0,571.0
2017-09-02,2438.0,2468.0,2423.0,2433.0,2430.0,2426.0,2142751.0,5227082804.0,347.0
2017-09-03,2440.0,2470.0,2421.0,2433.0,2421.0,2433.0,6285818.0,15293755881.0,755.0
2017-09-04,2422.0,2430.0,2410.0,2418.0,2423.0,2433.0,5138520.0,12423609433.0,537.0
2017-09-05,2420.0,2443.0,2404.0,2414.0,2413.0,2418.0,3247262.0,7835541427.0,416.0
2017-09-06,2402.0,2420.0,2399.0,2404.0,2399.0,2414.0,5410281.0,13007801183.0,550.0
2017-09-10,2414.0,2414.0,2316.0,2356.0,2316.0,2404.0,8422171.0,19846461284.0,1056.0
2017-09-11,2356.0,2398.0,2330.0,2358.0,2359.0,2356.0,7613882.0,17951758954.0,596.0
2017-09-12,2358.0,2389.0,2340.0,2365.0,2375.0,2358.0,4474063.0,10579039477.0,714.0
2017-09-13,2402.0,2438.0,2391.0,2409.0,2418.0,2365.0,5404717.0,13017694471.0,847.0
2017-09-16,2410.0,2470.0,2410.0,2426.0,2418.0,2409.0,4158857.0,10088681035.0,408.0
2017-09-17,2430.0,2459.0,2412.0,2432.0,2447.0,2426.0,5364413.0,13044448172.0,478.0
2017-09-18,2450.0,2470.0,2433.0,2451.0,2470.0,2432.0,3654494.0,8965405539.0,375.0
2017-09-19,2470.0,2500.0,2466.0,2483.0,2498.0,2451.0,6274568.0,15576651088.0,685.0
2017-09-20,2500.0,2607.0,2490.0,2595.0,2607.0,2483.0,29869752.0,77519230320.0,1614.0
2017-09-23,2699.0,2724.0,2633.0,2695.0,2699.0,2595.0,21375942.0,57604975124.0,1989.0
2017-09-24,2700.0,2746.0,2623.0,2687.0,2690.0,2695.0,13509414.0,36306535367.0,1505.0
2017-09-25,2720.0,2728.0,2652.0,2685.0,2662.0,2687.0,4758908.0,12778674676.0,668.0
2017-09-26,2661.0,2691.0,2646.0,2673.0,2660.0,2685.0,5170591.0,13822268660.0,596.0
2017-09-27,2689.0,2690.0,2650.0,2670.0,2650.0,2673.0,3690354.0,9854087130.0,441.0
2017-10-02,2643.0,2643.0,2537.0,2561.0,2537.0,2670.0,8222229.0,21055004787.0,844.0
2017-10-03,2510.0,2594.0,2491.0,2528.0,2543.0,2561.0,6869951.0,17366078256.0,754.0
2017-10-04,2506.0,2600.0,2506.0,2581.0,2562.0,2528.0,4654255.0,12011953804.0,510.0
2017-10-07,2560.0,2560.0,2461.0,2486.0,2500.0,2581.0,13489639.0,33540596987.0,1044.0
2017-10-08,2460.0,2480.0,2380.0,2416.0,2450.0,2486.0,12323034.0,29770808975.0,972.0
2017-10-09,2450.0,2482.0,2420.0,2447.0,2450.0,2416.0,5554626.0,13589878105.0,585.0
2017-10-10,2450.0,2480.0,2426.0,2441.0,2440.0,2447.0,4253868.0,10385381239.0,397.0
2017-10-11,2453.0,2497.0,2431.0,2448.0,2435.0,2441.0,7262355.0,17780986308.0,508.0
2017-10-14,2500.0,2510.0,2470.0,2490.0,2500.0,2448.0,5381172.0,13397968272.0,465.0
2017-10-15,2500.0,2518.0,2450.0,2496.0,2500.0,2490.0,8583878.0,21421473787.0,475.0
2017-10-16,2501.0,2539.0,2482.0,2501.0,2539.0,2496.0,9637254.0,24104261574.0,626.0
2017-10-17,2506.0,2549.0,2486.0,2506.0,2500.0,2501.0,3164340.0,7934530675.0,438.0
2017-10-18,2500.0,2560.0,2483.0,2504.0,2501.0,2506.0,4447119.0,11134405185.0,678.0
2017-10-21,2500.0,2510.0,2448.0,2460.0,2448.0,2504.0,4765525.0,11724375834.0,522.0
2017-10-22,2448.0,2500.0,2430.0,2458.0,2437.0,2460.0,2237243.0,5495285418.0,290.0
2017-10-23,2451.0,2469.0,2402.0,2422.0,2413.0,2458.0,7542994.0,18270979644.0,610.0
2017-10-24,2402.0,2422.0,2385.0,2403.0,2395.0,2422.0,5946711.0,14289240656.0,611.0
2017-10-25,2388.0,2410.0,2366.0,2372.0,2371.0,2403.0,6832280.0,16208920289.0,675.0
2017-10-28,2372.0,2401.0,2354.0,2371.0,2360.0,2372.0,3616817.0,8572969408.0,451.0
2017-10-29,2370.0,2452.0,2358.0,2410.0,2450.0,2371.0,15455281.0,37251008983.0,957.0
2017-10-30,2453.0,2510.0,2453.0,2486.0,2510.0,2410.0,6341003.0,15765565394.0,786.0
2017-10-31,2524.0,2610.0,2510.0,2601.0,2610.0,2486.0,31796615.0,82692383696.0,1787.0
2017-11-01,2606.0,2662.0,2570.0,2624.0,2650.0,2601.0,20219456.0,53058267122.0,1716.0
2017-11-04,2600.0,2650.0,2588.0,2609.0,2600.0,2624.0,6300087.0,16439234359.0,674.0
2017-11-05,2616.0,2739.0,2600.0,2727.0,2739.0,2609.0,70391145.0,191960059662.0,3699.0
2017-11-06,2760.0,2798.0,2676.0,2740.0,2680.0,2727.0,16107730.0,44142448562.0,1709.0
2017-11-07,2690.0,2690.0,2629.0,2647.0,2630.0,2740.0,12785677.0,33843719420.0,1091.0
2017-11-08,2628.0,2681.0,2609.0,2653.0,2654.0,2647.0,6518470.0,17292240587.0,728.0
2017-11-11,2698.0,2698.0,2631.0,2653.0,2650.0,2653.0,4773702.0,12665395857.0,494.0
2017-11-12,2610.0,2638.0,2610.0,2625.0,2630.0,2653.0,12147787.0,31888201170.0,923.0
2017-11-13,2622.0,2699.0,2622.0,2662.0,2679.0,2625.0,6220744.0,16559532129.0,594.0
2017-11-14,2681.0,2729.0,2631.0,2670.0,2640.0,2662.0,6285978.0,16785017552.0,583.0
2017-11-15,2640.0,2669.0,2631.0,2637.0,2637.0,2670.0,4504699.0,11880220353.0,396.0
2017-11-18,2640.0,2658.0,2606.0,2613.0,2620.0,2637.0,7266246.0,18983120404.0,503.0
2017-11-20,2602.0,2620.0,2594.0,2601.0,2598.0,2613.0,6788820.0,17656904395.0,525.0
2017-11-21,2600.0,2610.0,2575.0,2588.0,2575.0,2601.0,7061987.0,18274554355.0,596.0
2017-11-22,2571.0,2630.0,2563.0,2594.0,2600.0,2588.0,5509947.0,14293349315.0,469.0
2017-11-25,2610.0,2683.0,2591.0,2615.0,2602.0,2594.0,3370329.0,8824151026.0,439.0
2017-11-26,2605.0,2676.0,2603.0,2630.0,2621.0,2615.0,5448033.0,14327568552.0,560.0
2017-11-28,2650.0,2650.0,2581.0,2596.0,2583.0,2630.0,4442111.0,11531715444.0,363.0
2017-11-29,2589.0,2614.0,2570.0,2587.0,2573.0,2596.0,5418266.0,14015278084.0,443.0
2017-12-02,2596.0,2605.0,2569.0,2588.0,2601.0,2587.0,7696602.0,19915715399.0,499.0
2017-12-03,2610.0,2679.0,2600.0,2643.0,2650.0,2588.0,5850804.0,15460936585.0,708.0
2017-12-04,2641.0,2699.0,2623.0,2673.0,2689.0,2643.0,8227753.0,21988848209.0,873.0
2017-12-05,2670.0,2800.0,2670.0,2756.0,2728.0,2673.0,18329987.0,50524500469.0,1778.0
2017-12-09,2784.0,2849.0,2757.0,2810.0,2825.0,2756.0,16476070.0,46303786266.0,1850.0
2017-12-10,2822.0,2870.0,2752.0,2784.0,2774.0,2810.0,14760356.0,41090233188.0,1343.0
2017-12-11,2790.0,2923.0,2790.0,2920.0,2923.0,2784.0,52181496.0,152364539309.0,2623.0
2017-12-12,3049.0,3065.0,2950.0,3025.0,2990.0,2920.0,54144244.0,163809741939.0,4052.0
2017-12-13,2988.0,2995.0,2890.0,2933.0,2901.0,3025.0,23400462.0,68622086521.0,1988.0
2017-12-16,2970.0,2987.0,2901.0,2932.0,2906.0,2933.0,15611859.0,45780930053.0,1242.0
2017-12-17,2910.0,2998.0,2887.0,2955.0,2921.0,2932.0,23647583.0,69879501121.0,1692.0
2017-12-18,2901.0,3102.0,2901.0,3070.0,3102.0,2955.0,78279051.0,240340057434.0,4705.0
2017-12-19,3120.0,3220.0,3120.0,3167.0,3141.0,3070.0,33016590.0,104573006269.0,2902.0
2017-12-20,3104.0,3130.0,3081.0,3098.0,3099.0,3167.0,23718498.0,73471266946.0,2072.0
2017-12-23,3107.0,3197.0,3061.0,3125.0,3150.0,3098.0,16585153.0,51820380968.0,1976.0
2017-12-24,3165.0,3230.0,3155.0,3196.0,3166.0,3125.0,16722700.0,53444427311.0,1764.0
2017-12-25,3194.0,3194.0,3037.0,3079.0,3037.0,3196.0,44608083.0,137350404273.0,3386.0
2017-12-26,3043.0,3110.0,2926.0,2993.0,2945.0,3079.0,38504775.0,115254991315.0,2970.0
2017-12-27,2910.0,2960.0,2855.0,2898.0,2900.0,2993.0,15413413.0,44668638429.0,1788.0
2017-12-30,2857.0,2862.0,2754.0,2791.0,2802.0,2898.0,23574703.0,65787955606.0,1803.0
2017-12-31,2767.0,2767.0,2652.0,2671.0,2705.0,2791.0,41143853.0,109899921051.0,2528.0
2018-01-01,2696.0,2803.0,2696.0,2756.0,2751.0,2671.0,12918946.0,35607479909.0,1283.0
2018-01-02,2780.0,2785.0,2676.0,2725.0,2740.0,2756.0,11366788.0,30978125480.0,846.0
2018-01-03,2731.0,2771.0,2655.0,2723.0,2747.0,2725.0,10792940.0,29394418925.0,928.0
2018-01-06,2760.0,2810.0,2730.0,2769.0,2750.0,2723.0,5420539.0,15011051273.0,581.0
2018-01-07,2743.0,2813.0,2727.0,2793.0,2794.0,2769.0,5481197.0,15309922435.0,566.0
2018-01-08,2795.0,2814.0,2756.0,2788.0,2756.0,2793.0,5241334.0,14612224243.0,486.0
2018-01-09,2738.0,2785.0,2668.0,2705.0,2700.0,2788.0,6561940.0,17747396153.0,708.0
2018-01-10,2699.0,2840.0,2663.0,2815.0,2830.0,2705.0,28778771.0,81016231441.0,1996.0
2018-01-13,2917.0,2928.0,2871.0,2905.0,2910.0,2815.0,18614330.0,54083400959.0,1449.0
2018-01-14,2901.0,2950.0,2887.0,2909.0,2895.0,2905.0,11314438.0,32911035360.0,981.0
2018-01-15,2899.0,2910.0,2852.0,2883.0,2900.0,2909.0,9853690.0,28404331649.0,891.0
2018-01-16,2855.0,2947.0,2854.0,2897.0,2900.0,2883.0,11621074.0,33661988657.0,852.0
2018-01-17,2900.0,3038.0,2889.0,2996.0,3030.0,2897.0,31553846.0,94526118453.0,2544.0
2018-01-20,3076.0,3145.0,3020.0,3093.0,3020.0,2996.0,19984618.0,61804636556.0,2112.0
2018-01-21,2999.0,3010.0,2939.0,2941.0,2939.0,3093.0,27180558.0,79936816238.0,1423.0
2018-01-22,2880.0,2958.0,2850.0,2898.0,2896.0,2941.0,14638601.0,42426029687.0,1233.0
2018-01-23,2900.0,2964.0,2898.0,2941.0,2940.0,2898.0,9445942.0,27776911671.0,807.0
2018-01-24,2964.0,2964.0,2850.0,2882.0,2869.0,2941.0,11232124.0,32373403940.0,854.0
2018-01-27,2880.0,2985.0,2850.0,2915.0,2950.0,2882.0,8506983.0,24793771976.0,998.0
2018-01-28,2940.0,2990.0,2882.0,2928.0,2916.0,2915.0,6216474.0,18202150148.0,703.0
2018-01-29,2910.0,2939.0,2860.0,2882.0,2861.0,2928.0,7655015.0,22060607568.0,638.0
2018-01-30,2870.0,2960.0,2870.0,2908.0,2905.0,2882.0,10798407.0,31406128155.0,718.0
2018-01-31,2909.0,2929.0,2763.0,2785.0,2763.0,2908.0,40968671.0,114089567430.0,3202.0
2018-02-03,2769.0,2769.0,2675.0,2705.0,2699.0,2785.0,16582806.0,44861830620.0,1537.0
2018-02-04,2698.0,2760.0,2684.0,2711.0,2701.0,2705.0,10832922.0,29368573953.0,994.0
2018-02-05,2704.0,2842.0,2700.0,2795.0,2760.0,2711.0,11175322.0,31232112189.0,1302.0
2018-02-06,2800.0,2829.0,2734.0,2783.0,2772.0,2795.0,7690682.0,21406498586.0,847.0
2018-02-07,2797.0,2797.0,2746.0,2770.0,2748.0,2783.0,2354823.0,6508172643.0,352.0
2018-02-10,2797.0,2828.0,2757.0,2787.0,2828.0,2770.0,3913230.0,10907347361.0,317.0
2018-02-12,2820.0,2916.0,2801.0,2872.0,2890.0,2787.0,12488298.0,35860206260.0,1245.0
2018-02-13,2880.0,2889.0,2786.0,2827.0,2850.0,2872.0,8168381.0,23093915603.0,691.0
2018-02-14,2850.0,2870.0,2760.0,2831.0,2800.0,2827.0,5023708.0,14222778980.0,546.0
2018-02-17,2820.0,2971.0,2780.0,2916.0,2851.0,2831.0,35903625.0,104682387680.0,2624.0
2018-02-18,2849.0,2860.0,2792.0,2827.0,2792.0,2916.0,5843104.0,16518897054.0,508.0
2018-02-19,2788.0,2817.0,2740.0,2770.0,2762.0,2827.0,8506557.0,23560429091.0,773.0
2018-02-21,2770.0,2856.0,2760.0,2813.0,2820.0,2770.0,7412865.0,20849824241.0,744.0
2018-02-24,2843.0,2843.0,2777.0,2801.0,2800.0,2813.0,3643255.0,10206554246.0,407.0
2018-02-25,2761.0,2831.0,2751.0,2789.0,2751.0,2801.0,4649313.0,12968425544.0,574.0
2018-02-26,2753.0,2795.0,2733.0,2766.0,2750.0,2789.0,6820597.0,18867932683.0,675.0
2018-02-27,2779.0,2804.0,2730.0,2760.0,2730.0,2766.0,7903983.0,21811329343.0,689.0
2018-02-28,2745.0,2840.0,2745.0,2781.0,2754.0,2760.0,8376220.0,23296680284.0,960.0
2018-03-03,2799.0,2847.0,2761.0,2812.0,2769.0,2781.0,9430266.0,26513603431.0,1046.0
2018-03-04,2780.0,2837.0,2750.0,2789.0,2779.0,2812.0,7408392.0,20664610331.0,745.0
2018-03-05,2760.0,2789.0,2682.0,2714.0,2704.0,2789.0,13931198.0,37812123970.0,1209.0
2018-03-10,2690.0,2700.0,2630.0,2661.0,2666.0,2714.0,3890488.0,10354107121.0,377.0
2018-03-11,2601.0,2661.0,2547.0,2593.0,2635.0,2661.0,14913248.0,38675355193.0,1168.0
2018-03-12,2575.0,2670.0,2563.0,2606.0,2600.0,2593.0,7907527.0,20605989334.0,716.0
2018-03-13,2577.0,2736.0,2540.0,2666.0,2736.0,2606.0,32257690.0,86011217722.0,1551.0
2018-03-14,2730.0,2785.0,2670.0,2730.0,2690.0,2666.0,7767962.0,21209931815.0,774.0
2018-03-17,2700.0,2720.0,2611.0,2679.0,2621.0,2730.0,2648137.0,7041686320.0,405.0
2018-03-18,2685.0,2730.0,2624.0,2706.0,2711.0,2679.0,4079446.0,11037745556.0,475.0
2018-03-19,2714.0,2770.0,2700.0,2749.0,2721.0,2706.0,4485155.0,12330689870.0,488.0
2018-03-25,2749.0,2749.0,2673.0,2730.0,2690.0,2749.0,1246952.0,3359279030.0,189.0
2018-03-26,2700.0,2700.0,2657.0,2713.0,2660.0,2730.0,903637.0,2406742708.0,189.0
2018-03-27,2657.0,2657.0,2620.0,2639.0,2630.0,2713.0,3231848.0,8498412728.0,352.0
2018-03-28,2679.0,2679.0,2617.0,2633.0,2673.0,2639.0,2418665.0,6362112256.0,354.0
2018-04-03,2640.0,2688.0,2621.0,2632.0,2624.0,2633.0,1393221.0,3665363425.0,199.0
2018-04-04,2622.0,2630.0,2560.0,2603.0,2600.0,2632.0,3263078.0,8479545586.0,471.0
2018-04-07,2590.0,2659.0,2553.0,2587.0,2603.0,2603.0,5721723.0,14800054144.0,555.0
2018-04-08,2580.0,2580.0,2490.0,2527.0,2500.0,2587.0,11427717.0,28881873092.0,913.0
2018-04-09,2549.0,2550.0,2401.0,2432.0,2401.0,2527.0,21643058.0,52644076271.0,1334.0
2018-04-10,2520.0,2550.0,2481.0,2528.0,2510.0,2432.0,5178079.0,13092585993.0,588.0
2018-04-11,2500.0,2530.0,2402.0,2447.0,2490.0,2528.0,22251909.0,54457404973.0,1230.0
2018-04-15,2450.0,2500.0,2325.0,2422.0,2418.0,2447.0,4393935.0,10640529541.0,497.0
2018-04-16,2360.0,2527.0,2360.0,2484.0,2402.0,2422.0,6136450.0,15242559976.0,464.0
2018-04-17,2470.0,2498.0,2420.0,2465.0,2460.0,2484.0,2380399.0,5835491022.0,254.0
2018-04-18,2450.0,2498.0,2410.0,2454.0,2466.0,2465.0,3498115.0,8577331081.0,396.0
2018-04-21,2478.0,2499.0,2417.0,2457.0,2440.0,2454.0,4787366.0,11760200580.0,431.0
2018-04-22,2442.0,2490.0,2421.0,2446.0,2431.0,2457.0,2671680.0,6521505130.0,280.0
2018-04-23,2426.0,2487.0,2426.0,2454.0,2458.0,2446.0,5558815.0,13641376167.0,406.0
2018-04-24,2454.0,2510.0,2431.0,2493.0,2452.0,2454.0,12900809.0,32160506117.0,738.0
2018-04-25,2494.0,2500.0,2447.0,2487.0,2485.0,2493.0,1279459.0,3165862567.0,215.0
2018-04-28,2454.0,2479.0,2418.0,2432.0,2432.0,2487.0,5648399.0,13738144903.0,442.0
2018-04-29,2430.0,2489.0,2412.0,2465.0,2462.0,2432.0,3745524.0,9241292242.0,586.0
2018-04-30,2440.0,2470.0,2440.0,2458.0,2457.0,2465.0,2515478.0,6173486713.0,239.0
2018-05-01,2457.0,2475.0,2430.0,2460.0,2453.0,2458.0,2555059.0,6288128786.0,259.0
2018-05-05,2440.0,2478.0,2401.0,2443.0,2402.0,2460.0,8516016.0,20805792856.0,427.0
2018-05-06,2402.0,2449.0,2330.0,2397.0,2390.0,2443.0,4317388.0,10347019714.0,439.0
2018-05-07,2380.0,2430.0,2380.0,2401.0,2401.0,2397.0,4230434.0,10156625216.0,429.0
2018-05-08,2439.0,2484.0,2401.0,2445.0,2428.0,2401.0,4293083.0,10495861595.0,505.0
2018-05-09,2445.0,2450.0,2350.0,2427.0,2370.0,2445.0,34682691.0,84161796955.0,1410.0
2018-05-12,2430.0,2450.0,2380.0,2425.0,2409.0,2427.0,7292500.0,17683908406.0,456.0
2018-05-13,2419.0,2514.0,2400.0,2451.0,2445.0,2425.0,15307746.0,37524744424.0,1299.0
2018-05-14,2495.0,2573.0,2473.0,2564.0,2573.0,2451.0,33873066.0,86845184237.0,2025.0
2018-05-15,2600.0,2662.0,2520.0,2589.0,2530.0,2564.0,15797770.0,40897235360.0,1309.0
2018-05-16,2580.0,2589.0,2489.0,2526.0,2495.0,2589.0,6202064.0,15666634532.0,757.0
2018-05-19,2547.0,2575.0,2447.0,2490.0,2456.0,2526.0,11488131.0,28607311869.0,1227.0
2018-05-20,2452.0,2490.0,2413.0,2438.0,2414.0,2490.0,5238864.0,12773177253.0,826.0
2018-05-21,2410.0,2460.0,2323.0,2379.0,2361.0,2438.0,11923776.0,28365066837.0,918.0
2018-05-22,2380.0,2441.0,2360.0,2383.0,2370.0,2379.0,8516503.0,20295168632.0,747.0
2018-05-23,2371.0,2440.0,2360.0,2399.0,2385.0,2383.0,7531198.0,18066839352.0,721.0
2018-05-26,2440.0,2440.0,2370.0,2417.0,2391.0,2399.0,5273607.0,12744216872.0,685.0
2018-05-27,2419.0,2470.0,2380.0,2431.0,2419.0,2417.0,6847031.0,16647323572.0,617.0
2018-05-28,2414.0,2469.0,2400.0,2427.0,2410.0,2431.0,4149900.0,10071401305.0,424.0
2018-05-29,2401.0,2440.0,2382.0,2411.0,2399.0,2427.0,4914621.0,11850851208.0,482.0
2018-05-30,2424.0,2438.0,2382.0,2407.0,2387.0,2411.0,4760549.0,11456434905.0,467.0
2018-06-02,2428.0,2428.0,2378.0,2397.0,2379.0,2407.0,3129762.0,7490553090.0,385.0
2018-06-03,2399.0,2420.0,2361.0,2389.0,2400.0,2397.0,4347268.0,10383998769.0,653.0
2018-06-10,2378.0,2378.0,2260.0,2325.0,2286.0,2389.0,12750886.0,29648686440.0,1041.0
2018-06-11,2275.0,2346.0,2261.0,2297.0,2284.0,2325.0,6730798.0,15462485752.0,833.0
2018-06-12,2325.0,2329.0,2263.0,2302.0,2299.0,2297.0,4419316.0,10174793977.0,556.0
2018-06-13,2329.0,2417.0,2300.0,2388.0,2379.0,2302.0,13089334.0,31263185707.0,1232.0
2018-06-17,2450.0,2507.0,2442.0,2504.0,2507.0,2388.0,25337395.0,63437686973.0,1588.0
2018-06-18,2585.0,2589.0,2390.0,2472.0,2410.0,2504.0,14816955.0,36621709612.0,1635.0
2018-06-19,2405.0,2460.0,2350.0,2398.0,2360.0,2472.0,16876900.0,40462711574.0,1555.0
2018-06-20,2400.0,2454.0,2337.0,2400.0,2450.0,2398.0,26311761.0,63139599887.0,2146.0
2018-06-23,2500.0,2520.0,2490.0,2519.0,2520.0,2400.0,27345543.0,68883526093.0,1813.0
2018-06-24,2620.0,2620.0,2455.0,2534.0,2490.0,2519.0,23613915.0,59839044155.0,2390.0
2018-06-25,2500.0,2500.0,2408.0,2429.0,2408.0,2534.0,26438559.0,64229712793.0,2334.0
2018-06-26,2389.0,2450.0,2308.0,2347.0,2317.0,2429.0,16322252.0,38302905201.0,1598.0
2018-06-27,2297.0,2391.0,2250.0,2326.0,2306.0,2347.0,11809285.0,27470787101.0,1227.0
2018-06-30,2339.0,2410.0,2307.0,2343.0,2325.0,2326.0,7894764.0,18499465789.0,818.0
2018-07-01,2313.0,2397.0,2290.0,2322.0,2340.0,2343.0,11002355.0,25542459190.0,809.0
2018-07-02,2320.0,2389.0,2311.0,2352.0,2321.0,2322.0,4147519.0,9761474603.0,531.0
2018-07-03,2340.0,2358.0,2290.0,2313.0,2309.0,2352.0,5644147.0,13053810610.0,740.0
2018-07-04,2300.0,2428.0,2291.0,2375.0,2350.0,2313.0,14696634.0,34901632222.0,1657.0
2018-07-07,2350.0,2438.0,2350.0,2400.0,2350.0,2375.0,6453537.0,15489583270.0,758.0
2018-07-08,2360.0,2360.0,2313.0,2322.0,2319.0,2400.0,4542261.0,10545985624.0,564.0
2018-07-10,2303.0,2363.0,2303.0,2330.0,2316.0,2322.0,7972038.0,18572686646.0,708.0
2018-07-11,2306.0,2379.0,2291.0,2328.0,2370.0,2330.0,12402369.0,28873981407.0,1480.0
2018-07-14,2330.0,2410.0,2330.0,2378.0,2347.0,2328.0,7452659.0,17725798979.0,759.0
2018-07-15,2341.0,2388.0,2296.0,2327.0,2304.0,2378.0,7372505.0,17158745966.0,885.0
2018-07-16,2296.0,2340.0,2280.0,2295.0,2285.0,2327.0,3966083.0,9090252908.0,699.0
2018-07-17,2285.0,2338.0,2262.0,2294.0,2267.0,2295.0,5963092.0,13682288336.0,745.0
2018-07-18,2266.0,2300.0,2180.0,2219.0,2200.0,2294.0,16552523.0,36727017165.0,1827.0
2018-07-23,2264.0,2264.0,2168.0,2195.0,2171.0,2213.0,4116670.0,9035484872.0,339.0
2018-07-24,2195.0,2268.0,2150.0,2203.0,2151.0,2195.0,9829216.0,21651594250.0,1100.0
2018-07-25,2180.0,2200.0,2093.0,2122.0,2119.0,2203.0,11848278.0,25141681092.0,1170.0
2018-07-28,2138.0,2138.0,2016.0,2025.0,2029.0,2122.0,27983744.0,56670540287.0,2374.0
2018-07-29,2024.0,2105.0,2024.0,2073.0,2092.0,2025.0,12944452.0,26838631416.0,1220.0
2018-07-30,2080.0,2093.0,2005.0,2018.0,2050.0,2073.0,24417450.0,49279093672.0,1621.0
2018-07-31,2086.0,2118.0,2073.0,2110.0,2118.0,2018.0,6319419.0,13331618872.0,626.0
2018-08-01,2169.0,2190.0,2030.0,2119.0,2072.0,2110.0,12420192.0,26321906892.0,1188.0
2018-08-04,2119.0,2119.0,2015.0,2032.0,2017.0,2119.0,9945991.0,20207670981.0,971.0
2018-08-05,2030.0,2085.0,1975.0,2022.0,2040.0,2032.0,12103469.0,24471066410.0,1231.0
2018-08-06,2025.0,2089.0,1970.0,2015.0,1976.0,2022.0,20468671.0,41247425867.0,1600.0
2018-08-07,2016.0,2115.0,2011.0,2086.0,2115.0,2015.0,24793204.0,51718417278.0,1617.0
2018-08-08,2155.0,2155.0,2070.0,2128.0,2096.0,2086.0,14028370.0,29847501404.0,1230.0
2018-08-11,2081.0,2189.0,2066.0,2123.0,2130.0,2128.0,6865720.0,14578896024.0,898.0
2018-08-12,2102.0,2229.0,2100.0,2203.0,2229.0,2123.0,25284189.0,55703591831.0,1969.0
2018-08-13,2229.0,2269.0,2120.0,2175.0,2123.0,2203.0,9835242.0,21396274956.0,1191.0
2018-08-14,2145.0,2232.0,2116.0,2165.0,2150.0,2175.0,7791155.0,16864846119.0,798.0
2018-08-15,2141.0,2204.0,2102.0,2140.0,2137.0,2165.0,4852453.0,10385951166.0,683.0
2018-08-20,2150.0,2187.0,2132.0,2154.0,2161.0,2140.0,3207688.0,6930267317.0,406.0
2018-08-21,2218.0,2261.0,2210.0,2256.0,2261.0,2154.0,22530864.0,50831639402.0,1771.0
2018-08-25,2321.0,2368.0,2277.0,2356.0,2368.0,2256.0,23888291.0,56277526993.0,1781.0
2018-08-26,2473.0,2473.0,2437.0,2472.0,2460.0,2356.0,34365486.0,84936123735.0,2537.0
2018-08-27,2540.0,2570.0,2349.0,2427.0,2369.0,2472.0,26487193.0,64284380732.0,2566.0
2018-08-28,2365.0,2500.0,2315.0,2419.0,2380.0,2427.0,20646500.0,49948331434.0,1957.0
2018-08-29,2400.0,2479.0,2320.0,2386.0,2340.0,2419.0,9660314.0,23049789720.0,1216.0
2018-09-01,2320.0,2360.0,2267.0,2281.0,2267.0,2386.0,11046048.0,25191441038.0,1305.0
2018-09-02,2260.0,2330.0,2199.0,2248.0,2239.0,2281.0,9331673.0,20974200061.0,1192.0
2018-09-03,2250.0,2359.0,2249.0,2302.0,2299.0,2248.0,15274920.0,35158313929.0,1639.0
2018-09-04,2335.0,2399.0,2279.0,2330.0,2370.0,2302.0,16996387.0,39599504484.0,1517.0
2018-09-05,2383.0,2383.0,2310.0,2333.0,2323.0,2330.0,9774472.0,22806755870.0,1006.0
2018-09-08,2350.0,2449.0,2330.0,2421.0,2449.0,2333.0,17542442.0,42476629873.0,1670.0
2018-09-09,2485.0,2538.0,2431.0,2479.0,2450.0,2421.0,19159719.0,47498433965.0,1981.0
2018-09-10,2479.0,2558.0,2421.0,2502.0,2465.0,2479.0,19240706.0,48138089964.0,1887.0
2018-09-11,2433.0,2500.0,2433.0,2457.0,2441.0,2502.0,15121567.0,37151391060.0,1423.0
2018-09-12,2485.0,2569.0,2461.0,2533.0,2550.0,2457.0,36682575.0,92911045295.0,2867.0
2018-09-15,2659.0,2659.0,2602.0,2659.0,2659.0,2533.0,21260756.0,56530727517.0,1062.0
2018-09-16,2760.0,2791.0,2621.0,2762.0,2791.0,2659.0,46867610.0,129431623424.0,3591.0
2018-09-17,2862.0,2900.0,2860.0,2898.0,2900.0,2762.0,24317098.0,70475711141.0,1096.0
2018-09-18,3042.0,3042.0,3022.0,3042.0,3042.0,2898.0,14524432.0,44177250569.0,432.0
2018-09-22,3194.0,3353.0,3138.0,3241.0,3328.0,3042.0,59162227.0,191764223022.0,4347.0
2018-09-23,3330.0,3330.0,3079.0,3171.0,3099.0,3241.0,52697124.0,167123009759.0,5300.0
2018-09-24,3150.0,3232.0,3074.0,3170.0,3187.0,3171.0,32566316.0,103243696966.0,3303.0
2018-09-25,3200.0,3320.0,3161.0,3228.0,3177.0,3170.0,46752776.0,150919385468.0,4532.0
2018-09-26,3230.0,3275.0,3114.0,3178.0,3120.0,3228.0,45068740.0,143227147530.0,4558.0
2018-09-29,3198.0,3336.0,3183.0,3305.0,3336.0,3178.0,77229289.0,255256127937.0,5557.0
2018-09-30,3469.0,3470.0,3410.0,3469.0,3470.0,3305.0,69307912.0,240401369389.0,3519.0
2018-10-01,3635.0,3635.0,3560.0,3629.0,3580.0,3469.0,7042468.0,25556626071.0,313.0
2018-10-03,3448.0,3448.0,3276.0,3281.0,3276.0,3629.0,36060890.0,118310205907.0,2453.0
2018-10-06,3306.0,3310.0,3117.0,3207.0,3117.0,3281.0,22356328.0,71687941683.0,1835.0
2018-10-07,3047.0,3047.0,3047.0,3062.0,3047.0,3207.0,2756715.0,8399710605.0,181.0
2018-10-08,2909.0,2909.0,2909.0,2909.0,2909.0,3062.0,4116657.0,11975355213.0,217.0
2018-10-09,2772.0,2950.0,2764.0,2824.0,2764.0,2909.0,54782843.0,154732277720.0,3901.0
2018-10-10,2730.0,2762.0,2683.0,2690.0,2683.0,2824.0,11243819.0,30249498833.0,746.0
2018-10-13,2556.0,2556.0,2556.0,2556.0,2556.0,2690.0,3792089.0,9692579484.0,143.0
2018-10-15,2683.0,2784.0,2683.0,2726.0,2770.0,2556.0,25683438.0,70023199577.0,2235.0
2018-10-16,2820.0,2862.0,2751.0,2839.0,2818.0,2726.0,48523271.0,137757973845.0,3434.0
2018-10-17,2731.0,2795.0,2698.0,2731.0,2707.0,2839.0,28217997.0,77060069042.0,2296.0
2018-10-20,2801.0,2867.0,2800.0,2862.0,2867.0,2731.0,40326790.0,115412430516.0,2241.0
2018-10-21,2860.0,2928.0,2756.0,2809.0,2771.0,2862.0,19476476.0,54712748157.0,1878.0
2018-10-22,2735.0,2796.0,2669.0,2685.0,2669.0,2809.0,15712265.0,42185199677.0,1143.0
2018-10-23,2551.0,2551.0,2551.0,2587.0,2551.0,2685.0,2686974.0,6854470674.0,224.0
2018-10-24,2458.0,2458.0,2458.0,2526.0,2458.0,2587.0,1738492.0,4273213336.0,196.0
2018-10-27,2400.0,2550.0,2400.0,2418.0,2400.0,2526.0,47028156.0,113731590424.0,3314.0
2018-10-28,2401.0,2538.0,2328.0,2451.0,2538.0,2418.0,25676218.0,62944183617.0,2385.0
2018-10-29,2567.0,2573.0,2460.0,2549.0,2573.0,2451.0,19574195.0,49900821745.0,1762.0
2018-10-31,2600.0,2676.0,2561.0,2656.0,2660.0,2549.0,21622872.0,57421088587.0,1919.0
2018-11-03,2685.0,2745.0,2530.0,2611.0,2552.0,2656.0,10215393.0,26675370652.0,1104.0
2018-11-04,2551.0,2695.0,2481.0,2547.0,2490.0,2611.0,13667937.0,34812051124.0,1335.0
2018-11-05,2500.0,2674.0,2480.0,2663.0,2674.0,2547.0,17606469.0,46894724099.0,1336.0
2018-11-06,2700.0,2758.0,2663.0,2700.0,2665.0,2663.0,10300276.0,27813365039.0,1429.0
2018-11-10,2693.0,2835.0,2693.0,2792.0,2810.0,2700.0,16737273.0,46726408630.0,1751.0
2018-11-11,2799.0,2849.0,2672.0,2754.0,2740.0,2792.0,11903113.0,32780671469.0,1306.0
2018-11-12,2765.0,2891.0,2765.0,2869.0,2891.0,2754.0,34842337.0,99973550599.0,2278.0
2018-11-13,2950.0,2980.0,2750.0,2871.0,2801.0,2869.0,24179614.0,69417991704.0,2034.0
2018-11-14,2780.0,2889.0,2750.0,2802.0,2789.0,2871.0,15947233.0,44686047640.0,1348.0
2018-11-17,2810.0,2860.0,2689.0,2762.0,2720.0,2802.0,13094355.0,36163838094.0,1678.0
2018-11-18,2749.0,2792.0,2624.0,2640.0,2624.0,2762.0,15647146.0,41314038103.0,1221.0
2018-11-19,2625.0,2706.0,2570.0,2636.0,2586.0,2640.0,14349615.0,37831262900.0,1506.0
2018-11-20,2600.0,2600.0,2505.0,2529.0,2525.0,2636.0,9745621.0,24648203051.0,1212.0
2018-11-21,2514.0,2655.0,2514.0,2639.0,2655.0,2529.0,16063493.0,42395391141.0,1402.0
2018-11-24,2770.0,2770.0,2700.0,2760.0,2769.0,2639.0,24073694.0,66454409727.0,2230.0
2018-11-26,2790.0,2790.0,2628.0,2653.0,2637.0,2760.0,6924705.0,18369331011.0,1184.0
2018-11-27,2622.0,2705.0,2585.0,2611.0,2599.0,2653.0,6872064.0,17944385471.0,1047.0
2018-11-28,2585.0,2600.0,2484.0,2510.0,2502.0,2611.0,11319144.0,28409814550.0,1441.0
2018-12-01,2543.0,2548.0,2385.0,2401.0,2385.0,2510.0,10701941.0,25690930822.0,1281.0
2018-12-02,2400.0,2521.0,2400.0,2501.0,2521.0,2401.0,12599857.0,31517141331.0,1098.0
2018-12-03,2550.0,2578.0,2405.0,2486.0,2490.0,2501.0,11207695.0,27857508751.0,1393.0
2018-12-04,2498.0,2570.0,2410.0,2497.0,2499.0,2486.0,6172284.0,15409781422.0,954.0
2018-12-05,2588.0,2621.0,2527.0,2620.0,2621.0,2497.0,31356601.0,82142206009.0,1694.0
2018-12-08,2751.0,2751.0,2751.0,2751.0,2751.0,2620.0,49201283.0,135352729533.0,1922.0
2018-12-09,2888.0,2888.0,2621.0,2836.0,2725.0,2751.0,73072103.0,207206898773.0,5095.0
2018-12-10,2744.0,2830.0,2695.0,2754.0,2695.0,2836.0,18187123.0,50095303765.0,2145.0
2018-12-11,2790.0,2791.0,2699.0,2747.0,2750.0,2754.0,16220719.0,44563814772.0,1641.0
2018-12-12,2751.0,2798.0,2695.0,2739.0,2720.0,2747.0,10251738.0,28083317525.0,1423.0
2018-12-15,2739.0,2739.0,2603.0,2634.0,2619.0,2739.0,10149627.0,26738056200.0,1512.0
2018-12-16,2569.0,2649.0,2510.0,2558.0,2560.0,2634.0,6759165.0,17291742046.0,1041.0
2018-12-17,2685.0,2685.0,2588.0,2664.0,2627.0,2558.0,20986934.0,55910649789.0,2078.0
2018-12-18,2572.0,2627.0,2531.0,2546.0,2539.0,2664.0,13026038.0,33159831831.0,1618.0
2018-12-19,2500.0,2533.0,2453.0,2491.0,2531.0,2546.0,16067216.0,40027023735.0,1479.0
2018-12-22,2531.0,2578.0,2485.0,2509.0,2506.0,2491.0,11213502.0,28134940879.0,1052.0
2018-12-23,2569.0,2598.0,2530.0,2567.0,2561.0,2509.0,10565127.0,27122812028.0,1069.0
2018-12-24,2640.0,2644.0,2560.0,2596.0,2594.0,2567.0,7907008.0,20527948746.0,940.0
2018-12-25,2566.0,2589.0,2532.0,2550.0,2538.0,2596.0,7879621.0,20089837565.0,880.0
2018-12-26,2549.0,2677.0,2500.0,2649.0,2673.0,2550.0,29542737.0,78267341398.0,2438.0
2018-12-29,2692.0,2718.0,2575.0,2623.0,2599.0,2649.0,12099705.0,31740705163.0,1370.0
2018-12-30,2619.0,2678.0,2568.0,2626.0,2610.0,2623.0,11271177.0,29599934106.0,1392.0
2018-12-31,2649.0,2740.0,2621.0,2689.0,2674.0,2626.0,14373558.0,38656902991.0,1789.0
2019-01-01,2670.0,2710.0,2573.0,2643.0,2582.0,2689.0,16218755.0,42863961527.0,1669.0
2019-01-02,2660.0,2775.0,2599.0,2754.0,2775.0,2643.0,103339275.0,284587840564.0,5850.0
2019-01-05,2809.0,2891.0,2795.0,2875.0,2891.0,2754.0,83857874.0,241097303555.0,4789.0
2019-01-06,2938.0,2969.0,2849.0,2891.0,2854.0,2875.0,56499281.0,163350626562.0,5201.0
2019-01-07,2875.0,3035.0,2820.0,2994.0,3035.0,2891.0,53200462.0,159280443797.0,3741.0
2019-01-08,3097.0,3140.0,3015.0,3078.0,3072.0,2994.0,80298874.0,247133101354.0,6309.0
2019-01-09,3100.0,3180.0,3025.0,3090.0,3060.0,3078.0,50809781.0,156983357295.0,5013.0
2019-01-14,3010.0,3010.0,2880.0,2922.0,2899.0,3090.0,38462466.0,112399820904.0,3221.0
2019-01-15,2899.0,3020.0,2845.0,2928.0,2900.0,2922.0,39353385.0,115228853047.0,4036.0
2019-01-16,2928.0,2930.0,2790.0,2828.0,2818.0,2928.0,37032263.0,104743919873.0,3743.0
2019-01-19,2821.0,2890.0,2736.0,2783.0,2780.0,2828.0,30904455.0,86005482228.0,3258.0
2019-01-20,2780.0,2807.0,2644.0,2700.0,2645.0,2783.0,31604692.0,85346742866.0,3122.0
2019-01-21,2565.0,2610.0,2565.0,2565.0,2565.0,2700.0,36727515.0,94215889610.0,2136.0
2019-01-22,2595.0,2693.0,2538.0,2653.0,2693.0,2565.0,34809107.0,92360081274.0,2628.0
2019-01-23,2720.0,2747.0,2622.0,2690.0,2671.0,2653.0,16830837.0,45271867527.0,2268.0
2019-01-26,2690.0,2690.0,2560.0,2586.0,2580.0,2690.0,17850830.0,46161027431.0,2105.0
2019-01-27,2605.0,2715.0,2596.0,2706.0,2715.0,2586.0,61015839.0,165110890527.0,2894.0
2019-01-28,2749.0,2841.0,2717.0,2824.0,2841.0,2706.0,64301799.0,181570295732.0,2842.0
2019-01-30,2939.0,3030.0,2870.0,2941.0,2880.0,2824.0,72473531.0,213151615737.0,5414.0
2019-02-02,2925.0,2953.0,2811.0,2886.0,2840.0,2941.0,27674266.0,79863386032.0,2460.0
2019-02-03,2829.0,2880.0,2742.0,2761.0,2770.0,2886.0,37358047.0,103135957199.0,2354.0
2019-02-04,2770.0,2865.0,2722.0,2772.0,2735.0,2761.0,16763060.0,46471689927.0,1620.0
2019-02-05,2730.0,2790.0,2680.0,2716.0,2686.0,2772.0,14378266.0,39058140299.0,1425.0
2019-02-06,2700.0,2848.0,2671.0,2763.0,2803.0,2716.0,22166905.0,61251051541.0,2254.0
2019-02-10,2850.0,2889.0,2785.0,2835.0,2820.0,2763.0,13831634.0,39206928010.0,1556.0
2019-02-12,2820.0,2830.0,2730.0,2764.0,2750.0,2835.0,10328235.0,28547328934.0,1159.0
2019-02-13,2760.0,2786.0,2681.0,2726.0,2735.0,2764.0,13361329.0,36426012049.0,1409.0
2019-02-16,2750.0,2822.0,2705.0,2760.0,2716.0,2726.0,12092235.0,33370445817.0,1357.0
2019-02-17,2721.0,2755.0,2632.0,2674.0,2699.0,2760.0,14539059.0,38879278298.0,1405.0
2019-02-18,2700.0,2745.0,2678.0,2706.0,2680.0,2674.0,8476592.0,22934474198.0,1132.0
2019-02-19,2710.0,2840.0,2710.0,2769.0,2745.0,2706.0,14189691.0,39288228318.0,1448.0
2019-02-20,2785.0,2785.0,2635.0,2694.0,2700.0,2769.0,16378604.0,44130313483.0,1691.0
2019-02-23,2775.0,2883.0,2750.0,2818.0,2850.0,2694.0,24201891.0,68211787471.0,2477.0
2019-02-24,2900.0,2920.0,2802.0,2855.0,2828.0,2818.0,19232442.0,54907157148.0,1876.0
2019-02-25,2802.0,2869.0,2760.0,2815.0,2773.0,2855.0,14043226.0,39530437060.0,1708.0
2019-02-26,2735.0,2768.0,2701.0,2722.0,2702.0,2815.0,10709550.0,29154473392.0,1299.0
2019-02-27,2726.0,2750.0,2693.0,2717.0,2714.0,2722.0,10939567.0,29723256457.0,1297.0
2019-03-02,2749.0,2762.0,2670.0,2690.0,2680.0,2717.0,12015875.0,32323398471.0,1541.0
2019-03-03,2684.0,2720.0,2674.0,2693.0,2677.0,2690.0,9563987.0,25754116819.0,1174.0
2019-03-04,2675.0,2758.0,2675.0,2708.0,2685.0,2693.0,14654458.0,39690647960.0,1408.0
2019-03-05,2700.0,2718.0,2635.0,2662.0,2649.0,2708.0,9501681.0,25297348517.0,1233.0
2019-03-06,2633.0,2715.0,2633.0,2680.0,2688.0,2662.0,13870133.0,37166946917.0,1464.0
2019-03-09,2717.0,2759.0,2655.0,2708.0,2715.0,2680.0,13503048.0,36560613551.0,1463.0
2019-03-10,2710.0,2755.0,2681.0,2717.0,2690.0,2708.0,12803356.0,34792115193.0,1329.0
2019-03-11,2729.0,2729.0,2652.0,2674.0,2660.0,2717.0,12198070.0,32612727825.0,1427.0
2019-03-12,2681.0,2695.0,2642.0,2662.0,2650.0,2674.0,8412001.0,22390915375.0,1036.0
2019-03-13,2681.0,2739.0,2656.0,2694.0,2660.0,2662.0,14621336.0,39388951598.0,1775.0
2019-03-16,2698.0,2744.0,2670.0,2707.0,2700.0,2694.0,19875476.0,53810045521.0,1778.0
2019-03-17,2728.0,2842.0,2704.0,2815.0,2842.0,2707.0,39746656.0,111893519475.0,3683.0
2019-03-18,2822.0,2920.0,2777.0,2839.0,2880.0,2815.0,18554971.0,52684871258.0,2067.0
2019-03-19,2901.0,2905.0,2855.0,2884.0,2871.0,2839.0,15800313.0,45566485490.0,1724.0
2019-03-25,2935.0,3028.0,2880.0,2960.0,3028.0,2884.0,20196331.0,59775065345.0,1830.0
2019-03-26,3108.0,3108.0,3108.0,3108.0,3108.0,2960.0,7537267.0,23425825836.0,388.0
2019-03-27,3263.0,3263.0,3119.0,3227.0,3170.0,3108.0,113375662.0,365814004740.0,6699.0
2019-03-30,3189.0,3388.0,3130.0,3334.0,3388.0,3227.0,65069058.0,216936197364.0,4419.0
2019-03-31,3445.0,3500.0,3362.0,3478.0,3456.0,3334.0,159025838.0,553163232142.0,8421.0
2019-04-06,3430.0,3651.0,3411.0,3623.0,3651.0,3478.0,59983483.0,217328141112.0,2697.0
2019-04-07,3804.0,3804.0,3704.0,3796.0,3804.0,3623.0,179284676.0,680621431222.0,7201.0
2019-04-08,3750.0,3976.0,3704.0,3861.0,3775.0,3796.0,141925460.0,547935318939.0,10168.0
2019-04-09,3750.0,3899.0,3727.0,3805.0,3785.0,3861.0,77913817.0,296452108144.0,6165.0
2019-04-10,3800.0,3985.0,3790.0,3880.0,3810.0,3805.0,70785936.0,274639918264.0,5908.0
2019-04-13,3830.0,3901.0,3686.0,3734.0,3686.0,3880.0,77280219.0,288581239279.0,6377.0
2019-04-14,3667.0,3910.0,3660.0,3827.0,3820.0,3734.0,55119307.0,210930355509.0,4998.0
2019-04-15,3885.0,3941.0,3770.0,3866.0,3810.0,3827.0,61150800.0,236385948245.0,4826.0
2019-04-16,3850.0,3910.0,3701.0,3810.0,3710.0,3866.0,60523622.0,230615766680.0,4147.0
2019-04-17,3710.0,3900.0,3650.0,3805.0,3873.0,3810.0,38214044.0,145387026251.0,3465.0
2019-04-20,3995.0,3995.0,3995.0,3995.0,3995.0,3805.0,12715755.0,50799441225.0,646.0
2019-04-22,4194.0,4194.0,4040.0,4173.0,4070.0,3995.0,233061960.0,972507983822.0,11187.0
2019-04-23,4085.0,4355.0,4070.0,4233.0,4209.0,4173.0,62061887.0,262703495799.0,4772.0
2019-04-24,4250.0,4380.0,4140.0,4277.0,4319.0,4233.0,61189017.0,261731749838.0,5005.0
2019-04-27,4360.0,4450.0,4255.0,4337.0,4261.0,4277.0,55414891.0,240317118973.0,4914.0
2019-04-28,4210.0,4299.0,4161.0,4209.0,4181.0,4337.0,50330550.0,211848434774.0,4611.0
2019-04-29,4193.0,4419.0,4190.0,4389.0,4419.0,4209.0,133907585.0,587720324535.0,6656.0
2019-04-30,4500.0,4608.0,4351.0,4516.0,4533.0,4389.0,81988094.0,370258669781.0,5783.0
2019-05-01,4579.0,4737.0,4455.0,4660.0,4700.0,4516.0,55452546.0,258417130614.0,4358.0
2019-05-04,4695.0,4893.0,4650.0,4873.0,4893.0,4660.0,99340573.0,484109788415.0,5385.0
2019-05-05,4980.0,5116.0,4840.0,5042.0,4930.0,4873.0,148691199.0,749677032067.0,8843.0
2019-05-06,4900.0,5150.0,4790.0,4916.0,4790.0,5042.0,42297485.0,207921933856.0,3349.0
2019-05-07,4671.0,4750.0,4671.0,4680.0,4671.0,4916.0,14272733.0,66790275508.0,859.0
2019-05-08,4446.0,4550.0,4446.0,4456.0,4479.0,4680.0,141907217.0,632342768750.0,8089.0
2019-05-11,4400.0,4533.0,4234.0,4340.0,4234.0,4456.0,62476430.0,271154398303.0,4390.0
2019-05-12,4301.0,4320.0,4123.0,4159.0,4123.0,4340.0,16347787.0,67983665973.0,1206.0
2019-05-13,3988.0,4249.0,3952.0,4058.0,4170.0,4159.0,132774457.0,538762048993.0,9063.0
2019-05-14,4200.0,4260.0,4120.0,4244.0,4260.0,4058.0,71749829.0,304492801911.0,3704.0
2019-05-15,4260.0,4427.0,4156.0,4291.0,4358.0,4244.0,63704220.0,273335557078.0,4369.0
2019-05-18,4440.0,4505.0,4390.0,4494.0,4480.0,4291.0,67363965.0,302742814092.0,4061.0
2019-05-19,4450.0,4498.0,4270.0,4320.0,4280.0,4494.0,55285085.0,238857829213.0,4711.0
2019-05-20,4162.0,4200.0,4104.0,4116.0,4130.0,4320.0,51338901.0,211321162251.0,3712.0
2019-05-21,4120.0,4321.0,4120.0,4283.0,4321.0,4116.0,26969465.0,115505731771.0,2537.0
2019-05-22,4400.0,4497.0,4252.0,4391.0,4319.0,4283.0,36589179.0,160646807712.0,3196.0
2019-05-25,4265.0,4350.0,4172.0,4258.0,4299.0,4391.0,25235813.0,107458153251.0,2283.0
2019-05-26,4290.0,4398.0,4216.0,4317.0,4252.0,4258.0,22894453.0,98846026019.0,2399.0
2019-05-28,4320.0,4490.0,4252.0,4392.0,4430.0,4317.0,44483316.0,195389872033.0,3625.0
2019-05-29,4546.0,4611.0,4540.0,4603.0,4611.0,4392.0,19167722.0,88221989598.0,1321.0
2019-06-01,4700.0,4799.0,4540.0,4657.0,4564.0,4603.0,58553608.0,272713268539.0,4645.0
2019-06-02,4551.0,4778.0,4550.0,4685.0,4630.0,4657.0,28415065.0,133115406776.0,2833.0
2019-06-03,4751.0,4861.0,4650.0,4770.0,4720.0,4685.0,44616619.0,212819251878.0,3418.0
2019-06-08,4699.0,4790.0,4620.0,4696.0,4750.0,4770.0,38920330.0,182772003372.0,2728.0
2019-06-09,4801.0,4930.0,4801.0,4923.0,4930.0,4696.0,53740557.0,264577162659.0,2146.0
2019-06-10,5140.0,5168.0,4850.0,5044.0,4860.0,4923.0,98503089.0,496873162771.0,6394.0
2019-06-11,4900.0,5296.0,4865.0,5187.0,5296.0,5044.0,61868911.0,320939294442.0,3916.0
2019-06-12,5400.0,5446.0,5282.0,5417.0,5359.0,5187.0,127529083.0,690780674017.0,6472.0
2019-06-15,5180.0,5687.0,5147.0,5504.0,5687.0,5417.0,121795644.0,670416558926.0,6105.0
2019-06-16,5739.0,5779.0,5229.0,5500.0,5287.0,5504.0,77978903.0,428920889140.0,7181.0
2019-06-17,5270.0,5466.0,5225.0,5273.0,5238.0,5500.0,46046945.0,242783769607.0,3793.0
2019-06-18,5200.0,5479.0,5200.0,5319.0,5250.0,5273.0,37336737.0,198581644097.0,3079.0
2019-06-19,5318.0,5420.0,5113.0,5263.0,5200.0,5319.0,40214872.0,211648778416.0,3122.0
2019-06-22,5060.0,5149.0,5000.0,5032.0,5006.0,5263.0,59442090.0,299117209955.0,4139.0
2019-06-23,5100.0,5283.0,5050.0,5256.0,5283.0,5032.0,16508946.0,86763121499.0,1227.0
2019-06-24,5518.0,5518.0,5518.0,5518.0,5518.0,5256.0,4576094.0,25250886692.0,440.0
2019-06-25,5730.0,5770.0,5506.0,5684.0,5700.0,5518.0,75987336.0,431918922843.0,5575.0
2019-06-26,5965.0,5965.0,5680.0,5826.0,5680.0,5684.0,50689521.0,295309669730.0,3792.0
2019-06-30,5700.0,5720.0,5535.0,5599.0,5535.0,5826.0,32948465.0,184471864405.0,3364.0
2019-07-01,5500.0,5685.0,5356.0,5500.0,5450.0,5599.0,25961871.0,142785385924.0,2764.0
2019-07-02,5405.0,5595.0,5405.0,5474.0,5497.0,5500.0,19206054.0,105133112813.0,2318.0
2019-07-03,5500.0,5630.0,5415.0,5464.0,5420.0,5474.0,27467002.0,150066850565.0,2885.0
2019-07-06,5350.0,5400.0,5191.0,5215.0,5198.0,5464.0,38914872.0,202947246480.0,4374.0
2019-07-07,5219.0,5401.0,5151.0,5289.0,5399.0,5215.0,19022149.0,100610244395.0,2404.0
2019-07-08,5399.0,5500.0,5331.0,5422.0,5450.0,5289.0,24576198.0,133252680369.0,2359.0
2019-07-09,5492.0,5492.0,5220.0,5366.0,5400.0,5422.0,17821754.0,95625655631.0,2128.0
2019-07-10,5398.0,5634.0,5250.0,5506.0,5634.0,5366.0,28465471.0,156741188993.0,2662.0
2019-07-13,5748.0,5781.0,5681.0,5767.0,5781.0,5506.0,56506120.0,325882800833.0,3835.0
2019-07-14,5851.0,5865.0,5499.0,5645.0,5544.0,5767.0,30051080.0,169632574628.0,3371.0
2019-07-15,5652.0,5690.0,5231.0,5447.0,5391.0,5645.0,27863538.0,151776232955.0,2110.0
2019-07-16,5454.0,5454.0,5175.0,5187.0,5175.0,5447.0,37735449.0,195728217944.0,2877.0
2019-07-17,5100.0,5386.0,5100.0,5244.0,5210.0,5187.0,20270597.0,106299638846.0,2398.0
2019-07-20,5290.0,5399.0,5140.0,5234.0,5140.0,5244.0,17918460.0,93782508344.0,2885.0
2019-07-23,5069.0,5150.0,4930.0,5009.0,5150.0,5234.0,12636806.0,63294719983.0,1173.0
2019-07-24,5120.0,5259.0,5051.0,5188.0,5159.0,5009.0,20094847.0,104259174562.0,2532.0
2019-07-27,5240.0,5240.0,5009.0,5045.0,5035.0,5188.0,17914099.0,90380768717.0,2835.0
2019-07-28,5099.0,5180.0,5010.0,5074.0,5060.0,5045.0,12502935.0,63436025048.0,1847.0
2019-07-29,5101.0,5159.0,5011.0,5054.0,5049.0,5074.0,12028321.0,60791505660.0,1614.0
2019-07-30,5000.0,5175.0,4920.0,5064.0,5080.0,5054.0,15589886.0,78941263325.0,1996.0
2019-07-31,5005.0,5129.0,5005.0,5055.0,5079.0,5064.0,12561574.0,63493303139.0,1435.0
2019-08-03,5079.0,5240.0,5079.0,5139.0,5130.0,5055.0,11089554.0,56984145215.0,1605.0
2019-08-04,5148.0,5395.0,5051.0,5335.0,5395.0,5139.0,31485557.0,167988932204.0,2750.0
2019-08-05,5470.0,5520.0,5302.0,5411.0,5369.0,5335.0,20173421.0,109157971189.0,2276.0
2019-08-06,5306.0,5369.0,5190.0,5263.0,5265.0,5411.0,12530894.0,65945189764.0,1498.0
2019-08-07,5280.0,5370.0,5182.0,5270.0,5251.0,5263.0,13750339.0,72461542000.0,1411.0
2019-08-10,5220.0,5370.0,5220.0,5306.0,5350.0,5270.0,12213920.0,64812267784.0,1540.0
2019-08-11,5320.0,5454.0,5280.0,5326.0,5300.0,5306.0,16410070.0,87400021729.0,1893.0
2019-08-13,5320.0,5349.0,5140.0,5253.0,5318.0,5326.0,17995858.0,94532547666.0,2366.0
2019-08-14,5280.0,5465.0,5280.0,5385.0,5398.0,5253.0,20143923.0,108472661598.0,2490.0
2019-08-17,5398.0,5654.0,5340.0,5636.0,5654.0,5385.0,68921468.0,388457567677.0,4250.0
2019-08-18,5687.0,5768.0,5550.0,5663.0,5620.0,5636.0,23748289.0,134494494727.0,3009.0
2019-08-19,5700.0,5930.0,5650.0,5833.0,5890.0,5663.0,53622276.0,312795464175.0,5447.0
2019-08-21,5880.0,6120.0,5799.0,5969.0,5970.0,5833.0,37371904.0,223074708870.0,4882.0
2019-08-24,6125.0,6264.0,6041.0,6172.0,6129.0,5969.0,36706549.0,226555446250.0,5087.0
2019-08-25,6129.0,6150.0,5864.0,5922.0,5969.0,6172.0,70841318.0,419556136499.0,6839.0
2019-08-26,5990.0,6140.0,5970.0,6070.0,6017.0,5922.0,33217211.0,201613639218.0,4036.0
2019-08-27,6050.0,6140.0,5803.0,5971.0,5834.0,6070.0,34569177.0,206403173190.0,4487.0
2019-08-28,5748.0,6050.0,5710.0,5926.0,5928.0,5971.0,31819089.0,188574102543.0,3594.0
2019-08-31,5999.0,6048.0,5730.0,5870.0,5824.0,5926.0,29021009.0,170355466888.0,3909.0
2019-09-01,5940.0,6227.0,5940.0,6104.0,6030.0,5870.0,39623441.0,241872440638.0,4313.0
2019-09-02,6100.0,6172.0,5799.0,5937.0,5913.0,6104.0,37439040.0,222257281823.0,4484.0
2019-09-03,5861.0,6090.0,5861.0,5978.0,5989.0,5937.0,19144792.0,114451929959.0,2212.0
2019-09-04,5950.0,6045.0,5912.0,5969.0,5970.0,5978.0,14428161.0,86122310034.0,2273.0
2019-09-07,5990.0,6100.0,5970.0,6029.0,5996.0,5969.0,50851170.0,306581081019.0,4425.0
2019-09-08,6047.0,6330.0,6012.0,6307.0,6330.0,6029.0,80594038.0,508328733283.0,5671.0
2019-09-11,6495.0,6622.0,6400.0,6550.0,6622.0,6307.0,30858872.0,202124810622.0,2759.0
2019-09-14,6877.0,6877.0,6877.0,6877.0,6877.0,6550.0,9290985.0,63894103845.0,497.0
2019-09-15,6980.0,7220.0,6920.0,7155.0,7220.0,6877.0,129308030.0,925179591139.0,9399.0
2019-09-16,7301.0,7390.0,6940.0,7138.0,6946.0,7155.0,60293671.0,430382580240.0,8556.0
2019-09-17,6934.0,7170.0,6812.0,6945.0,6822.0,7138.0,39449418.0,273993685319.0,5180.0
2019-09-18,6700.0,6985.0,6598.0,6700.0,6900.0,6945.0,51342324.0,343999425440.0,5644.0
2019-09-21,6850.0,6986.0,6770.0,6887.0,6861.0,6700.0,23977478.0,165131508519.0,3150.0
2019-09-22,6944.0,7148.0,6860.0,6956.0,6880.0,6887.0,18791496.0,130712100458.0,3053.0
2019-09-23,6949.0,7197.0,6864.0,7010.0,6946.0,6956.0,19060219.0,133613680062.0,2991.0
2019-09-24,6970.0,7360.0,6900.0,7197.0,7079.0,7010.0,44714431.0,321805907680.0,4912.0
2019-09-25,7110.0,7290.0,7025.0,7156.0,7150.0,7197.0,30455217.0,217944624251.0,3825.0
2019-09-28,7240.0,7498.0,7200.0,7312.0,7290.0,7156.0,36771511.0,268875188748.0,4669.0
2019-09-29,7310.0,7310.0,6999.0,7109.0,7160.0,7312.0,35430892.0,251891769402.0,4577.0
2019-09-30,7120.0,7464.0,7120.0,7391.0,7464.0,7109.0,30236868.0,223476685568.0,2813.0
2019-10-01,7728.0,7760.0,7311.0,7704.0,7569.0,7391.0,93424696.0,719755347117.0,5060.0
2019-10-02,7598.0,8089.0,7501.0,7989.0,7987.0,7704.0,84968499.0,678798212858.0,6279.0
2019-10-05,8150.0,8350.0,7800.0,8095.0,7875.0,7989.0,39620808.0,320728266482.0,5324.0
2019-10-06,7949.0,7997.0,7700.0,7846.0,7917.0,8095.0,25125170.0,197122180027.0,3149.0
2019-10-07,7960.0,8100.0,7750.0,7913.0,7888.0,7846.0,27618208.0,218533307417.0,3479.0
2019-10-08,7801.0,7960.0,7518.0,7659.0,7518.0,7913.0,24707862.0,189242609852.0,2496.0
2019-10-09,7350.0,7490.0,7277.0,7314.0,7361.0,7659.0,40414321.0,295572581700.0,3691.0
2019-10-12,7363.0,7589.0,7280.0,7388.0,7440.0,7314.0,15708007.0,116044317116.0,2583.0
2019-10-13,7420.0,7524.0,7019.0,7175.0,7019.0,7388.0,27932093.0,200423501972.0,3425.0
2019-10-14,7000.0,7050.0,6817.0,6840.0,6820.0,7175.0,27584301.0,188673587900.0,3671.0
2019-10-15,6890.0,7180.0,6498.0,6581.0,6498.0,6840.0,60423473.0,397642950668.0,4474.0
2019-10-16,6520.0,6800.0,6405.0,6596.0,6622.0,6581.0,29629989.0,195437010919.0,3188.0
2019-10-20,6612.0,6793.0,6267.0,6298.0,6267.0,6596.0,69664365.0,438767687748.0,3815.0
2019-10-21,6300.0,6612.0,6140.0,6457.0,6612.0,6298.0,27209445.0,175704106708.0,2827.0
2019-10-22,6779.0,6779.0,6623.0,6768.0,6779.0,6457.0,50497732.0,341754709840.0,2979.0
2019-10-23,7039.0,7106.0,6792.0,6984.0,7000.0,6768.0,30095914.0,210198123703.0,4367.0
2019-10-26,7000.0,7020.0,6700.0,6925.0,6901.0,6984.0,18176789.0,125878112093.0,2416.0
2019-10-28,6998.0,7250.0,6926.0,7183.0,7240.0,6925.0,22213053.0,159555365023.0,2680.0
2019-10-30,7275.0,7536.0,7270.0,7421.0,7400.0,7183.0,21122151.0,156753974496.0,3333.0
2019-11-02,7385.0,7570.0,7050.0,7236.0,7180.0,7421.0,24304468.0,175859629430.0,4057.0
2019-11-03,7197.0,7597.0,7130.0,7574.0,7597.0,7236.0,114758398.0,869170051794.0,6004.0
2019-11-04,7640.0,7695.0,7421.0,7591.0,7451.0,7574.0,50431279.0,382819469555.0,5552.0
2019-11-05,7440.0,7964.0,7355.0,7747.0,7739.0,7591.0,36416040.0,282133174522.0,4010.0
2019-11-09,8000.0,8134.0,7900.0,8094.0,7998.0,7747.0,68187483.0,551910132150.0,6082.0
2019-11-10,7955.0,8094.0,7700.0,7927.0,7950.0,8094.0,27628034.0,218994120500.0,3910.0
2019-11-11,8010.0,8323.0,7950.0,8273.0,8323.0,7927.0,66663287.0,551482390822.0,6622.0
2019-11-12,8398.0,8490.0,8200.0,8356.0,8230.0,8273.0,28826652.0,240874504159.0,5212.0
2019-11-13,8240.0,8559.0,8150.0,8309.0,8200.0,8356.0,30456415.0,253051853145.0,4435.0
2019-11-16,8035.0,8209.0,7894.0,7946.0,7894.0,8309.0,61547279.0,489084243064.0,6151.0
2019-11-17,7549.0,7799.0,7549.0,7556.0,7570.0,7946.0,110590732.0,835574165614.0,6274.0
2019-11-18,7600.0,7900.0,7599.0,7755.0,7749.0,7556.0,18288567.0,141820438298.0,2615.0
2019-11-19,7854.0,8020.0,7821.0,7925.0,7899.0,7755.0,11433952.0,90612350332.0,1932.0
2019-11-20,7900.0,8000.0,7761.0,7849.0,7860.0,7925.0,10195409.0,80024334004.0,2163.0
2019-11-23,7999.0,7999.0,7790.0,7862.0,7805.0,7849.0,12535243.0,98550650270.0,2076.0
2019-11-24,7850.0,8050.0,7600.0,7911.0,8010.0,7862.0,23176940.0,183351973338.0,3122.0
2019-11-25,8020.0,8306.0,8020.0,8289.0,8306.0,7911.0,55077290.0,456515188707.0,4737.0
2019-11-26,8400.0,8500.0,8151.0,8315.0,8229.0,8289.0,14935494.0,124181288463.0,2596.0
2019-11-27,8500.0,8510.0,8190.0,8317.0,8250.0,8315.0,14212970.0,118209555675.0,2534.0
2019-11-30,8301.0,8444.0,8267.0,8378.0,8291.0,8317.0,14693663.0,123108539953.0,2961.0
2019-12-01,8211.0,8553.0,8195.0,8359.0,8378.0,8378.0,27316916.0,228355694597.0,4457.0
2019-12-02,8401.0,8500.0,8143.0,8313.0,8222.0,8359.0,26541705.0,220639005161.0,3380.0
2019-12-03,8371.0,8447.0,8201.0,8345.0,8265.0,8313.0,19146034.0,159775325172.0,2751.0
2019-12-04,8310.0,8403.0,8220.0,8299.0,8240.0,8345.0,14828488.0,123067244113.0,2758.0
2019-12-07,8261.0,8470.0,8162.0,8318.0,8340.0,8299.0,35091703.0,291905369702.0,5010.0
2019-12-08,8350.0,8731.0,8270.0,8594.0,8610.0,8318.0,29454661.0,253147394815.0,4175.0
2019-12-09,8730.0,9023.0,8717.0,8958.0,9023.0,8594.0,53001372.0,474778363058.0,5067.0
2019-12-10,9199.0,9390.0,9001.0,9190.0,9060.0,8958.0,55465481.0,509738009776.0,7404.0
2019-12-11,9012.0,9640.0,9012.0,9474.0,9499.0,9190.0,53286161.0,504843417065.0,5886.0
2019-12-14,9614.0,9740.0,9310.0,9539.0,9600.0,9474.0,23516806.0,224334926028.0,3999.0
2019-12-15,9783.0,9783.0,9245.0,9422.0,9311.0,9539.0,30330875.0,285778946937.0,4228.0
2019-12-16,9333.0,9450.0,9236.0,9329.0,9238.0,9422.0,19109066.0,178272686014.0,3549.0
2019-12-17,9650.0,9688.0,9152.0,9364.0,9175.0,9329.0,26452062.0,247684444290.0,4356.0
2019-12-18,9200.0,9230.0,8896.0,9072.0,9100.0,9364.0,22424127.0,203433762471.0,4629.0
2019-12-21,9131.0,9217.0,9000.0,9098.0,9055.0,9072.0,17432646.0,158598409673.0,3582.0
2019-12-22,9100.0,9149.0,8900.0,9020.0,8976.0,9098.0,18733682.0,168969501774.0,4020.0
2019-12-23,9000.0,9410.0,8820.0,9130.0,9066.0,9020.0,30337385.0,276972517258.0,4726.0
2019-12-24,9005.0,9265.0,9000.0,9106.0,9079.0,9130.0,16587075.0,151035339879.0,3062.0
2019-12-25,9100.0,9561.0,9062.0,9426.0,9551.0,9106.0,37308135.0,351671845692.0,5952.0
2019-12-28,9678.0,9747.0,9323.0,9506.0,9369.0,9426.0,29441866.0,279864546449.0,5950.0
2019-12-29,9410.0,9574.0,9315.0,9417.0,9400.0,9506.0,20850138.0,196338598310.0,4383.0
2019-12-30,9449.0,9499.0,9300.0,9368.0,9362.0,9417.0,19245600.0,180299200264.0,4321.0
2019-12-31,9430.0,9488.0,9050.0,9245.0,9168.0,9368.0,24335608.0,224990710786.0,4849.0
2020-01-01,9200.0,9428.0,9062.0,9188.0,9100.0,9245.0,28343479.0,260411297401.0,5174.0
2020-01-04,8729.0,8729.0,8729.0,8729.0,8729.0,9188.0,81487665.0,711305827785.0,2681.0
2020-01-05,8670.0,8670.0,8293.0,8482.0,8363.0,8729.0,85403287.0,724363552976.0,8829.0
2020-01-07,8430.0,8570.0,8058.0,8210.0,8058.0,8482.0,35797657.0,293897232161.0,3252.0
2020-01-08,8046.0,8370.0,8046.0,8076.0,8301.0,8210.0,134557771.0,1086724215149.0,6037.0
2020-01-11,8237.0,8237.0,8237.0,8237.0,8237.0,8076.0,1398350.0,11518208950.0,123.0
2020-01-12,8648.0,8648.0,8648.0,8648.0,8648.0,8237.0,16779320.0,145107559360.0,489.0
2020-01-13,9080.0,9080.0,9080.0,9080.0,9080.0,8648.0,83350679.0,756824165320.0,2907.0
2020-01-14,9534.0,9534.0,9368.0,9527.0,9534.0,9080.0,150645969.0,1435169400907.0,10531.0
2020-01-15,9500.0,10003.0,9351.0,9925.0,10003.0,9527.0,93079508.0,923825570996.0,7712.0
2020-01-18,10400.0,10421.0,10199.0,10385.0,10244.0,9925.0,89049625.0,924798714700.0,11611.0
2020-01-19,10245.0,10731.0,10051.0,10389.0,10498.0,10385.0,44343843.0,460686570876.0,8996.0
2020-01-20,10400.0,10600.0,10111.0,10332.0,10248.0,10389.0,33534209.0,346480172964.0,6743.0
2020-01-21,10200.0,10451.0,9889.0,10129.0,9900.0,10332.0,33303372.0,337336387591.0,7553.0
2020-01-22,10000.0,10500.0,9885.0,10315.0,10356.0,10129.0,32200052.0,332155071910.0,5983.0
2020-01-25,10500.0,10830.0,10500.0,10731.0,10830.0,10315.0,64971702.0,697234836757.0,8743.0
2020-01-26,11189.0,11217.0,10605.0,11001.0,10750.0,10731.0,50938578.0,560359470752.0,10141.0
2020-01-27,10840.0,11179.0,10500.0,10946.0,10898.0,11001.0,30277717.0,331424112465.0,5521.0
2020-01-28,11174.0,11493.0,11170.0,11475.0,11493.0,10946.0,100940100.0,1158304314414.0,8508.0
2020-02-01,11966.0,12048.0,11900.0,12030.0,12048.0,11475.0,101051062.0,1215596034535.0,9096.0
2020-02-02,12490.0,12490.0,12055.0,12417.0,12200.0,12030.0,3655760.0,45392921027.0,768.0
2020-02-05,13037.0,13450.0,12481.0,12835.0,12750.0,12417.0,76058069.0,976219372418.0,12341.0
2020-02-08,12840.0,12845.0,12194.0,12241.0,12195.0,12835.0,54206684.0,663540474285.0,8879.0
2020-02-09,12190.0,12800.0,12000.0,12407.0,12239.0,12241.0,44575548.0,553048722412.0,9842.0
2020-02-10,12490.0,12490.0,11787.0,11902.0,11787.0,12407.0,217487713.0,2588609781912.0,29492.0
2020-02-12,11920.0,12100.0,11311.0,11658.0,11434.0,11902.0,119590268.0,1394171545275.0,28689.0
2020-02-15,11640.0,11640.0,11076.0,11142.0,11076.0,11658.0,32975293.0,367406021595.0,7079.0
2020-02-16,11000.0,11379.0,10586.0,10858.0,10801.0,11142.0,78333171.0,850520491939.0,18341.0
2020-02-17,10989.0,10989.0,10316.0,10457.0,10381.0,10858.0,97121688.0,1015645588128.0,21820.0
2020-02-18,10501.0,10978.0,10244.0,10631.0,10820.0,10457.0,73289152.0,779167698321.0,16851.0
2020-02-19,10980.0,11000.0,10512.0,10749.0,10640.0,10631.0,42750230.0,459528341885.0,14307.0
2020-02-22,10212.0,11066.0,10212.0,10461.0,10490.0,10749.0,64209906.0,671711646738.0,14014.0
2020-02-23,10802.0,10984.0,10700.0,10892.0,10878.0,10461.0,52952864.0,576748552112.0,12354.0
2020-02-24,10982.0,11070.0,10491.0,10756.0,10799.0,10892.0,53224905.0,572484863327.0,13447.0
2020-02-25,10850.0,11289.0,10750.0,11041.0,11169.0,10756.0,65800490.0,726490167478.0,14589.0
2020-02-26,11300.0,11300.0,10498.0,10821.0,10520.0,11041.0,49563825.0,536323635370.0,13425.0
2020-02-29,10799.0,11300.0,10357.0,10933.0,11198.0,10821.0,77530635.0,847641130200.0,20628.0
2020-03-01,11429.0,11479.0,11250.0,11461.0,11479.0,10933.0,40653599.0,465923812877.0,7086.0
2020-03-02,12034.0,12635.0,11505.0,12385.0,12635.0,11461.0,59969244.0,742714590395.0,11390.0
2020-03-03,13004.0,13004.0,12450.0,12784.0,12610.0,12385.0,60391838.0,772070790827.0,19720.0
2020-03-04,12650.0,12650.0,12145.0,12292.0,12160.0,12784.0,66000549.0,811261405555.0,19344.0
2020-03-07,12200.0,12500.0,11720.0,12068.0,11865.0,12292.0,47960190.0,578786657140.0,16096.0
2020-03-09,11990.0,12100.0,11465.0,11542.0,11465.0,12068.0,42401203.0,489395993320.0,9416.0
2020-03-10,11160.0,12093.0,11160.0,11600.0,11440.0,11542.0,53887774.0,625116481117.0,12809.0
2020-03-11,11990.0,12180.0,11800.0,12137.0,12180.0,11600.0,71921462.0,872879274798.0,12584.0
2020-03-14,12300.0,12300.0,11531.0,11647.0,11531.0,12137.0,73705726.0,858461257288.0,12263.0
2020-03-15,11399.0,12000.0,11065.0,11575.0,11497.0,11647.0,99135784.0,1147454886697.0,23353.0
2020-05-16,1174.0,1174.0,1174.0,1174.0,1174.0,587.0,97199726.0,114112478324.0,1637.0
2020-05-17,1232.0,1232.0,1232.0,1232.0,1232.0,1174.0,103255861.0,127211220752.0,2098.0
2020-05-18,1293.0,1293.0,1293.0,1293.0,1293.0,1232.0,102404033.0,132408414669.0,2333.0
2020-05-19,1357.0,1357.0,1357.0,1357.0,1357.0,1293.0,103335550.0,140226341350.0,2678.0
2020-05-20,1424.0,1424.0,1424.0,1420.0,1424.0,1357.0,95725270.0,136312784480.0,2471.0
2020-05-23,1353.0,1491.0,1350.0,1449.0,1491.0,1420.0,2429106868.0,3520284523391.0,85894.0
2020-05-26,1377.0,1491.0,1377.0,1380.0,1378.0,1449.0,3051759056.0,4211920000000.0,98013.0
2020-05-27,1449.0,1449.0,1420.0,1447.0,1449.0,1380.0,691041787.0,1000265940165.0,19907.0
2020-05-30,1519.0,1519.0,1519.0,1519.0,1519.0,1447.0,155425142.0,236090790698.0,4906.0
2020-05-31,1594.0,1594.0,1444.0,1581.0,1579.0,1519.0,3002410982.0,4748289832043.0,111623.0
2020-06-01,1570.0,1648.0,1520.0,1587.0,1559.0,1581.0,2043955926.0,3244718707343.0,92427.0
2020-06-02,1600.0,1666.0,1587.0,1653.0,1666.0,1587.0,1735429100.0,2869419582517.0,60410.0
2020-06-06,1735.0,1735.0,1666.0,1730.0,1735.0,1653.0,707050453.0,1223529735307.0,26093.0
2020-06-07,1816.0,1816.0,1816.0,1803.0,1816.0,1730.0,61756552.0,112149898432.0,1568.0
2020-06-10,2355.0,2398.0,2238.0,2296.0,2353.0,1803.0,2278573495.0,5230648656867.0,91111.0
2020-06-13,2410.0,2410.0,2360.0,2410.0,2410.0,2296.0,895927361.0,2158653209000.0,29160.0
2020-06-14,2530.0,2530.0,2430.0,2530.0,2530.0,2410.0,1643534181.0,4152837925700.0,56106.0
2020-06-15,2650.0,2650.0,2650.0,2650.0,2650.0,2530.0,91439694.0,242315189100.0,3433.0
2020-06-16,2780.0,2780.0,2780.0,2780.0,2780.0,2650.0,73924641.0,205510501980.0,2097.0
2020-06-20,2910.0,2910.0,2910.0,2910.0,2910.0,2780.0,122367538.0,356089535580.0,3214.0
2020-06-21,3050.0,3050.0,3050.0,3050.0,3050.0,2910.0,205240561.0,625983711050.0,4251.0
2020-06-22,3200.0,3200.0,3200.0,3200.0,3200.0,3050.0,177196996.0,567030387200.0,3497.0
2020-06-23,3360.0,3360.0,3360.0,3360.0,3360.0,3200.0,93223532.0,313231067520.0,2712.0
2020-06-24,3520.0,3520.0,3520.0,3520.0,3520.0,3360.0,289944697.0,1020605333440.0,4670.0
2020-06-27,3690.0,3690.0,3690.0,3690.0,3690.0,3520.0,99461165.0,367011698850.0,3010.0
2020-06-28,3870.0,3870.0,3690.0,3860.0,3870.0,3690.0,1914535657.0,7398619290510.0,62494.0
2020-06-29,3960.0,4050.0,3670.0,3980.0,4050.0,3860.0,1037306260.0,4127614321130.0,48325.0
2020-06-30,4170.0,4170.0,4170.0,4170.0,4170.0,3980.0,53682034.0,223854081780.0,2365.0
2020-07-01,4370.0,4370.0,4370.0,4370.0,4370.0,4170.0,42288449.0,184800522130.0,2505.0
2020-07-04,4580.0,4580.0,4580.0,4580.0,4580.0,4370.0,91996639.0,421344606620.0,2315.0
2020-07-05,4800.0,4800.0,4800.0,4800.0,4800.0,4580.0,311297545.0,1494228216000.0,4311.0
2020-07-06,5040.0,5040.0,5040.0,5040.0,5040.0,4800.0,65285061.0,329036707440.0,1700.0
2020-07-07,5290.0,5290.0,5290.0,5290.0,5290.0,5040.0,27514807.0,145553329030.0,563.0
2020-07-12,5550.0,5550.0,5550.0,5550.0,5550.0,5290.0,1433348730.0,7955085451500.0,57030.0
2020-07-13,5820.0,5820.0,5820.0,5820.0,5820.0,5550.0,346244984.0,2015145806880.0,11146.0
2020-07-14,6110.0,6110.0,6110.0,6110.0,6110.0,5820.0,110461140.0,674917565400.0,3549.0
2020-07-15,6410.0,6410.0,5810.0,6050.0,5810.0,6110.0,1604572158.0,9706178116120.0,135974.0
2020-07-18,5750.0,5750.0,5750.0,5750.0,5750.0,6050.0,977468875.0,5620446031250.0,75862.0
2020-07-19,6030.0,6030.0,6030.0,6030.0,6030.0,5750.0,283317696.0,1708405706880.0,7172.0
2020-07-20,6330.0,6330.0,6000.0,6330.0,6330.0,6030.0,1216294676.0,7696195067190.0,51700.0
2020-07-27,7500.0,7870.0,7130.0,7660.0,7500.0,6330.0,1957398988.0,15000036226110.0,153512.0
2020-07-28,7550.0,8040.0,7280.0,7380.0,7280.0,7660.0,784862469.0,5795493245500.0,98644.0
2020-07-29,7020.0,7020.0,7020.0,7020.0,7020.0,7380.0,345723450.0,2426978619000.0,45631.0
2020-08-01,6670.0,7370.0,6670.0,7030.0,7090.0,7020.0,1295968253.0,9112796737940.0,135954.0
2020-08-02,7370.0,7380.0,6680.0,6970.0,6680.0,7030.0,1318064225.0,9190916772560.0,140586.0
2020-08-03,6630.0,6630.0,6630.0,6630.0,6630.0,6970.0,193426764.0,1282419445320.0,27797.0
2020-08-04,6300.0,6300.0,6300.0,6300.0,6300.0,6630.0,122917835.0,774382360500.0,19289.0
2020-08-05,6210.0,6610.0,5990.0,6320.0,6120.0,6300.0,1437753255.0,9087447074960.0,120385.0
2020-08-09,6010.0,6010.0,6010.0,6010.0,6010.0,6320.0,252088848.0,1515053976480.0,34285.0
2020-08-10,5710.0,5710.0,5710.0,5710.0,5710.0,6010.0,85842355.0,490159847050.0,15463.0
2020-08-11,5430.0,5430.0,5430.0,5430.0,5430.0,5710.0,63676604.0,345763959720.0,10502.0
2020-08-12,5620.0,5700.0,5160.0,5380.0,5160.0,5430.0,664075645.0,3573172139350.0,57528.0
2020-08-15,5120.0,5120.0,5120.0,5120.0,5120.0,5380.0,102548269.0,525047137280.0,15504.0
2020-08-16,4870.0,4870.0,4870.0,4870.0,4870.0,5120.0,115551638.0,562736477060.0,11232.0
2020-08-17,4630.0,5000.0,4630.0,4670.0,4630.0,4870.0,2450771640.0,11444430499490.0,122564.0
2020-08-18,4900.0,4900.0,4670.0,4850.0,4690.0,4670.0,1736187752.0,8412995736420.0,130594.0
2020-08-19,4610.0,4690.0,4610.0,4610.0,4610.0,4850.0,135427597.0,624590085980.0,14163.0
2020-08-22,4610.0,4800.0,4380.0,4450.0,4380.0,4610.0,627052325.0,2788570046190.0,36460.0
2020-08-23,4230.0,4230.0,4230.0,4230.0,4230.0,4450.0,111652130.0,472288509900.0,8391.0
2020-08-24,4020.0,4020.0,4020.0,4020.0,4020.0,4230.0,34993225.0,140672764500.0,4981.0
2020-08-25,3820.0,4220.0,3820.0,4060.0,4220.0,4020.0,1763473140.0,7159352107950.0,73533.0
2020-08-26,4260.0,4260.0,4220.0,4260.0,4260.0,4060.0,393783085.0,1676842944850.0,23912.0
2020-08-31,4470.0,4470.0,4050.0,4190.0,4050.0,4260.0,1226939742.0,5135260527430.0,64586.0
2020-09-01,3990.0,3990.0,3990.0,3990.0,3990.0,4190.0,49079361.0,195826650390.0,5831.0
2020-09-02,3800.0,3800.0,3800.0,3820.0,3800.0,3990.0,25243812.0,95926485600.0,4248.0
2020-09-05,3660.0,3850.0,3630.0,3670.0,3840.0,3820.0,2201302038.0,8078379385040.0,83416.0
2020-09-06,3710.0,3820.0,3490.0,3550.0,3490.0,3670.0,1807376782.0,6424664493180.0,75092.0
2020-09-07,3380.0,3380.0,3380.0,3430.0,3380.0,3550.0,21413868.0,72378873840.0,2939.0
2020-09-15,3400.0,3570.0,3400.0,3410.0,3560.0,3430.0,1166927150.0,3980524874480.0,23964.0
2020-09-16,3580.0,3580.0,3260.0,3510.0,3350.0,3410.0,2593261543.0,9097595435570.0,120082.0
2020-09-19,3440.0,3470.0,3340.0,3350.0,3340.0,3510.0,1183742632.0,3969222876150.0,49549.0
2020-09-20,3200.0,3270.0,3190.0,3200.0,3190.0,3350.0,290821456.0,931049164760.0,14201.0
2020-09-21,3040.0,3040.0,3040.0,3040.0,3040.0,3200.0,499565303.0,1518678521120.0,11008.0
2020-09-22,3010.0,3120.0,2890.0,2910.0,2930.0,3040.0,2216695297.0,6453833003700.0,82567.0
2020-09-23,2940.0,3050.0,2800.0,2970.0,2960.0,2910.0,1894374408.0,5616855202600.0,79337.0
2020-09-26,3010.0,3100.0,2830.0,2910.0,2830.0,2970.0,970102394.0,2822637176690.0,47789.0
2020-09-27,2770.0,2770.0,2770.0,2770.0,2770.0,2910.0,44632756.0,123632734120.0,4061.0
2020-09-28,2640.0,2640.0,2640.0,2640.0,2640.0,2770.0,94669465.0,249927387600.0,3030.0
2020-09-29,2510.0,2640.0,2510.0,2520.0,2600.0,2640.0,2263774716.0,5714309789270.0,75468.0
2020-09-30,2590.0,2640.0,2480.0,2610.0,2640.0,2520.0,1168247911.0,3047253923480.0,46823.0
2020-10-03,2740.0,2740.0,2740.0,2740.0,2740.0,2610.0,80772183.0,221315781420.0,3058.0
2020-10-04,2870.0,2870.0,2760.0,2870.0,2870.0,2740.0,2026804897.0,5812584949040.0,49789.0
2020-10-05,2800.0,3010.0,2800.0,2960.0,3010.0,2870.0,967991001.0,2861246814770.0,25832.0
2020-10-06,3100.0,3100.0,3100.0,3100.0,3100.0,2960.0,183681677.0,569413198700.0,2969.0
2020-10-07,3250.0,3250.0,3250.0,3250.0,3250.0,3100.0,182381376.0,592739472000.0,3991.0
2020-10-10,3410.0,3410.0,3410.0,3410.0,3410.0,3250.0,117671289.0,401259095490.0,3495.0
2020-10-11,3580.0,3580.0,3420.0,3580.0,3580.0,3410.0,1648794992.0,5896269602980.0,40056.0
2020-10-12,3720.0,3750.0,3580.0,3730.0,3750.0,3580.0,3315229973.0,12380778347070.0,127895.0
2020-10-13,3800.0,3910.0,3730.0,3880.0,3910.0,3730.0,2009727499.0,7797344009190.0,84984.0
2020-10-14,3690.0,3690.0,3690.0,3690.0,3690.0,3880.0,182383213.0,672994055970.0,14809.0
2020-10-18,3510.0,3510.0,3510.0,3530.0,3510.0,3690.0,29534479.0,103666021290.0,3061.0
2020-10-19,3360.0,3360.0,3360.0,3360.0,3360.0,3530.0,39427301.0,132475731360.0,2105.0
2020-10-20,3200.0,3200.0,3200.0,3200.0,3200.0,3360.0,639433941.0,2046188611200.0,10923.0
2020-10-21,3310.0,3360.0,3080.0,3320.0,3260.0,3200.0,2494817097.0,8278212456060.0,90355.0
2020-10-24,3160.0,3260.0,3160.0,3160.0,3160.0,3320.0,572628898.0,1810295980160.0,15490.0
2020-10-26,3010.0,3260.0,3010.0,3070.0,3160.0,3160.0,1414877390.0,4336620458850.0,46411.0
2020-10-27,3160.0,3220.0,2920.0,3040.0,3040.0,3070.0,1441026839.0,4379242914480.0,58292.0
2020-10-28,3070.0,3190.0,2950.0,3150.0,3190.0,3040.0,1461179994.0,4605760186190.0,44194.0
2020-10-31,3280.0,3300.0,3220.0,3290.0,3300.0,3150.0,414253505.0,1363787841940.0,11884.0
2020-11-02,3470.0,3580.0,3330.0,3420.0,3380.0,3290.0,1476000023.0,5053730889360.0,56753.0
2020-11-04,3250.0,3490.0,3250.0,3280.0,3250.0,3420.0,988241148.0,3239837778610.0,35865.0
2020-11-07,3430.0,3440.0,3140.0,3350.0,3300.0,3280.0,1896370345.0,6344814575230.0,61483.0
2020-11-08,3190.0,3190.0,3190.0,3190.0,3190.0,3350.0,80965827.0,258280988130.0,3584.0
2020-11-09,3150.0,3270.0,3040.0,3100.0,3160.0,3190.0,1713409749.0,5317339730300.0,54281.0
2020-11-10,3200.0,3250.0,3040.0,3160.0,3180.0,3100.0,1615066749.0,5105022084590.0,50589.0
2020-11-11,3190.0,3310.0,3110.0,3250.0,3310.0,3160.0,1620136602.0,5269062890400.0,46096.0
2020-11-14,3410.0,3410.0,3360.0,3410.0,3410.0,3250.0,397035225.0,1353784747700.0,9741.0
2020-11-15,3580.0,3580.0,3320.0,3510.0,3520.0,3410.0,3695050259.0,12973115458830.0,109003.0
2020-11-16,3480.0,3680.0,3390.0,3650.0,3680.0,3510.0,1796911113.0,6554401342620.0,53764.0
2020-11-17,3720.0,3830.0,3670.0,3810.0,3830.0,3650.0,1621289949.0,6182573507060.0,52048.0
2020-11-18,3960.0,4000.0,3890.0,3990.0,4000.0,3810.0,959411339.0,3823682535960.0,37561.0
2020-11-21,4090.0,4160.0,3800.0,3970.0,3800.0,3990.0,3160937292.0,12548792745220.0,133416.0
2020-11-22,3810.0,4070.0,3780.0,3880.0,3850.0,3970.0,3248080441.0,12608672331990.0,107216.0
2020-11-23,3860.0,4050.0,3800.0,3940.0,4000.0,3880.0,1888946132.0,7451583444620.0,74027.0
2020-11-24,4000.0,4130.0,3800.0,4060.0,3960.0,3940.0,3506053982.0,14219286120680.0,122874.0
2020-11-25,3980.0,4150.0,3890.0,4030.0,3960.0,4060.0,1834877492.0,7390200535760.0,79149.0
2020-11-28,3850.0,3980.0,3830.0,3850.0,3840.0,4030.0,2664906914.0,10248475989980.0,110912.0
2020-11-29,3890.0,4040.0,3850.0,4000.0,4040.0,3850.0,2363975006.0,9447578712900.0,80749.0
2020-11-30,4110.0,4200.0,4060.0,4150.0,4110.0,4000.0,2399161743.0,9968056990300.0,99843.0
2020-12-01,4070.0,4200.0,4000.0,4080.0,4000.0,4150.0,1811404719.0,7389739717950.0,81148.0
2020-12-02,4020.0,4150.0,3880.0,3990.0,3920.0,4080.0,1571232108.0,6264354462440.0,74616.0
2020-12-05,3910.0,4180.0,3910.0,4110.0,4180.0,3990.0,1988364501.0,8164644520910.0,65974.0
2020-12-06,4270.0,4310.0,4230.0,4300.0,4310.0,4110.0,2537553220.0,10922485293770.0,89587.0
2020-12-07,4320.0,4370.0,4090.0,4180.0,4110.0,4300.0,2895139358.0,12109873562440.0,125566.0
2020-12-08,4160.0,4340.0,3990.0,4170.0,4200.0,4180.0,1662519082.0,6925569077990.0,76753.0
2020-12-09,4210.0,4300.0,4060.0,4160.0,4180.0,4170.0,996182647.0,4140957230680.0,58122.0
2020-12-12,4200.0,4240.0,3960.0,4070.0,4000.0,4160.0,1593890231.0,6494601745000.0,90620.0
2020-12-13,3970.0,4070.0,3870.0,3910.0,3880.0,4070.0,1312021282.0,5130617189490.0,69566.0
2020-12-14,3910.0,4040.0,3720.0,3810.0,3720.0,3910.0,1468736610.0,5591222603510.0,60976.0
2020-12-15,3650.0,3760.0,3620.0,3620.0,3650.0,3810.0,1768181344.0,6406985321760.0,51101.0
2020-12-16,3620.0,3750.0,3500.0,3640.0,3680.0,3620.0,1279409249.0,4661091553600.0,65093.0
2020-12-19,3730.0,3780.0,3550.0,3660.0,3640.0,3640.0,781890161.0,2864070414290.0,41254.0
2020-12-20,3670.0,3680.0,3480.0,3510.0,3480.0,3660.0,992705258.0,3484631624820.0,44085.0
2020-12-21,3430.0,3540.0,3340.0,3380.0,3340.0,3510.0,1059440381.0,3580270547500.0,48972.0
2020-12-22,3330.0,3540.0,3280.0,3500.0,3540.0,3380.0,1207705349.0,4224372943870.0,48488.0
2020-12-23,3600.0,3620.0,3350.0,3460.0,3430.0,3500.0,972435252.0,3361343350740.0,51704.0
2020-12-26,3420.0,3450.0,3290.0,3310.0,3290.0,3460.0,566923668.0,1873960305590.0,28252.0
2020-12-27,3200.0,3400.0,3150.0,3230.0,3240.0,3310.0,1021949191.0,3296272117640.0,50802.0
2020-12-28,3250.0,3390.0,3180.0,3340.0,3350.0,3230.0,1188517259.0,3973673037680.0,51472.0
2020-12-29,3340.0,3340.0,3180.0,3190.0,3180.0,3340.0,867029147.0,2769103024110.0,35919.0
2020-12-30,3220.0,3260.0,3040.0,3110.0,3070.0,3190.0,908791566.0,2824067586210.0,45272.0
2021-01-02,3030.0,3080.0,2960.0,2970.0,2960.0,3110.0,754936784.0,2240768944730.0,32907.0
2021-01-03,2900.0,3070.0,2850.0,2980.0,3050.0,2970.0,1104370171.0,3294771026340.0,44859.0
2021-01-04,3060.0,3120.0,2980.0,3080.0,3090.0,2980.0,1046244915.0,3227598473310.0,39873.0
2021-01-05,3060.0,3070.0,2930.0,2940.0,2930.0,3080.0,851598528.0,2505416490130.0,31028.0
2021-01-06,2860.0,2930.0,2800.0,2810.0,2800.0,2940.0,661353880.0,1855444422320.0,23112.0
2021-01-09,2740.0,2880.0,2670.0,2740.0,2770.0,2810.0,1077447855.0,2953893267740.0,44618.0
2021-01-10,2830.0,2870.0,2770.0,2850.0,2870.0,2740.0,774810281.0,2211416001170.0,31056.0
2021-01-11,2880.0,2900.0,2710.0,2750.0,2730.0,2850.0,974171290.0,2682450872870.0,36806.0
2021-01-12,2690.0,2700.0,2620.0,2630.0,2620.0,2750.0,475827555.0,1249102228450.0,14645.0
2021-01-13,2540.0,2650.0,2500.0,2540.0,2640.0,2630.0,1344091585.0,3416925229430.0,42383.0
2021-01-16,2600.0,2620.0,2420.0,2450.0,2450.0,2540.0,1403391066.0,3445068437450.0,33763.0
2021-01-18,2440.0,2440.0,2330.0,2360.0,2330.0,2450.0,372127212.0,877163917530.0,11934.0
2021-01-19,2280.0,2470.0,2280.0,2450.0,2470.0,2360.0,584507181.0,1431760984490.0,15803.0
2021-01-20,2490.0,2570.0,2480.0,2560.0,2570.0,2450.0,381672346.0,976930814570.0,9472.0
2021-01-23,2680.0,2680.0,2680.0,2680.0,2680.0,2560.0,120727715.0,323550276200.0,3718.0
2021-01-24,2810.0,2810.0,2570.0,2730.0,2630.0,2680.0,1469759589.0,4017601221660.0,51472.0
2021-01-25,2700.0,2850.0,2600.0,2750.0,2770.0,2730.0,1059127890.0,2917140618940.0,34842.0
2021-01-26,2790.0,2830.0,2620.0,2670.0,2620.0,2750.0,690341038.0,1844200416390.0,21935.0
2021-01-27,2620.0,2720.0,2540.0,2610.0,2640.0,2670.0,743555656.0,1943092142940.0,24164.0
2021-01-30,2640.0,2740.0,2640.0,2730.0,2740.0,2610.0,348405253.0,952363988530.0,9332.0
2021-01-31,2860.0,2860.0,2650.0,2770.0,2700.0,2730.0,1105299367.0,3061981481200.0,35518.0
2021-02-01,2680.0,2810.0,2640.0,2680.0,2640.0,2770.0,588463504.0,1579562926360.0,19486.0
2021-02-02,2580.0,2780.0,2550.0,2650.0,2650.0,2680.0,1168691734.0,3094859838250.0,32794.0
2021-02-03,2700.0,2730.0,2520.0,2570.0,2520.0,2650.0,626893156.0,1613835598070.0,20524.0
2021-02-06,2570.0,2570.0,2450.0,2460.0,2450.0,2570.0,476502822.0,1172254128510.0,12977.0
2021-02-07,2520.0,2580.0,2490.0,2570.0,2580.0,2460.0,347874581.0,893470817530.0,7837.0
2021-02-08,2690.0,2690.0,2530.0,2630.0,2670.0,2570.0,1192787774.0,3140183673670.0,34569.0
2021-02-09,2630.0,2760.0,2600.0,2750.0,2760.0,2630.0,1007085333.0,2766121435280.0,26255.0
2021-02-13,2910.0,2910.0,2860.0,2910.0,2910.0,2750.0,574382900.0,1671318618980.0,13814.0
2021-02-14,3000.0,3000.0,2860.0,2890.0,2860.0,2910.0,1101184686.0,3185183274940.0,31944.0
2021-02-15,2860.0,2900.0,2840.0,2850.0,2840.0,2890.0,349086495.0,995025470870.0,12592.0
2021-02-16,2800.0,2820.0,2800.0,2800.0,2800.0,2850.0,119046057.0,333346158090.0,2484.0
2021-02-17,2750.0,2750.0,2750.0,2760.0,2750.0,2800.0,33429211.0,91930330250.0,1713.0
2021-02-20,2710.0,2710.0,2710.0,2740.0,2710.0,2760.0,21541962.0,58378717020.0,1166.0
2021-02-21,2690.0,2690.0,2690.0,2730.0,2690.0,2740.0,6408927.0,17240013630.0,579.0
2021-02-22,2680.0,2680.0,2680.0,2720.0,2680.0,2730.0,10249997.0,27469991960.0,482.0
2021-02-23,2670.0,2720.0,2670.0,2670.0,2670.0,2720.0,504496862.0,1349351892570.0,16041.0
2021-02-24,2650.0,2710.0,2620.0,2640.0,2620.0,2670.0,113834945.0,300193892760.0,4950.0
2021-02-27,2590.0,2590.0,2590.0,2590.0,2590.0,2640.0,103082827.0,266984521930.0,1792.0
2021-02-28,2540.0,2540.0,2540.0,2580.0,2540.0,2590.0,6485723.0,16473736420.0,528.0
2021-03-01,2530.0,2530.0,2530.0,2530.0,2530.0,2580.0,55586986.0,140635074580.0,1479.0
2021-03-02,2480.0,2570.0,2480.0,2490.0,2480.0,2530.0,511161169.0,1273099106430.0,19471.0
2021-03-03,2450.0,2480.0,2450.0,2450.0,2450.0,2490.0,72384232.0,177374463870.0,2703.0
2021-03-06,2410.0,2410.0,2410.0,2440.0,2410.0,2450.0,11429926.0,27546121660.0,923.0
2021-03-07,2400.0,2430.0,2400.0,2400.0,2400.0,2440.0,357238450.0,857728499980.0,10537.0
2021-03-08,2380.0,2480.0,2360.0,2400.0,2460.0,2400.0,972728461.0,2332337527670.0,38618.0
2021-03-09,2490.0,2540.0,2370.0,2450.0,2380.0,2400.0,656499884.0,1609334250570.0,26610.0
2021-03-10,2410.0,2410.0,2410.0,2410.0,2410.0,2450.0,50839714.0,122523710740.0,2579.0
2021-03-13,2370.0,2440.0,2370.0,2380.0,2400.0,2410.0,806979323.0,1923548455300.0,27183.0
2021-03-14,2450.0,2520.0,2420.0,2500.0,2500.0,2380.0,1577658368.0,3941709376970.0,40292.0
2021-03-15,2490.0,2530.0,2450.0,2470.0,2450.0,2500.0,790889165.0,1954376051850.0,26026.0
2021-03-16,2460.0,2610.0,2450.0,2560.0,2600.0,2470.0,719459978.0,1842287799700.0,22424.0
2021-03-17,2620.0,2630.0,2510.0,2540.0,2520.0,2560.0,648871386.0,1644989719670.0,21456.0
2021-03-27,2520.0,2690.0,2490.0,2630.0,2670.0,2540.0,878226906.0,2312728588060.0,28283.0
2021-03-28,2670.0,2730.0,2590.0,2650.0,2610.0,2630.0,343600591.0,909653823820.0,13933.0
2021-03-30,2640.0,2640.0,2600.0,2610.0,2600.0,2650.0,123895903.0,322767657850.0,5127.0
2021-03-31,2560.0,2580.0,2560.0,2560.0,2560.0,2610.0,78264146.0,200367932220.0,2659.0
2021-04-03,2510.0,2510.0,2510.0,2540.0,2510.0,2560.0,22306197.0,55988554470.0,962.0
2021-04-04,2490.0,2490.0,2490.0,2520.0,2490.0,2540.0,21634453.0,53869787970.0,830.0
2021-04-05,2470.0,2470.0,2470.0,2470.0,2470.0,2520.0,61027532.0,150738004040.0,2232.0
2021-04-06,2450.0,2520.0,2430.0,2440.0,2430.0,2470.0,379566063.0,927004580160.0,13599.0
2021-04-07,2400.0,2430.0,2400.0,2400.0,2400.0,2440.0,56038847.0,134532072660.0,2526.0
2021-04-10,2360.0,2360.0,2360.0,2380.0,2360.0,2400.0,20540882.0,48476481520.0,1330.0
2021-04-11,2340.0,2340.0,2340.0,2340.0,2340.0,2380.0,94142350.0,220293099000.0,2837.0
2021-04-12,2310.0,2350.0,2300.0,2310.0,2320.0,2340.0,594386551.0,1373237701090.0,18253.0
2021-04-13,2370.0,2430.0,2310.0,2360.0,2350.0,2310.0,544207657.0,1283899891870.0,21068.0
2021-04-14,2350.0,2370.0,2320.0,2330.0,2320.0,2360.0,350945824.0,816427469900.0,11259.0
2021-04-17,2290.0,2310.0,2290.0,2290.0,2290.0,2330.0,69042105.0,158140168560.0,1909.0
2021-04-18,2250.0,2250.0,2250.0,2280.0,2250.0,2290.0,9610242.0,21623044500.0,692.0
2021-04-19,2240.0,2270.0,2240.0,2240.0,2260.0,2280.0,275315500.0,616936571350.0,7251.0
2021-04-20,2230.0,2280.0,2200.0,2220.0,2200.0,2240.0,698146095.0,1550206765670.0,22246.0
2021-04-21,2190.0,2210.0,2160.0,2160.0,2160.0,2220.0,214824503.0,465014204000.0,6949.0
2021-04-24,2100.0,2140.0,2100.0,2100.0,2100.0,2160.0,318688740.0,669569492710.0,8429.0
2021-04-25,2040.0,2040.0,2040.0,2080.0,2040.0,2100.0,19186276.0,39140003040.0,1138.0
2021-04-26,2020.0,2060.0,2020.0,2020.0,2030.0,2080.0,766152856.0,1549682894290.0,19109.0
2021-04-27,2050.0,2120.0,2010.0,2060.0,2030.0,2020.0,661773678.0,1361558510190.0,19634.0
2021-04-28,2060.0,2180.0,2020.0,2120.0,2160.0,2060.0,807459265.0,1708357752330.0,20859.0
2021-05-01,2130.0,2190.0,2060.0,2100.0,2060.0,2120.0,590218523.0,1239834683120.0,13263.0
2021-05-02,2040.0,2040.0,2040.0,2079.0,2040.0,2100.0,19594911.0,39973618440.0,1035.0
2021-05-03,2017.0,2017.0,2017.0,2058.0,2017.0,2079.0,19545141.0,39422549397.0,971.0
2021-05-05,1997.0,2027.0,1997.0,1999.0,1997.0,2058.0,769114887.0,1537092192235.0,18765.0
2021-05-08,2000.0,2020.0,1940.0,1952.0,1940.0,1999.0,149119762.0,291055244447.0,4658.0
2021-05-09,1894.0,1894.0,1894.0,1894.0,1894.0,1952.0,61487751.0,116457800394.0,1243.0
2021-05-10,1838.0,1924.0,1838.0,1858.0,1898.0,1894.0,784428921.0,1457236504544.0,20074.0
2021-05-11,1910.0,1969.0,1840.0,1945.0,1969.0,1858.0,635037324.0,1235010867838.0,18029.0
2021-05-12,2010.0,2030.0,1887.0,1936.0,1889.0,1945.0,601320806.0,1164271790225.0,18871.0
2021-05-15,1875.0,2009.0,1875.0,1950.0,1920.0,1936.0,355840919.0,693725239081.0,12137.0
2021-05-16,1930.0,2047.0,1925.0,2041.0,2047.0,1950.0,1000997689.0,2042897794171.0,16727.0
2021-05-17,2079.0,2109.0,1939.0,2010.0,1939.0,2041.0,709214458.0,1425391796661.0,16783.0
2021-05-18,1930.0,1975.0,1910.0,1919.0,1910.0,2010.0,783602778.0,1503417489223.0,16231.0
2021-05-19,1890.0,1925.0,1824.0,1840.0,1824.0,1919.0,261264767.0,480799799046.0,8795.0
2021-05-22,1750.0,1794.0,1748.0,1749.0,1748.0,1840.0,564902266.0,987897503039.0,11352.0
2021-05-23,1700.0,1740.0,1662.0,1674.0,1662.0,1749.0,413418982.0,692159589662.0,10537.0
2021-05-24,1610.0,1671.0,1605.0,1635.0,1650.0,1674.0,75980956.0,124260731362.0,2044.0
2021-05-25,1699.0,1699.0,1680.0,1682.0,1698.0,1635.0,51893654.0,87911536394.0,1618.0
2021-05-26,1710.0,1730.0,1650.0,1688.0,1677.0,1682.0,329776979.0,556713464650.0,14962.0
2021-05-29,1712.0,1772.0,1689.0,1767.0,1772.0,1688.0,437004822.0,772189270134.0,9402.0
2021-05-30,1845.0,1855.0,1731.0,1814.0,1765.0,1767.0,621306060.0,1127232839544.0,19333.0
2021-05-31,1757.0,1811.0,1724.0,1740.0,1724.0,1814.0,495087332.0,861604616315.0,12236.0
2021-06-01,1682.0,1750.0,1654.0,1686.0,1672.0,1740.0,290490707.0,489865784157.0,10005.0
2021-06-02,1687.0,1769.0,1660.0,1738.0,1766.0,1686.0,367809664.0,639429298231.0,11217.0
2021-06-07,1780.0,1824.0,1750.0,1808.0,1824.0,1738.0,474768172.0,858337000226.0,10915.0
2021-06-08,1860.0,1898.0,1850.0,1894.0,1898.0,1808.0,1095307396.0,2074414990155.0,19308.0
2021-06-09,1900.0,1988.0,1850.0,1947.0,1950.0,1894.0,897470170.0,1747286439421.0,22264.0
2021-06-12,1964.0,1999.0,1854.0,1916.0,1882.0,1947.0,420054960.0,804927859419.0,13428.0
2021-06-13,1880.0,2000.0,1852.0,1942.0,1978.0,1916.0,543131642.0,1054699588654.0,14521.0
2021-06-14,1986.0,2039.0,1986.0,2038.0,2039.0,1942.0,959178880.0,1954405350370.0,14813.0
2021-06-15,2102.0,2139.0,2000.0,2083.0,2015.0,2038.0,1106546626.0,2304789647667.0,27723.0
2021-06-16,2015.0,2119.0,2001.0,2049.0,2034.0,2083.0,600003850.0,1229367672952.0,16712.0
2021-06-19,2029.0,2090.0,1960.0,2023.0,2007.0,2049.0,563270598.0,1139728352707.0,16890.0
2021-06-20,2021.0,2055.0,1922.0,1940.0,1922.0,2023.0,620400598.0,1203827766535.0,17367.0
2021-06-21,1862.0,2037.0,1861.0,1993.0,2037.0,1940.0,760400987.0,1515823846762.0,18034.0
2021-06-22,2049.0,2092.0,2037.0,2089.0,2092.0,1993.0,1114100519.0,2327524600649.0,20680.0
2021-06-23,2109.0,2180.0,2057.0,2116.0,2090.0,2089.0,919563670.0,1945859327158.0,28132.0
2021-06-26,2100.0,2171.0,2069.0,2117.0,2089.0,2116.0,722082093.0,1528784700473.0,24530.0
2021-06-27,2080.0,2222.0,2070.0,2191.0,2198.0,2117.0,1145837717.0,2511012854367.0,31382.0
2021-06-28,2182.0,2220.0,2125.0,2163.0,2152.0,2191.0,532164484.0,1151222091470.0,19941.0
2021-06-29,2140.0,2246.0,2140.0,2184.0,2159.0,2163.0,483266906.0,1055449176717.0,16756.0
2021-06-30,2160.0,2228.0,2142.0,2174.0,2151.0,2184.0,499708692.0,1086165144783.0,16554.0
2021-07-03,2150.0,2178.0,2066.0,2089.0,2066.0,2174.0,579706080.0,1210792126001.0,17352.0
2021-07-04,2030.0,2130.0,2001.0,2063.0,2053.0,2089.0,343253686.0,708226557336.0,13041.0
2021-07-05,2064.0,2122.0,2042.0,2083.0,2100.0,2063.0,304581664.0,634534677431.0,11203.0
2021-07-06,2116.0,2156.0,2079.0,2105.0,2083.0,2083.0,358708701.0,755248366881.0,13371.0
2021-07-07,2100.0,2121.0,2040.0,2071.0,2063.0,2105.0,276970044.0,573703034059.0,11015.0
2021-07-10,2051.0,2083.0,1985.0,2023.0,2011.0,2071.0,296138087.0,598981517569.0,11935.0
2021-07-11,2003.0,2123.0,1996.0,2081.0,2112.0,2023.0,496798035.0,1033636499054.0,16135.0
2021-07-12,2111.0,2145.0,2054.0,2095.0,2060.0,2081.0,315068306.0,660023364670.0,12838.0
2021-07-13,2055.0,2109.0,2022.0,2060.0,2038.0,2095.0,323511997.0,666396209671.0,12112.0
2021-07-14,2050.0,2125.0,2035.0,2090.0,2110.0,2060.0,421719088.0,881303889646.0,15256.0
2021-07-17,2124.0,2134.0,2051.0,2088.0,2057.0,2090.0,445324854.0,930022443945.0,16041.0
2021-07-18,2088.0,2097.0,2022.0,2041.0,2025.0,2088.0,542502856.0,1107492081398.0,16973.0
2021-07-31,2031.0,2089.0,1982.0,2024.0,2002.0,2041.0,449178311.0,909171231312.0,15017.0
2021-08-01,1996.0,2069.0,1978.0,2013.0,1985.0,2024.0,478794976.0,963982252009.0,18210.0
2021-08-02,2044.0,2110.0,2030.0,2074.0,2058.0,2013.0,526439650.0,1091784420950.0,18401.0
2021-08-03,2050.0,2060.0,1981.0,2001.0,1994.0,2074.0,397514690.0,795587962935.0,16346.0
2021-08-04,1994.0,2020.0,1952.0,1971.0,1961.0,2001.0,408172024.0,804374931828.0,15720.0
2021-08-07,1990.0,2049.0,1989.0,2010.0,2002.0,1971.0,332572824.0,668471478363.0,13049.0
2021-08-08,2000.0,2036.0,1969.0,1990.0,1977.0,2010.0,281489324.0,560052594680.0,12293.0
2021-08-09,1967.0,2061.0,1960.0,2015.0,2030.0,1990.0,474797771.0,956950087650.0,16463.0
2021-08-10,2040.0,2060.0,2017.0,2036.0,2025.0,2015.0,361611689.0,736155181659.0,12769.0
2021-08-11,2047.0,2074.0,2017.0,2042.0,2054.0,2036.0,476978144.0,973984994357.0,18506.0
2021-08-14,2080.0,2144.0,2080.0,2139.0,2144.0,2042.0,1267990780.0,2711863173023.0,31347.0
2021-08-15,2165.0,2240.0,2145.0,2193.0,2210.0,2139.0,751074175.0,1647381545684.0,24515.0
2021-08-22,2290.0,2302.0,2263.0,2300.0,2302.0,2193.0,1088269627.0,2503421490533.0,22627.0
2021-08-23,2345.0,2346.0,2250.0,2294.0,2265.0,2300.0,724953081.0,1662944320609.0,25751.0
2021-08-24,2270.0,2398.0,2265.0,2343.0,2358.0,2294.0,589767123.0,1381901337700.0,19518.0
2021-08-25,2370.0,2429.0,2275.0,2364.0,2392.0,2343.0,521810894.0,1233746293836.0,20083.0
2021-08-28,2406.0,2482.0,2396.0,2474.0,2482.0,2364.0,622213023.0,1539511816802.0,13146.0
2021-08-29,2519.0,2540.0,2351.0,2436.0,2351.0,2474.0,1031487572.0,2512199215103.0,34878.0
2021-08-30,2320.0,2370.0,2315.0,2319.0,2315.0,2436.0,466287647.0,1081125014717.0,12181.0
2021-08-31,2206.0,2299.0,2204.0,2220.0,2207.0,2319.0,768809329.0,1706933113485.0,22458.0
2021-09-01,2200.0,2274.0,2151.0,2229.0,2265.0,2220.0,411681514.0,917769566182.0,15699.0
2021-09-04,2291.0,2316.0,2220.0,2253.0,2235.0,2229.0,399876306.0,900828336583.0,15598.0
2021-09-05,2215.0,2331.0,2179.0,2276.0,2294.0,2253.0,529526026.0,1205083920098.0,17139.0
2021-09-06,2290.0,2330.0,2182.0,2251.0,2200.0,2276.0,443119585.0,997473154174.0,18545.0
2021-09-07,2191.0,2200.0,2139.0,2160.0,2141.0,2251.0,517964021.0,1118620980213.0,20009.0
2021-09-08,2160.0,2217.0,2139.0,2178.0,2185.0,2160.0,331638818.0,722231485287.0,19582.0
2021-09-11,2200.0,2258.0,2110.0,2160.0,2120.0,2178.0,272742264.0,589034524459.0,12347.0
2021-09-12,2130.0,2150.0,2052.0,2059.0,2052.0,2160.0,389901970.0,802709175348.0,15763.0
2021-09-13,2130.0,2133.0,1980.0,2074.0,2079.0,2059.0,513769623.0,1065346164019.0,18991.0
2021-09-14,2100.0,2160.0,2079.0,2122.0,2127.0,2074.0,272301177.0,577839692990.0,13190.0
2021-09-15,2163.0,2163.0,2060.0,2103.0,2080.0,2122.0,275604247.0,579502384412.0,16811.0
2021-09-18,2052.0,2080.0,1998.0,2004.0,1998.0,2103.0,405765975.0,813061076169.0,14996.0
2021-09-19,1960.0,2050.0,1904.0,1944.0,1955.0,2004.0,419546032.0,815729658722.0,15600.0
2021-09-20,1970.0,1980.0,1908.0,1944.0,1919.0,1944.0,300781914.0,584747943030.0,11719.0
2021-09-21,1910.0,1940.0,1847.0,1855.0,1861.0,1944.0,389768230.0,722960184246.0,14961.0
2021-09-22,1853.0,1870.0,1764.0,1814.0,1855.0,1855.0,375280645.0,680730149485.0,16813.0
2021-09-25,1900.0,1904.0,1834.0,1885.0,1904.0,1814.0,331653590.0,625213212557.0,13128.0
2021-09-26,1912.0,1912.0,1830.0,1862.0,1848.0,1885.0,179253417.0,333822952899.0,9315.0
2021-09-28,1862.0,1880.0,1800.0,1833.0,1815.0,1862.0,204119284.0,374111990080.0,9999.0
2021-09-29,1850.0,1872.0,1804.0,1845.0,1840.0,1833.0,248077772.0,457701882886.0,9507.0
2021-10-02,1855.0,1880.0,1817.0,1839.0,1823.0,1845.0,462281079.0,850282289046.0,16411.0
2021-10-03,1828.0,1930.0,1790.0,1878.0,1930.0,1839.0,632704827.0,1188040652868.0,18136.0
2021-10-04,1941.0,1955.0,1906.0,1932.0,1931.0,1878.0,372926185.0,720468292366.0,13139.0
2021-10-06,1931.0,1971.0,1910.0,1944.0,1939.0,1932.0,326550410.0,634902053153.0,9989.0
2021-10-09,1948.0,1948.0,1847.0,1863.0,1850.0,1944.0,246309483.0,458960183225.0,10047.0
2021-10-10,1799.0,1881.0,1799.0,1830.0,1880.0,1863.0,202202655.0,370088962232.0,6866.0
2021-10-11,1870.0,1879.0,1801.0,1831.0,1814.0,1830.0,177081163.0,324277277928.0,7420.0
2021-10-12,1795.0,1814.0,1740.0,1744.0,1740.0,1831.0,411410456.0,717413969280.0,12490.0
2021-10-13,1707.0,1766.0,1668.0,1704.0,1730.0,1744.0,296818674.0,505839754640.0,9607.0
2021-10-16,1740.0,1785.0,1730.0,1768.0,1777.0,1704.0,190108612.0,336120347439.0,7872.0
2021-10-17,1780.0,1780.0,1680.0,1704.0,1690.0,1768.0,280797871.0,478407257420.0,10008.0
2021-10-18,1672.0,1750.0,1653.0,1706.0,1738.0,1704.0,281428154.0,480197117305.0,8865.0
2021-10-19,1758.0,1791.0,1730.0,1780.0,1791.0,1706.0,425344518.0,757304608576.0,9922.0
2021-10-20,1789.0,1813.0,1725.0,1758.0,1738.0,1780.0,203667935.0,358024533620.0,7384.0
2021-10-23,1730.0,1730.0,1671.0,1676.0,1674.0,1758.0,370691245.0,621171966207.0,12461.0
2021-10-25,1645.0,1738.0,1631.0,1679.0,1672.0,1676.0,310265793.0,520837683564.0,10780.0
2021-10-26,1671.0,1729.0,1670.0,1698.0,1680.0,1679.0,231812369.0,393524334595.0,8220.0
2021-10-27,1701.0,1738.0,1680.0,1706.0,1696.0,1698.0,219905018.0,375070363175.0,8032.0
2021-10-30,1726.0,1726.0,1621.0,1650.0,1668.0,1706.0,402885513.0,664592470743.0,12372.0
2021-10-31,1640.0,1640.0,1568.0,1574.0,1570.0,1650.0,449967168.0,708234983395.0,10628.0
2021-11-01,1620.0,1652.0,1601.0,1648.0,1652.0,1574.0,152632403.0,251492523572.0,3410.0
2021-11-02,1698.0,1730.0,1681.0,1718.0,1730.0,1648.0,318838776.0,547628392112.0,5866.0
2021-11-03,1803.0,1803.0,1772.0,1802.0,1803.0,1718.0,447813942.0,807165433056.0,6529.0
2021-11-06,1892.0,1892.0,1892.0,1864.0,1892.0,1802.0,45605168.0,86284977856.0,1670.0
2021-11-07,1957.0,1957.0,1901.0,1954.0,1957.0,1864.0,2016353606.0,3940010062403.0,34574.0
2021-11-08,1971.0,2051.0,1970.0,2043.0,2051.0,1954.0,1856803942.0,3793151085120.0,34147.0
2021-11-09,2050.0,2139.0,1962.0,2057.0,2046.0,2043.0,1532746439.0,3152406545978.0,34777.0
2021-12-08,2230.0,2250.0,2180.0,2221.0,2190.0,2057.0,673000683.0,1494682305343.0,10293.0
2021-12-11,2235.0,2300.0,2110.0,2184.0,2112.0,2221.0,1299565455.0,2838191179423.0,35796.0
2021-12-12,2100.0,2125.0,2075.0,2076.0,2075.0,2184.0,784137031.0,1628014520611.0,12759.0
2021-12-13,2050.0,2098.0,1973.0,2017.0,1973.0,2076.0,515929437.0,1040720814961.0,13568.0
2021-12-14,1922.0,1969.0,1917.0,1921.0,1917.0,2017.0,809024025.0,1554474013421.0,14825.0
2021-12-15,1890.0,1950.0,1825.0,1868.0,1856.0,1921.0,733471286.0,1370244919683.0,17475.0
2021-12-18,1900.0,1961.0,1890.0,1953.0,1961.0,1868.0,701269890.0,1369913720021.0,16307.0
2021-12-19,1965.0,1970.0,1856.0,1876.0,1856.0,1953.0,438255155.0,822100160745.0,11188.0
2021-12-20,1841.0,1909.0,1802.0,1858.0,1880.0,1876.0,370934374.0,689335824245.0,11061.0
2021-12-21,1888.0,1920.0,1851.0,1882.0,1862.0,1858.0,241912083.0,455360598289.0,7920.0
2021-12-22,1889.0,1976.0,1882.0,1960.0,1976.0,1882.0,503112829.0,985874448468.0,12038.0
2021-12-25,1999.0,2023.0,1892.0,1956.0,1905.0,1960.0,477969324.0,935093198165.0,14531.0
2021-12-26,1910.0,1932.0,1865.0,1905.0,1921.0,1956.0,278809739.0,531227468999.0,9019.0
2021-12-27,1931.0,2000.0,1922.0,1990.0,1967.0,1905.0,647168553.0,1287787328826.0,14586.0
2021-12-28,1980.0,2065.0,1951.0,2010.0,2025.0,1990.0,473588868.0,952079870450.0,12695.0
2021-12-29,2018.0,2055.0,1950.0,1997.0,1969.0,2010.0,433094222.0,865090336824.0,12508.0
2022-01-01,1932.0,1950.0,1898.0,1905.0,1898.0,1997.0,483417009.0,920963999683.0,13392.0
2022-01-02,1880.0,1928.0,1859.0,1889.0,1889.0,1905.0,312005308.0,589325944403.0,10348.0
2022-01-03,1899.0,1928.0,1840.0,1881.0,1855.0,1889.0,243415136.0,457768587235.0,8321.0
2022-01-04,1850.0,1879.0,1787.0,1817.0,1828.0,1881.0,313410783.0,569565704956.0,10156.0
2022-01-05,1805.0,1868.0,1805.0,1833.0,1834.0,1817.0,206261695.0,378134002425.0,6857.0
2022-01-08,1850.0,1924.0,1840.0,1921.0,1924.0,1833.0,823489624.0,1581780466449.0,15463.0
2022-01-09,1942.0,1977.0,1882.0,1933.0,1920.0,1921.0,546084675.0,1055318760881.0,13904.0
2022-01-10,1919.0,2029.0,1902.0,2002.0,2029.0,1933.0,734256431.0,1469852373812.0,16480.0
2022-01-11,2050.0,2102.0,2010.0,2069.0,2047.0,2002.0,694270995.0,1436542239214.0,18287.0
2022-01-12,2039.0,2110.0,2009.0,2054.0,2027.0,2069.0,423615268.0,870299514596.0,11821.0
2022-01-15,1989.0,1999.0,1952.0,1957.0,1956.0,2054.0,413306584.0,808694518123.0,9351.0
2022-01-16,1930.0,2011.0,1882.0,1957.0,1988.0,1957.0,314510393.0,615354783053.0,9792.0
2022-01-17,1990.0,2054.0,1985.0,2034.0,2000.0,1957.0,548835115.0,1116277397528.0,13791.0
2022-01-18,1990.0,2009.0,1933.0,1947.0,1933.0,2034.0,234613428.0,456739217757.0,5660.0
2022-01-19,1920.0,1986.0,1891.0,1934.0,1950.0,1947.0,259186005.0,501380994418.0,7564.0
2022-01-22,1960.0,1994.0,1853.0,1912.0,1868.0,1934.0,267244612.0,510921098528.0,8128.0
2022-01-23,1851.0,1923.0,1820.0,1873.0,1902.0,1912.0,293501295.0,549773858139.0,8881.0
2022-01-24,1918.0,1943.0,1867.0,1904.0,1897.0,1873.0,219103478.0,417281996715.0,7124.0
2022-01-25,1809.0,1860.0,1809.0,1816.0,1839.0,1904.0,345618870.0,627500466877.0,6245.0
2022-01-26,1880.0,1906.0,1830.0,1891.0,1906.0,1816.0,463598451.0,876864445144.0,9746.0
2022-01-29,1944.0,1985.0,1920.0,1979.0,1985.0,1891.0,357191539.0,706967308407.0,6768.0
2022-01-30,2034.0,2068.0,1952.0,1997.0,1968.0,1979.0,450022759.0,898588922114.0,12070.0
2022-01-31,1941.0,2096.0,1941.0,2060.0,2096.0,1997.0,559313274.0,1152328918382.0,10820.0
2022-02-01,2163.0,2163.0,2085.0,2140.0,2091.0,2060.0,1194512914.0,2556450960447.0,23565.0
2022-02-02,2095.0,2170.0,2066.0,2124.0,2107.0,2140.0,537977376.0,1142676541287.0,16993.0
2022-02-05,2167.0,2196.0,2090.0,2133.0,2095.0,2124.0,412433736.0,879707532239.0,13077.0
2022-02-06,2090.0,2119.0,2027.0,2044.0,2027.0,2133.0,266448977.0,544595363010.0,7388.0
2022-02-07,1961.0,2040.0,1942.0,1974.0,1967.0,2044.0,586555002.0,1157631466983.0,14340.0
2022-02-08,1971.0,2072.0,1970.0,2048.0,2039.0,1974.0,431824844.0,884165678234.0,11615.0
2022-02-09,2056.0,2149.0,2022.0,2088.0,2091.0,2048.0,540064199.0,1127443471009.0,14855.0
2022-02-12,2081.0,2107.0,1997.0,2050.0,2008.0,2088.0,362279455.0,742630949176.0,11178.0
2022-02-13,1990.0,2023.0,1979.0,1996.0,1990.0,2050.0,195537795.0,390281195558.0,6587.0
2022-02-14,1990.0,2044.0,1990.0,2020.0,2018.0,1996.0,208622122.0,421348534339.0,6020.0
2022-02-16,2011.0,2030.0,1974.0,1990.0,1981.0,2020.0,232710900.0,463019445128.0,7479.0
2022-02-19,2011.0,2089.0,2011.0,2056.0,2040.0,1990.0,351818563.0,723506087667.0,9865.0
2022-02-20,2040.0,2111.0,2025.0,2067.0,2102.0,2056.0,275065485.0,568639334173.0,8194.0
2022-02-21,2118.0,2170.0,2118.0,2167.0,2170.0,2067.0,820746120.0,1778230153141.0,12754.0
2022-02-22,2197.0,2221.0,2133.0,2176.0,2150.0,2167.0,575758881.0,1252884799482.0,15428.0
2022-02-23,2170.0,2262.0,2150.0,2215.0,2219.0,2176.0,520348181.0,1152647630850.0,13369.0
2022-02-26,2141.0,2180.0,2105.0,2122.0,2105.0,2215.0,562764795.0,1194087158427.0,14137.0
2022-02-27,2080.0,2159.0,2058.0,2113.0,2135.0,2122.0,355978350.0,752097083397.0,10066.0
2022-02-28,2139.0,2172.0,2113.0,2138.0,2144.0,2113.0,298637364.0,638404044442.0,7971.0
2022-03-02,2126.0,2145.0,2032.0,2061.0,2058.0,2138.0,398292706.0,820868826178.0,12212.0
2022-03-05,2150.0,2164.0,2128.0,2162.0,2164.0,2061.0,553300580.0,1196459181142.0,7793.0
2022-03-06,2205.0,2260.0,2152.0,2202.0,2207.0,2162.0,766195997.0,1687276153017.0,17067.0
2022-03-07,2210.0,2239.0,2138.0,2173.0,2140.0,2202.0,514962523.0,1119125686452.0,14231.0
2022-03-08,2103.0,2165.0,2080.0,2112.0,2099.0,2173.0,349014769.0,737108595488.0,10070.0
2022-03-09,2133.0,2217.0,2130.0,2194.0,2217.0,2112.0,684192797.0,1500943193793.0,15228.0
2022-03-12,2085.0,2120.0,2085.0,2087.0,2087.0,2194.0,1005308423.0,2097864117168.0,18807.0
2022-03-13,2060.0,2112.0,2050.0,2082.0,2081.0,2087.0,333203849.0,693606448658.0,8595.0
2022-03-14,2090.0,2135.0,2082.0,2108.0,2100.0,2082.0,226019444.0,476391473637.0,6590.0
2022-03-15,2110.0,2212.0,2100.0,2178.0,2165.0,2108.0,672275867.0,1464097927021.0,14208.0
2022-03-16,2269.0,2286.0,2268.0,2284.0,2286.0,2178.0,479191031.0,1094677691787.0,7545.0
2022-03-19,2398.0,2398.0,2398.0,2398.0,2398.0,2284.0,310791432.0,745277853936.0,4789.0
2022-03-26,2517.0,2517.0,2400.0,2474.0,2419.0,2398.0,1216916657.0,3010253476291.0,26091.0
2022-03-27,2419.0,2580.0,2390.0,2506.0,2512.0,2474.0,1189151897.0,2980537879601.0,29452.0
2022-03-28,2450.0,2619.0,2441.0,2554.0,2570.0,2506.0,1172187240.0,2993469149585.0,29167.0
2022-03-29,2590.0,2600.0,2427.0,2459.0,2427.0,2554.0,1158765837.0,2849107652035.0,31069.0
2022-03-30,2400.0,2548.0,2375.0,2471.0,2515.0,2459.0,962901083.0,2379522302580.0,24658.0
2022-04-03,2520.0,2594.0,2520.0,2588.0,2594.0,2471.0,1581037953.0,4091305718725.0,26978.0
2022-04-04,2620.0,2717.0,2495.0,2615.0,2532.0,2588.0,1764309575.0,4613646992494.0,41546.0
2022-04-05,2540.0,2700.0,2520.0,2637.0,2647.0,2615.0,1183322006.0,3120492957954.0,28680.0
2022-04-06,2680.0,2680.0,2506.0,2556.0,2506.0,2637.0,1246435605.0,3185426613749.0,31745.0
2022-04-09,2451.0,2526.0,2429.0,2460.0,2455.0,2556.0,1161664780.0,2857940653061.0,29187.0
2022-04-10,2458.0,2583.0,2457.0,2574.0,2583.0,2460.0,1609652049.0,4142951322452.0,28386.0
2022-04-11,2616.0,2619.0,2505.0,2557.0,2511.0,2574.0,666769062.0,1704936513595.0,17725.0
2022-04-12,2510.0,2530.0,2430.0,2435.0,2430.0,2557.0,339370762.0,826358444136.0,8608.0
2022-04-13,2330.0,2468.0,2330.0,2396.0,2420.0,2435.0,556316605.0,1332767623678.0,16274.0
2022-04-16,2449.0,2494.0,2380.0,2428.0,2405.0,2396.0,444204433.0,1078457778167.0,13334.0
2022-04-17,2411.0,2440.0,2307.0,2361.0,2400.0,2428.0,498306507.0,1176640512863.0,15581.0
2022-04-18,2401.0,2474.0,2344.0,2409.0,2350.0,2361.0,435983545.0,1050156292825.0,14532.0
2022-04-19,2350.0,2438.0,2348.0,2397.0,2401.0,2409.0,405171916.0,971042179418.0,12107.0
2022-04-20,2434.0,2482.0,2362.0,2429.0,2424.0,2397.0,667794400.0,1622369778793.0,17778.0
2022-04-24,2468.0,2493.0,2399.0,2441.0,2400.0,2429.0,473930782.0,1157013390595.0,14396.0
2022-04-25,2420.0,2450.0,2381.0,2428.0,2420.0,2441.0,465717214.0,1130817944206.0,10064.0
2022-04-26,2450.0,2545.0,2428.0,2504.0,2510.0,2428.0,862832399.0,2160475726257.0,20658.0
2022-04-27,2530.0,2578.0,2431.0,2492.0,2439.0,2504.0,680333278.0,1695279701784.0,18944.0
2022-04-30,2451.0,2483.0,2379.0,2424.0,2388.0,2492.0,706515517.0,1712379625938.0,20294.0
2022-05-01,2395.0,2464.0,2359.0,2393.0,2360.0,2424.0,487473048.0,1166714413426.0,15615.0
2022-05-02,2398.0,2462.0,2362.0,2420.0,2383.0,2393.0,385769978.0,933442786680.0,11825.0
2022-05-07,2430.0,2463.0,2390.0,2422.0,2410.0,2420.0,492851215.0,1193463803360.0,13584.0
2022-05-08,2438.0,2510.0,2430.0,2470.0,2454.0,2422.0,453590502.0,1120431506243.0,13345.0
2022-05-09,2481.0,2509.0,2392.0,2451.0,2400.0,2470.0,433516516.0,1062381112476.0,13184.0
2022-05-10,2403.0,2470.0,2400.0,2429.0,2445.0,2451.0,282130340.0,685340967251.0,9124.0
2022-05-11,2470.0,2500.0,2442.0,2468.0,2458.0,2429.0,438800319.0,1083134190253.0,13415.0
2022-05-14,2449.0,2480.0,2345.0,2358.0,2363.0,2468.0,1078017907.0,2541868653642.0,31613.0
2022-05-15,2340.0,2429.0,2274.0,2371.0,2414.0,2358.0,647773287.0,1535849837342.0,20749.0
2022-05-16,2448.0,2480.0,2392.0,2434.0,2405.0,2371.0,462839338.0,1126693095101.0,16345.0
2022-05-17,2429.0,2462.0,2345.0,2396.0,2365.0,2434.0,380050890.0,910613091840.0,13982.0
2022-05-18,2394.0,2455.0,2361.0,2395.0,2385.0,2396.0,353662135.0,847131388249.0,11878.0
2022-05-21,2360.0,2408.0,2330.0,2363.0,2345.0,2395.0,310230165.0,733135458950.0,9255.0
2022-05-22,2355.0,2387.0,2326.0,2360.0,2364.0,2363.0,307525970.0,725807126087.0,9324.0
2022-05-23,2350.0,2353.0,2242.0,2258.0,2243.0,2360.0,720657574.0,1626897902319.0,18384.0
2022-05-24,2260.0,2288.0,2237.0,2257.0,2245.0,2258.0,409717996.0,924711093040.0,10848.0
2022-05-25,2278.0,2295.0,2237.0,2262.0,2275.0,2257.0,372740237.0,843135068377.0,10399.0
2022-05-28,2251.0,2266.0,2149.0,2162.0,2149.0,2262.0,626364203.0,1354191494364.0,15893.0
2022-05-29,2111.0,2195.0,2054.0,2110.0,2184.0,2162.0,581594248.0,1226920993612.0,16592.0
2022-05-30,2150.0,2173.0,2069.0,2116.0,2080.0,2110.0,357285242.0,755973278103.0,11450.0
2022-05-31,2080.0,2130.0,2068.0,2098.0,2090.0,2116.0,263705340.0,553225938866.0,8149.0
2022-06-01,2090.0,2148.0,2061.0,2113.0,2104.0,2098.0,287344426.0,607292225947.0,9561.0
2022-06-06,2105.0,2105.0,2008.0,2017.0,2008.0,2113.0,572986285.0,1155532300434.0,14520.0
2022-06-07,2026.0,2059.0,1995.0,2025.0,2019.0,2017.0,262634715.0,531953707898.0,7938.0
2022-06-08,2045.0,2082.0,2021.0,2041.0,2047.0,2025.0,184022895.0,375618676268.0,6208.0
2022-06-11,2033.0,2047.0,1942.0,2002.0,1963.0,2041.0,257184739.0,514846375308.0,9847.0
2022-06-12,1979.0,2070.0,1950.0,2020.0,2033.0,2002.0,298720182.0,603538168560.0,8952.0
2022-06-13,2050.0,2121.0,2050.0,2113.0,2121.0,2020.0,447867774.0,946532454019.0,12250.0
2022-06-14,2143.0,2176.0,2074.0,2137.0,2095.0,2113.0,461696991.0,986493898712.0,11189.0
2022-06-15,2124.0,2125.0,2047.0,2081.0,2078.0,2137.0,188360894.0,391932615130.0,6054.0
2022-06-19,2079.0,2098.0,2020.0,2041.0,2026.0,2081.0,232196221.0,474002279080.0,6919.0
2022-06-20,2050.0,2136.0,2050.0,2095.0,2079.0,2041.0,290672207.0,608952383859.0,9060.0
2022-06-21,2082.0,2120.0,2040.0,2072.0,2045.0,2095.0,197577817.0,409467342801.0,6554.0
2022-06-22,2060.0,2127.0,2043.0,2100.0,2123.0,2072.0,327209011.0,687095282939.0,9380.0
2022-06-25,2159.0,2205.0,2159.0,2202.0,2205.0,2100.0,588415711.0,1295941114948.0,12963.0
2022-06-26,2230.0,2280.0,2130.0,2194.0,2173.0,2202.0,383347853.0,840881025381.0,10759.0
2022-06-27,2169.0,2248.0,2132.0,2203.0,2208.0,2194.0,285569203.0,629069185605.0,7747.0
2022-06-28,2239.0,2282.0,2205.0,2231.0,2215.0,2203.0,220826174.0,492653803752.0,7029.0
2022-06-29,2225.0,2245.0,2184.0,2218.0,2232.0,2231.0,238239808.0,528457949995.0,5923.0
2022-07-02,2180.0,2180.0,2108.0,2116.0,2108.0,2218.0,393394620.0,832537894150.0,9489.0
2022-07-03,2110.0,2129.0,2072.0,2112.0,2129.0,2116.0,199603283.0,421482183699.0,5783.0
2022-07-04,2160.0,2193.0,2122.0,2151.0,2132.0,2112.0,210424717.0,452673380039.0,6116.0
2022-07-05,2132.0,2160.0,2090.0,2126.0,2109.0,2151.0,199180783.0,423507820654.0,5673.0
2022-07-06,2090.0,2124.0,2043.0,2078.0,2065.0,2126.0,215444597.0,447715069525.0,6121.0
2022-07-09,2067.0,2120.0,2035.0,2064.0,2045.0,2078.0,203063361.0,419215934235.0,5710.0
2022-07-11,2040.0,2075.0,1961.0,1990.0,1961.0,2064.0,332423679.0,661558006783.0,9764.0
2022-07-12,1970.0,2049.0,1943.0,2005.0,1993.0,1990.0,277518915.0,556514745917.0,7771.0
2022-07-13,2050.0,2090.0,2018.0,2049.0,2034.0,2005.0,180446258.0,369673768509.0,5805.0
2022-07-16,2031.0,2038.0,1954.0,1998.0,1995.0,2049.0,309682992.0,618696782890.0,9480.0
2022-07-23,2015.0,2015.0,2001.0,2003.0,2006.0,1998.0,21255816.0,42777449038.0,416.0
2022-07-24,2023.0,2063.0,1927.0,1982.0,1944.0,2003.0,183548541.0,363721541115.0,6965.0
2022-07-25,1883.0,1912.0,1883.0,1885.0,1883.0,1982.0,275289570.0,518996340613.0,6793.0
2022-07-26,1900.0,1920.0,1870.0,1889.0,1889.0,1885.0,176883538.0,334178214318.0,5030.0
2022-07-27,1900.0,1920.0,1880.0,1903.0,1901.0,1889.0,81490702.0,155115322108.0,3063.0
2022-07-30,1918.0,1922.0,1811.0,1843.0,1823.0,1903.0,154575743.0,284947247752.0,6700.0
2022-07-31,1823.0,1839.0,1751.0,1770.0,1773.0,1843.0,240516933.0,425827591943.0,7439.0
2022-08-01,1789.0,1820.0,1764.0,1783.0,1779.0,1770.0,120200913.0,214324735301.0,4789.0
2022-08-02,1790.0,1848.0,1722.0,1793.0,1840.0,1783.0,208528594.0,373953963801.0,7155.0
2022-08-03,1829.0,1882.0,1827.0,1871.0,1882.0,1793.0,286276991.0,535572933403.0,7550.0
2022-08-06,1920.0,1964.0,1903.0,1958.0,1964.0,1871.0,268675906.0,526179295324.0,5066.0
2022-08-09,1968.0,2041.0,1881.0,1974.0,1950.0,1958.0,480358912.0,948207889395.0,14268.0
2022-08-10,1915.0,1959.0,1886.0,1915.0,1953.0,1974.0,187369900.0,358889032034.0,5414.0
2022-08-13,1990.0,2010.0,1990.0,2008.0,2010.0,1915.0,166042982.0,333437132100.0,2817.0
2022-08-14,2104.0,2104.0,2013.0,2055.0,2020.0,2008.0,557537738.0,1145780107365.0,13542.0
2022-08-15,2020.0,2157.0,1995.0,2116.0,2157.0,2055.0,740679948.0,1567104722820.0,15722.0
2022-08-16,2155.0,2221.0,2100.0,2151.0,2102.0,2116.0,525065847.0,1129465839089.0,14627.0
2022-08-17,2169.0,2257.0,2161.0,2220.0,2240.0,2151.0,800125580.0,1776378809582.0,18859.0
2022-08-20,2154.0,2229.0,2129.0,2171.0,2132.0,2220.0,384616022.0,835113066809.0,11010.0
2022-08-21,2196.0,2199.0,2109.0,2155.0,2140.0,2171.0,258437699.0,556886843370.0,7555.0
2022-08-22,2153.0,2258.0,2140.0,2206.0,2180.0,2155.0,437135303.0,964102939142.0,11065.0
2022-08-23,2230.0,2274.0,2211.0,2237.0,2225.0,2206.0,341745931.0,764466245217.0,7495.0
2022-08-24,2226.0,2298.0,2170.0,2234.0,2251.0,2237.0,378888693.0,846276690266.0,10595.0
2022-08-27,2211.0,2266.0,2151.0,2204.0,2159.0,2234.0,352621751.0,777068831303.0,10571.0
2022-08-28,2145.0,2252.0,2120.0,2174.0,2160.0,2204.0,415451518.0,903051628714.0,10732.0
2022-08-29,2160.0,2198.0,2140.0,2164.0,2144.0,2174.0,162759304.0,352199336012.0,5712.0
2022-08-30,2143.0,2156.0,2080.0,2104.0,2083.0,2164.0,246762860.0,519206208775.0,8076.0
2022-08-31,2084.0,2144.0,2069.0,2111.0,2137.0,2104.0,173611441.0,366420796438.0,6050.0
2022-09-03,2080.0,2100.0,2010.0,2042.0,2013.0,2111.0,280645925.0,573212816677.0,7331.0
2022-09-04,2035.0,2100.0,2016.0,2069.0,2060.0,2042.0,154627340.0,319854340400.0,5642.0
2022-09-05,2062.0,2093.0,2050.0,2069.0,2053.0,2069.0,115723200.0,239376157995.0,3753.0
2022-09-06,2040.0,2094.0,2020.0,2065.0,2079.0,2069.0,141429910.0,292045561045.0,4075.0
2022-09-07,2070.0,2090.0,2035.0,2065.0,2038.0,2065.0,135184364.0,279089618594.0,3938.0
2022-09-10,2023.0,2035.0,1973.0,1997.0,1980.0,2065.0,174826854.0,349214697277.0,6015.0
2022-09-11,1981.0,2010.0,1958.0,1974.0,1963.0,1997.0,170173101.0,335841603787.0,5195.0
2022-09-12,1963.0,2038.0,1951.0,1989.0,2023.0,1974.0,197988102.0,393750382729.0,6149.0
2022-09-13,2042.0,2088.0,2010.0,2077.0,2088.0,1989.0,314241772.0,652822565821.0,5900.0
2022-09-14,2120.0,2139.0,2078.0,2103.0,2080.0,2077.0,261611356.0,550084420709.0,7378.0
2022-09-18,2064.0,2100.0,2025.0,2049.0,2027.0,2103.0,172828459.0,354116049742.0,5947.0
2022-09-19,2036.0,2077.0,2005.0,2028.0,2014.0,2049.0,150708863.0,305667895293.0,4505.0
2022-09-20,2018.0,2041.0,1964.0,1994.0,1979.0,2028.0,161613718.0,322250758244.0,5353.0
2022-09-21,1963.0,2034.0,1963.0,1996.0,1987.0,1994.0,185015642.0,369270873011.0,5282.0
2022-09-24,1975.0,1980.0,1897.0,1920.0,1897.0,1996.0,284340567.0,545889423564.0,8270.0
2022-09-26,1920.0,2016.0,1920.0,1997.0,2016.0,1920.0,264414645.0,527991751258.0,6136.0
2022-09-28,2031.0,2096.0,2030.0,2078.0,2052.0,1997.0,308292743.0,640764832124.0,7061.0
2022-10-01,2040.0,2040.0,1975.0,1986.0,1975.0,2078.0,340165253.0,675625512461.0,8291.0
2022-10-02,2000.0,2045.0,1927.0,1991.0,2009.0,1986.0,202901624.0,403908739532.0,5561.0
2022-10-03,2022.0,2043.0,1963.0,1988.0,1998.0,1991.0,146917802.0,292016104046.0,4311.0
2022-10-04,2002.0,2035.0,1973.0,1996.0,2004.0,1988.0,87199229.0,174077057670.0,3095.0
2022-10-08,2010.0,2050.0,1975.0,2018.0,1981.0,1996.0,177522869.0,358170431979.0,4696.0
2022-10-09,2017.0,2040.0,1961.0,1989.0,1975.0,2018.0,174856370.0,347769978095.0,4926.0
2022-10-10,1992.0,2009.0,1955.0,1983.0,1983.0,1989.0,115829495.0,229645823394.0,3559.0
2022-10-11,2011.0,2018.0,1981.0,1999.0,1983.0,1983.0,97769946.0,195425366915.0,3104.0
2022-10-12,1997.0,2006.0,1976.0,1994.0,1989.0,1999.0,109421259.0,218179086623.0,3065.0
2022-10-15,1989.0,2000.0,1946.0,1962.0,1946.0,1994.0,120958688.0,237315314877.0,4101.0
2022-10-16,1939.0,1962.0,1890.0,1914.0,1891.0,1962.0,197764977.0,378537408189.0,6527.0
2022-10-17,1897.0,1931.0,1870.0,1908.0,1930.0,1914.0,113644587.0,216825834121.0,3930.0
2022-10-18,1933.0,1946.0,1894.0,1909.0,1894.0,1908.0,135772350.0,259251547610.0,4156.0
2022-10-19,1891.0,1930.0,1885.0,1904.0,1891.0,1909.0,108836844.0,207184093673.0,4046.0
2022-10-22,1899.0,1915.0,1870.0,1893.0,1879.0,1904.0,145108436.0,274641208767.0,4700.0
2022-10-23,1904.0,1930.0,1881.0,1906.0,1893.0,1893.0,134187595.0,255762013976.0,4172.0
2022-10-24,1890.0,1906.0,1854.0,1872.0,1867.0,1906.0,113432530.0,212340028221.0,4205.0
2022-10-25,1870.0,1905.0,1830.0,1861.0,1836.0,1872.0,159077619.0,296044757360.0,5554.0
2022-10-26,1850.0,1850.0,1780.0,1803.0,1790.0,1861.0,297365513.0,536153328470.0,7790.0
2022-10-29,1839.0,1870.0,1804.0,1819.0,1815.0,1803.0,281636761.0,512243944883.0,6342.0
2022-10-30,1844.0,1859.0,1790.0,1834.0,1852.0,1819.0,195797555.0,359142873024.0,5860.0
2022-10-31,1836.0,1910.0,1836.0,1883.0,1901.0,1834.0,173219495.0,326100206870.0,4826.0
2022-11-01,1915.0,1932.0,1887.0,1912.0,1910.0,1883.0,175012464.0,334543323992.0,5124.0
2022-11-02,1900.0,1940.0,1877.0,1908.0,1896.0,1912.0,166293685.0,317241739878.0,6690.0
2022-11-05,1900.0,1999.0,1900.0,1959.0,1943.0,1908.0,274520628.0,537728069270.0,7022.0
2022-11-06,1952.0,2056.0,1946.0,2019.0,2056.0,1959.0,382721636.0,772704458392.0,8730.0
2022-11-07,2117.0,2119.0,2099.0,2118.0,2119.0,2019.0,177125562.0,375116165226.0,2954.0
2022-11-08,2223.0,2223.0,2132.0,2199.0,2146.0,2118.0,1032502281.0,2269972837176.0,17997.0
2022-11-09,2140.0,2285.0,2121.0,2212.0,2220.0,2199.0,737470631.0,1631153538883.0,14910.0
2022-11-12,2230.0,2240.0,2157.0,2188.0,2163.0,2212.0,418460537.0,915688161692.0,10658.0
2022-11-13,2152.0,2204.0,2123.0,2159.0,2148.0,2188.0,358951733.0,775008208551.0,10659.0
2022-11-14,2160.0,2183.0,2109.0,2135.0,2110.0,2159.0,294181747.0,628008959757.0,6656.0
2022-11-15,2173.0,2219.0,2151.0,2180.0,2179.0,2135.0,294846203.0,642842229850.0,6950.0
2022-11-16,2189.0,2228.0,2152.0,2200.0,2192.0,2180.0,282656203.0,621809883023.0,6345.0
2022-11-19,2184.0,2235.0,2107.0,2180.0,2232.0,2200.0,430081222.0,937631058284.0,8968.0
2022-11-20,2289.0,2289.0,2289.0,2289.0,2289.0,2180.0,480087551.0,1098920404239.0,5083.0
2022-11-21,2403.0,2403.0,2337.0,2390.0,2355.0,2289.0,1832966753.0,4381444100703.0,28670.0
2022-11-22,2342.0,2479.0,2335.0,2411.0,2438.0,2390.0,865708480.0,2087365178937.0,19181.0
2022-11-23,2429.0,2448.0,2350.0,2398.0,2358.0,2411.0,512917717.0,1229965260771.0,13482.0
2022-11-26,2430.0,2517.0,2418.0,2488.0,2468.0,2398.0,887081433.0,2207197692859.0,18280.0
2022-11-27,2471.0,2570.0,2447.0,2514.0,2555.0,2488.0,531926531.0,1337160796954.0,13962.0
2022-11-28,2560.0,2565.0,2471.0,2509.0,2472.0,2514.0,436845601.0,1095965456562.0,11998.0
2022-11-29,2495.0,2525.0,2423.0,2464.0,2439.0,2509.0,469013117.0,1155608063543.0,13089.0
2022-11-30,2448.0,2454.0,2381.0,2409.0,2388.0,2464.0,330743390.0,796923931336.0,9376.0
2022-12-03,2364.0,2440.0,2356.0,2401.0,2427.0,2409.0,268887080.0,645605207672.0,7976.0
2022-12-04,2466.0,2521.0,2442.0,2510.0,2521.0,2401.0,864722407.0,2170813870938.0,17105.0
2022-12-05,2547.0,2549.0,2464.0,2502.0,2467.0,2510.0,393159955.0,983576762640.0,9887.0
2022-12-06,2488.0,2585.0,2477.0,2538.0,2539.0,2502.0,437585246.0,1110795857245.0,10403.0
2022-12-07,2580.0,2664.0,2570.0,2631.0,2593.0,2538.0,790389506.0,2079699416355.0,18213.0
2022-12-10,2600.0,2628.0,2500.0,2524.0,2508.0,2631.0,691183256.0,1744857907512.0,14698.0
2022-12-11,2540.0,2545.0,2479.0,2509.0,2494.0,2524.0,418617961.0,1050370970548.0,9969.0
2022-12-12,2512.0,2546.0,2487.0,2518.0,2507.0,2509.0,370218835.0,932258511247.0,8714.0
2022-12-13,2537.0,2615.0,2521.0,2563.0,2543.0,2518.0,434281116.0,1112881926796.0,12161.0
2022-12-14,2562.0,2658.0,2530.0,2592.0,2590.0,2563.0,467035775.0,1210472709019.0,11277.0
2022-12-17,2595.0,2649.0,2564.0,2616.0,2600.0,2592.0,322883569.0,844776883126.0,9476.0
2022-12-18,2590.0,2680.0,2578.0,2624.0,2584.0,2616.0,429478527.0,1126802188742.0,11472.0
2022-12-19,2590.0,2595.0,2493.0,2511.0,2494.0,2624.0,847818492.0,2129203514461.0,17680.0
2022-12-20,2508.0,2547.0,2436.0,2493.0,2532.0,2511.0,534751207.0,1333259495839.0,13314.0
2022-12-21,2558.0,2558.0,2483.0,2508.0,2491.0,2493.0,205837281.0,516199470688.0,6551.0
2022-12-24,2508.0,2610.0,2500.0,2554.0,2574.0,2508.0,429478112.0,1096913790642.0,10805.0
2022-12-25,2595.0,2681.0,2568.0,2667.0,2681.0,2554.0,1278217991.0,3408952712446.0,22697.0
2022-12-26,2695.0,2800.0,2640.0,2753.0,2769.0,2667.0,792665950.0,2181918592507.0,17547.0
2022-12-28,2773.0,2890.0,2773.0,2884.0,2876.0,2753.0,907840184.0,2618467370261.0,16048.0
2022-12-31,2780.0,2939.0,2740.0,2821.0,2864.0,2884.0,782430865.0,2207317567256.0,20937.0
2023-01-01,2940.0,2962.0,2856.0,2934.0,2950.0,2821.0,1345500753.0,3948241375560.0,27881.0
2023-01-02,3028.0,3080.0,3000.0,3074.0,3080.0,2934.0,579189542.0,1780194545811.0,7965.0
2023-01-03,3227.0,3227.0,3141.0,3216.0,3170.0,3074.0,2127828444.0,6843088397596.0,36232.0
2023-01-04,3130.0,3358.0,3130.0,3250.0,3330.0,3216.0,1022535786.0,3322841702013.0,28595.0
2023-01-07,3380.0,3412.0,3380.0,3411.0,3412.0,3250.0,1250800861.0,4267012056099.0,20950.0
2023-01-08,3477.0,3535.0,3350.0,3424.0,3420.0,3411.0,1263242036.0,4324722220612.0,36166.0
2023-01-09,3450.0,3540.0,3380.0,3460.0,3450.0,3424.0,797449195.0,2759148265717.0,23449.0
2023-01-10,3499.0,3605.0,3402.0,3486.0,3426.0,3460.0,738060798.0,2572906529380.0,21097.0
2023-01-11,3399.0,3426.0,3312.0,3341.0,3312.0,3486.0,1039797100.0,3473721324356.0,25839.0
2023-01-17,3508.0,3508.0,3404.0,3473.0,3407.0,3341.0,1094538724.0,3801006142148.0,20752.0
2023-01-18,3410.0,3480.0,3320.0,3390.0,3380.0,3473.0,544041422.0,1844541518933.0,18150.0
2023-01-21,3480.0,3490.0,3221.0,3284.0,3251.0,3390.0,934850049.0,3069888593698.0,22085.0
2023-01-22,3300.0,3348.0,3140.0,3231.0,3300.0,3284.0,729791824.0,2358282613505.0,19269.0
2023-01-23,3341.0,3359.0,3070.0,3137.0,3154.0,3231.0,1511241065.0,4740116710902.0,34319.0
2023-01-24,3171.0,3190.0,3064.0,3135.0,3170.0,3137.0,583407169.0,1829098296673.0,17441.0
2023-01-25,3150.0,3190.0,2979.0,3031.0,3022.0,3135.0,809214125.0,2452911078191.0,20984.0
2023-01-28,3080.0,3099.0,2922.0,2990.0,2950.0,3031.0,643534786.0,1924390534516.0,17583.0
2023-01-29,2951.0,2995.0,2841.0,2851.0,2842.0,2990.0,982553586.0,2801289007925.0,21328.0
2023-01-30,2850.0,2925.0,2757.0,2837.0,2913.0,2851.0,711228006.0,2018075603422.0,17629.0
2023-01-31,2898.0,2978.0,2850.0,2931.0,2978.0,2837.0,592015718.0,1735417853794.0,14282.0
2023-02-01,2980.0,2999.0,2877.0,2927.0,2879.0,2931.0,446735588.0,1307393943642.0,12922.0
2023-02-21,3073.0,3073.0,2980.0,3055.0,2984.0,2927.0,1245421274.0,3804204190080.0,21243.0
2023-02-22,3000.0,3052.0,2908.0,2960.0,2938.0,3055.0,656373600.0,1942682053401.0,16409.0
2023-02-25,3032.0,3108.0,3032.0,3084.0,3108.0,2960.0,1365523241.0,4210834358488.0,30202.0
2023-02-26,3200.0,3226.0,2964.0,3079.0,2993.0,3084.0,1204339387.0,3707759465940.0,37437.0
2023-02-27,3232.0,3232.0,3120.0,3225.0,3232.0,3079.0,2529399129.0,8156786865899.0,36319.0
2023-02-28,3180.0,3279.0,3136.0,3192.0,3153.0,3225.0,763880329.0,2438459344768.0,21717.0
2023-03-01,3148.0,3160.0,3033.0,3074.0,3033.0,3192.0,606726335.0,1865348981622.0,17910.0
2023-03-04,3001.0,3191.0,2985.0,3114.0,3147.0,3074.0,783586645.0,2439785513014.0,19484.0
2023-03-05,3221.0,3269.0,3170.0,3237.0,3181.0,3114.0,779039831.0,2521695929135.0,18078.0
2023-03-06,3175.0,3271.0,3115.0,3192.0,3179.0,3237.0,480291376.0,1533033944602.0,13266.0
2023-03-07,3200.0,3274.0,3060.0,3158.0,3147.0,3192.0,824691830.0,2604203177289.0,20805.0
2023-03-11,3230.0,3297.0,3170.0,3227.0,3176.0,3158.0,600664007.0,1938383156322.0,16251.0
2023-03-12,3145.0,3189.0,3070.0,3119.0,3100.0,3227.0,404782884.0,1262505366042.0,13291.0
2023-03-13,3119.0,3163.0,3070.0,3107.0,3081.0,3119.0,421881918.0,1310785008599.0,12600.0
2023-03-14,3107.0,3151.0,3070.0,3104.0,3105.0,3107.0,411707894.0,1277973224822.0,16141.0
2023-03-15,3149.0,3196.0,3104.0,3157.0,3158.0,3104.0,468546566.0,1479326572027.0,14925.0
2023-03-18,3220.0,3314.0,3220.0,3311.0,3314.0,3157.0,615913892.0,2039117165884.0,13306.0
2023-03-19,3400.0,3441.0,3300.0,3376.0,3390.0,3311.0,510381999.0,1723258326450.0,16164.0
2023-03-25,3431.0,3544.0,3333.0,3493.0,3443.0,3376.0,730525443.0,2551574133731.0,19696.0
2023-03-26,3474.0,3542.0,3319.0,3380.0,3319.0,3493.0,659932939.0,2230247759150.0,23977.0
2023-03-27,3355.0,3470.0,3290.0,3401.0,3410.0,3380.0,423190970.0,1439357730878.0,15175.0
2023-03-28,3449.0,3535.0,3394.0,3445.0,3430.0,3401.0,399745113.0,1376973450999.0,14598.0
2023-03-29,3479.0,3588.0,3447.0,3543.0,3582.0,3445.0,646616613.0,2290681499571.0,21237.0
2023-04-03,3591.0,3720.0,3465.0,3697.0,3720.0,3543.0,970938264.0,3589345002030.0,24327.0
2023-04-04,3790.0,3870.0,3576.0,3721.0,3671.0,3697.0,816425748.0,3037886665433.0,32533.0
2023-04-05,3601.0,3820.0,3589.0,3721.0,3769.0,3721.0,732569845.0,2725849752907.0,23914.0
2023-04-08,3650.0,3829.0,3590.0,3718.0,3662.0,3721.0,1045760502.0,3887943344510.0,39069.0
2023-04-09,3701.0,3903.0,3666.0,3858.0,3900.0,3718.0,1271709212.0,4906046721903.0,36059.0
2023-04-10,4000.0,4000.0,3666.0,3848.0,3734.0,3858.0,1172965033.0,4513226883398.0,44796.0
2023-04-11,3779.0,3930.0,3700.0,3849.0,3869.0,3848.0,527361701.0,2029989464925.0,18399.0
2023-04-15,3920.0,4034.0,3910.0,3959.0,3945.0,3849.0,843388154.0,3339348150505.0,29706.0
2023-04-16,3980.0,4095.0,3910.0,3980.0,3935.0,3959.0,850767586.0,3385721217781.0,28609.0
2023-04-17,3968.0,4067.0,3896.0,3995.0,4023.0,3980.0,812747263.0,3246773558607.0,26548.0
2023-04-18,4040.0,4194.0,4011.0,4160.0,4150.0,3995.0,1582129515.0,6582240588571.0,36357.0
2023-04-19,4160.0,4235.0,4056.0,4134.0,4085.0,4160.0,793102317.0,3278410458019.0,26537.0
2023-04-24,4103.0,4215.0,4001.0,4105.0,4107.0,4134.0,657143947.0,2697400447069.0,22755.0
2023-04-25,4150.0,4233.0,3959.0,4101.0,3979.0,4105.0,912408305.0,3742122593514.0,29874.0
2023-04-26,3980.0,4031.0,3896.0,3936.0,3896.0,4101.0,979037310.0,3853387547595.0,32975.0
2023-04-29,3890.0,3992.0,3841.0,3905.0,3896.0,3936.0,812261547.0,3171586122738.0,30329.0
2023-04-30,3920.0,4080.0,3920.0,4010.0,4033.0,3905.0,853563689.0,3422937522422.0,27867.0
2023-05-01,4046.0,4080.0,3909.0,3992.0,3966.0,4010.0,700213648.0,2795155534512.0,25658.0
2023-05-02,3955.0,4148.0,3949.0,4046.0,4080.0,3992.0,1214396215.0,4913521113666.0,35891.0
2023-05-03,4150.0,4248.0,4067.0,4207.0,4248.0,4046.0,2418625809.0,10175385539860.0,52208.0
2023-05-06,4417.0,4417.0,4410.0,4417.0,4417.0,4207.0,936756565.0,4137610540608.0,16521.0
2023-05-07,4631.0,4631.0,4197.0,4346.0,4197.0,4417.0,1369187991.0,5950050681032.0,36401.0
2023-05-08,4129.0,4180.0,4129.0,4129.0,4129.0,4346.0,527721936.0,2179151892114.0,10634.0
2023-05-09,3928.0,4128.0,3923.0,3981.0,4041.0,4129.0,1806190970.0,7190553378002.0,45225.0
2023-05-10,4052.0,4071.0,3782.0,3834.0,3782.0,3981.0,820010030.0,3143877854751.0,19934.0
2023-05-13,3703.0,3740.0,3643.0,3651.0,3644.0,3834.0,801623282.0,2926500026556.0,19931.0
2023-05-14,3651.0,3833.0,3616.0,3739.0,3830.0,3651.0,732652251.0,2739668660232.0,22810.0
2023-05-15,3840.0,3840.0,3650.0,3722.0,3700.0,3739.0,476266894.0,1772634736666.0,14330.0
2023-05-17,3660.0,3849.0,3651.0,3757.0,3786.0,3722.0,375108439.0,1409195263609.0,12932.0
2023-05-20,3810.0,3840.0,3598.0,3664.0,3610.0,3757.0,473883058.0,1736178593019.0,17461.0
2023-05-21,3596.0,3720.0,3585.0,3664.0,3661.0,3664.0,310389708.0,1137351489990.0,11553.0
2023-05-22,3700.0,3821.0,3660.0,3747.0,3740.0,3664.0,563502139.0,2111612166242.0,16459.0
2023-05-23,3780.0,3831.0,3692.0,3752.0,3694.0,3747.0,449401511.0,1686238799384.0,14790.0
2023-05-24,3700.0,3785.0,3625.0,3688.0,3665.0,3752.0,646201095.0,2382882275765.0,18958.0
2023-05-27,3665.0,3722.0,3608.0,3660.0,3639.0,3688.0,485357073.0,1776522767564.0,15334.0
2023-05-28,3660.0,3661.0,3477.0,3486.0,3495.0,3660.0,705700212.0,2460197527079.0,17166.0
2023-05-29,3519.0,3525.0,3465.0,3491.0,3488.0,3486.0,457683053.0,1597632239590.0,10869.0
2023-05-30,3500.0,3571.0,3486.0,3502.0,3504.0,3491.0,417968307.0,1463861256820.0,10854.0
2023-05-31,3496.0,3540.0,3367.0,3425.0,3425.0,3502.0,414481315.0,1419498601685.0,11278.0
2023-06-03,3420.0,3505.0,3366.0,3449.0,3500.0,3425.0,282558735.0,974625840542.0,8961.0
2023-06-06,3508.0,3621.0,3461.0,3588.0,3621.0,3449.0,506587938.0,1817782008286.0,11884.0
2023-06-07,3680.0,3689.0,3571.0,3624.0,3582.0,3588.0,306516353.0,1110759507377.0,9969.0
2023-06-12,3300.0,3442.0,3300.0,3376.0,3392.0,3624.0,420877513.0,1421025608051.0,10941.0
2023-06-13,3410.0,3430.0,3285.0,3364.0,3389.0,3376.0,275016271.0,925269467679.0,9431.0
2023-06-14,3390.0,3451.0,3340.0,3398.0,3348.0,3364.0,248840632.0,845570453101.0,7753.0
2023-06-17,3390.0,3437.0,3277.0,3351.0,3291.0,3398.0,224143144.0,751205766428.0,8852.0
2023-06-18,3240.0,3284.0,3184.0,3207.0,3203.0,3351.0,363008034.0,1164001102646.0,11962.0
2023-06-19,3146.0,3250.0,3090.0,3151.0,3107.0,3207.0,293955563.0,926336958170.0,12081.0
2023-06-20,3110.0,3195.0,3053.0,3140.0,3175.0,3151.0,193652337.0,608046509167.0,8378.0
2023-06-21,3182.0,3247.0,3106.0,3186.0,3161.0,3140.0,187198064.0,596478280311.0,7783.0
2023-06-24,3150.0,3170.0,3050.0,3088.0,3055.0,3186.0,215316234.0,664932332601.0,10607.0
2023-06-25,3103.0,3139.0,3070.0,3098.0,3079.0,3088.0,207636765.0,643243101867.0,8335.0
2023-06-26,3100.0,3229.0,3073.0,3164.0,3140.0,3098.0,254150219.0,804232485622.0,8708.0
2023-06-27,3149.0,3205.0,3015.0,3087.0,3041.0,3164.0,184692325.0,570099581849.0,8541.0
2023-06-28,3060.0,3129.0,3040.0,3073.0,3050.0,3087.0,184304499.0,566326891406.0,6639.0
2023-07-01,3070.0,3109.0,2998.0,3028.0,3006.0,3073.0,198882905.0,602163757474.0,8198.0
2023-07-02,3013.0,3179.0,3013.0,3143.0,3154.0,3028.0,367564604.0,1155104010493.0,11453.0
2023-07-03,3165.0,3243.0,3152.0,3198.0,3222.0,3143.0,197294875.0,631026353271.0,7613.0
2023-07-04,3205.0,3265.0,3150.0,3197.0,3157.0,3198.0,215171148.0,687876224362.0,8334.0
2023-07-05,3180.0,3210.0,3146.0,3171.0,3158.0,3197.0,189985692.0,602449956056.0,6258.0
2023-07-08,3197.0,3210.0,3121.0,3159.0,3123.0,3171.0,151883554.0,479768635570.0,5750.0
2023-07-09,3111.0,3165.0,3075.0,3105.0,3080.0,3159.0,173951905.0,540188265404.0,6403.0
2023-07-10,3073.0,3117.0,3012.0,3049.0,3013.0,3105.0,209602195.0,639125501065.0,7003.0
2023-07-11,3010.0,3064.0,2897.0,2938.0,2897.0,3049.0,513951335.0,1509855822687.0,12950.0
2023-07-12,2893.0,2930.0,2792.0,2817.0,2815.0,2938.0,394438634.0,1111025296561.0,11777.0
2023-07-15,2856.0,2884.0,2725.0,2787.0,2739.0,2817.0,245006697.0,682798295518.0,7996.0
2023-07-16,2760.0,2780.0,2648.0,2671.0,2648.0,2787.0,358906056.0,958708762211.0,10866.0
2023-07-17,2620.0,2643.0,2538.0,2546.0,2592.0,2671.0,484736277.0,1234303225657.0,11412.0
2023-07-18,2586.0,2668.0,2579.0,2622.0,2640.0,2546.0,408124879.0,1070226876863.0,10568.0
2023-07-25,2570.0,2571.0,2485.0,2524.0,2519.0,2622.0,162432264.0,410059757324.0,4789.0
2023-07-26,2530.0,2616.0,2491.0,2560.0,2579.0,2524.0,287811905.0,736764491373.0,8737.0
2023-07-29,2610.0,2622.0,2512.0,2556.0,2515.0,2560.0,177354074.0,453347214939.0,6161.0
2023-07-30,2554.0,2580.0,2429.0,2454.0,2429.0,2556.0,447127930.0,1097217886285.0,10001.0
2023-07-31,2455.0,2515.0,2430.0,2466.0,2490.0,2454.0,215284000.0,530860706924.0,6281.0
2023-08-01,2515.0,2543.0,2481.0,2509.0,2528.0,2466.0,161936983.0,406287795432.0,4594.0
2023-08-05,2560.0,2634.0,2552.0,2627.0,2634.0,2509.0,591574877.0,1554362848191.0,8807.0
2023-08-06,2626.0,2695.0,2580.0,2645.0,2655.0,2627.0,411251338.0,1087781634560.0,8462.0
2023-08-07,2686.0,2777.0,2680.0,2768.0,2725.0,2645.0,719003547.0,1990344024043.0,12683.0
2023-08-08,2725.0,2770.0,2669.0,2716.0,2708.0,2768.0,292733636.0,794989888910.0,6863.0
2023-08-09,2740.0,2750.0,2659.0,2699.0,2662.0,2716.0,173345287.0,467783481142.0,4956.0
2023-08-12,2610.0,2671.0,2565.0,2570.0,2565.0,2699.0,241309793.0,620085391420.0,5563.0
2023-08-13,2500.0,2570.0,2442.0,2494.0,2528.0,2570.0,283314273.0,706662585755.0,7719.0
2023-08-14,2569.0,2618.0,2507.0,2569.0,2520.0,2494.0,209950801.0,539300801198.0,5380.0
2023-08-15,2520.0,2520.0,2441.0,2466.0,2491.0,2569.0,339859813.0,837943541291.0,8049.0
2023-08-20,2475.0,2570.0,2447.0,2503.0,2535.0,2466.0,218594724.0,547207902358.0,5101.0
2023-08-21,2535.0,2597.0,2496.0,2534.0,2513.0,2503.0,178313136.0,451927331112.0,5067.0
2023-08-22,2528.0,2529.0,2408.0,2424.0,2415.0,2534.0,271624013.0,658394727324.0,6708.0
2023-08-23,2438.0,2545.0,2395.0,2475.0,2545.0,2424.0,266911240.0,660596901117.0,6175.0
2023-08-26,2577.0,2598.0,2554.0,2596.0,2598.0,2475.0,326023539.0,846360927254.0,4098.0
2023-08-27,2725.0,2725.0,2686.0,2722.0,2725.0,2596.0,581991752.0,1584081334491.0,9086.0
2023-08-28,2779.0,2858.0,2730.0,2830.0,2780.0,2722.0,626494743.0,1772800027847.0,14716.0
2023-08-29,2830.0,2970.0,2780.0,2879.0,2835.0,2830.0,337394919.0,971407114433.0,9724.0
2023-08-30,2850.0,2949.0,2802.0,2879.0,2862.0,2879.0,330673325.0,952091065968.0,9113.0
2023-09-02,2895.0,2930.0,2801.0,2865.0,2860.0,2879.0,222936910.0,638745759303.0,6144.0
2023-09-03,2869.0,2928.0,2826.0,2882.0,2870.0,2865.0,188543566.0,543289090239.0,5250.0
2023-09-04,2880.0,2995.0,2853.0,2936.0,2964.0,2882.0,309550536.0,908811802370.0,6701.0
2023-09-05,2975.0,3082.0,2975.0,3047.0,3025.0,2936.0,480875185.0,1465191956122.0,10371.0
2023-09-09,3049.0,3049.0,2901.0,2943.0,2923.0,3047.0,338880829.0,997372301191.0,7981.0
2023-09-10,2897.0,2967.0,2867.0,2932.0,2918.0,2943.0,165609921.0,485534138039.0,4796.0
2023-09-11,2930.0,3029.0,2907.0,2971.0,2972.0,2932.0,209769651.0,623291698139.0,6356.0
2023-09-12,2999.0,3078.0,2981.0,3030.0,3016.0,2971.0,188806094.0,572154805913.0,5682.0
2023-09-13,3059.0,3076.0,2992.0,3018.0,3030.0,3030.0,174510234.0,526704979594.0,4936.0
2023-09-17,3030.0,3082.0,2992.0,3044.0,3032.0,3018.0,187020887.0,569318468252.0,4882.0
2023-09-18,3060.0,3079.0,3001.0,3037.0,3020.0,3044.0,199002666.0,604298943420.0,4693.0
2023-09-19,3020.0,3030.0,2971.0,3013.0,3010.0,3037.0,188201082.0,567004505509.0,3988.0
2023-09-20,3010.0,3028.0,2980.0,3010.0,3014.0,3013.0,170274493.0,512528404103.0,3560.0
2023-09-23,3010.0,3015.0,2976.0,2998.0,3000.0,3010.0,176439506.0,529021927227.0,4201.0
2023-09-25,3000.0,3002.0,2865.0,2918.0,2876.0,2998.0,297497219.0,868074018852.0,6575.0
2023-09-26,2910.0,2928.0,2857.0,2881.0,2857.0,2918.0,242682592.0,699231301718.0,6458.0
2023-09-27,2867.0,2890.0,2824.0,2855.0,2828.0,2881.0,196462794.0,560906967607.0,6217.0
2023-09-30,2883.0,2906.0,2791.0,2826.0,2792.0,2855.0,286079719.0,808575987263.0,8088.0
2023-10-01,2800.0,2810.0,2744.0,2765.0,2755.0,2826.0,228310809.0,631371523873.0,6269.0
2023-10-02,2766.0,2850.0,2732.0,2784.0,2794.0,2765.0,163644748.0,455524166923.0,5632.0
2023-10-04,2795.0,2877.0,2795.0,2825.0,2837.0,2784.0,83685931.0,236377847154.0,3512.0
2023-10-07,2800.0,2837.0,2720.0,2765.0,2737.0,2825.0,151454000.0,418798720196.0,4496.0
2023-10-08,2700.0,2700.0,2627.0,2630.0,2627.0,2765.0,403246896.0,1060389906854.0,7601.0
2023-10-09,2630.0,2700.0,2555.0,2623.0,2630.0,2630.0,206985517.0,542913962274.0,5766.0
2023-10-10,2635.0,2696.0,2584.0,2645.0,2680.0,2623.0,132208626.0,349693724799.0,4147.0
2023-10-11,2694.0,2730.0,2624.0,2669.0,2625.0,2645.0,129124683.0,344687417465.0,3924.0
2023-10-14,2650.0,2650.0,2542.0,2572.0,2548.0,2669.0,223709506.0,575286533807.0,5300.0
2023-10-15,2548.0,2620.0,2510.0,2566.0,2590.0,2572.0,114382296.0,293558192383.0,3738.0
2023-10-16,2613.0,2694.0,2591.0,2659.0,2694.0,2566.0,160174821.0,425906372386.0,4734.0
2023-10-17,2700.0,2718.0,2638.0,2677.0,2650.0,2659.0,125649240.0,336378387507.0,3769.0
2023-10-18,2553.0,2669.0,2550.0,2599.0,2606.0,2677.0,161154509.0,418903591225.0,4330.0
2023-10-21,2690.0,2696.0,2614.0,2644.0,2619.0,2599.0,104975694.0,277604735440.0,3223.0
2023-10-22,2644.0,2678.0,2620.0,2645.0,2628.0,2644.0,94716007.0,250505180618.0,3197.0
2023-10-23,2612.0,2612.0,2526.0,2554.0,2539.0,2645.0,128320812.0,327769268243.0,4562.0
2023-10-24,2550.0,2550.0,2427.0,2443.0,2430.0,2554.0,359187582.0,877671955345.0,11041.0
2023-10-25,2432.0,2470.0,2420.0,2446.0,2444.0,2443.0,152179208.0,372164391484.0,4562.0
2023-10-28,2366.0,2370.0,2324.0,2326.0,2324.0,2446.0,123630719.0,287582171746.0,3143.0
2023-10-29,2250.0,2376.0,2250.0,2326.0,2348.0,2326.0,393804301.0,915867140096.0,6759.0
2023-10-30,2350.0,2442.0,2326.0,2425.0,2430.0,2326.0,258164944.0,626136627443.0,5661.0
2023-10-31,2432.0,2451.0,2346.0,2396.0,2353.0,2425.0,166745090.0,399532545537.0,4868.0
2023-11-01,2350.0,2419.0,2277.0,2319.0,2370.0,2396.0,221306710.0,513108229893.0,5778.0
2023-11-04,2420.0,2434.0,2400.0,2427.0,2434.0,2319.0,181965599.0,441661852230.0,4511.0
2023-11-05,2478.0,2495.0,2440.0,2464.0,2452.0,2427.0,152676690.0,376260559623.0,4078.0
2023-11-06,2464.0,2533.0,2431.0,2501.0,2518.0,2464.0,136324773.0,341000477117.0,3872.0
2023-11-07,2539.0,2626.0,2510.0,2605.0,2626.0,2501.0,397019309.0,1034387061825.0,6613.0
2023-11-08,2645.0,2682.0,2588.0,2628.0,2604.0,2605.0,196379898.0,516156882819.0,5085.0
2023-11-11,2630.0,2677.0,2584.0,2622.0,2624.0,2628.0,163661061.0,429065592824.0,4244.0
2023-11-12,2610.0,2655.0,2587.0,2626.0,2643.0,2622.0,128087288.0,336298165575.0,3653.0
2023-11-13,2665.0,2693.0,2629.0,2660.0,2631.0,2626.0,150613660.0,400694546567.0,3958.0
2023-11-14,2650.0,2675.0,2589.0,2622.0,2590.0,2660.0,136376495.0,357602173718.0,3536.0
2023-11-15,2600.0,2638.0,2566.0,2592.0,2570.0,2622.0,97285861.0,252212021227.0,3118.0
2023-11-18,2579.0,2638.0,2555.0,2611.0,2619.0,2592.0,142833935.0,372911635675.0,3983.0
2023-11-19,2620.0,2679.0,2600.0,2638.0,2603.0,2611.0,136551249.0,360211542736.0,3682.0
2023-11-20,2613.0,2632.0,2574.0,2594.0,2584.0,2638.0,133007571.0,344976578551.0,3970.0
2023-11-21,2560.0,2639.0,2560.0,2602.0,2600.0,2594.0,116618468.0,303404636523.0,3701.0
2023-11-22,2600.0,2630.0,2584.0,2599.0,2588.0,2602.0,108813651.0,282850996438.0,3457.0
2023-11-25,2601.0,2634.0,2569.0,2592.0,2573.0,2599.0,118567546.0,307344684853.0,3351.0
2023-11-26,2593.0,2604.0,2569.0,2583.0,2577.0,2592.0,121547620.0,314000850184.0,3265.0
2023-11-27,2575.0,2597.0,2547.0,2567.0,2550.0,2583.0,109424453.0,280851599177.0,3592.0
2023-11-28,2550.0,2614.0,2544.0,2570.0,2608.0,2567.0,173695675.0,446312918786.0,3906.0
2023-11-29,2612.0,2687.0,2594.0,2652.0,2661.0,2570.0,260220025.0,690017897890.0,5976.0
2023-12-02,2675.0,2778.0,2670.0,2725.0,2691.0,2652.0,335149154.0,913281964906.0,6841.0
2023-12-03,2700.0,2806.0,2693.0,2756.0,2799.0,2725.0,257791769.0,710533292689.0,6434.0
2023-12-04,2830.0,2860.0,2736.0,2788.0,2748.0,2756.0,219003036.0,610637805264.0,6268.0
2023-12-05,2760.0,2927.0,2741.0,2903.0,2877.0,2788.0,716572602.0,2080297798125.0,12532.0
2023-12-06,2870.0,2913.0,2851.0,2877.0,2874.0,2903.0,185013518.0,532265103224.0,5484.0
2023-12-09,2832.0,2885.0,2774.0,2812.0,2777.0,2877.0,239987435.0,674742726154.0,5860.0
2023-12-10,2795.0,2847.0,2777.0,2805.0,2790.0,2812.0,116889496.0,327856660627.0,3721.0
2023-12-11,2790.0,2858.0,2779.0,2814.0,2815.0,2805.0,129315385.0,363882487555.0,3721.0
2023-12-12,2828.0,2864.0,2780.0,2813.0,2784.0,2814.0,129274861.0,363600429316.0,3946.0
2023-12-13,2788.0,2813.0,2752.0,2769.0,2757.0,2813.0,107518175.0,297724633480.0,3562.0
2023-12-16,2757.0,2797.0,2745.0,2771.0,2780.0,2769.0,100314367.0,278006259736.0,3343.0
2023-12-18,2800.0,2896.0,2787.0,2839.0,2819.0,2771.0,185295910.0,526054738422.0,5032.0
2023-12-19,2850.0,2859.0,2790.0,2822.0,2792.0,2839.0,153925192.0,434367281737.0,4148.0
2023-12-20,2797.0,2841.0,2789.0,2812.0,2796.0,2822.0,125554476.0,353118129336.0,3500.0
2023-12-23,2815.0,2861.0,2789.0,2821.0,2800.0,2812.0,121997768.0,344141058667.0,3738.0
2023-12-24,2800.0,2828.0,2774.0,2792.0,2775.0,2821.0,108420749.0,302699495082.0,3675.0
2023-12-25,2790.0,2802.0,2749.0,2772.0,2755.0,2792.0,155331777.0,430511335256.0,3866.0
2023-12-26,2755.0,2770.0,2704.0,2736.0,2718.0,2772.0,168546657.0,461223039240.0,4467.0
2023-12-27,2715.0,2739.0,2698.0,2724.0,2732.0,2736.0,166270066.0,452876870198.0,4927.0
2023-12-30,2743.0,2777.0,2732.0,2748.0,2736.0,2724.0,232527644.0,638962299616.0,4405.0
2023-12-31,2760.0,2786.0,2744.0,2761.0,2759.0,2748.0,132882152.0,366946115759.0,4158.0
2024-01-01,2774.0,2774.0,2725.0,2744.0,2727.0,2761.0,121730181.0,334069530456.0,3269.0
2024-01-02,2758.0,2769.0,2705.0,2732.0,2735.0,2744.0,99726193.0,272498611246.0,3036.0
2024-01-03,2735.0,2794.0,2724.0,2755.0,2732.0,2732.0,201625785.0,555526595127.0,5163.0
2024-01-06,2759.0,2892.0,2725.0,2851.0,2892.0,2755.0,500616491.0,1427213599232.0,10971.0
2024-01-07,2892.0,2924.0,2805.0,2864.0,2829.0,2851.0,300819287.0,861399034614.0,9413.0
2024-01-08,2840.0,2871.0,2800.0,2829.0,2812.0,2864.0,134520463.0,380585185148.0,4833.0
2024-01-09,2820.0,2851.0,2800.0,2835.0,2839.0,2829.0,148050511.0,419701259360.0,3825.0
2024-01-10,2856.0,2941.0,2856.0,2908.0,2897.0,2835.0,335848944.0,976681301269.0,7534.0
2024-01-13,2920.0,3023.0,2860.0,2971.0,2939.0,2908.0,274126720.0,814499482909.0,8500.0
2024-01-14,3050.0,3050.0,2946.0,2990.0,2956.0,2971.0,201026969.0,600984597409.0,5941.0
2024-01-15,2948.0,2980.0,2891.0,2930.0,2900.0,2990.0,181183067.0,530803803569.0,5094.0
2024-01-16,2863.0,2901.0,2850.0,2874.0,2867.0,2930.0,169707742.0,487799368032.0,4658.0
2024-01-17,2860.0,2920.0,2845.0,2887.0,2905.0,2874.0,182539624.0,527010192559.0,5536.0
2024-01-20,2915.0,2915.0,2763.0,2822.0,2768.0,2887.0,172394583.0,486565473212.0,4611.0
2024-01-21,2781.0,2799.0,2700.0,2755.0,2740.0,2822.0,208474840.0,574386289365.0,5081.0
2024-01-22,2720.0,2785.0,2631.0,2700.0,2690.0,2755.0,214348842.0,578730977637.0,5550.0
2024-01-23,2714.0,2714.0,2583.0,2618.0,2603.0,2700.0,178997077.0,468647938980.0,5190.0
2024-01-24,2615.0,2698.0,2615.0,2655.0,2670.0,2618.0,99326177.0,263759007164.0,2785.0
2024-01-27,2670.0,2727.0,2648.0,2668.0,2655.0,2655.0,112177078.0,299290557159.0,2918.0
2024-01-28,2668.0,2720.0,2630.0,2664.0,2712.0,2668.0,152099165.0,405164646307.0,4469.0
2024-01-29,2688.0,2688.0,2637.0,2662.0,2661.0,2664.0,115983084.0,308756452779.0,3031.0
2024-01-30,2620.0,2655.0,2591.0,2612.0,2595.0,2662.0,262652012.0,686123269798.0,5318.0
2024-01-31,2600.0,2647.0,2576.0,2612.0,2625.0,2612.0,161488167.0,421816277007.0,3970.0
2024-02-03,2620.0,2693.0,2613.0,2649.0,2640.0,2612.0,173619064.0,459996518236.0,4528.0
2024-02-04,2650.0,2684.0,2580.0,2623.0,2617.0,2649.0,241932263.0,634643465483.0,5057.0
2024-02-18,2624.0,2645.0,2604.0,2621.0,2634.0,2623.0,364504351.0,955311673946.0,4686.0
2024-02-19,2640.0,2669.0,2606.0,2623.0,2624.0,2621.0,401534155.0,1053176196285.0,7292.0
2024-02-20,2621.0,2675.0,2611.0,2633.0,2629.0,2623.0,246880052.0,649934453145.0,4831.0
2024-02-21,2610.0,2634.0,2591.0,2611.0,2601.0,2633.0,151918974.0,396647554559.0,3544.0
2024-02-24,2597.0,2597.0,2495.0,2540.0,2520.0,2611.0,310712103.0,789064484169.0,7123.0
2024-02-26,2539.0,2539.0,2435.0,2469.0,2436.0,2540.0,224266212.0,553806918709.0,5839.0
2024-02-27,2431.0,2489.0,2410.0,2436.0,2439.0,2469.0,200876454.0,489385439290.0,5424.0
2024-02-28,2492.0,2525.0,2439.0,2481.0,2441.0,2436.0,161389415.0,400339275623.0,4793.0
2024-03-02,2530.0,2605.0,2480.0,2589.0,2605.0,2481.0,502994678.0,1302392735439.0,6398.0
2024-03-03,2718.0,2718.0,2718.0,2718.0,2718.0,2589.0,185315826.0,503688415068.0,2073.0
2024-03-04,2798.0,2853.0,2760.0,2838.0,2803.0,2718.0,1445649151.0,4103338815794.0,26298.0
2024-03-05,2838.0,2979.0,2810.0,2932.0,2887.0,2838.0,556184171.0,1630822007457.0,14662.0
2024-03-06,2940.0,2965.0,2870.0,2906.0,2901.0,2932.0,281821289.0,819026681636.0,7493.0
2024-03-09,2913.0,2938.0,2863.0,2896.0,2873.0,2906.0,199902949.0,579015853625.0,6140.0
2024-03-10,2900.0,3031.0,2896.0,2972.0,2966.0,2896.0,318496049.0,946724777216.0,8641.0
2024-03-11,2980.0,3120.0,2952.0,3091.0,3120.0,2972.0,583002581.0,1801924920493.0,10545.0
2024-03-12,3170.0,3245.0,3105.0,3175.0,3130.0,3091.0,623717676.0,1980486571856.0,15352.0
2024-03-13,3139.0,3210.0,3091.0,3148.0,3105.0,3175.0,326107069.0,1026452085183.0,8936.0
2024-03-16,3100.0,3169.0,3074.0,3108.0,3148.0,3148.0,285266513.0,886601723583.0,7117.0
2024-03-17,3120.0,3250.0,3120.0,3179.0,3136.0,3108.0,297892797.0,946869269435.0,7588.0
2024-03-18,3180.0,3290.0,3180.0,3229.0,3241.0,3179.0,89761727.0,289799631731.0,1703.0
2024-03-24,3330.0,3390.0,3251.0,3327.0,3390.0,3229.0,469740514.0,1562805944389.0,11690.0
2024-03-25,3400.0,3467.0,3256.0,3341.0,3278.0,3327.0,447696222.0,1495930883432.0,16120.0
2024-03-26,3314.0,3341.0,3227.0,3268.0,3240.0,3341.0,245960328.0,803768919949.0,8899.0
2024-03-27,3250.0,3290.0,3183.0,3221.0,3200.0,3268.0,255553451.0,823227525398.0,9478.0
2024-03-30,3200.0,3235.0,3148.0,3178.0,3200.0,3221.0,232226180.0,738011685418.0,6937.0
2024-04-02,3060.0,3200.0,3028.0,3137.0,3176.0,3178.0,337884761.0,1059822079875.0,9074.0
2024-04-03,3176.0,3228.0,3101.0,3149.0,3171.0,3137.0,255690806.0,805289073480.0,6896.0
2024-04-06,3160.0,3197.0,2992.0,3053.0,3002.0,3149.0,501234968.0,1530427601267.0,13474.0
2024-04-07,3046.0,3090.0,3000.0,3041.0,3051.0,3053.0,257519745.0,783070787571.0,6253.0
2024-04-08,3087.0,3139.0,3040.0,3086.0,3052.0,3041.0,134573033.0,415241006415.0,4411.0
2024-04-09,3080.0,3147.0,3056.0,3106.0,3095.0,3086.0,182556281.0,567054334554.0,5199.0
2024-04-13,3020.0,3050.0,2951.0,2957.0,2951.0,3106.0,524747064.0,1551555896569.0,9915.0
2024-04-14,2928.0,2928.0,2928.0,2946.0,2928.0,2957.0,14455337.0,42325226736.0,447.0
2024-04-15,2975.0,2975.0,2970.0,2975.0,2975.0,2946.0,100691590.0,299555488291.0,1639.0
2024-04-16,2946.0,2969.0,2946.0,2947.0,2962.0,2975.0,330732829.0,974675806419.0,5002.0
2024-04-17,2959.0,2976.0,2921.0,2966.0,2935.0,2947.0,182989256.0,542834415111.0,3972.0
2024-04-20,3160.0,3196.0,3114.0,3155.0,3180.0,2966.0,509413682.0,1607406417442.0,10171.0
2024-04-21,3213.0,3213.0,3129.0,3166.0,3133.0,3155.0,305022934.0,965756483981.0,9182.0
2024-04-22,3147.0,3200.0,3102.0,3147.0,3110.0,3166.0,225344015.0,709197590220.0,6249.0
2024-04-23,3115.0,3193.0,3095.0,3148.0,3150.0,3147.0,323281030.0,1017760971402.0,7581.0
2024-04-24,3150.0,3175.0,3123.0,3148.0,3165.0,3148.0,216957021.0,682960500904.0,5740.0
2024-04-27,3141.0,3194.0,3120.0,3150.0,3129.0,3148.0,232502872.0,732341488728.0,6180.0
2024-04-28,3131.0,3153.0,3085.0,3104.0,3085.0,3150.0,205508850.0,637826395482.0,4936.0
2024-04-29,3104.0,3230.0,3100.0,3158.0,3110.0,3104.0,187013335.0,590537071717.0,5103.0
2024-04-30,3158.0,3158.0,3076.0,3108.0,3110.0,3158.0,143836503.0,447111084031.0,3906.0
2024-05-01,3080.0,3150.0,3080.0,3121.0,3135.0,3108.0,102570890.0,320080304843.0,2829.0
2024-05-05,3125.0,3170.0,3099.0,3126.0,3103.0,3121.0,136554073.0,426932565282.0,3906.0
2024-05-06,3093.0,3130.0,3066.0,3095.0,3075.0,3126.0,191066623.0,591423250354.0,4723.0
2024-05-07,3070.0,3130.0,3036.0,3077.0,3090.0,3095.0,120070204.0,369439566045.0,3761.0
2024-05-08,3077.0,3090.0,2981.0,3023.0,2993.0,3077.0,127009925.0,383981452006.0,4872.0
2024-05-11,2961.0,3039.0,2937.0,2974.0,2950.0,3023.0,152273839.0,452846621919.0,4009.0
2024-05-12,2986.0,3037.0,2883.0,2945.0,2883.0,2974.0,160605247.0,472975893827.0,5363.0
2024-05-13,2944.0,2944.0,2798.0,2838.0,2898.0,2945.0,343412705.0,974727051233.0,9553.0
2024-05-14,2860.0,2930.0,2834.0,2865.0,2836.0,2838.0,124960818.0,358011174812.0,2988.0
2024-05-15,2850.0,2905.0,2776.0,2831.0,2866.0,2865.0,142381748.0,403101373293.0,4547.0
2024-05-18,2877.0,2928.0,2819.0,2871.0,2832.0,2831.0,129968538.0,373191626682.0,3853.0
2024-05-19,2728.0,2830.0,2728.0,2739.0,2800.0,2871.0,199800374.0,547279902761.0,4849.0
2024-05-21,2702.0,2793.0,2702.0,2781.0,2793.0,2739.0,172465921.0,479707701772.0,4459.0
2024-05-25,2763.0,2816.0,2726.0,2748.0,2726.0,2781.0,227849553.0,626053121952.0,4602.0
2024-05-26,2694.0,2755.0,2694.0,2716.0,2694.0,2748.0,53141344.0,144319051185.0,1091.0
2024-05-27,2662.0,2686.0,2662.0,2664.0,2672.0,2716.0,199682376.0,531863823918.0,4540.0
2024-05-28,2673.0,2717.0,2673.0,2713.0,2717.0,2664.0,78729331.0,213566777706.0,1464.0
2024-05-29,2767.0,2767.0,2767.0,2766.0,2767.0,2713.0,42116927.0,116537537009.0,653.0
2024-06-01,2821.0,2821.0,2759.0,2817.0,2821.0,2766.0,321224722.0,904833572227.0,5515.0
2024-06-02,2840.0,2873.0,2761.0,2821.0,2873.0,2817.0,178672451.0,503967663120.0,4378.0
2024-06-05,2877.0,2877.0,2850.0,2876.0,2873.0,2821.0,259488057.0,746296030271.0,4783.0
2024-06-08,2879.0,2879.0,2819.0,2822.0,2819.0,2876.0,174995287.0,493875001359.0,2320.0
2024-06-09,2779.0,2878.0,2766.0,2829.0,2861.0,2822.0,148557022.0,420198273506.0,4706.0
2024-06-10,2883.0,2885.0,2852.0,2885.0,2885.0,2829.0,46938200.0,135394806615.0,1059.0
2024-06-11,2940.0,2942.0,2865.0,2904.0,2872.0,2885.0,170263090.0,494467095574.0,5089.0
2024-06-12,2899.0,2910.0,2858.0,2883.0,2860.0,2904.0,137813541.0,397361417045.0,4209.0
2024-06-15,2832.0,2879.0,2826.0,2862.0,2826.0,2883.0,17251661.0,48851889443.0,997.0
2024-06-16,2805.0,2820.0,2805.0,2805.0,2805.0,2862.0,155633846.0,436620008887.0,2320.0
2024-06-18,2772.0,2789.0,2749.0,2750.0,2749.0,2805.0,136381045.0,375081331959.0,2729.0
2024-06-19,2722.0,2804.0,2722.0,2770.0,2788.0,2750.0,142675395.0,395246070418.0,3536.0
2024-06-22,2798.0,2810.0,2715.0,2744.0,2715.0,2770.0,205549450.0,563982156079.0,5711.0
2024-06-23,2751.0,2779.0,2705.0,2736.0,2710.0,2744.0,229691645.0,628484976601.0,4735.0
2024-06-24,2714.0,2790.0,2714.0,2774.0,2790.0,2736.0,118566161.0,328917244482.0,2763.0
2024-06-26,2829.0,2829.0,2800.0,2828.0,2829.0,2774.0,203483804.0,575379008842.0,2786.0
2024-06-29,2830.0,2879.0,2738.0,2808.0,2771.0,2828.0,208243156.0,584690961772.0,4507.0
2024-06-30,2790.0,2790.0,2645.0,2698.0,2660.0,2808.0,274712265.0,741209462180.0,6238.0
2024-07-01,2692.0,2740.0,2679.0,2710.0,2710.0,2698.0,66388529.0,179883687263.0,2117.0
2024-07-02,2735.0,2819.0,2735.0,2780.0,2785.0,2710.0,79256313.0,220313964004.0,2049.0
2024-07-03,2795.0,2809.0,2744.0,2779.0,2779.0,2780.0,101708566.0,282689404020.0,3046.0
2024-07-06,2945.0,2945.0,2945.0,2945.0,2945.0,2779.0,108688159.0,320086628255.0,1201.0
2024-07-07,3121.0,3121.0,2992.0,3067.0,3022.0,2945.0,462937190.0,1419755509663.0,8107.0
2024-07-08,3017.0,3100.0,2967.0,3030.0,2970.0,3067.0,186170757.0,564131740339.0,4864.0
2024-07-09,2973.0,3005.0,2916.0,2952.0,2919.0,3030.0,131656156.0,388701483659.0,3628.0
2024-07-10,2900.0,2947.0,2839.0,2879.0,2853.0,2952.0,159927242.0,460392928244.0,3298.0
2024-07-13,2889.0,2889.0,2770.0,2811.0,2814.0,2879.0,113182636.0,318161608794.0,2879.0
2024-07-14,2833.0,2869.0,2794.0,2827.0,2830.0,2811.0,96778821.0,273606085380.0,2592.0
2024-07-17,2843.0,2874.0,2780.0,2821.0,2802.0,2827.0,86010301.0,242632159437.0,2358.0
2024-07-22,2790.0,2800.0,2732.0,2762.0,2748.0,2821.0,81959964.0,226353248512.0,2463.0
2024-07-23,2775.0,2799.0,2750.0,2768.0,2767.0,2762.0,144599695.0,400243981024.0,3187.0
2024-07-24,2778.0,2780.0,2721.0,2755.0,2730.0,2768.0,67863304.0,186983557849.0,3609.0
2024-07-27,2750.0,2754.0,2721.0,2745.0,2740.0,2755.0,30731155.0,84233617697.0,886.0
2024-07-29,2756.0,2772.0,2651.0,2709.0,2676.0,2745.0,202724432.0,549253931953.0,5829.0
2024-07-30,2705.0,2705.0,2616.0,2661.0,2690.0,2709.0,99431668.0,264563136986.0,3585.0
2024-07-31,2580.0,2599.0,2502.0,2520.0,2541.0,2661.0,397247667.0,1000941513685.0,7142.0
2024-08-03,2417.0,2470.0,2369.0,2373.0,2369.0,2520.0,256667957.0,609077037151.0,4367.0
2024-08-04,2350.0,2386.0,2350.0,2354.0,2350.0,2373.0,150883881.0,355121115292.0,2994.0
2024-08-05,2331.0,2344.0,2331.0,2331.0,2331.0,2354.0,61099934.0,142431665262.0,1692.0
2024-08-06,2308.0,2308.0,2308.0,2308.0,2308.0,2331.0,74512831.0,171975613948.0,899.0
2024-08-10,2331.0,2331.0,2288.0,2321.0,2306.0,2308.0,94046028.0,218315258913.0,2109.0
2024-08-11,2310.0,2331.0,2298.0,2307.0,2325.0,2321.0,127445852.0,294005501093.0,2679.0
2024-08-12,2310.0,2319.0,2284.0,2288.0,2284.0,2307.0,67603121.0,154702599926.0,1490.0
2024-08-13,2266.0,2266.0,2266.0,2269.0,2266.0,2288.0,44983900.0,101933517400.0,688.0
2024-08-14,2288.0,2291.0,2257.0,2289.0,2291.0,2269.0,50609469.0,115875330796.0,1086.0
2024-08-17,2334.0,2334.0,2334.0,2314.0,2334.0,2289.0,29450156.0,68736664104.0,589.0
2024-08-18,2360.0,2360.0,2360.0,2347.0,2360.0,2314.0,37859857.0,89349262520.0,531.0
2024-08-19,2393.0,2393.0,2340.0,2376.0,2344.0,2347.0,131098501.0,311480783618.0,2817.0
2024-08-20,2349.0,2390.0,2329.0,2344.0,2355.0,2376.0,89762810.0,210427572476.0,2736.0
2024-08-21,2357.0,2380.0,2298.0,2363.0,2379.0,2344.0,66048966.0,156051051436.0,1601.0
2024-08-24,2370.0,2410.0,2332.0,2402.0,2410.0,2363.0,71469789.0,171705361407.0,1736.0
2024-08-26,2440.0,2449.0,2375.0,2409.0,2418.0,2402.0,130059624.0,313333626145.0,3275.0
2024-08-27,2428.0,2450.0,2388.0,2419.0,2417.0,2409.0,74222917.0,179535765162.0,2499.0
2024-08-28,2446.0,2467.0,2422.0,2452.0,2467.0,2419.0,119870436.0,293963511336.0,2157.0
2024-08-31,2492.0,2501.0,2475.0,2498.0,2501.0,2452.0,57631745.0,143975507991.0,969.0
2024-09-01,2527.0,2531.0,2471.0,2493.0,2498.0,2498.0,156830253.0,391008377488.0,3107.0
2024-09-03,2475.0,2493.0,2444.0,2455.0,2458.0,2493.0,176611956.0,433514309775.0,3664.0
2024-09-07,2454.0,2519.0,2437.0,2480.0,2456.0,2455.0,109640437.0,271922349294.0,2664.0
2024-09-08,2441.0,2498.0,2408.0,2448.0,2467.0,2480.0,81144018.0,198662820743.0,2175.0
2024-09-09,2497.0,2521.0,2451.0,2518.0,2521.0,2448.0,153848368.0,387432405564.0,2090.0
2024-09-10,2540.0,2565.0,2500.0,2535.0,2534.0,2518.0,84921327.0,215274263374.0,2227.0
2024-09-11,2535.0,2586.0,2530.0,2561.0,2557.0,2535.0,89281402.0,228644000260.0,2202.0
2024-09-14,2570.0,2584.0,2496.0,2527.0,2503.0,2561.0,107403930.0,271451838134.0,2976.0
2024-09-15,2503.0,2503.0,2452.0,2468.0,2453.0,2527.0,63227663.0,156064169682.0,1545.0
2024-09-16,2436.0,2530.0,2421.0,2483.0,2474.0,2468.0,103503185.0,257037767319.0,3001.0
2024-09-17,2489.0,2557.0,2483.0,2552.0,2557.0,2483.0,152281622.0,388693524152.0,2480.0
2024-09-18,2561.0,2628.0,2530.0,2582.0,2560.0,2552.0,111435593.0,287731797772.0,2705.0
2024-09-22,2530.0,2587.0,2520.0,2549.0,2530.0,2582.0,83965593.0,214042193169.0,2413.0
2024-09-23,2550.0,2625.0,2521.0,2610.0,2625.0,2549.0,162696809.0,424663954059.0,2740.0
2024-09-24,2625.0,2688.0,2620.0,2672.0,2653.0,2610.0,137885503.0,368392113632.0,3444.0
2024-09-25,2672.0,2678.0,2601.0,2633.0,2614.0,2672.0,153187832.0,403332265735.0,4555.0
2024-09-28,2607.0,2607.0,2607.0,2632.0,2607.0,2633.0,1560711.0,4068773577.0,101.0
2024-09-29,2606.0,2650.0,2606.0,2608.0,2620.0,2632.0,424900684.0,1107963066688.0,4610.0
2024-09-30,2600.0,2630.0,2582.0,2585.0,2582.0,2608.0,78462140.0,202825073019.0,1426.0
2024-10-01,2560.0,2560.0,2560.0,2584.0,2560.0,2585.0,1967204.0,5036042240.0,114.0
2024-10-02,2559.0,2559.0,2559.0,2581.0,2559.0,2584.0,6193027.0,15847956093.0,124.0
2024-10-05,2556.0,2556.0,2556.0,2580.0,2556.0,2581.0,1740645.0,4449088620.0,92.0
2024-10-06,2555.0,2555.0,2555.0,2580.0,2555.0,2580.0,555823.0,1420127765.0,44.0
2024-10-07,2555.0,2555.0,2555.0,2574.0,2555.0,2580.0,11696382.0,29884256010.0,204.0
2024-10-08,2549.0,2570.0,2549.0,2550.0,2549.0,2574.0,193390041.0,493076711355.0,3272.0
2024-10-09,2525.0,2550.0,2525.0,2526.0,2527.0,2550.0,220257069.0,556416683127.0,4471.0
2024-10-12,2521.0,2582.0,2502.0,2547.0,2552.0,2526.0,101599256.0,258739347747.0,2777.0
2024-10-13,2553.0,2570.0,2475.0,2507.0,2486.0,2547.0,137529743.0,344829186834.0,2704.0
2024-10-14,2475.0,2500.0,2432.0,2440.0,2432.0,2507.0,45064862.0,109781231766.0,1094.0
2024-10-15,2367.0,2367.0,2367.0,2379.0,2367.0,2440.0,39896673.0,94435424991.0,729.0
2024-10-16,2308.0,2377.0,2308.0,2318.0,2308.0,2379.0,153372036.0,355500689563.0,3755.0
2024-10-19,2249.0,2288.0,2249.0,2252.0,2249.0,2318.0,104891404.0,236255692905.0,1785.0
2024-10-20,2185.0,2185.0,2185.0,2219.0,2185.0,2252.0,25714602.0,56186405370.0,633.0
2024-10-21,2153.0,2185.0,2153.0,2159.0,2168.0,2219.0,204781358.0,442076695278.0,4185.0
2024-10-22,2120.0,2159.0,2095.0,2102.0,2095.0,2159.0,71584284.0,150454997951.0,1719.0
2024-10-23,2043.0,2088.0,2039.0,2047.0,2052.0,2102.0,299577557.0,613364404053.0,4590.0
2024-10-26,2108.0,2108.0,2108.0,2084.0,2108.0,2047.0,35648601.0,75147250908.0,647.0
2024-10-27,2146.0,2146.0,2146.0,2146.0,2146.0,2084.0,58959007.0,126526029022.0,640.0
2024-10-28,2210.0,2210.0,2170.0,2208.0,2210.0,2146.0,333475586.0,736155887166.0,4258.0
2024-10-29,2220.0,2220.0,2142.0,2161.0,2142.0,2208.0,169869353.0,367103654239.0,3497.0
2024-10-30,2161.0,2225.0,2097.0,2188.0,2210.0,2161.0,208097881.0,455329621929.0,3470.0
2024-11-02,2235.0,2253.0,2222.0,2252.0,2235.0,2188.0,325640341.0,733181253209.0,4460.0
2024-11-03,2185.0,2200.0,2185.0,2218.0,2185.0,2252.0,27696098.0,60520598460.0,634.0
2024-11-04,2152.0,2246.0,2152.0,2182.0,2240.0,2218.0,213777123.0,466445941309.0,4191.0
2024-11-05,2246.0,2247.0,2234.0,2246.0,2247.0,2182.0,227445584.0,510903363784.0,3304.0
2024-11-06,2222.0,2313.0,2179.0,2248.0,2270.0,2246.0,348169647.0,782810475068.0,5741.0
2024-11-09,2315.0,2315.0,2275.0,2305.0,2315.0,2248.0,45769317.0,105916115445.0,862.0
2024-11-10,2374.0,2374.0,2374.0,2357.0,2374.0,2305.0,40509460.0,96169458040.0,637.0
2024-11-11,2427.0,2427.0,2427.0,2427.0,2427.0,2357.0,408558024.0,991570324248.0,3817.0
2024-11-12,2437.0,2499.0,2423.0,2495.0,2499.0,2427.0,373021248.0,930866917927.0,4276.0
2024-11-13,2520.0,2569.0,2512.0,2565.0,2569.0,2495.0,118783674.0,304630898686.0,1546.0
2024-11-16,2641.0,2641.0,2641.0,2641.0,2641.0,2565.0,59405323.0,156889458043.0,812.0
2024-11-17,2720.0,2720.0,2687.0,2719.0,2720.0,2641.0,1148934725.0,3124183230632.0,12218.0
2024-11-19,2905.0,2992.0,2833.0,2896.0,2839.0,2719.0,1996093421.0,5780576109209.0,23883.0
2024-11-20,2864.0,2982.0,2839.0,2920.0,2960.0,2896.0,1225377358.0,3578282042134.0,17509.0
2024-11-23,2969.0,3007.0,2923.0,2977.0,2960.0,2920.0,658844421.0,1961242718239.0,10822.0
2024-11-24,2988.0,3066.0,2988.0,3060.0,3066.0,2977.0,544431727.0,1666031704742.0,7134.0
2024-11-25,3150.0,3151.0,3131.0,3150.0,3151.0,3060.0,161032216.0,507324411151.0,2464.0
2024-11-26,3244.0,3244.0,3126.0,3218.0,3158.0,3150.0,1167622886.0,3756836398339.0,18831.0
2024-11-27,3245.0,3314.0,3220.0,3298.0,3314.0,3218.0,898160309.0,2962482073627.0,14198.0
2024-11-30,3396.0,3396.0,3200.0,3319.0,3255.0,3298.0,1124003931.0,3730918853119.0,19255.0
2024-12-01,3239.0,3418.0,3225.0,3336.0,3313.0,3319.0,779477066.0,2600484008847.0,12293.0
2024-12-02,3436.0,3436.0,3428.0,3436.0,3436.0,3336.0,659778943.0,2266944215645.0,6572.0
2024-12-03,3539.0,3539.0,3428.0,3522.0,3507.0,3436.0,1165974002.0,4106740269961.0,17726.0
2024-12-04,3480.0,3626.0,3455.0,3553.0,3550.0,3522.0,789299540.0,2804489764308.0,15956.0
2024-12-07,3500.0,3544.0,3447.0,3454.0,3447.0,3553.0,700302234.0,2418838462799.0,9285.0
2024-12-08,3351.0,3440.0,3351.0,3364.0,3405.0,3454.0,1126972594.0,3791340562917.0,17544.0
2024-12-09,3462.0,3464.0,3416.0,3463.0,3464.0,3364.0,521469890.0,1805994463843.0,7811.0
2024-12-10,3538.0,3538.0,3360.0,3401.0,3360.0,3463.0,771703244.0,2624184051168.0,16871.0
2024-12-11,3390.0,3503.0,3322.0,3455.0,3503.0,3401.0,669838468.0,2314582703556.0,12971.0
2024-12-14,3553.0,3558.0,3506.0,3557.0,3558.0,3455.0,336531993.0,1197056702102.0,5036.0
2024-12-15,3660.0,3663.0,3476.0,3564.0,3499.0,3557.0,826673391.0,2945957249102.0,20911.0
2024-12-16,3513.0,3554.0,3458.0,3483.0,3458.0,3564.0,665319916.0,2317614696988.0,13893.0
2024-12-17,3400.0,3458.0,3379.0,3387.0,3379.0,3483.0,460441557.0,1559698694624.0,9372.0
2024-12-18,3310.0,3455.0,3286.0,3360.0,3450.0,3387.0,593214392.0,1993263150608.0,13083.0
2024-12-21,3460.0,3460.0,3460.0,3460.0,3460.0,3360.0,482445531.0,1669261537260.0,3032.0
2024-12-22,3498.0,3562.0,3382.0,3480.0,3440.0,3460.0,775978971.0,2700134071226.0,13875.0
2024-12-23,3430.0,3584.0,3396.0,3569.0,3584.0,3480.0,988222406.0,3526915708789.0,12831.0
2024-12-24,3676.0,3676.0,3637.0,3674.0,3676.0,3569.0,1318989950.0,4846372143749.0,15390.0
2024-12-25,3750.0,3784.0,3602.0,3768.0,3784.0,3674.0,2207455463.0,8318514166815.0,27491.0
2024-12-28,3785.0,3881.0,3710.0,3823.0,3745.0,3768.0,1517041578.0,5798954611989.0,25270.0
2024-12-29,3790.0,3884.0,3709.0,3749.0,3709.0,3823.0,1050745874.0,3939171186065.0,15163.0
2024-12-30,3680.0,3779.0,3637.0,3684.0,3637.0,3749.0,975280979.0,3593097905332.0,16125.0
2024-12-31,3640.0,3720.0,3574.0,3591.0,3610.0,3684.0,965319741.0,3466139060337.0,16999.0
2025-01-01,3650.0,3682.0,3508.0,3619.0,3628.0,3591.0,435877172.0,1577390677427.0,12842.0
2025-01-04,3670.0,3727.0,3655.0,3707.0,3683.0,3619.0,607165313.0,2250488814980.0,12333.0
2025-01-05,3703.0,3818.0,3602.0,3748.0,3700.0,3707.0,726081104.0,2721591494175.0,14516.0
2025-01-06,3799.0,3799.0,3671.0,3733.0,3761.0,3748.0,307346200.0,1147205515608.0,7097.0
2025-01-07,3760.0,3844.0,3733.0,3790.0,3820.0,3733.0,492857339.0,1867902831086.0,12001.0
2025-01-11,3840.0,3841.0,3677.0,3752.0,3677.0,3790.0,449405227.0,1686385734101.0,8036.0
2025-01-12,3689.0,3694.0,3640.0,3643.0,3640.0,3752.0,485372769.0,1768440288952.0,8775.0
2025-01-13,3617.0,3704.0,3580.0,3645.0,3617.0,3643.0,377084905.0,1374426404042.0,9348.0
2025-01-15,3660.0,3702.0,3575.0,3619.0,3577.0,3645.0,323348412.0,1170210884905.0,8225.0
2025-01-18,3560.0,3630.0,3511.0,3532.0,3511.0,3619.0,239813119.0,846973382889.0,4899.0
2025-01-19,3433.0,3566.0,3427.0,3469.0,3530.0,3532.0,492233951.0,1707481238427.0,10237.0
2025-01-20,3564.0,3573.0,3365.0,3453.0,3365.0,3469.0,560126832.0,1933857355989.0,11755.0
2025-01-21,3389.0,3530.0,3350.0,3427.0,3500.0,3453.0,597326795.0,2046963096644.0,11963.0
2025-01-22,3500.0,3520.0,3455.0,3479.0,3461.0,3427.0,279869018.0,973778419845.0,7902.0
2025-01-25,3451.0,3480.0,3375.0,3424.0,3403.0,3479.0,665210104.0,2277569517297.0,13762.0
2025-01-26,3500.0,3526.0,3452.0,3513.0,3518.0,3424.0,880523036.0,3093698628483.0,14394.0
2025-01-27,3499.0,3575.0,3416.0,3488.0,3442.0,3513.0,303529811.0,1058754938879.0,8154.0
2025-01-29,3500.0,3520.0,3414.0,3447.0,3430.0,3488.0,271419318.0,935557871298.0,8087.0
2025-02-01,3440.0,3477.0,3344.0,3367.0,3407.0,3447.0,427390698.0,1439176685498.0,8941.0
2025-02-02,3414.0,3441.0,3360.0,3387.0,3378.0,3367.0,229316919.0,776668287318.0,7122.0
2025-02-03,3412.0,3465.0,3370.0,3415.0,3455.0,3387.0,427463567.0,1459722623017.0,8886.0
2025-02-09,3517.0,3517.0,3486.0,3515.0,3517.0,3415.0,781894127.0,2748607811187.0,12170.0
2025-02-11,3559.0,3620.0,3410.0,3481.0,3410.0,3515.0,977945144.0,3404035375384.0,17639.0
2025-02-15,3378.0,3378.0,3377.0,3377.0,3377.0,3481.0,439918209.0,1485658275216.0,4071.0
2025-02-16,3278.0,3340.0,3276.0,3278.0,3315.0,3377.0,658908886.0,2160146347550.0,10194.0
2025-02-17,3350.0,3376.0,3270.0,3362.0,3340.0,3278.0,577442995.0,1941410945117.0,10069.0
2025-02-18,3330.0,3409.0,3310.0,3358.0,3381.0,3362.0,203436825.0,683155160799.0,6098.0
2025-02-19,3389.0,3420.0,3309.0,3366.0,3367.0,3358.0,325401586.0,1095431253893.0,8353.0
2025-02-22,3312.0,3370.0,3266.0,3298.0,3272.0,3366.0,585617835.0,1931268869367.0,11918.0
2025-02-23,3396.0,3396.0,3396.0,3396.0,3396.0,3298.0,38772077.0,131669973492.0,952.0
2025-02-24,3497.0,3497.0,3497.0,3470.0,3497.0,3396.0,26065326.0,91150445022.0,813.0
2025-02-25,3574.0,3574.0,3574.0,3574.0,3574.0,3470.0,76421707.0,273131180818.0,1240.0
2025-02-26,3681.0,3681.0,3670.0,3681.0,3681.0,3574.0,1165878606.0,4291582350414.0,12722.0
2025-03-01,3740.0,3791.0,3702.0,3780.0,3791.0,3681.0,916093977.0,3462900686031.0,15527.0
2025-03-02,3840.0,3893.0,3798.0,3887.0,3893.0,3780.0,493031057.0,1916330281994.0,7673.0
2025-03-03,3771.0,3849.0,3771.0,3780.0,3819.0,3887.0,1216838307.0,4599115703169.0,17420.0
2025-03-04,3893.0,3893.0,3775.0,3875.0,3780.0,3780.0,955198601.0,3700972911707.0,16973.0
2025-03-05,3845.0,3991.0,3807.0,3959.0,3991.0,3875.0,870813601.0,3447981834907.0,12422.0
2025-03-08,4077.0,4077.0,3911.0,4023.0,3920.0,3959.0,1749059449.0,7035828516198.0,28544.0
2025-03-09,3994.0,4069.0,3903.0,3974.0,3996.0,4023.0,930117922.0,3696248007607.0,18204.0
2025-03-10,4070.0,4093.0,4012.0,4080.0,4093.0,3974.0,1102991425.0,4500280807258.0,17764.0
2025-03-11,4010.0,4050.0,3958.0,3982.0,3958.0,4080.0,260885948.0,1038766724538.0,5269.0
2025-03-12,3863.0,3910.0,3863.0,3864.0,3863.0,3982.0,1521006030.0,5877854479318.0,22311.0
2025-03-15,3919.0,3979.0,3826.0,3914.0,3883.0,3864.0,861631131.0,3372220844519.0,19511.0
2025-03-16,3883.0,3969.0,3815.0,3868.0,3862.0,3914.0,1053822213.0,4075949940630.0,21359.0
2025-04-22,620.0,638.0,619.0,627.0,638.0,455.0,36595422191.0,22963088218181.0,177604.0
2025-04-23,628.0,645.0,609.0,636.0,645.0,627.0,17695877050.0,11246812554847.0,119892.0
2025-04-26,655.0,655.0,618.0,645.0,655.0,636.0,12330146112.0,7958474495417.0,87099.0
2025-04-27,626.0,648.0,626.0,629.0,628.0,645.0,11562422306.0,7274181325635.0,77953.0
2025-04-28,641.0,647.0,617.0,634.0,628.0,629.0,6527100987.0,4141244310923.0,47423.0
2025-04-29,630.0,653.0,618.0,649.0,653.0,634.0,7201571923.0,4676434469716.0,47268.0
2025-04-30,665.0,668.0,660.0,668.0,668.0,649.0,3503861949.0,2340264631368.0,19216.0
2025-05-03,648.0,659.0,648.0,649.0,648.0,668.0,10422675298.0,6761161857477.0,65173.0
2025-05-04,650.0,668.0,647.0,666.0,668.0,649.0,7159039765.0,4765193767177.0,45789.0
2025-05-05,685.0,685.0,671.0,684.0,685.0,666.0,8043866610.0,5503544135283.0,53874.0
2025-05-06,704.0,704.0,688.0,702.0,704.0,684.0,8546188841.0,6003498466948.0,55456.0
2025-05-07,719.0,723.0,682.0,701.0,691.0,702.0,12498276569.0,8762593830933.0,93935.0
2025-05-10,680.0,690.0,680.0,680.0,680.0,701.0,9384658941.0,6382740106901.0,58315.0
2025-05-11,666.0,680.0,660.0,661.0,660.0,680.0,7601838601.0,5027976835677.0,49599.0
2025-05-12,680.0,680.0,679.0,680.0,680.0,661.0,4244141106.0,2886015147080.0,24416.0
2025-05-13,688.0,688.0,660.0,672.0,667.0,680.0,6153079227.0,4136790800763.0,46746.0
2025-05-14,661.0,674.0,652.0,658.0,654.0,672.0,6861500089.0,4517011503028.0,52051.0
2025-05-17,661.0,670.0,639.0,643.0,639.0,658.0,7713594291.0,4956345068553.0,55354.0
2025-05-18,645.0,660.0,633.0,648.0,651.0,643.0,3815313204.0,2472885596473.0,28753.0
2025-05-19,645.0,657.0,629.0,632.0,629.0,648.0,4633212373.0,2928315195756.0,34078.0
2025-05-20,630.0,635.0,614.0,619.0,614.0,632.0,4794387338.0,2967621391606.0,34331.0
2025-05-21,601.0,616.0,601.0,602.0,611.0,619.0,6597761482.0,3970197155093.0,44185.0
2025-05-24,613.0,620.0,596.0,610.0,612.0,602.0,3137177813.0,1913796242064.0,24384.0
2025-05-25,592.0,592.0,592.0,595.0,592.0,610.0,164774489.0,97546497488.0,2127.0
2025-05-26,582.0,590.0,578.0,579.0,583.0,595.0,4452138319.0,2579142188674.0,30859.0
2025-05-27,588.0,589.0,567.0,576.0,568.0,579.0,4069391904.0,2342543275521.0,33316.0
2025-05-28,565.0,585.0,563.0,573.0,578.0,576.0,4145546505.0,2375413595035.0,29721.0
2025-05-31,577.0,577.0,556.0,564.0,563.0,573.0,3496400185.0,1971113077930.0,26600.0
2025-06-01,562.0,567.0,548.0,556.0,565.0,564.0,3933863830.0,2185478598948.0,29382.0
2025-06-02,569.0,572.0,568.0,572.0,572.0,556.0,4217812943.0,2412135412364.0,26500.0
2025-06-03,585.0,585.0,569.0,578.0,575.0,572.0,2972515824.0,1717164672076.0,21334.0
2025-06-07,561.0,575.0,561.0,562.0,561.0,578.0,2933699142.0,1647288980564.0,18832.0
2025-06-08,566.0,578.0,566.0,576.0,578.0,562.0,3082221713.0,1774181230248.0,19945.0
2025-06-09,579.0,585.0,559.0,565.0,559.0,576.0,3625221709.0,2047038193437.0,25576.0
2025-06-10,569.0,581.0,558.0,573.0,581.0,565.0,2039598896.0,1168827811646.0,14851.0
2025-07-30,430.0,435.0,418.0,423.0,418.0,573.0,2320437183.0,980792266956.0,12767.0
2025-08-02,411.0,413.0,411.0,411.0,411.0,423.0,15494059158.0,6368305291364.0,80566.0
2025-08-03,406.0,423.0,406.0,417.0,417.0,411.0,6297996364.0,2627887067829.0,39447.0
2025-08-04,416.0,429.0,411.0,421.0,426.0,417.0,4442045273.0,1870902216273.0,28402.0
2025-08-05,423.0,426.0,409.0,413.0,409.0,421.0,5475376180.0,2264066164895.0,33119.0
2025-08-06,410.0,417.0,401.0,409.0,412.0,413.0,2639091371.0,1079301931794.0,16589.0
2025-08-09,409.0,421.0,409.0,417.0,416.0,409.0,1691035657.0,704339751165.0,12003.0
2025-08-10,417.0,419.0,406.0,411.0,408.0,417.0,2193790347.0,900848289286.0,14090.0
2025-08-11,411.0,412.0,399.0,402.0,399.0,411.0,1512060189.0,608293141277.0,10637.0
2025-08-12,400.0,406.0,390.0,394.0,390.0,402.0,3722745700.0,1465596290059.0,22228.0
2025-08-13,384.0,389.0,383.0,383.0,383.0,394.0,490443484.0,187969774956.0,3483.0
2025-08-20,383.0,391.0,381.0,384.0,382.0,383.0,2273642776.0,872915443414.0,13919.0
2025-08-23,387.0,393.0,382.0,386.0,384.0,384.0,2162881438.0,834317211139.0,14021.0
2025-08-25,385.0,386.0,375.0,380.0,375.0,386.0,1923712769.0,730156353608.0,11757.0
2025-08-26,369.0,385.0,369.0,375.0,378.0,380.0,3046966558.0,1142316954618.0,18167.0
2025-08-27,371.0,385.0,370.0,378.0,372.0,375.0,1459492881.0,551799447399.0,10322.0
2025-08-30,367.0,372.0,367.0,367.0,367.0,378.0,2305535744.0,846560319787.0,15479.0
2025-08-31,370.0,378.0,370.0,376.0,378.0,367.0,2604318311.0,979573612794.0,16482.0
2025-09-02,381.0,387.0,380.0,386.0,387.0,376.0,905282837.0,349720537306.0,5709.0
2025-09-03,397.0,397.0,393.0,397.0,397.0,386.0,2889184212.0,1145745418230.0,17003.0
2025-09-06,402.0,407.0,386.0,393.0,386.0,397.0,3325007369.0,1305802612595.0,21627.0
2025-09-07,392.0,404.0,383.0,400.0,403.0,393.0,2487098231.0,994768553748.0,17101.0
2025-09-08,412.0,412.0,412.0,412.0,412.0,400.0,1753109889.0,722281274268.0,9336.0
2025-09-09,424.0,424.0,416.0,423.0,424.0,412.0,5653888039.0,2392932674453.0,32700.0
2025-09-13,416.0,428.0,411.0,417.0,420.0,423.0,2035307374.0,849651119673.0,12918.0
2025-09-14,423.0,429.0,423.0,429.0,429.0,417.0,486681318.0,208664286217.0,3196.0
2025-09-15,441.0,441.0,428.0,437.0,428.0,429.0,5161004415.0,2256185527743.0,30950.0
2025-09-16,430.0,438.0,424.0,426.0,424.0,437.0,2885058594.0,1229102293293.0,18041.0
2025-09-17,414.0,423.0,414.0,415.0,414.0,426.0,2738492618.0,1136732496270.0,16257.0
2025-09-20,403.0,403.0,403.0,403.0,403.0,415.0,1218955976.0,491239258328.0,6478.0
2025-09-21,391.0,398.0,391.0,391.0,397.0,403.0,5487278806.0,2147434390283.0,32740.0
2025-09-22,400.0,402.0,399.0,402.0,402.0,391.0,1713101830.0,688416251561.0,10728.0
2025-09-23,405.0,411.0,391.0,402.0,400.0,402.0,1441692822.0,578899023841.0,9748.0
2025-09-24,390.0,397.0,390.0,392.0,394.0,402.0,2328666164.0,912423308016.0,14556.0
2025-09-27,382.0,403.0,382.0,396.0,403.0,392.0,2369623069.0,939261221238.0,11579.0
2025-09-28,407.0,407.0,407.0,407.0,407.0,396.0,627779384.0,255506209288.0,3136.0
2025-09-29,419.0,419.0,419.0,419.0,419.0,407.0,456432779.0,191245334401.0,2376.0
2025-09-30,431.0,431.0,417.0,427.0,421.0,419.0,4858770937.0,2073321198956.0,29408.0
2025-10-01,424.0,430.0,415.0,421.0,420.0,427.0,3174107764.0,1335436795993.0,21824.0
2025-10-04,433.0,433.0,433.0,433.0,433.0,421.0,1042543542.0,451421353686.0,5099.0
2025-10-05,445.0,445.0,436.0,445.0,445.0,433.0,6689006927.0,2973296239938.0,38434.0
2025-10-06,448.0,458.0,438.0,452.0,448.0,445.0,7616143058.0,3446166138280.0,43531.0
2025-10-07,450.0,465.0,445.0,464.0,465.0,452.0,2853809782.0,1324781848000.0,15294.0
2025-10-08,477.0,477.0,465.0,476.0,477.0,464.0,9246043863.0,4404754358235.0,51183.0
2025-10-14,490.0,490.0,490.0,490.0,490.0,476.0,9371408168.0,4591990002320.0,45282.0
2025-10-15,497.0,504.0,488.0,502.0,504.0,490.0,8589692073.0,4308417937142.0,49406.0
2025-10-18,517.0,517.0,517.0,517.0,517.0,502.0,1671012819.0,863913627423.0,8536.0
2025-10-20,525.0,532.0,518.0,529.0,528.0,517.0,7609126486.0,4023398283544.0,42575.0
2025-10-21,530.0,543.0,514.0,518.0,518.0,529.0,7363072323.0,3811728637719.0,46824.0
2025-10-22,526.0,533.0,509.0,526.0,532.0,518.0,4172716491.0,2196786412596.0,27240.0
2025-10-25,528.0,529.0,511.0,514.0,517.0,526.0,3737011517.0,1921685615634.0,26892.0
2025-10-26,520.0,528.0,514.0,521.0,519.0,514.0,1970965114.0,1026656800420.0,13969.0
2025-10-27,525.0,536.0,519.0,531.0,536.0,521.0,3738746777.0,1986028461664.0,24020.0
2025-10-28,539.0,543.0,522.0,531.0,528.0,531.0,2487263530.0,1320932061589.0,18661.0
2025-10-29,534.0,546.0,530.0,541.0,546.0,531.0,3892946421.0,2107295256173.0,23917.0
2025-11-01,552.0,557.0,541.0,555.0,550.0,541.0,6366137782.0,3530428232689.0,38738.0
2025-11-02,552.0,571.0,546.0,564.0,571.0,555.0,3801111158.0,2142617609105.0,24788.0
2025-11-03,572.0,580.0,566.0,578.0,572.0,564.0,3969967399.0,2292837577211.0,26055.0
2025-11-04,566.0,577.0,561.0,564.0,561.0,578.0,5869813255.0,3311519332894.0,35912.0
2025-11-05,550.0,566.0,548.0,558.0,562.0,564.0,3712334826.0,2069775265333.0,23903.0
2025-11-08,570.0,574.0,543.0,558.0,547.0,558.0,2376296611.0,1325938796628.0,17359.0
2025-11-09,545.0,546.0,542.0,542.0,542.0,558.0,1574695150.0,853623463088.0,8947.0
2025-11-10,526.0,533.0,526.0,526.0,526.0,542.0,5734055771.0,3017435570035.0,34847.0
2025-11-11,515.0,534.0,515.0,525.0,522.0,526.0,3248013573.0,1704958206022.0,20227.0
2025-11-12,527.0,538.0,519.0,528.0,526.0,525.0,1696386187.0,896111489118.0,12701.0
2025-11-15,541.0,541.0,527.0,532.0,529.0,528.0,1342848526.0,714073982249.0,9703.0
2025-11-16,530.0,546.0,521.0,535.0,541.0,532.0,2198790849.0,1177211800587.0,15114.0
2025-11-17,542.0,550.0,528.0,537.0,529.0,535.0,1817706931.0,976110264579.0,12852.0
2025-11-18,536.0,537.0,525.0,529.0,527.0,537.0,2064107714.0,1092223700888.0,13620.0
2025-11-19,535.0,540.0,526.0,532.0,536.0,529.0,1712592102.0,911748957136.0,11535.0
2025-11-22,536.0,540.0,531.0,535.0,532.0,532.0,1147178698.0,613871285244.0,8381.0
2025-11-23,535.0,551.0,532.0,548.0,551.0,535.0,2582536712.0,1416353809061.0,16424.0
2025-11-25,558.0,564.0,551.0,563.0,564.0,548.0,3000116980.0,1688111276293.0,20254.0
2025-11-26,564.0,567.0,547.0,553.0,550.0,563.0,3358138233.0,1856078326664.0,22757.0
2025-11-29,541.0,551.0,537.0,539.0,537.0,553.0,3508205431.0,1891158224691.0,23066.0
2025-11-30,531.0,545.0,524.0,539.0,542.0,539.0,2309899142.0,1245378565811.0,15538.0
2025-12-01,546.0,555.0,539.0,547.0,541.0,539.0,1393394384.0,761844832020.0,10465.0
2025-12-02,547.0,563.0,543.0,560.0,563.0,547.0,4005584039.0,2243559138757.0,25752.0
2025-12-03,567.0,569.0,555.0,561.0,561.0,560.0,1906487835.0,1069567586128.0,13323.0
2025-12-06,568.0,577.0,563.0,575.0,577.0,561.0,2965641994.0,1706257668740.0,19899.0
2025-12-07,579.0,585.0,558.0,565.0,558.0,575.0,3795149403.0,2145481834433.0,26255.0
2025-12-08,564.0,579.0,561.0,572.0,573.0,565.0,2125791045.0,1215870752942.0,15213.0
2025-12-09,580.0,589.0,580.0,588.0,589.0,572.0,5045103477.0,2966399488339.0,32202.0
2025-12-10,591.0,605.0,587.0,604.0,605.0,588.0,3700670046.0,2233701843219.0,24689.0
2025-12-13,610.0,622.0,608.0,618.0,611.0,604.0,3160417867.0,1953311351118.0,22317.0
2025-12-14,610.0,618.0,600.0,609.0,614.0,618.0,3065125533.0,1866582731998.0,24194.0
2025-12-15,609.0,627.0,609.0,621.0,627.0,609.0,2563840171.0,1593039003103.0,19045.0
2025-12-16,627.0,638.0,603.0,613.0,603.0,621.0,3461859284.0,2122304093740.0,26325.0
2025-12-17,600.0,615.0,599.0,606.0,609.0,613.0,2290597507.0,1387838086128.0,17061.0
2025-12-20,614.0,624.0,612.0,623.0,624.0,606.0,3075041779.0,1916920441872.0,21772.0
2025-12-21,635.0,639.0,614.0,626.0,622.0,623.0,2465122369.0,1543358496734.0,20553.0
2025-12-22,625.0,640.0,608.0,619.0,611.0,626.0,3086865807.0,1912033775138.0,25592.0
2025-12-23,618.0,630.0,606.0,623.0,626.0,619.0,2561151421.0,1594626145794.0,19651.0
2025-12-24,641.0,641.0,638.0,641.0,641.0,623.0,3305751278.0,2118371254789.0,18888.0
2025-12-27,649.0,660.0,641.0,654.0,647.0,641.0,5380935043.0,3517177033221.0,37988.0
2025-12-28,644.0,670.0,639.0,653.0,649.0,654.0,4041477472.0,2638019587751.0,30563.0
2025-12-29,655.0,655.0,634.0,635.0,634.0,653.0,4385240895.0,2786059727843.0,30023.0
2025-12-30,616.0,616.0,616.0,616.0,616.0,635.0,619543132.0,381638569312.0,4042.0
2025-12-31,598.0,627.0,598.0,607.0,615.0,616.0,7515092291.0,4560458025580.0,43870.0
2026-01-04,589.0,600.0,589.0,589.0,589.0,607.0,7046897246.0,4151597519843.0,42823.0
2026-01-05,595.0,606.0,595.0,606.0,606.0,589.0,4147417694.0,2512011529387.0,25580.0
2026-01-06,621.0,624.0,615.0,624.0,624.0,606.0,2768235834.0,1726167506683.0,17123.0
2026-01-07,630.0,631.0,606.0,608.0,606.0,624.0,4233297440.0,2572201655955.0,30817.0
2026-01-10,594.0,597.0,590.0,590.0,590.0,608.0,3478116592.0,2053798432395.0,19734.0
2026-01-11,573.0,593.0,573.0,575.0,577.0,590.0,5946308322.0,3417588996623.0,38281.0
2026-01-12,585.0,592.0,578.0,589.0,592.0,575.0,5449207859.0,3211668643452.0,34370.0
2026-01-13,606.0,606.0,597.0,606.0,606.0,589.0,11100906104.0,6726352574767.0,60100.0
2026-01-14,599.0,605.0,588.0,589.0,589.0,606.0,6265585357.0,3688063043246.0,37569.0
2026-01-18,606.0,606.0,597.0,605.0,606.0,589.0,4357619560.0,2637659947642.0,25536.0
2026-01-19,617.0,623.0,596.0,616.0,608.0,605.0,5666831393.0,3490320345406.0,36195.0
2026-01-20,610.0,632.0,598.0,612.0,612.0,616.0,5018158201.0,3071089695719.0,33750.0
2026-01-21,628.0,630.0,622.0,630.0,630.0,612.0,10192029355.0,6419772046090.0,54697.0
2026-01-24,612.0,616.0,612.0,612.0,612.0,630.0,4609741985.0,2821376494461.0,23728.0
2026-01-25,594.0,594.0,594.0,594.0,594.0,612.0,460990939.0,273828617766.0,2422.0
2026-01-26,577.0,577.0,577.0,577.0,577.0,594.0,1319373219.0,761278347363.0,6799.0
2026-02-14,539.0,552.0,523.0,528.0,523.0,577.0,4313886377.0,2277594189098.0,24499.0
2026-02-15,517.0,521.0,513.0,513.0,513.0,528.0,5831837876.0,2993690244135.0,35185.0
2026-02-16,502.0,528.0,498.0,517.0,523.0,513.0,4599822864.0,2377792952216.0,31374.0
2026-02-17,525.0,525.0,504.0,517.0,518.0,517.0,1839324390.0,950594184665.0,14510.0
2026-02-18,520.0,526.0,502.0,506.0,502.0,517.0,4753792093.0,2407730917353.0,30978.0
2026-02-21,491.0,491.0,491.0,491.0,491.0,506.0,131840140.0,64733508740.0,1210.0
2026-02-22,477.0,479.0,477.0,477.0,477.0,491.0,4916134711.0,2345019953717.0,28614.0
2026-02-23,483.0,490.0,472.0,480.0,478.0,477.0,1912469203.0,918655718856.0,13935.0
2026-02-24,478.0,481.0,466.0,472.0,467.0,480.0,3456203520.0,1632883314446.0,21228.0
2026-02-25,480.0,480.0,466.0,472.0,475.0,472.0,1058112182.0,499751483540.0,8282.0
2026-05-19,463.0,469.0,458.0,459.0,458.0,472.0,6129879312.0,2816244722296.0,32869.0
2026-05-20,446.0,463.0,446.0,451.0,461.0,459.0,9217261683.0,4154977266252.0,54901.0
2026-05-23,464.0,464.0,464.0,464.0,464.0,451.0,939212364.0,435794536896.0,5024.0
2026-05-24,477.0,477.0,477.0,477.0,477.0,464.0,818325650.0,390341335050.0,4590.0
2026-05-25,491.0,491.0,483.0,491.0,487.0,477.0,10280741247.0,5043489646191.0,61419.0
2026-05-26,478.0,505.0,478.0,500.0,505.0,491.0,6221853503.0,3113680597187.0,39135.0
2026-05-30,515.0,515.0,515.0,515.0,515.0,500.0,1088175234.0,560410245510.0,6162.0
2026-05-31,530.0,530.0,530.0,530.0,530.0,515.0,6661068240.0,3530366167200.0,36834.0
2026-06-01,544.0,545.0,517.0,533.0,522.0,530.0,11729948147.0,6250829476485.0,79998.0
2026-06-02,522.0,535.0,518.0,522.0,518.0,533.0,9493403078.0,4954100547191.0,61768.0
2026-06-03,507.0,515.0,507.0,507.0,507.0,522.0,5036917709.0,2555244252751.0,31297.0
2026-06-06,499.0,520.0,492.0,501.0,506.0,507.0,6027010968.0,3019687191697.0,41256.0
2026-06-07,516.0,516.0,511.0,516.0,516.0,501.0,3420534174.0,1764962496983.0,18621.0
2026-06-08,501.0,501.0,501.0,501.0,501.0,516.0,363713056.0,182220241056.0,1998.0
2026-06-09,516.0,516.0,511.0,516.0,516.0,501.0,4490758264.0,2317158317442.0,24528.0
2026-06-10,522.0,531.0,501.0,520.0,531.0,516.0,9502419683.0,4940903986705.0,59938.0
2026-06-13,535.0,535.0,535.0,535.0,535.0,520.0,11750347447.0,6286435884145.0,61322.0
2026-06-14,551.0,551.0,549.0,551.0,551.0,535.0,22332639248.0,12305201249230.0,117448.0
2026-06-15,567.0,567.0,567.0,567.0,567.0,551.0,5153006603.0,2921754743901.0,27637.0
2026-06-16,584.0,584.0,555.0,575.0,562.0,567.0,26169734032.0,15044672538192.0,153443.0
2026-06-17,561.0,582.0,558.0,563.0,572.0,575.0,5723283418.0,3224829334610.0,33644.0
2026-06-21,593.0,593.0,576.0,582.0,576.0,563.0,12222028796.0,7107542121769.0,60709.0
2026-06-22,568.0,581.0,565.0,567.0,571.0,582.0,14720857162.0,8347070472361.0,83960.0
2026-06-23,583.0,584.0,571.0,582.0,584.0,567.0,7553067214.0,4394039140773.0,46429.0
2026-06-27,582.0,586.0,565.0,566.0,566.0,582.0,9030141304.0,5111805523411.0,19366.0
2026-06-28,550.0,555.0,550.0,550.0,550.0,566.0,3799308062.0,2090368247338.0,8072.0
2026-06-29,534.0,557.0,534.0,539.0,542.0,550.0,5070927082.0,2735398902364.0,14723.0
2026-06-30,550.0,555.0,530.0,549.0,555.0,539.0,5715025433.0,3139291169692.0,14198.0
2026-07-01,565.0,565.0,562.0,565.0,565.0,549.0,7618788745.0,4304575347190.0,9475.0
2026-07-07,581.0,581.0,581.0,581.0,581.0,565.0,3731778060.0,2168163052860.0,3654.0
2026-07-08,598.0,598.0,564.0,590.0,570.0,581.0,30037210582.0,17714210510403.0,44352.0
2026-07-11,580.0,588.0,573.0,576.0,577.0,590.0,13755141102.0,7924731448266.0,24267.0
2026-07-12,559.0,559.0,559.0,559.0,559.0,576.0,1315393004.0,735304689236.0,1797.0
2026-07-13,543.0,555.0,543.0,544.0,548.0,559.0,13004552629.0,7074293525309.0,22693.0
2026-07-14,534.0,543.0,528.0,529.0,529.0,544.0,9891548133.0,5235496141395.0,18233.0
2026-07-15,527.0,539.0,514.0,518.0,515.0,529.0,6599101408.0,3415247844727.0,13794.0
2026-07-18,503.0,503.0,503.0,503.0,503.0,518.0,2564670274.0,1290029147822.0,3743.0
2026-07-19,488.0,499.0,488.0,490.0,496.0,503.0,7003290729.0,3430686396663.0,15590.0
2026-07-20,504.0,504.0,492.0,502.0,504.0,490.0,4252334347.0,2136740553184.0,9057.0
2026-07-25,507.0,522.0,507.0,514.0,518.0,502.0,3821562255.0,1964703664856.0,4381.0
2026-07-26,529.0,529.0,529.0,529.0,529.0,514.0,2711646002.0,1434460735058.0,2581.0
2026-07-27,544.0,544.0,531.0,543.0,544.0,529.0,10206320347.0,5545822344557.0,16031.0
2026-07-28,544.0,556.0,535.0,546.0,540.0,543.0,5114241891.0,2790875761438.0,11985.0
2026-07-29,530.0,538.0,530.0,531.0,530.0,546.0,6142108925.0,3258605427299.0,11674.0
2026-08-01,521.0,546.0,517.0,536.0,527.0,531.0,6681021468.0,3582209146719.0,14288.0
2026-08-02,552.0,552.0,541.0,550.0,552.0,536.0,7160373782.0,3939739669715.0,11595.0
2026-08-03,566.0,566.0,563.0,566.0,566.0,550.0,4473137540.0,2531269497989.0,6238.0
2026-08-05,582.0,582.0,582.0,582.0,582.0,566.0,3398819177.0,1978112761014.0,4527.0
2026-08-08,599.0,599.0,599.0,599.0,599.0,582.0,3301252743.0,1977450393057.0,3625.0
2026-08-09,610.0,610.0,582.0,585.0,582.0,599.0,17024536430.0,9958138680427.0,27490.0
2026-08-10,574.0,602.0,572.0,597.0,602.0,585.0,7659535055.0,4569697218208.0,16159.0
2026-08-11,603.0,608.0,580.0,595.0,593.0,597.0,6125274858.0,3641926067511.0,15831.0
2026-08-15,593.0,593.0,578.0,581.0,581.0,595.0,7807737000.0,4539490152549.0,17171.0
2026-08-16,581.0,598.0,581.0,597.0,598.0,581.0,3573381708.0,2131734729838.0,5617.0
2026-08-17,614.0,614.0,609.0,614.0,614.0,597.0,5745625421.0,3527510692075.0,7711.0
2026-08-18,615.0,632.0,596.0,620.0,612.0,614.0,13545464275.0,8392836912751.0,28042.0
2026-08-19,613.0,638.0,611.0,629.0,630.0,620.0,6476897694.0,4071295473370.0,16079.0
2026-08-22,645.0,647.0,643.0,647.0,647.0,629.0,3928094925.0,2539785632563.0,5807.0
2026-08-23,666.0,666.0,651.0,665.0,666.0,647.0,13542876616.0,9007630418254.0,19328.0
2026-08-24,668.0,684.0,666.0,682.0,676.0,665.0,16235045774.0,11068731442045.0,26575.0
2026-08-25,683.0,702.0,675.0,696.0,702.0,682.0,8982930792.0,6250570022427.0,20830.0
2026-08-26,714.0,716.0,705.0,715.0,716.0,696.0,8545744594.0,6114176582281.0,16320.0
2026-08-29,730.0,736.0,705.0,730.0,735.0,715.0,12629237828.0,9215876988377.0,26566.0
