date,open,high,low,close,last,yesterday,volume,value,trades
2019-08-19,8400.0,8400.0,8400.0,8400.0,8400.0,1000.0,82499884.0,692999025600.0,645226.0
2019-08-21,8820.0,8820.0,8820.0,8650.0,8820.0,8400.0,89239.0,787087980.0,813.0
2019-08-24,9082.0,9082.0,9082.0,9082.0,9082.0,8650.0,160633.0,1458868906.0,1442.0
2019-08-25,9536.0,9536.0,9536.0,9536.0,9536.0,9082.0,193512.0,1845330432.0,1756.0
2019-08-26,10012.0,10012.0,10012.0,10012.0,10012.0,9536.0,168779.0,1689815348.0,1541.0
2019-08-27,10512.0,10512.0,10512.0,10512.0,10512.0,10012.0,317099.0,3333344688.0,2821.0
2019-08-28,11037.0,11037.0,11037.0,11037.0,11037.0,10512.0,341603.0,3770272311.0,3046.0
2019-08-31,11588.0,11588.0,11588.0,11588.0,11588.0,11037.0,431237.0,4997174356.0,3871.0
2019-09-01,12167.0,12167.0,12167.0,12167.0,12167.0,11588.0,500109.0,6084826203.0,4489.0
2019-09-02,12775.0,12775.0,12775.0,12775.0,12775.0,12167.0,365614.0,4670718850.0,2913.0
2019-09-04,13413.0,14083.0,13413.0,13952.0,14083.0,12775.0,3147444.0,43911893672.0,27921.0
2019-09-07,14649.0,14649.0,14649.0,14649.0,14649.0,13952.0,1077517.0,15784546533.0,9542.0
2019-09-08,15381.0,15381.0,15381.0,15381.0,15381.0,14649.0,1280906.0,19701615186.0,10084.0
2019-09-11,16150.0,16150.0,16150.0,16150.0,16150.0,15381.0,6652867.0,107443802050.0,7944.0
2019-09-14,16200.0,16957.0,15343.0,16481.0,16850.0,16150.0,19915474.0,328226524149.0,128328.0
2019-09-15,17305.0,17305.0,17000.0,17301.0,17305.0,16481.0,7849597.0,135807187849.0,47744.0
2019-09-16,18166.0,18166.0,18166.0,18166.0,18166.0,17301.0,1149134.0,20875168244.0,9316.0
2019-09-17,18777.0,19074.0,18166.0,18959.0,19074.0,18166.0,24375668.0,462127573800.0,62841.0
2019-09-18,19250.0,19890.0,18150.0,19050.0,19842.0,18959.0,14946030.0,284718668673.0,57697.0
2019-09-21,19750.0,20002.0,19750.0,19957.0,20002.0,19050.0,2865839.0,57192148542.0,8508.0
2019-09-22,20954.0,20954.0,20954.0,20954.0,20954.0,19957.0,150145.0,3146138330.0,640.0
2019-09-24,22001.0,23101.0,21951.0,22655.0,22700.0,20954.0,12703666.0,287798572893.0,19910.0
2019-09-25,22997.0,22997.0,21606.0,21985.0,21750.0,22655.0,13864404.0,304815264877.0,56456.0
2019-09-28,21400.0,22950.0,20954.0,21900.0,21830.0,21985.0,10702617.0,234391690220.0,30264.0
2019-09-29,21877.0,21890.0,20810.0,21076.0,20905.0,21900.0,9020019.0,190107027353.0,21200.0
2019-09-30,20700.0,21649.0,20200.0,20849.0,20800.0,21076.0,8594988.0,179195049993.0,18366.0
2019-10-01,21010.0,21660.0,20533.0,21131.0,20850.0,20849.0,6611432.0,139705350856.0,10679.0
2019-10-02,20871.0,21500.0,20700.0,21152.0,21140.0,21131.0,3200332.0,67693792067.0,7630.0
2019-10-05,21140.0,21180.0,20561.0,20909.0,20700.0,21152.0,4333089.0,90602600533.0,10631.0
2019-10-06,20501.0,20700.0,19864.0,20134.0,20080.0,20909.0,3490903.0,70284892513.0,7476.0
2019-10-07,20050.0,21140.0,19926.0,20985.0,21140.0,20134.0,7516224.0,157724671899.0,13720.0
2019-10-08,21174.0,22021.0,20001.0,21547.0,21004.0,20985.0,8154007.0,175691352509.0,13087.0
2019-10-09,20805.0,21500.0,20500.0,20828.0,20950.0,21547.0,2822044.0,58777010423.0,11469.0
2019-10-12,20800.0,21454.0,20202.0,20662.0,20595.0,20828.0,2829200.0,58457901480.0,7678.0
2019-10-13,20700.0,20880.0,19829.0,20237.0,19990.0,20662.0,2205617.0,44635015450.0,8046.0
2019-10-14,19800.0,19800.0,19226.0,19285.0,19226.0,20237.0,1197513.0,23093466655.0,1386.0
2019-10-15,18500.0,19055.0,18321.0,18457.0,18321.0,19285.0,1253359.0,23133439583.0,1406.0
2019-10-16,17535.0,17535.0,17535.0,17535.0,17535.0,18457.0,636008.0,11152400280.0,590.0
2019-10-20,16659.0,16659.0,16659.0,16659.0,16659.0,17535.0,156118.0,2600769762.0,202.0
2019-10-21,15827.0,15827.0,15827.0,15827.0,15827.0,16659.0,2222106.0,35169271662.0,603.0
2019-10-22,16202.0,16618.0,15040.0,16088.0,16300.0,15827.0,5742828.0,92388922459.0,5744.0
2019-10-23,16100.0,16100.0,15284.0,15424.0,15284.0,16088.0,2743334.0,42312803689.0,3706.0
2019-10-26,15110.0,15200.0,14653.0,14788.0,14800.0,15424.0,2424821.0,35858760435.0,4700.0
2019-10-28,14501.0,15527.0,14501.0,15407.0,15527.0,14788.0,1299290.0,20018080389.0,2080.0
2019-10-30,16090.0,16177.0,15746.0,16119.0,16177.0,15407.0,1439005.0,23195902770.0,2118.0
2019-11-02,16850.0,16850.0,15752.0,16302.0,16328.0,16119.0,2228668.0,36332425071.0,4054.0
2019-11-03,16350.0,16500.0,15750.0,16127.0,16134.0,16302.0,1940170.0,31288851461.0,3144.0
2019-11-04,16002.0,16300.0,15545.0,15965.0,15799.0,16127.0,1344240.0,21461100277.0,2870.0
2019-11-05,16190.0,16290.0,15800.0,16030.0,16233.0,15965.0,1135777.0,18206177497.0,2250.0
2019-11-09,16289.0,16831.0,16100.0,16709.0,16831.0,16030.0,995800.0,16638355911.0,2138.0
2019-11-10,17544.0,17544.0,17040.0,17439.0,17543.0,16709.0,4523693.0,78887817332.0,4658.0
2019-11-11,17380.0,17898.0,17000.0,17429.0,17228.0,17439.0,1499857.0,26141319819.0,2640.0
2019-11-12,17100.0,17552.0,16900.0,17148.0,17061.0,17429.0,1438173.0,24661494474.0,2648.0
2019-11-13,17010.0,17269.0,16621.0,16944.0,17250.0,17148.0,1427726.0,24191884445.0,2573.0
2019-11-16,17200.0,17791.0,16831.0,17662.0,17495.0,16944.0,3425621.0,60502049320.0,3468.0
2019-11-17,16955.0,17066.0,16779.0,16806.0,16779.0,17662.0,874793.0,14701873994.0,613.0
2019-11-18,15967.0,17499.0,15967.0,16458.0,16640.0,16806.0,2282338.0,37562310209.0,2087.0
2019-11-19,16988.0,17110.0,16601.0,16929.0,16850.0,16458.0,1255321.0,21251813196.0,1826.0
2019-11-20,16990.0,17200.0,16756.0,16937.0,17090.0,16929.0,1226629.0,20775625964.0,2054.0
2019-11-23,17240.0,17783.0,16875.0,17613.0,17783.0,16937.0,2503412.0,44092572372.0,2671.0
2019-11-24,17783.0,18493.0,17650.0,18243.0,18493.0,17613.0,2399321.0,43770357218.0,2717.0
2019-11-25,18888.0,19155.0,18500.0,18961.0,19155.0,18243.0,3850013.0,73000028211.0,3982.0
2019-11-26,19100.0,19390.0,18681.0,18913.0,18700.0,18961.0,1764259.0,33367017874.0,2593.0
2019-11-27,18500.0,18700.0,17980.0,18319.0,18320.0,18913.0,2023146.0,37062744212.0,2664.0
2019-11-30,18000.0,19190.0,17900.0,18530.0,18858.0,18319.0,2521586.0,46725667158.0,2906.0
2019-12-01,18560.0,19234.0,18560.0,18968.0,18888.0,18530.0,2306683.0,43754121266.0,2387.0
2019-12-02,19100.0,19200.0,18020.0,18283.0,18385.0,18968.0,3544256.0,64799543365.0,3577.0
2019-12-03,18900.0,19134.0,18380.0,18911.0,18996.0,18283.0,2364429.0,44713355100.0,3127.0
2019-12-04,18700.0,19100.0,18601.0,18838.0,19000.0,18911.0,1597153.0,30086511668.0,2316.0
2019-12-07,19299.0,19500.0,18953.0,19180.0,18961.0,18838.0,2042741.0,39180454295.0,2775.0
2019-12-08,18810.0,19160.0,18617.0,18932.0,18925.0,19180.0,1627263.0,30807475655.0,2790.0
2019-12-09,19001.0,19300.0,18952.0,19123.0,19125.0,18932.0,1987492.0,38005896273.0,3323.0
2019-12-10,19102.0,20079.0,19102.0,19886.0,19600.0,19123.0,4040552.0,80348636854.0,3990.0
2019-12-11,19404.0,20050.0,19000.0,19780.0,19700.0,19886.0,1619579.0,32035935945.0,2347.0
2019-12-14,19403.0,20350.0,19403.0,19927.0,20027.0,19780.0,1555916.0,31004890951.0,2671.0
2019-12-15,19686.0,20700.0,19686.0,20342.0,20179.0,19927.0,2308732.0,46963963623.0,2571.0
2019-12-16,20000.0,20920.0,20000.0,20312.0,20200.0,20342.0,1957116.0,39752760292.0,2674.0
2019-12-17,20000.0,20497.0,19861.0,19991.0,19983.0,20312.0,2578621.0,51548906895.0,3117.0
2019-12-18,19503.0,20000.0,19502.0,19738.0,19760.0,19991.0,1899692.0,37495681212.0,2406.0
2019-12-21,19352.0,20698.0,19352.0,19797.0,20482.0,19738.0,2994779.0,59287420724.0,4152.0
2019-12-22,20783.0,20786.0,20486.0,20706.0,20786.0,19797.0,3545045.0,73403350804.0,3744.0
2019-12-23,21600.0,21679.0,19950.0,21130.0,20988.0,20706.0,4278204.0,90397008995.0,4525.0
2019-12-24,21440.0,22186.0,21000.0,22072.0,22186.0,21130.0,9098544.0,200825579631.0,7169.0
2020-01-05,13599.0,14278.0,13599.0,13945.0,14278.0,13795.0,5675554.0,79147385420.0,2538.0
2020-01-07,14642.0,14642.0,13401.0,14267.0,14200.0,13945.0,11112644.0,158541537091.0,6010.0
2020-01-08,13982.0,14552.0,13982.0,14174.0,14552.0,14267.0,5269191.0,74686808341.0,2698.0
2020-01-11,14457.0,14457.0,14457.0,14457.0,14457.0,14174.0,380739.0,5504343723.0,146.0
2020-01-12,15179.0,15179.0,15179.0,15152.0,15179.0,14457.0,231174.0,3508990146.0,213.0
2020-01-13,15909.0,15909.0,15909.0,15909.0,15909.0,15152.0,275500.0,4382929500.0,278.0
2020-01-14,16704.0,16704.0,16704.0,16704.0,16704.0,15909.0,3138931.0,52432703424.0,982.0
2020-01-15,17299.0,17539.0,16704.0,17435.0,17539.0,16704.0,16282796.0,283883863165.0,7917.0
2020-01-18,17740.0,18150.0,16900.0,17391.0,17099.0,17435.0,14161321.0,246276322034.0,10301.0
2020-01-19,17389.0,17665.0,16757.0,17074.0,17016.0,17391.0,6852269.0,116995011583.0,5507.0
2020-01-20,17048.0,17049.0,16450.0,16645.0,16688.0,17074.0,6349387.0,105687460877.0,5237.0
2020-01-21,16560.0,16600.0,16019.0,16198.0,16050.0,16645.0,5581931.0,90415775636.0,4717.0
2020-01-22,16200.0,17007.0,16197.0,16939.0,17007.0,16198.0,3582666.0,60688001842.0,2020.0
2020-01-25,17785.0,17785.0,17200.0,17493.0,17361.0,16939.0,7195492.0,125871463571.0,5104.0
2020-01-26,17366.0,17644.0,16619.0,16935.0,16750.0,17493.0,7474948.0,126590163843.0,5866.0
2020-01-27,16619.0,17155.0,16220.0,16744.0,16745.0,16935.0,4802337.0,80411908447.0,3431.0
2020-01-28,16745.0,17412.0,16700.0,17059.0,16960.0,16744.0,4484512.0,76502646086.0,3783.0
2020-02-01,17100.0,17350.0,16500.0,16853.0,16798.0,17059.0,4877730.0,82202831750.0,3783.0
2020-02-02,16800.0,17690.0,16651.0,17410.0,17647.0,16853.0,7656771.0,133308106960.0,4947.0
2020-02-03,17990.0,17990.0,16800.0,17531.0,17288.0,17410.0,5449408.0,95532382207.0,4743.0
2020-02-04,17202.0,17400.0,16677.0,16923.0,16900.0,17531.0,5100404.0,86316226445.0,4280.0
2020-02-05,16700.0,17250.0,16671.0,16980.0,17070.0,16923.0,4171338.0,70830467925.0,4021.0
2020-02-08,17310.0,17820.0,17115.0,17568.0,17701.0,16980.0,8329812.0,146339597934.0,5287.0
2020-02-09,17835.0,17860.0,17155.0,17527.0,17500.0,17568.0,5663609.0,99265508253.0,5013.0
2020-02-10,17700.0,17700.0,16680.0,17081.0,17030.0,17527.0,4876673.0,83298143711.0,3597.0
2020-02-12,17000.0,17550.0,17000.0,17343.0,17300.0,17081.0,3939017.0,68312451106.0,3371.0
2020-02-15,17441.0,18210.0,17400.0,17858.0,18210.0,17343.0,7984192.0,142583475687.0,5285.0
2020-02-16,18750.0,18750.0,18750.0,18750.0,18750.0,17858.0,1808200.0,33903750000.0,1032.0
2020-02-17,19687.0,19687.0,18000.0,19451.0,19198.0,18750.0,16872351.0,328186109348.0,7212.0
2020-02-18,19005.0,19198.0,18479.0,18562.0,18479.0,19451.0,8035852.0,149161795978.0,4763.0
2020-02-19,18250.0,18800.0,18250.0,18560.0,18788.0,18562.0,7058688.0,131008588408.0,5226.0
2020-02-22,17632.0,19200.0,17632.0,18634.0,19010.0,18560.0,6286686.0,117146608417.0,3937.0
2020-02-23,19390.0,19560.0,19080.0,19390.0,19298.0,18634.0,6804970.0,131945410879.0,3695.0
2020-02-24,19500.0,19550.0,18680.0,19015.0,18860.0,19390.0,6625916.0,125991110275.0,4726.0
2020-02-25,19020.0,19895.0,18600.0,19237.0,19300.0,19015.0,7899525.0,151960758861.0,4915.0
2020-02-26,19237.0,19350.0,18276.0,18797.0,18377.0,19237.0,7673435.0,144235807676.0,5279.0
2020-02-29,17882.0,18514.0,17858.0,17993.0,18001.0,18797.0,7147490.0,128603080155.0,4921.0
2020-03-01,18005.0,18890.0,18005.0,18642.0,18719.0,17993.0,4187146.0,78054759301.0,3193.0
2020-03-02,18950.0,19400.0,18127.0,18797.0,19070.0,18642.0,6408295.0,120455615057.0,4106.0
2020-03-03,19100.0,19101.0,18750.0,18905.0,18811.0,18797.0,5573697.0,105372990052.0,4724.0
2020-03-04,18899.0,19750.0,18515.0,19293.0,19465.0,18935.0,7132504.0,137608225888.0,5308.0
2020-03-07,19200.0,19293.0,18334.0,18637.0,18355.0,19293.0,4507876.0,84014101867.0,5017.0
2020-03-09,18050.0,18300.0,17706.0,17818.0,17706.0,18637.0,2447176.0,43484580761.0,1943.0
2020-03-10,16928.0,18299.0,16928.0,17262.0,17259.0,17818.0,5805999.0,100224374028.0,4676.0
2020-03-11,17706.0,18125.0,17700.0,18054.0,18125.0,17262.0,3834461.0,69227548242.0,2208.0
2020-03-14,18956.0,18956.0,17500.0,18476.0,18169.0,18054.0,9298123.0,171796560772.0,4614.0
2020-03-15,18323.0,19399.0,17612.0,19136.0,19399.0,18476.0,11551205.0,221038880360.0,3821.0
2020-03-16,20092.0,20092.0,20092.0,19818.0,20092.0,19136.0,1976009.0,39701972828.0,861.0
2020-03-17,20808.0,20808.0,20808.0,20808.0,20808.0,19818.0,4686568.0,97518106944.0,899.0
2020-03-18,21848.0,21848.0,21192.0,21846.0,21848.0,20808.0,14456505.0,315819299487.0,1934.0
2020-03-24,22938.0,22938.0,22938.0,22938.0,22938.0,21846.0,2421082.0,55534778916.0,667.0
2020-03-25,24084.0,24084.0,23098.0,23903.0,24084.0,22938.0,22342287.0,534041042666.0,5538.0
2020-03-28,24000.0,25098.0,22941.0,24737.0,25098.0,23903.0,22384159.0,553720438792.0,11868.0
2020-03-29,25098.0,25300.0,23950.0,24563.0,24040.0,24737.0,14770155.0,362796475693.0,6365.0
2020-03-30,23400.0,25791.0,23400.0,25448.0,25791.0,24563.0,21648747.0,550908895835.0,6313.0
2020-04-04,26720.0,26720.0,26720.0,26720.0,26720.0,25448.0,10170334.0,271751324480.0,1848.0
2020-04-05,27500.0,27500.0,25444.0,26485.0,25960.0,26720.0,11497198.0,304507727542.0,5671.0
2020-04-06,25500.0,26698.0,25161.0,25847.0,26600.0,26485.0,10319650.0,266733683354.0,5262.0
2020-04-07,27139.0,27139.0,26610.0,26582.0,26620.0,25847.0,1123036.0,30471881699.0,321.0
2020-04-11,27899.0,29000.0,26600.0,27938.0,27699.0,26582.0,10984249.0,306875763139.0,3406.0
2020-04-12,27301.0,29334.0,26610.0,28856.0,29334.0,27938.0,25810676.0,744792433324.0,6968.0
2020-04-13,29770.0,30298.0,28001.0,29891.0,30298.0,28856.0,14829267.0,443264991176.0,4843.0
2020-04-14,29891.0,31385.0,29720.0,31090.0,31385.0,29891.0,10202544.0,317195628621.0,6502.0
2020-04-15,32000.0,32644.0,31601.0,32589.0,32644.0,31090.0,5342669.0,174109910417.0,2716.0
2020-04-18,34218.0,34218.0,34218.0,34218.0,34218.0,32589.0,1534491.0,52507213038.0,938.0
2020-04-19,35928.0,35928.0,32508.0,34582.0,32612.0,34218.0,9126701.0,315617776832.0,3524.0
2020-04-20,34200.0,36311.0,33800.0,35348.0,34570.0,34582.0,11914825.0,421165566813.0,5466.0
2020-04-21,34100.0,35022.0,33581.0,33897.0,34200.0,35348.0,17623126.0,597376305000.0,7115.0
2020-04-22,33900.0,35591.0,33900.0,35153.0,35591.0,33897.0,11094527.0,390000493802.0,4102.0
2020-04-25,36344.0,36910.0,35900.0,36783.0,36909.0,35153.0,11786040.0,433520782445.0,5630.0
2020-04-26,37740.0,37740.0,34944.0,35468.0,34944.0,36783.0,7624463.0,270425980278.0,4008.0
2020-04-27,34350.0,35066.0,33695.0,34083.0,33695.0,35468.0,5761512.0,196370609284.0,2567.0
2020-04-28,32379.0,34338.0,32379.0,32771.0,33800.0,34083.0,20646240.0,676589666160.0,7228.0
2020-04-29,34050.0,34409.0,34050.0,34389.0,34409.0,32771.0,4733986.0,162797448444.0,1903.0
2020-05-02,35602.0,36108.0,34478.0,35958.0,36108.0,34389.0,26277729.0,944897296765.0,11928.0
2020-05-03,37600.0,37754.0,34502.0,36907.0,35600.0,35958.0,36386540.0,1342914206640.0,19114.0
2020-05-04,35062.0,35977.0,35062.0,35114.0,35062.0,36907.0,17329566.0,608514452702.0,7202.0
2020-05-05,35120.0,35579.0,33359.0,34114.0,33359.0,35114.0,11251071.0,383819454321.0,5774.0
2020-05-06,32409.0,33358.0,32409.0,32524.0,32409.0,34114.0,14887617.0,484209745320.0,6655.0
2020-05-09,33199.0,34150.0,33001.0,33913.0,34150.0,32524.0,18165131.0,616035149427.0,8072.0
2020-05-10,35000.0,35600.0,32541.0,34060.0,33880.0,33913.0,14127634.0,481189335964.0,7187.0
2020-05-11,32400.0,34390.0,32357.0,32550.0,32357.0,34060.0,8107571.0,263903355404.0,5136.0
2020-05-12,31850.0,32150.0,30923.0,31034.0,30923.0,32550.0,4565841.0,141696499023.0,1988.0
2020-05-13,29483.0,30923.0,29483.0,29724.0,29483.0,31034.0,10562758.0,313964209342.0,6370.0
2020-05-16,28610.0,31000.0,28238.0,28600.0,28238.0,29724.0,6321616.0,180799039028.0,4017.0
2020-05-17,27425.0,30030.0,27400.0,29555.0,30030.0,28600.0,6577720.0,194402463184.0,3458.0
2020-05-18,31032.0,31032.0,30127.0,31019.0,31032.0,29555.0,6208991.0,192596534240.0,3268.0
2020-05-19,32410.0,32410.0,30700.0,31589.0,31901.0,31019.0,4613279.0,145730273765.0,4341.0
2020-05-20,32450.0,32450.0,30010.0,30476.0,30010.0,31589.0,3064203.0,93383193912.0,3364.0
2020-05-23,28953.0,29828.0,28953.0,28961.0,28953.0,30476.0,2230924.0,64610620817.0,1634.0
2020-05-26,27513.0,28953.0,27513.0,27533.0,27513.0,28473.0,1931175.0,53170547899.0,1257.0
2020-05-27,26157.0,28900.0,26157.0,27827.0,27998.0,27533.0,3731037.0,103823171151.0,3283.0
2020-05-30,29218.0,29218.0,28656.0,29192.0,29218.0,27827.0,5229399.0,152656317837.0,2842.0
2020-05-31,30100.0,30651.0,27733.0,29099.0,29120.0,29192.0,5282404.0,153712322554.0,3026.0
2020-06-01,28800.0,30200.0,28800.0,29638.0,29680.0,29099.0,2247610.0,66614268891.0,2067.0
2020-06-02,29682.0,31119.0,29677.0,30640.0,30990.0,29638.0,5984711.0,183368818841.0,3476.0
2020-06-06,31850.0,32000.0,31000.0,31793.0,31798.0,30640.0,5747149.0,182721829971.0,3119.0
2020-06-07,32800.0,33382.0,30204.0,32968.0,32000.0,31793.0,10405980.0,343063841842.0,5058.0
2020-06-09,31601.0,32200.0,31320.0,31414.0,31320.0,32968.0,5188099.0,162980967673.0,2972.0
2020-06-15,29020.0,30470.0,29020.0,29980.0,30050.0,31060.0,1935717.0,58030239770.0,793.0
2020-06-16,30020.0,31470.0,30000.0,30850.0,31470.0,29980.0,9225046.0,284630080720.0,5197.0
2020-06-20,32390.0,32390.0,32390.0,32390.0,32390.0,30850.0,5542755.0,179529834450.0,2470.0
2020-06-21,34000.0,34000.0,33000.0,33990.0,34000.0,32390.0,26316824.0,894551855370.0,5093.0
2020-06-22,35680.0,35680.0,35680.0,35680.0,35680.0,33990.0,6665597.0,237828500960.0,1332.0
2020-06-23,37460.0,37460.0,35060.0,37060.0,35610.0,35680.0,18033818.0,668257879790.0,5161.0
2020-06-24,35210.0,38490.0,35210.0,36790.0,37820.0,37060.0,15774860.0,580312422150.0,8680.0
2020-06-27,38420.0,38620.0,37970.0,38520.0,38620.0,36790.0,8254387.0,317958016710.0,3912.0
2020-06-28,40440.0,40440.0,36600.0,39760.0,38900.0,38520.0,20816362.0,827673192910.0,8953.0
2020-06-29,39500.0,39690.0,37780.0,38330.0,38030.0,39760.0,13400606.0,513677268240.0,6898.0
2020-06-30,38100.0,40240.0,38100.0,40100.0,40240.0,38330.0,8696500.0,348722463440.0,5207.0
2020-07-01,41000.0,41950.0,38390.0,40430.0,40500.0,40100.0,16354574.0,661175489450.0,9165.0
2020-07-04,40750.0,40750.0,38410.0,38850.0,38410.0,40430.0,6486465.0,251983114350.0,4810.0
2020-07-05,37000.0,40570.0,37000.0,39330.0,40030.0,38850.0,13050852.0,513342379120.0,8716.0
2020-07-06,40400.0,41290.0,39500.0,40520.0,39570.0,39330.0,10496091.0,425293576570.0,6704.0
2020-07-07,39990.0,39990.0,38500.0,38640.0,38500.0,40520.0,12778841.0,493772951580.0,7856.0
2020-07-08,37100.0,37290.0,36710.0,36770.0,36710.0,38640.0,4643591.0,170761931140.0,3564.0
2020-07-11,34940.0,36100.0,34940.0,35030.0,34940.0,36770.0,8166684.0,286046558520.0,4123.0
2020-07-12,35710.0,36780.0,33300.0,35590.0,33600.0,35030.0,13659938.0,486212558290.0,8222.0
2020-07-13,33820.0,33830.0,33820.0,33820.0,33820.0,35590.0,3913930.0,132370592420.0,2805.0
2020-07-14,33200.0,33600.0,32130.0,32560.0,32130.0,33820.0,8413420.0,273928720270.0,5159.0
2020-07-15,31150.0,33400.0,30940.0,31920.0,32030.0,32560.0,12975040.0,414115069050.0,7656.0
2020-07-18,33450.0,33510.0,33020.0,33480.0,33510.0,31920.0,3586163.0,120054250070.0,2691.0
2020-07-19,35150.0,35150.0,33500.0,34610.0,33710.0,33480.0,12807387.0,443270646290.0,7890.0
2020-07-20,35500.0,36130.0,33510.0,35000.0,33580.0,34610.0,8530227.0,298595830960.0,7164.0
2020-07-21,33600.0,35000.0,33250.0,33380.0,33250.0,35000.0,7180598.0,239709126540.0,4286.0
2020-07-22,32000.0,35000.0,31830.0,33870.0,34790.0,33380.0,9929472.0,336340191100.0,5758.0
2020-07-25,35560.0,35560.0,35560.0,35560.0,35560.0,33870.0,3806955.0,135375319800.0,1541.0
2020-07-26,37330.0,37330.0,35600.0,37150.0,37270.0,35560.0,16532966.0,614201637870.0,6621.0
2020-07-27,37250.0,39000.0,35300.0,37810.0,39000.0,37150.0,15770322.0,596292836130.0,6484.0
2020-07-28,39700.0,39700.0,39700.0,39700.0,39700.0,37810.0,2619989.0,104013563300.0,2196.0
2020-07-29,41660.0,41680.0,40570.0,41500.0,41680.0,39700.0,8659036.0,359320570630.0,4399.0
2020-08-01,43570.0,43570.0,43570.0,43570.0,43570.0,41500.0,2007718.0,87476273260.0,1070.0
2020-08-02,45740.0,45740.0,41400.0,45740.0,45740.0,43570.0,2262167.0,103464823580.0,1586.0
2020-08-03,45700.0,45700.0,43460.0,43910.0,44000.0,45740.0,13058299.0,573417815720.0,8498.0
2020-08-04,44440.0,46100.0,44440.0,45980.0,46100.0,43910.0,8213089.0,377613390210.0,4868.0
2020-08-05,47780.0,47780.0,43690.0,44110.0,44000.0,45980.0,11852003.0,522831243150.0,6271.0
2020-08-09,41920.0,45220.0,41910.0,43590.0,43000.0,44110.0,9279825.0,404520305930.0,6162.0
2020-08-10,42500.0,43000.0,41420.0,41670.0,41450.0,43590.0,11662681.0,486026450780.0,3840.0
2020-08-11,39610.0,41000.0,39590.0,39790.0,39630.0,41670.0,7366640.0,293147938940.0,2504.0
2020-08-12,41700.0,41770.0,37810.0,39530.0,40000.0,39790.0,7252592.0,286672442910.0,2989.0
2020-08-15,40000.0,40500.0,37560.0,37700.0,37560.0,39530.0,4639419.0,174923674840.0,1771.0
2020-08-16,37000.0,39580.0,36040.0,38270.0,39580.0,37700.0,8818927.0,337539517400.0,3447.0
2020-08-17,40180.0,40180.0,40180.0,39450.0,40180.0,38270.0,781759.0,31411076620.0,230.0
2020-08-18,41420.0,41420.0,39800.0,41310.0,41420.0,39450.0,9220959.0,380927496880.0,1958.0
2020-08-19,40890.0,41900.0,39250.0,39950.0,40600.0,41310.0,8762176.0,350012556610.0,3160.0
2020-08-22,41940.0,41940.0,38010.0,41570.0,41550.0,39950.0,10129501.0,421060737980.0,3845.0
2020-08-23,40000.0,41930.0,39500.0,39920.0,39500.0,41570.0,2895713.0,115588065700.0,931.0
2020-08-24,37930.0,39100.0,37930.0,38010.0,37930.0,39920.0,2491544.0,94705282370.0,578.0
2020-08-25,38010.0,39910.0,38010.0,39590.0,39910.0,38010.0,3490057.0,138157286740.0,1343.0
2020-08-26,41560.0,41560.0,41560.0,40800.0,41560.0,39590.0,770064.0,32003859840.0,438.0
2020-08-31,42840.0,42840.0,38900.0,41620.0,41180.0,40800.0,10087407.0,419877960740.0,3463.0
2020-09-01,40600.0,41990.0,39540.0,39770.0,39540.0,41620.0,4632698.0,184248258070.0,950.0
2020-09-02,37790.0,37790.0,37790.0,38580.0,37790.0,39770.0,737115.0,27855575850.0,257.0
2020-09-05,38420.0,40100.0,37000.0,38630.0,40000.0,38580.0,6604850.0,255162829360.0,2762.0
2020-09-06,40560.0,40560.0,37400.0,39790.0,37980.0,38630.0,7587362.0,301890515220.0,2643.0
2020-09-07,37810.0,37810.0,37810.0,39000.0,37810.0,39790.0,519969.0,19660027890.0,144.0
2020-09-08,37050.0,37050.0,37050.0,38630.0,37050.0,39000.0,244280.0,9050574000.0,47.0
2020-09-09,36700.0,38740.0,36700.0,36960.0,37210.0,38630.0,9491509.0,350775634030.0,2604.0
2020-09-12,38790.0,38800.0,36170.0,37810.0,37900.0,36960.0,6305610.0,238443694950.0,2435.0
2020-09-13,37500.0,37890.0,35920.0,36570.0,36510.0,37810.0,6164991.0,225460077840.0,1704.0
2020-09-14,36200.0,38390.0,36200.0,38100.0,38390.0,36570.0,7286146.0,277574692220.0,1531.0
2020-09-15,40000.0,40000.0,40000.0,39200.0,40000.0,38100.0,784683.0,31387320000.0,526.0
2020-09-16,41160.0,41160.0,41160.0,41160.0,41160.0,39200.0,2081105.0,85658281800.0,1070.0
2020-09-19,43210.0,43210.0,43210.0,43210.0,43210.0,41160.0,2144686.0,92671882060.0,1411.0
2020-09-20,45370.0,45370.0,41800.0,43730.0,42630.0,43210.0,20197853.0,883318631570.0,5056.0
2020-09-21,42500.0,42630.0,41550.0,41760.0,42000.0,43730.0,8741815.0,365042478860.0,1943.0
2020-09-22,42600.0,43840.0,40640.0,43150.0,43840.0,41760.0,10916821.0,471095517290.0,2495.0
2020-09-23,44800.0,45300.0,42090.0,44350.0,43220.0,43150.0,8299314.0,368098147810.0,3399.0
2020-09-26,43010.0,46290.0,42500.0,43980.0,42810.0,44350.0,3836409.0,168726647560.0,1875.0
2020-09-27,42000.0,42140.0,41790.0,41950.0,41790.0,43980.0,1060643.0,44361712400.0,310.0
2020-09-28,39860.0,39860.0,39860.0,41320.0,39860.0,41950.0,338525.0,13493606500.0,44.0
2020-09-29,39260.0,41000.0,39260.0,39400.0,39500.0,41320.0,6242725.0,245979976760.0,1692.0
2020-09-30,39290.0,40000.0,37520.0,39010.0,39500.0,39400.0,2755212.0,107467134470.0,1398.0
2020-10-03,39650.0,40080.0,39010.0,39490.0,39550.0,39010.0,5036731.0,198913345410.0,1709.0
2020-10-04,39000.0,39490.0,37520.0,38330.0,37520.0,39490.0,7015073.0,268887430510.0,1532.0
2020-10-05,38200.0,38400.0,36600.0,37410.0,37290.0,38330.0,2996652.0,112091514300.0,1223.0
2020-10-06,37020.0,39280.0,37020.0,38950.0,39280.0,37410.0,2812225.0,109543959460.0,1147.0
2020-10-07,39890.0,40880.0,38020.0,39610.0,39250.0,38950.0,2112376.0,83667364200.0,1244.0
2020-10-10,38900.0,39600.0,37630.0,38070.0,37630.0,39610.0,3968662.0,151083226030.0,1527.0
2020-10-11,36170.0,38690.0,36170.0,37030.0,37190.0,38070.0,12500016.0,462839226600.0,3191.0
2020-10-12,36060.0,36270.0,35180.0,35560.0,35180.0,37030.0,2936259.0,104405174120.0,1070.0
2020-10-13,33790.0,34800.0,33790.0,33910.0,34670.0,35560.0,9436971.0,320043643450.0,2507.0
2020-10-14,34440.0,35600.0,33030.0,34840.0,35600.0,33910.0,5001454.0,174245659160.0,1467.0
2020-10-18,36580.0,36580.0,35000.0,36220.0,35480.0,34840.0,7302755.0,264477693400.0,2213.0
2020-10-19,34440.0,35000.0,34410.0,34460.0,34410.0,36220.0,1686760.0,58125141770.0,601.0
2020-10-20,32740.0,34000.0,32740.0,32840.0,33790.0,34460.0,2669066.0,87646502760.0,557.0
2020-10-21,33000.0,34400.0,31200.0,32370.0,31220.0,32840.0,4603496.0,148996051390.0,1209.0
2020-10-24,31090.0,32370.0,30760.0,30960.0,30760.0,32370.0,1482687.0,45816659570.0,267.0
2020-10-26,29420.0,29420.0,29420.0,30580.0,29420.0,30960.0,383911.0,11294661620.0,88.0
2020-10-27,29060.0,30700.0,29060.0,29070.0,29060.0,30580.0,3880377.0,112783729370.0,529.0
2020-10-28,27660.0,28950.0,27620.0,27850.0,28200.0,29070.0,3987363.0,111057006390.0,1018.0
2020-10-31,27860.0,29240.0,27860.0,28910.0,29190.0,27850.0,3544766.0,102462210990.0,990.0
2020-11-01,29200.0,29200.0,27470.0,27530.0,27470.0,28910.0,2675932.0,73660651290.0,441.0
2020-11-02,26500.0,26980.0,26160.0,26220.0,26160.0,27530.0,2729329.0,71557930770.0,366.0
2020-11-04,25650.0,27530.0,25300.0,27410.0,27530.0,26220.0,1760938.0,48301261880.0,377.0
2020-11-07,26040.0,26040.0,26040.0,26040.0,26040.0,27410.0,1832186.0,47710123440.0,107.0
2020-11-08,24740.0,24740.0,24740.0,25960.0,24740.0,26040.0,106502.0,2634859480.0,32.0
2020-11-09,24670.0,24670.0,24670.0,25580.0,24670.0,25960.0,536150.0,13226820500.0,54.0
2020-11-10,24400.0,26500.0,24310.0,25230.0,24310.0,25580.0,850193.0,21105586470.0,379.0
2020-11-11,23970.0,25490.0,23970.0,24330.0,25000.0,25230.0,4925697.0,119848281130.0,1198.0
2020-11-14,25300.0,25540.0,24300.0,25270.0,25540.0,24330.0,1631447.0,41618813700.0,365.0
2020-11-15,26400.0,26490.0,24100.0,25190.0,24180.0,25270.0,3030563.0,76336185300.0,882.0
2020-11-16,23980.0,25650.0,23980.0,24970.0,24640.0,25190.0,2524383.0,63029509870.0,901.0
2020-11-17,24300.0,26210.0,24300.0,25780.0,26210.0,24970.0,1828118.0,47321805030.0,347.0
2020-11-18,27060.0,27060.0,26500.0,27030.0,27060.0,25780.0,3069140.0,82955068990.0,510.0
2020-11-21,26100.0,27500.0,25680.0,25760.0,25680.0,27030.0,8424950.0,217042933950.0,1485.0
2020-11-22,24480.0,25000.0,24480.0,24520.0,24480.0,25760.0,8328242.0,204169403380.0,1525.0
2020-11-23,23990.0,24990.0,23300.0,23720.0,23990.0,24520.0,12003047.0,284733524750.0,2454.0
2020-11-24,24160.0,24900.0,23730.0,24740.0,24900.0,23720.0,10595546.0,262163198980.0,2483.0
2020-11-25,25450.0,25970.0,24900.0,25780.0,25970.0,24740.0,4091251.0,105470527580.0,789.0
2020-11-28,26430.0,27060.0,26000.0,26940.0,27060.0,25780.0,8165637.0,219968035570.0,1998.0
2020-11-29,27880.0,28280.0,27310.0,28070.0,28280.0,26940.0,3765098.0,105684688590.0,807.0
2020-11-30,29470.0,29470.0,29470.0,28910.0,29470.0,28070.0,1162018.0,34244670460.0,277.0
2020-12-01,30350.0,30350.0,29470.0,30260.0,30350.0,28910.0,14886224.0,450387705150.0,2354.0
2020-12-02,30700.0,31770.0,29700.0,31560.0,31500.0,30260.0,14353310.0,453044512160.0,2676.0
2020-12-05,32000.0,33130.0,30010.0,32600.0,33130.0,31560.0,3037236.0,99005095180.0,878.0
2020-12-06,33900.0,34230.0,31110.0,33060.0,33180.0,32600.0,13954998.0,461409745950.0,4042.0
2020-12-07,33490.0,33900.0,31410.0,32740.0,32200.0,33060.0,9463816.0,309885892620.0,2559.0
2020-12-08,32160.0,34370.0,31850.0,34210.0,34370.0,32740.0,8249737.0,282217446370.0,1762.0
2020-12-09,35920.0,35920.0,35920.0,35920.0,35920.0,34210.0,4545221.0,163264338320.0,622.0
2020-12-12,37710.0,37710.0,34130.0,37520.0,37200.0,35920.0,8929319.0,335044455720.0,1955.0
2020-12-16,35650.0,37500.0,35650.0,36120.0,36410.0,37520.0,10113148.0,365253866930.0,2273.0
2020-12-19,37870.0,37920.0,37120.0,37900.0,37920.0,36120.0,2264623.0,85820805680.0,705.0
2020-12-20,39790.0,39790.0,38030.0,39610.0,39500.0,37900.0,16437358.0,651109415190.0,3593.0
2020-12-21,39400.0,41590.0,37630.0,39930.0,38630.0,39610.0,13164849.0,525660601310.0,4299.0
2020-12-22,38390.0,40900.0,38000.0,39430.0,39090.0,39930.0,9464440.0,373152950810.0,3738.0
2020-12-23,39100.0,41400.0,38110.0,40740.0,40450.0,39430.0,17956707.0,731566146750.0,5093.0
2020-12-26,40740.0,41560.0,38710.0,39370.0,38720.0,40740.0,9873236.0,388708003410.0,3592.0
2020-12-27,38000.0,40990.0,37410.0,39660.0,39800.0,39370.0,8793931.0,348769067350.0,3198.0
2020-12-28,39020.0,41640.0,39020.0,40580.0,39680.0,39660.0,8132038.0,329987546610.0,2841.0
2020-12-29,39680.0,40410.0,38560.0,38720.0,38580.0,40580.0,8424281.0,326150564110.0,2223.0
2020-12-30,37910.0,40300.0,37910.0,39090.0,38490.0,38720.0,4543044.0,177581322200.0,2012.0
2021-01-02,37600.0,38400.0,37140.0,37360.0,37140.0,39090.0,2849083.0,106444520070.0,1135.0
2021-01-03,36010.0,38200.0,36010.0,37010.0,37110.0,37360.0,2847035.0,105375750170.0,1391.0
2021-01-04,37010.0,38860.0,37010.0,38450.0,38860.0,37010.0,4844019.0,186232594100.0,1713.0
2021-01-05,38870.0,40000.0,37550.0,38510.0,37710.0,38450.0,3672719.0,141432022260.0,1563.0
2021-01-06,37900.0,38900.0,36590.0,36770.0,36590.0,38510.0,3631045.0,133520256790.0,1508.0
2021-01-09,35000.0,36590.0,34940.0,35110.0,34950.0,36770.0,4586786.0,161021615980.0,1309.0
2021-01-10,36100.0,36860.0,34020.0,36800.0,36860.0,35110.0,3592881.0,132227643390.0,887.0
2021-01-11,38580.0,38640.0,36890.0,38140.0,37590.0,36800.0,4788386.0,182644323280.0,1975.0
2021-01-12,37900.0,37900.0,36240.0,36590.0,36240.0,38140.0,4634377.0,169553503060.0,1236.0
2021-01-13,35050.0,37890.0,34770.0,36160.0,35540.0,36590.0,2263944.0,81858079160.0,1134.0
2021-01-16,35000.0,36500.0,34360.0,34500.0,34360.0,36160.0,1487240.0,51316887130.0,376.0
2021-01-18,32780.0,32780.0,32780.0,32780.0,32780.0,34500.0,1686336.0,55278094080.0,81.0
2021-01-19,31150.0,32700.0,31150.0,31340.0,31150.0,32780.0,11519627.0,361052728950.0,1732.0
2021-01-20,30800.0,32900.0,30800.0,32510.0,32900.0,31340.0,4910074.0,159608730290.0,1111.0
2021-01-23,33800.0,34130.0,33000.0,34050.0,34130.0,32510.0,1613524.0,54936305300.0,372.0
2021-01-24,35750.0,35750.0,34100.0,35600.0,35750.0,34050.0,12009617.0,427587164790.0,1758.0
2021-01-25,36990.0,37380.0,35020.0,36620.0,37380.0,35600.0,5483804.0,200839932560.0,1123.0
2021-01-26,38450.0,38450.0,36020.0,37990.0,36260.0,36620.0,10530303.0,400019321980.0,2856.0
2021-01-27,36510.0,39500.0,36260.0,38360.0,37550.0,37990.0,6027007.0,231167753710.0,2322.0
2021-01-30,38500.0,40270.0,38500.0,39750.0,39550.0,38360.0,7259595.0,288594337950.0,3302.0
2021-01-31,40880.0,41000.0,37770.0,38860.0,37770.0,39750.0,5410423.0,210238559590.0,2488.0
2021-02-01,37770.0,38750.0,36920.0,37180.0,36920.0,38860.0,3307880.0,122993425640.0,1297.0
2021-02-02,35830.0,36720.0,35330.0,35580.0,35330.0,37180.0,4356084.0,154993863310.0,1480.0
2021-02-03,34040.0,37300.0,34040.0,35430.0,34910.0,35580.0,3178930.0,112622073290.0,1605.0
2021-02-06,33860.0,36200.0,33660.0,33730.0,33660.0,35430.0,2519969.0,84988297300.0,962.0
2021-02-07,34000.0,35410.0,32500.0,35130.0,35410.0,33730.0,1308082.0,46103233630.0,529.0
2021-02-08,36870.0,36880.0,34100.0,35480.0,34590.0,35130.0,2887805.0,102467750530.0,1384.0
2021-02-09,35500.0,36770.0,35000.0,35790.0,36350.0,35480.0,2489607.0,89104350110.0,864.0
2021-02-13,36370.0,37900.0,36370.0,37110.0,37300.0,35790.0,1820400.0,67546572770.0,1028.0
2021-02-14,37870.0,37870.0,36370.0,36500.0,36370.0,37110.0,2099679.0,76643603660.0,778.0
2021-02-15,37000.0,37490.0,35770.0,36400.0,35820.0,36500.0,1387282.0,50495225820.0,1019.0
2021-02-16,36400.0,37000.0,35680.0,35770.0,35680.0,36400.0,1579878.0,56512372600.0,640.0
2021-02-17,36370.0,36500.0,35060.0,35100.0,35070.0,35770.0,2363755.0,82976711140.0,1002.0
2021-02-20,34700.0,36410.0,34400.0,34800.0,34800.0,35100.0,3071971.0,106918611040.0,1269.0
2021-02-21,34200.0,35490.0,34110.0,34300.0,34110.0,34800.0,1205794.0,41256298760.0,531.0
2021-02-22,33620.0,33990.0,33620.0,33710.0,33620.0,34300.0,1342647.0,45207612010.0,660.0
2021-02-23,33040.0,34340.0,33040.0,33290.0,33860.0,33710.0,1557279.0,51842053320.0,923.0
2021-02-24,33400.0,35280.0,33400.0,35020.0,34610.0,33290.0,6052987.0,211985624460.0,2816.0
2021-02-27,34400.0,35000.0,34320.0,34700.0,34320.0,35020.0,688934.0,23666761520.0,323.0
2021-02-28,34010.0,34010.0,34010.0,34670.0,34010.0,34700.0,61871.0,2104232710.0,38.0
2021-03-01,33980.0,34800.0,33980.0,34030.0,34100.0,34670.0,2021883.0,68800545020.0,951.0
2021-03-02,34030.0,35490.0,33420.0,34220.0,33690.0,34030.0,1031978.0,35395298320.0,779.0
2021-03-03,33600.0,34490.0,33540.0,34060.0,33540.0,34220.0,417472.0,14058048470.0,202.0
2021-03-06,33380.0,34400.0,33380.0,33810.0,33380.0,34060.0,533825.0,17821664040.0,190.0
2021-03-07,33140.0,34220.0,33140.0,33300.0,33150.0,33810.0,1506058.0,50155539760.0,698.0
2021-03-08,33000.0,34390.0,33000.0,33610.0,33870.0,33300.0,1099665.0,37071080120.0,814.0
2021-03-09,33400.0,34400.0,32940.0,33670.0,32940.0,33610.0,1162182.0,39142728900.0,777.0
2021-03-10,33000.0,33450.0,33000.0,33210.0,33140.0,33670.0,1076977.0,35584703700.0,378.0
2021-03-13,33000.0,34640.0,32550.0,33550.0,34300.0,33210.0,1232703.0,41446800720.0,666.0
2021-03-14,34640.0,34640.0,32880.0,33290.0,33000.0,33550.0,2008234.0,66844324260.0,808.0
2021-03-15,33290.0,35280.0,33020.0,34160.0,35280.0,33290.0,6372532.0,217700221040.0,1222.0
2021-03-16,36200.0,36200.0,35500.0,36160.0,36200.0,34160.0,5249592.0,189833362360.0,1303.0
2021-03-17,37000.0,37930.0,35700.0,36500.0,36880.0,36160.0,2995412.0,109339468160.0,1170.0
2021-03-27,36000.0,37500.0,35770.0,36330.0,36520.0,36500.0,1135404.0,41202955620.0,586.0
2021-03-28,36100.0,36900.0,36100.0,36460.0,36540.0,36330.0,962516.0,35150473620.0,512.0
2021-03-30,36000.0,37900.0,35840.0,36840.0,36760.0,36460.0,940631.0,34812843600.0,581.0
2021-03-31,36420.0,36960.0,36320.0,36690.0,36390.0,36840.0,519629.0,18941274820.0,352.0
2021-04-03,36250.0,36950.0,35960.0,36000.0,35960.0,36690.0,1349920.0,48588019760.0,360.0
2021-04-04,35280.0,35940.0,35280.0,35570.0,35280.0,36000.0,966446.0,34205087830.0,458.0
2021-04-05,34860.0,37000.0,34860.0,35610.0,36880.0,35570.0,956636.0,34085443110.0,561.0
2021-04-06,36780.0,36780.0,34970.0,35530.0,35170.0,35610.0,766473.0,27191704620.0,539.0
2021-04-07,34900.0,35500.0,34900.0,35260.0,35170.0,35530.0,836481.0,29352979530.0,391.0
2021-04-10,35200.0,35200.0,34560.0,34910.0,34560.0,35260.0,763740.0,26437647750.0,239.0
2021-04-11,34220.0,34870.0,34220.0,34480.0,34220.0,34910.0,926206.0,31717754760.0,355.0
2021-04-12,34220.0,34790.0,33800.0,34280.0,34620.0,34480.0,709985.0,24192249310.0,448.0
2021-04-13,36170.0,36190.0,34400.0,34830.0,34570.0,34280.0,1002095.0,35132386950.0,500.0
2021-04-14,35010.0,35890.0,35010.0,35510.0,35470.0,34830.0,1522628.0,54071898120.0,624.0
2021-04-17,35100.0,35450.0,34800.0,35370.0,34800.0,35510.0,326475.0,11390730700.0,252.0
2021-04-18,34670.0,34670.0,34670.0,35340.0,34670.0,35370.0,68982.0,2391605940.0,36.0
2021-04-19,34640.0,35000.0,34640.0,34890.0,34640.0,35340.0,917965.0,31808820760.0,239.0
2021-04-20,34220.0,35290.0,34200.0,34770.0,34200.0,34890.0,1326302.0,46106069560.0,597.0
2021-04-21,33850.0,33850.0,33730.0,34430.0,33730.0,34770.0,460845.0,15544733550.0,179.0
2021-04-24,33400.0,33800.0,33400.0,34010.0,33400.0,34430.0,588016.0,19640736500.0,154.0
2021-04-25,32990.0,33390.0,32990.0,33680.0,32990.0,34010.0,475640.0,15692563600.0,114.0
2021-04-26,32670.0,33970.0,32670.0,33040.0,32980.0,33680.0,952514.0,31144902660.0,371.0
2021-04-27,33220.0,34390.0,33220.0,33400.0,33500.0,33040.0,719050.0,24278530040.0,435.0
2021-04-28,33500.0,34500.0,32500.0,33390.0,33160.0,33400.0,562547.0,18777922390.0,362.0
2021-05-01,32680.0,33840.0,32390.0,33000.0,32390.0,33390.0,673528.0,21901670600.0,217.0
2021-05-02,32010.0,32010.0,32010.0,32990.0,32010.0,33000.0,21902.0,701083020.0,28.0
2021-05-03,32010.0,32010.0,32010.0,32970.0,32010.0,32990.0,32504.0,1040453040.0,11.0
2021-05-05,31990.0,31990.0,31990.0,32690.0,31990.0,32970.0,434238.0,13891273620.0,56.0
2021-05-08,31710.0,31710.0,31710.0,32660.0,31710.0,32690.0,48405.0,1534922550.0,17.0
2021-05-09,31690.0,31690.0,31690.0,32530.0,31690.0,32660.0,201028.0,6370577320.0,10.0
2021-05-10,31560.0,32470.0,31560.0,31770.0,32000.0,32530.0,1465488.0,46510527660.0,509.0
2021-05-11,31070.0,33000.0,31070.0,31910.0,32240.0,31770.0,641451.0,20587863340.0,509.0
2021-05-12,31550.0,33000.0,31360.0,32010.0,32250.0,31910.0,988318.0,31688382680.0,442.0
2021-05-15,32000.0,33250.0,31100.0,32360.0,32060.0,32010.0,367469.0,11924456730.0,303.0
2021-05-16,33000.0,33300.0,31420.0,32500.0,32520.0,32360.0,1380955.0,44879658810.0,437.0
2021-05-17,31800.0,33200.0,31800.0,32130.0,32120.0,32500.0,629063.0,20211924940.0,219.0
2021-05-18,32120.0,32720.0,31440.0,31940.0,31990.0,32130.0,258616.0,8219473500.0,259.0
2021-05-19,32750.0,32750.0,30350.0,30870.0,30350.0,31940.0,639375.0,19734645700.0,359.0
2021-05-22,29330.0,29330.0,29330.0,30850.0,29330.0,30870.0,6395.0,187565350.0,7.0
2021-05-23,29310.0,29310.0,29310.0,30500.0,29310.0,30850.0,109653.0,3213929430.0,10.0
2021-05-24,28980.0,28980.0,28980.0,28980.0,28980.0,30500.0,1149417.0,33310104660.0,61.0
2021-05-25,27540.0,28780.0,27540.0,27630.0,28450.0,28980.0,2416108.0,66759488960.0,730.0
2021-05-26,26520.0,28460.0,26520.0,27570.0,27500.0,27630.0,869628.0,23978644900.0,578.0
2021-05-29,27160.0,28940.0,27160.0,28880.0,28940.0,27570.0,2466891.0,71234625970.0,564.0
2021-05-30,29300.0,30300.0,27440.0,29100.0,28680.0,28880.0,1024312.0,29802944280.0,509.0
2021-05-31,27670.0,29350.0,27650.0,28210.0,28750.0,29100.0,828681.0,23380736010.0,383.0
2021-06-01,27600.0,28990.0,26950.0,27690.0,28000.0,28210.0,509084.0,14080420290.0,242.0
2021-06-02,28270.0,28970.0,27120.0,28520.0,28650.0,27690.0,1455613.0,41517593090.0,431.0
2021-06-07,28020.0,29850.0,27890.0,28210.0,28200.0,28520.0,941648.0,26561522600.0,476.0
2021-06-08,27400.0,28700.0,27400.0,28360.0,28290.0,28210.0,425662.0,12085797460.0,335.0
2021-06-09,27700.0,28010.0,26950.0,27270.0,27620.0,28360.0,3252305.0,88700131410.0,516.0
2021-06-12,27000.0,27920.0,27000.0,27460.0,27280.0,27270.0,587408.0,16128079800.0,304.0
2021-06-13,26610.0,28000.0,26610.0,27340.0,27450.0,27460.0,266743.0,7259157060.0,277.0
2021-06-14,27880.0,28700.0,27170.0,28420.0,28700.0,27340.0,2139683.0,60817629940.0,613.0
2021-06-15,28000.0,28820.0,27800.0,28250.0,27820.0,28420.0,313713.0,8822023690.0,261.0
2021-06-16,27120.0,28680.0,27120.0,27880.0,27990.0,28250.0,773211.0,21560320720.0,312.0
2021-06-19,28560.0,29270.0,27400.0,29130.0,29270.0,27880.0,2674134.0,77908877410.0,504.0
2021-06-20,29450.0,29640.0,28050.0,28910.0,28900.0,29130.0,779719.0,22541037750.0,416.0
2021-06-21,28100.0,30200.0,28100.0,29390.0,29840.0,28910.0,550102.0,16168259020.0,296.0
2021-06-22,30050.0,30100.0,29010.0,29370.0,29250.0,29390.0,726830.0,21345014910.0,413.0
2021-06-23,29110.0,30820.0,29110.0,30220.0,30570.0,29370.0,1376913.0,41616240730.0,496.0
2021-06-26,30820.0,31500.0,29750.0,30280.0,30280.0,30220.0,1410813.0,42719625240.0,515.0
2021-06-27,30300.0,30750.0,29500.0,30130.0,30210.0,30280.0,516405.0,15556834130.0,344.0
2021-06-28,30000.0,30850.0,29620.0,30200.0,30250.0,30130.0,575472.0,17378295960.0,351.0
2021-06-29,30260.0,31710.0,30250.0,31430.0,31710.0,30200.0,1860364.0,58479109350.0,541.0
2021-06-30,32000.0,32980.0,30650.0,31430.0,30890.0,31430.0,1480259.0,46523496980.0,820.0
2021-07-05,32000.0,32500.0,30950.0,31380.0,31430.0,30580.0,500096.0,15692985310.0,231.0
2021-07-06,30630.0,32290.0,30630.0,31560.0,31500.0,31380.0,1683610.0,53137176880.0,727.0
2021-07-07,31500.0,32750.0,30580.0,31900.0,32300.0,31560.0,1720508.0,54892669480.0,759.0
2021-07-10,32250.0,33490.0,32100.0,33140.0,33400.0,31900.0,2231859.0,73956514970.0,951.0
2021-07-11,33400.0,33950.0,32530.0,33260.0,32800.0,33140.0,1263165.0,42007282640.0,566.0
2021-07-12,32510.0,34040.0,32510.0,33610.0,32850.0,33260.0,1506920.0,50645304890.0,652.0
2021-07-13,32600.0,33860.0,32000.0,32680.0,32700.0,33610.0,836041.0,27320760400.0,480.0
2021-07-14,32700.0,33450.0,32410.0,33150.0,32750.0,32680.0,511280.0,16949040070.0,346.0
2021-07-17,32000.0,33000.0,31500.0,31770.0,31990.0,33150.0,2204442.0,70040235100.0,848.0
2021-07-18,31000.0,31900.0,30190.0,30490.0,30400.0,31770.0,911032.0,27777097510.0,521.0
2021-07-19,29300.0,31500.0,29300.0,30660.0,31400.0,30490.0,1367495.0,41926776370.0,749.0
2021-07-26,30700.0,31490.0,29320.0,30010.0,29680.0,30660.0,2076322.0,62305762980.0,1077.0
2021-07-27,29670.0,29680.0,28510.0,28750.0,28510.0,30010.0,1582123.0,45493662660.0,571.0
2021-07-28,28750.0,30180.0,27900.0,29800.0,29800.0,28750.0,1914763.0,57067449270.0,764.0
2021-07-31,29400.0,30900.0,29400.0,29910.0,29980.0,29800.0,886860.0,26529564320.0,597.0
2021-08-01,29550.0,30620.0,28510.0,29390.0,29600.0,29910.0,1256113.0,36911946060.0,561.0
2021-08-02,29500.0,29500.0,28500.0,28870.0,29200.0,29390.0,900832.0,26005719500.0,528.0
2021-08-03,28910.0,29400.0,28600.0,28960.0,28700.0,28870.0,507618.0,14702316520.0,365.0
2021-08-04,28880.0,30400.0,28700.0,29680.0,30330.0,28960.0,1925877.0,57164966200.0,670.0
2021-08-07,30950.0,30950.0,29690.0,30040.0,30050.0,29680.0,1844889.0,55421541350.0,566.0
2021-08-08,30050.0,31540.0,29760.0,31360.0,31540.0,30040.0,2394554.0,75084154460.0,913.0
2021-08-09,31600.0,32890.0,30210.0,32180.0,32000.0,31360.0,1659082.0,53392717720.0,759.0
2021-08-10,32940.0,32940.0,31000.0,31750.0,32100.0,32180.0,1329888.0,42226786280.0,752.0
2021-08-11,32070.0,32590.0,31200.0,31810.0,31380.0,31750.0,1351690.0,42993560440.0,612.0
2021-08-14,30710.0,31980.0,30710.0,31050.0,31300.0,31810.0,2903456.0,90149763770.0,815.0
2021-08-15,31060.0,32600.0,31000.0,32260.0,32580.0,31050.0,2702290.0,87170139250.0,835.0
2021-08-22,33700.0,33870.0,32410.0,33590.0,33870.0,32260.0,3268174.0,109790485760.0,1318.0
2021-08-23,34100.0,35260.0,33590.0,34930.0,34950.0,33590.0,4057978.0,141731052300.0,1654.0
2021-08-24,35260.0,35990.0,34230.0,34780.0,34800.0,34930.0,3877267.0,134857303240.0,1761.0
2021-08-25,35300.0,36480.0,34930.0,35650.0,36110.0,34780.0,2827549.0,100789176710.0,1263.0
2021-08-28,37290.0,37290.0,35010.0,35600.0,35400.0,35650.0,4034454.0,143633819670.0,1540.0
2021-08-29,35500.0,36360.0,34000.0,35240.0,34340.0,35600.0,2723108.0,95971373320.0,1431.0
2021-08-30,33480.0,34890.0,33480.0,33600.0,33480.0,35240.0,2717439.0,91300751720.0,620.0
2021-08-31,31940.0,33480.0,31920.0,32220.0,32150.0,33600.0,4452644.0,143480099820.0,1113.0
2021-09-01,33190.0,33830.0,32000.0,33610.0,33830.0,32220.0,2659828.0,89405434240.0,822.0
2021-09-04,35000.0,35250.0,34300.0,34640.0,34700.0,33610.0,3018117.0,104561260950.0,1290.0
2021-09-05,35620.0,35860.0,33890.0,34890.0,34640.0,34640.0,2657969.0,92747028760.0,1164.0
2021-09-06,35000.0,35970.0,34800.0,35390.0,34810.0,34890.0,2279518.0,80664820350.0,1104.0
2021-09-07,34500.0,35190.0,33640.0,34610.0,34900.0,35390.0,1099706.0,38064267030.0,805.0
2021-09-08,35500.0,35600.0,34500.0,35120.0,35180.0,34610.0,1014601.0,35632239980.0,989.0
2021-09-11,35120.0,35800.0,33750.0,34490.0,34200.0,35120.0,1418759.0,48927741430.0,559.0
2021-09-12,33810.0,34470.0,32770.0,32860.0,32770.0,34490.0,1478686.0,48591277940.0,650.0
2021-09-13,32000.0,33320.0,31420.0,32430.0,32400.0,32860.0,1239480.0,40197707990.0,586.0
2021-09-14,32330.0,33830.0,32330.0,33310.0,33400.0,32430.0,743545.0,24769200680.0,622.0
2021-09-15,33400.0,33960.0,32000.0,32600.0,32510.0,33310.0,834132.0,27190833990.0,661.0
2021-09-18,32320.0,33300.0,30970.0,31270.0,30970.0,32600.0,1403799.0,43896185810.0,686.0
2021-09-19,30800.0,31700.0,29980.0,30880.0,31300.0,31270.0,3206003.0,98991918430.0,824.0
2021-09-20,31300.0,32420.0,31200.0,32270.0,32360.0,30880.0,1430295.0,46160415570.0,807.0
2021-09-21,32830.0,33000.0,30900.0,31580.0,31500.0,32270.0,1451444.0,45834754140.0,469.0
2021-09-22,31750.0,32850.0,30010.0,30460.0,31150.0,31580.0,2305030.0,70205021500.0,706.0
2021-09-25,31020.0,31850.0,31020.0,31380.0,31850.0,30460.0,1272491.0,39928440780.0,495.0
2021-09-26,32800.0,32800.0,31000.0,31620.0,31840.0,31380.0,1011917.0,32000766890.0,464.0
2021-09-28,31620.0,32490.0,30720.0,31530.0,30850.0,31620.0,939964.0,29641601880.0,486.0
2021-09-29,31610.0,32000.0,30410.0,31460.0,31800.0,31530.0,1043142.0,32820056440.0,434.0
2021-10-02,31760.0,33030.0,31760.0,32920.0,32990.0,31460.0,1782339.0,58675016040.0,811.0
2021-10-03,33510.0,33950.0,32300.0,33280.0,33420.0,32920.0,1623650.0,54038190950.0,740.0
2021-10-04,33940.0,33940.0,32000.0,32890.0,33000.0,33280.0,1955008.0,64296473200.0,816.0
2021-10-06,32890.0,33700.0,32150.0,32790.0,32240.0,32890.0,1016954.0,33343512390.0,452.0
2021-10-09,31710.0,32850.0,31160.0,31500.0,31180.0,32790.0,869789.0,27395915170.0,472.0
2021-10-10,31500.0,31600.0,30200.0,31070.0,31100.0,31500.0,1140520.0,35441298830.0,332.0
2021-10-11,31590.0,31590.0,30610.0,30970.0,30960.0,31070.0,934611.0,28945490950.0,462.0
2021-10-12,30990.0,30990.0,29430.0,29970.0,29430.0,30970.0,642176.0,19248947790.0,209.0
2021-10-13,28480.0,29970.0,28480.0,28670.0,28480.0,29970.0,3525364.0,101063129570.0,567.0
2021-10-16,30100.0,30100.0,28810.0,29990.0,30100.0,28670.0,1377959.0,41320922350.0,533.0
2021-10-17,30490.0,30490.0,28500.0,28680.0,28650.0,29990.0,1932094.0,55416703970.0,584.0
2021-10-18,28200.0,28990.0,27250.0,27720.0,28100.0,28680.0,1670231.0,46297281040.0,767.0
2021-10-19,28350.0,29100.0,27740.0,28980.0,29100.0,27720.0,1345357.0,38987638900.0,498.0
2021-10-20,29490.0,29490.0,28100.0,28960.0,28990.0,28980.0,588367.0,17039664700.0,280.0
2021-10-23,27520.0,27520.0,27520.0,28370.0,27520.0,28960.0,210724.0,5799124480.0,104.0
2021-10-25,26960.0,26960.0,26960.0,27820.0,26960.0,28370.0,201342.0,5428180320.0,57.0
2021-10-26,26430.0,26900.0,26430.0,26440.0,26430.0,27820.0,5063251.0,133867385520.0,763.0
2021-10-27,25130.0,26660.0,25120.0,25640.0,26200.0,26440.0,1922810.0,49303318790.0,853.0
2021-10-30,25210.0,26550.0,24360.0,24760.0,24400.0,25640.0,1208841.0,29936003220.0,612.0
2021-10-31,24390.0,25110.0,23530.0,23560.0,23530.0,24760.0,662582.0,15613514860.0,245.0
2021-11-01,23900.0,24490.0,22460.0,23530.0,23000.0,23560.0,601927.0,14163925630.0,376.0
2021-11-02,23000.0,24700.0,23000.0,24230.0,24700.0,23530.0,761973.0,18463581290.0,389.0
2021-11-03,25000.0,25330.0,23590.0,24800.0,25020.0,24230.0,584063.0,14487627680.0,339.0
2021-11-06,25500.0,26040.0,25000.0,25800.0,26040.0,24800.0,500339.0,13014977730.0,197.0
2021-11-07,26850.0,27090.0,25100.0,26210.0,25120.0,25800.0,892941.0,23400697610.0,492.0
2021-11-08,25110.0,26250.0,25100.0,25790.0,26000.0,26210.0,515341.0,13250846980.0,348.0
2021-11-09,25140.0,26300.0,24810.0,25860.0,26010.0,25790.0,487539.0,12615104690.0,306.0
2021-11-10,25400.0,26780.0,25000.0,25620.0,25610.0,25860.0,673213.0,17247704430.0,395.0
2021-11-13,24870.0,26330.0,24600.0,25330.0,24980.0,25620.0,675956.0,17119789790.0,447.0
2021-11-14,24700.0,25980.0,24310.0,24870.0,24310.0,25330.0,858841.0,21358377230.0,427.0
2021-11-15,24190.0,24900.0,23630.0,23780.0,23630.0,24870.0,1651082.0,39259943150.0,489.0
2021-11-16,23050.0,24300.0,23050.0,23700.0,23300.0,23780.0,497536.0,11784088940.0,347.0
2021-11-17,23760.0,24880.0,23700.0,24520.0,24880.0,23700.0,3676157.0,90121906880.0,1449.0
2021-11-20,25200.0,25450.0,23550.0,24400.0,23710.0,24520.0,1734568.0,42322146510.0,998.0
2021-11-21,24630.0,24630.0,23180.0,23360.0,23650.0,24400.0,1026360.0,23978798620.0,792.0
2021-11-22,23890.0,24300.0,23060.0,23510.0,23060.0,23360.0,1009631.0,23735787000.0,532.0
2021-11-23,23100.0,23530.0,22500.0,22700.0,22500.0,23510.0,1145929.0,26012439010.0,706.0
2021-11-24,22750.0,23300.0,21630.0,22060.0,22080.0,22700.0,1092984.0,24114738940.0,666.0
2021-11-27,21570.0,21570.0,20960.0,21030.0,20960.0,22060.0,816470.0,17169841480.0,426.0
2021-11-28,19980.0,20490.0,19980.0,20110.0,20020.0,21030.0,2282634.0,45901961330.0,1013.0
2021-11-29,20020.0,20700.0,19110.0,19670.0,19660.0,20110.0,1083003.0,21299910870.0,540.0
2021-11-30,19660.0,20000.0,19200.0,19730.0,19650.0,19670.0,815825.0,16098653460.0,412.0
2021-12-01,19100.0,20000.0,18750.0,19270.0,19450.0,19730.0,2358283.0,45433454080.0,1048.0
2021-12-18,4525.0,4525.0,4525.0,4506.0,4525.0,4310.0,3166140.0,14326783500.0,78.0
2021-12-19,4731.0,4731.0,4602.0,4708.0,4731.0,4506.0,13350978.0,62856174859.0,1018.0
2021-12-20,4748.0,4800.0,4473.0,4644.0,4473.0,4708.0,1970126.0,9054226419.0,292.0
2021-12-21,4412.0,4637.0,4412.0,4493.0,4619.0,4644.0,7255698.0,32599844588.0,804.0
2021-12-22,4621.0,4700.0,4490.0,4606.0,4566.0,4493.0,4016312.0,18497716755.0,494.0
2021-12-25,4490.0,4682.0,4410.0,4555.0,4500.0,4606.0,4500522.0,20497966461.0,724.0
2021-12-26,4619.0,4619.0,4367.0,4498.0,4520.0,4555.0,3000455.0,13481509545.0,343.0
2021-12-27,4400.0,4659.0,4400.0,4518.0,4496.0,4498.0,1878852.0,8515659694.0,403.0
2021-12-28,4421.0,4640.0,4421.0,4575.0,4609.0,4518.0,2464453.0,11320742134.0,402.0
2021-12-29,4500.0,4803.0,4500.0,4759.0,4803.0,4575.0,9440709.0,44929401805.0,757.0
2022-01-01,4850.0,4996.0,4760.0,4932.0,4869.0,4759.0,9458692.0,46652828947.0,1093.0
2022-01-02,4869.0,4869.0,4686.0,4711.0,4686.0,4932.0,4324956.0,20372895164.0,673.0
2022-01-03,4600.0,4720.0,4500.0,4657.0,4510.0,4711.0,1297437.0,5942065100.0,328.0
2022-01-04,4445.0,4569.0,4425.0,4461.0,4425.0,4657.0,2919054.0,12976605936.0,442.0
2022-01-05,4281.0,4540.0,4281.0,4432.0,4362.0,4461.0,1454928.0,6400296714.0,309.0
2022-01-08,4530.0,4530.0,4244.0,4390.0,4299.0,4432.0,992078.0,4254989053.0,266.0
2022-01-09,4485.0,4485.0,4171.0,4239.0,4199.0,4390.0,2547131.0,10671141829.0,326.0
2022-01-10,4045.0,4440.0,4028.0,4237.0,4278.0,4239.0,1442189.0,6105178272.0,326.0
2022-01-11,4390.0,4390.0,4159.0,4237.0,4200.0,4237.0,784813.0,3325645663.0,204.0
2022-01-12,4100.0,4290.0,4100.0,4188.0,4101.0,4237.0,1824060.0,7561883344.0,273.0
2022-01-15,4064.0,4200.0,4064.0,4173.0,4097.0,4188.0,793317.0,3270031323.0,206.0
2022-01-16,4040.0,4158.0,4040.0,4152.0,4150.0,4173.0,930424.0,3805892687.0,225.0
2022-01-17,4050.0,4260.0,4030.0,4144.0,4051.0,4152.0,1051746.0,4338031842.0,190.0
2022-01-18,4000.0,4058.0,3937.0,4112.0,3990.0,4144.0,604102.0,2390351070.0,184.0
2022-01-19,3911.0,4060.0,3910.0,4065.0,4040.0,4112.0,1129387.0,4474999985.0,200.0
2022-01-22,4000.0,4260.0,3974.0,4095.0,4070.0,4065.0,1609455.0,6651592597.0,277.0
2022-01-23,4045.0,4101.0,3900.0,4080.0,3949.0,4095.0,589662.0,2358167812.0,130.0
2022-01-24,3901.0,3994.0,3876.0,4040.0,3876.0,4080.0,781184.0,3038806039.0,176.0
2022-01-25,3838.0,3922.0,3838.0,3968.0,3920.0,4040.0,1324247.0,5082974838.0,108.0
2022-01-26,3776.0,4098.0,3776.0,3955.0,4060.0,3968.0,1704612.0,6717760654.0,209.0
2022-01-29,4010.0,4090.0,4000.0,3989.0,4070.0,3955.0,1159523.0,4713213242.0,211.0
2022-01-30,4091.0,4091.0,3858.0,3992.0,3999.0,3989.0,1140094.0,4560534614.0,229.0
2022-01-31,3860.0,4000.0,3825.0,3901.0,3937.0,3992.0,3971717.0,15495189296.0,327.0
2022-02-01,3970.0,3970.0,3851.0,3904.0,3910.0,3901.0,1387884.0,5423807529.0,159.0
2022-02-02,3854.0,3952.0,3762.0,3900.0,3929.0,3904.0,695851.0,2700955064.0,137.0
2022-02-05,3920.0,3965.0,3762.0,3902.0,3890.0,3900.0,657601.0,2570471537.0,133.0
2022-02-06,3777.0,3827.0,3707.0,3859.0,3707.0,3902.0,996357.0,3723196643.0,195.0
2022-02-07,3669.0,3820.0,3667.0,3815.0,3670.0,3859.0,925296.0,3400549276.0,176.0
2022-02-08,3790.0,3790.0,3632.0,3784.0,3698.0,3815.0,811378.0,2975842551.0,188.0
2022-02-09,3610.0,3850.0,3610.0,3775.0,3754.0,3784.0,1138366.0,4274772201.0,277.0
2022-02-12,3895.0,3895.0,3650.0,3763.0,3772.0,3775.0,792939.0,2947607623.0,136.0
2022-02-13,3650.0,3788.0,3650.0,3760.0,3713.0,3763.0,279789.0,1039741708.0,69.0
2022-02-14,3771.0,3771.0,3635.0,3753.0,3664.0,3760.0,299964.0,1100380689.0,80.0
2022-02-16,3611.0,3720.0,3611.0,3742.0,3644.0,3753.0,451439.0,1651637531.0,132.0
2022-02-19,3633.0,3733.0,3587.0,3724.0,3610.0,3742.0,588333.0,2129272855.0,153.0
2022-02-20,3590.0,3750.0,3590.0,3713.0,3617.0,3724.0,663728.0,2428373970.0,152.0
2022-02-21,3600.0,3720.0,3600.0,3707.0,3650.0,3713.0,446385.0,1633634836.0,151.0
2022-02-22,3610.0,3660.0,3600.0,3696.0,3626.0,3707.0,591691.0,2150355146.0,114.0
2022-02-23,3690.0,3700.0,3650.0,3693.0,3650.0,3696.0,463074.0,1697834550.0,132.0
2022-02-26,3719.0,3719.0,3600.0,3687.0,3617.0,3693.0,536354.0,1956039594.0,105.0
2022-02-27,3604.0,3687.0,3514.0,3653.0,3600.0,3687.0,1101813.0,3925850956.0,211.0
2022-02-28,3675.0,3675.0,3567.0,3643.0,3590.0,3653.0,683057.0,2455580055.0,165.0
2022-03-02,3649.0,3659.0,3550.0,3629.0,3550.0,3643.0,1272048.0,4577310100.0,192.0
2022-03-05,3607.0,3630.0,3550.0,3622.0,3558.0,3629.0,656283.0,2351385562.0,146.0
2022-03-06,3515.0,3750.0,3515.0,3691.0,3720.0,3622.0,6329247.0,23358863354.0,534.0
2022-03-07,3750.0,3875.0,3732.0,3854.0,3875.0,3691.0,5991847.0,23094826752.0,565.0
2022-03-08,3980.0,3980.0,3764.0,3882.0,3921.0,3854.0,2845348.0,11080710562.0,533.0
2022-03-09,4038.0,4038.0,3882.0,3892.0,3900.0,3882.0,1685726.0,6585851177.0,291.0
2022-03-12,3811.0,3949.0,3753.0,3864.0,3920.0,3892.0,2190266.0,8417933923.0,323.0
2022-03-13,3815.0,4057.0,3811.0,4052.0,4057.0,3864.0,5159494.0,20905386535.0,377.0
2022-03-14,4076.0,4240.0,4076.0,4131.0,4144.0,4052.0,2865286.0,11915685802.0,398.0
2022-03-15,4124.0,4204.0,4060.0,4126.0,4100.0,4131.0,975708.0,4010997051.0,186.0
2022-03-16,4069.0,4332.0,4069.0,4258.0,4332.0,4126.0,2970922.0,12765984626.0,303.0
2022-03-19,4380.0,4470.0,4308.0,4361.0,4470.0,4258.0,1959205.0,8704439199.0,327.0
2022-03-26,4577.0,4577.0,4250.0,4364.0,4300.0,4361.0,702025.0,3070743824.0,195.0
2022-03-27,4150.0,4365.0,4146.0,4175.0,4199.0,4364.0,5316216.0,22194634928.0,547.0
2022-03-28,4234.0,4272.0,4060.0,4184.0,4220.0,4175.0,2179744.0,9130715525.0,315.0
2022-03-29,4158.0,4299.0,4030.0,4147.0,4110.0,4184.0,1986590.0,8185678473.0,304.0
2022-03-30,4213.0,4213.0,4011.0,4099.0,4081.0,4147.0,2471133.0,10082496227.0,286.0
2022-04-03,4071.0,4295.0,4071.0,4163.0,4249.0,4099.0,1854480.0,7834097268.0,316.0
2022-04-04,4344.0,4344.0,4152.0,4197.0,4206.0,4163.0,1875318.0,7929603195.0,270.0
2022-04-05,4071.0,4279.0,4071.0,4203.0,4220.0,4197.0,2514751.0,10577757941.0,249.0
2022-04-06,4170.0,4408.0,4170.0,4275.0,4270.0,4203.0,2121016.0,9177836121.0,300.0
2022-04-09,4400.0,4400.0,4207.0,4296.0,4349.0,4275.0,1170561.0,5078177754.0,174.0
2022-04-10,4420.0,4436.0,4250.0,4347.0,4433.0,4296.0,3064011.0,13340875129.0,335.0
2022-04-11,4480.0,4480.0,4348.0,4359.0,4370.0,4347.0,681203.0,3004906571.0,182.0
2022-04-12,4290.0,4290.0,4142.0,4200.0,4142.0,4359.0,2742960.0,11398079541.0,276.0
2022-04-13,4001.0,4270.0,4001.0,4157.0,4102.0,4200.0,1422950.0,5826644868.0,199.0
2022-04-16,4200.0,4270.0,4070.0,4164.0,4238.0,4157.0,2110006.0,8795068466.0,300.0
2022-04-17,4090.0,4258.0,4090.0,4180.0,4200.0,4164.0,2314973.0,9696003553.0,318.0
2022-04-18,4240.0,4310.0,4190.0,4196.0,4230.0,4180.0,909474.0,3860793703.0,244.0
2022-04-19,4260.0,4405.0,4196.0,4297.0,4405.0,4196.0,2583145.0,11203480200.0,357.0
2022-04-20,4511.0,4511.0,4511.0,4416.0,4511.0,4297.0,2014141.0,9085790051.0,96.0
2022-04-24,4636.0,4636.0,4636.0,4483.0,4636.0,4416.0,1036708.0,4806178288.0,93.0
2022-04-25,4707.0,4707.0,4707.0,4501.0,4707.0,4483.0,273145.0,1285693515.0,63.0
2022-04-26,4726.0,4726.0,4726.0,4530.0,4726.0,4501.0,441618.0,2087086668.0,63.0
2022-04-27,4756.0,4756.0,4756.0,4615.0,4756.0,4530.0,1273963.0,6058968028.0,82.0
2022-04-30,4845.0,4845.0,4845.0,4681.0,4845.0,4615.0,926080.0,4486857600.0,72.0
2022-05-01,4915.0,4915.0,4915.0,4744.0,4915.0,4681.0,875400.0,4302591000.0,76.0
2022-05-02,4981.0,4981.0,4981.0,4815.0,4981.0,4744.0,977746.0,4870152826.0,43.0
2022-05-07,5055.0,5055.0,5055.0,4892.0,5055.0,4815.0,1003821.0,5074315155.0,83.0
2022-05-08,5136.0,5136.0,5136.0,4994.0,5136.0,4892.0,1296043.0,6656476848.0,74.0
2022-05-09,5243.0,5243.0,5243.0,5200.0,5243.0,4994.0,2574188.0,13496467684.0,143.0
2022-05-10,5460.0,5460.0,5460.0,5287.0,5460.0,5200.0,1048402.0,5724274920.0,85.0
2022-05-11,5551.0,5551.0,5551.0,5479.0,5551.0,5287.0,2267097.0,12584655447.0,103.0
2022-05-14,5750.0,5750.0,5750.0,5530.0,5750.0,5479.0,545139.0,3134549250.0,79.0
2022-05-15,5800.0,5800.0,5260.0,5520.0,5490.0,5530.0,27636042.0,152474921160.0,1810.0
2022-05-16,5380.0,5590.0,5250.0,5370.0,5380.0,5520.0,13156833.0,70710472820.0,1041.0
2022-05-17,5510.0,5630.0,5260.0,5570.0,5630.0,5370.0,8296016.0,46228870190.0,555.0
2022-05-18,5810.0,5810.0,5580.0,5670.0,5600.0,5570.0,6633982.0,37626283970.0,949.0
2022-05-21,5510.0,5950.0,5390.0,5720.0,5950.0,5670.0,38662258.0,221277974750.0,1603.0
2022-05-22,6000.0,6000.0,5800.0,5940.0,5860.0,5720.0,15564392.0,92416837170.0,1484.0
2022-05-23,5940.0,6090.0,5650.0,5810.0,5830.0,5940.0,9841161.0,57151000190.0,1064.0
2022-05-24,5700.0,5790.0,5520.0,5550.0,5520.0,5810.0,6067013.0,33675403040.0,690.0
2022-05-25,5400.0,5620.0,5340.0,5410.0,5380.0,5550.0,4420785.0,23901540030.0,597.0
2022-05-28,5310.0,5520.0,5140.0,5190.0,5150.0,5410.0,3590015.0,18615662920.0,550.0
2022-05-29,4980.0,5190.0,4940.0,4980.0,5020.0,5190.0,3354135.0,16704857270.0,349.0
2022-05-30,5060.0,5220.0,4820.0,5190.0,5220.0,4980.0,9821773.0,50984286690.0,755.0
2022-05-31,5380.0,5440.0,5240.0,5420.0,5440.0,5190.0,9129572.0,49509881020.0,842.0
2022-06-01,5620.0,5620.0,5150.0,5190.0,5150.0,5420.0,4803455.0,24948820510.0,748.0
2022-06-06,4940.0,5080.0,4940.0,4940.0,4940.0,5190.0,5960285.0,29452168200.0,263.0
2022-06-07,4700.0,4700.0,4700.0,4700.0,4700.0,4940.0,7086891.0,33308387700.0,176.0
2022-06-08,4470.0,4470.0,4470.0,4470.0,4470.0,4700.0,8552023.0,38227542810.0,303.0
2022-06-11,4247.0,4690.0,4247.0,4279.0,4303.0,4470.0,191405139.0,819067627397.0,7553.0
2022-06-12,4310.0,4378.0,4141.0,4253.0,4150.0,4279.0,48769822.0,207402917038.0,4228.0
2022-06-13,4160.0,4378.0,4160.0,4251.0,4243.0,4253.0,51457391.0,218761241716.0,3903.0
2022-06-14,4260.0,4380.0,4162.0,4292.0,4200.0,4251.0,29376773.0,126082421397.0,2775.0
2022-06-15,4189.0,4299.0,4079.0,4141.0,4121.0,4292.0,21325438.0,88306495316.0,1943.0
2022-06-18,4091.0,4185.0,4000.0,4060.0,4011.0,4141.0,18656598.0,75741311283.0,2035.0
2022-06-19,4086.0,4086.0,3893.0,3981.0,4000.0,4060.0,19256549.0,76658335795.0,1977.0
2022-06-20,4050.0,4135.0,3950.0,4063.0,4030.0,3981.0,13638226.0,55417607252.0,1475.0
2022-06-21,4080.0,4080.0,3860.0,3910.0,3914.0,4063.0,17125573.0,66963489705.0,1551.0
2022-06-22,3943.0,4054.0,3915.0,3983.0,3969.0,3910.0,15289546.0,60902926260.0,1353.0
2022-06-25,4000.0,4030.0,3798.0,3911.0,3849.0,3983.0,23078101.0,90261032024.0,1905.0
2022-06-29,3812.0,3829.0,3676.0,3756.0,3797.0,3811.0,4106380.0,15423891290.0,490.0
2022-07-02,3720.0,3840.0,3569.0,3597.0,3590.0,3756.0,19670603.0,70750390291.0,1382.0
2022-07-03,3639.0,3776.0,3523.0,3736.0,3776.0,3597.0,10579399.0,39525149582.0,925.0
2022-07-04,3922.0,3922.0,3773.0,3914.0,3860.0,3736.0,70313429.0,275233929470.0,2631.0
2022-07-05,3897.0,3939.0,3719.0,3775.0,3740.0,3914.0,29240615.0,110397267208.0,2134.0
2022-07-06,3788.0,3788.0,3587.0,3637.0,3628.0,3775.0,11244695.0,40896969924.0,1084.0
2022-07-09,3668.0,3750.0,3554.0,3648.0,3610.0,3637.0,8208900.0,29945338658.0,1015.0
2022-07-11,3647.0,3690.0,3466.0,3504.0,3498.0,3648.0,15168155.0,53151567761.0,1237.0
2022-07-12,3553.0,3558.0,3400.0,3435.0,3469.0,3504.0,8488556.0,29161435815.0,789.0
2022-07-13,3450.0,3570.0,3445.0,3497.0,3460.0,3435.0,5912600.0,20674513159.0,662.0
2022-07-16,3434.0,3530.0,3323.0,3372.0,3330.0,3497.0,12151931.0,40977789816.0,966.0
2022-07-17,3280.0,3378.0,3204.0,3212.0,3214.0,3372.0,26712008.0,85811898796.0,1437.0
2022-07-19,3228.0,3372.0,3200.0,3333.0,3372.0,3212.0,10211631.0,34031434441.0,559.0
2022-07-20,3499.0,3499.0,3405.0,3494.0,3499.0,3333.0,37241016.0,130116515634.0,1785.0
2022-07-23,3460.0,3479.0,3320.0,3340.0,3330.0,3494.0,26297746.0,87833680295.0,1644.0
2022-07-24,3335.0,3340.0,3200.0,3249.0,3211.0,3340.0,9185387.0,29840656360.0,693.0
2022-07-25,3189.0,3189.0,3087.0,3109.0,3089.0,3249.0,10271182.0,31930035227.0,827.0
2022-07-26,3032.0,3224.0,3032.0,3148.0,3130.0,3109.0,4426894.0,13934289976.0,484.0
2022-07-27,3129.0,3278.0,3090.0,3210.0,3216.0,3148.0,5549108.0,17812537913.0,602.0
2022-07-30,3279.0,3279.0,3103.0,3185.0,3104.0,3210.0,3960778.0,12598873746.0,480.0
2022-07-31,3081.0,3183.0,3026.0,3044.0,3070.0,3185.0,6717231.0,20449268564.0,589.0
2022-08-01,3101.0,3180.0,3050.0,3119.0,3140.0,3044.0,5911892.0,18439873863.0,604.0
2022-08-02,3120.0,3250.0,3083.0,3118.0,3120.0,3119.0,5562224.0,17342591771.0,442.0
2022-08-03,3091.0,3240.0,3091.0,3178.0,3191.0,3118.0,5200661.0,16528002421.0,516.0
2022-08-06,3250.0,3336.0,3231.0,3311.0,3316.0,3178.0,10444808.0,34578332675.0,774.0
2022-08-09,3350.0,3350.0,3200.0,3285.0,3230.0,3311.0,7347845.0,24138096004.0,491.0
2022-08-10,3240.0,3350.0,3230.0,3293.0,3292.0,3285.0,3225019.0,10630681342.0,374.0
2022-08-13,3290.0,3457.0,3270.0,3426.0,3457.0,3293.0,8370626.0,28678047995.0,729.0
2022-08-14,3353.0,3500.0,3281.0,3341.0,3310.0,3426.0,4695255.0,15687424912.0,590.0
2022-08-15,3286.0,3385.0,3286.0,3339.0,3350.0,3341.0,5144679.0,17179166953.0,454.0
2022-08-16,3420.0,3420.0,3272.0,3320.0,3320.0,3339.0,5992645.0,19898493595.0,471.0
2022-08-17,3272.0,3373.0,3211.0,3279.0,3270.0,3320.0,5444356.0,17851176177.0,435.0
2022-08-20,3216.0,3320.0,3200.0,3241.0,3250.0,3279.0,7604545.0,24645480635.0,482.0
2022-08-21,3241.0,3290.0,3171.0,3216.0,3210.0,3241.0,4257604.0,13685322620.0,328.0
2022-08-22,3217.0,3280.0,3141.0,3203.0,3179.0,3216.0,4154083.0,13302231033.0,434.0
2022-08-23,3155.0,3363.0,3151.0,3320.0,3363.0,3203.0,12241208.0,40643104894.0,547.0
2022-08-24,3405.0,3469.0,3319.0,3392.0,3405.0,3320.0,11131821.0,37761146634.0,754.0
2022-08-27,3442.0,3500.0,3382.0,3422.0,3388.0,3392.0,6242227.0,21363792038.0,555.0
2022-08-28,3399.0,3399.0,3282.0,3322.0,3313.0,3422.0,6545393.0,21740962337.0,391.0
2022-08-29,3300.0,3420.0,3286.0,3359.0,3329.0,3322.0,7295132.0,24502048935.0,620.0
2022-08-30,3379.0,3460.0,3290.0,3391.0,3413.0,3359.0,11670628.0,39580233383.0,750.0
2022-08-31,3463.0,3560.0,3463.0,3555.0,3547.0,3391.0,68134757.0,242208109313.0,1949.0
2022-09-03,3550.0,3550.0,3378.0,3398.0,3390.0,3555.0,22012042.0,74802335493.0,1372.0
2022-09-04,3430.0,3565.0,3400.0,3517.0,3500.0,3398.0,21211067.0,74593783052.0,1293.0
2022-09-05,3486.0,3596.0,3486.0,3549.0,3520.0,3517.0,12151758.0,43121074864.0,823.0
2022-09-06,3520.0,3520.0,3376.0,3437.0,3382.0,3549.0,7919917.0,27218411070.0,614.0
2022-09-07,3370.0,3540.0,3362.0,3437.0,3386.0,3437.0,4077961.0,14016979243.0,472.0
2022-09-10,3498.0,3499.0,3270.0,3328.0,3277.0,3437.0,4395285.0,14626292758.0,535.0
2022-09-11,3275.0,3390.0,3275.0,3322.0,3300.0,3328.0,5287084.0,17563040695.0,541.0
2022-09-12,3281.0,3380.0,3281.0,3316.0,3333.0,3322.0,5063308.0,16790304566.0,371.0
2022-09-13,3340.0,3380.0,3286.0,3327.0,3333.0,3316.0,5911914.0,19669515372.0,418.0
2022-09-14,3320.0,3477.0,3320.0,3406.0,3360.0,3327.0,7980205.0,27180420540.0,655.0
2022-09-18,3267.0,3367.0,3267.0,3312.0,3273.0,3406.0,3927183.0,12963478217.0,375.0
2022-09-19,3277.0,3338.0,3200.0,3271.0,3270.0,3312.0,7379722.0,24140575445.0,459.0
2022-09-20,3270.0,3297.0,3161.0,3229.0,3200.0,3271.0,4551882.0,14698303867.0,400.0
2022-09-21,3156.0,3260.0,3156.0,3204.0,3186.0,3229.0,3292102.0,10521392267.0,266.0
2022-09-24,3141.0,3186.0,3044.0,3054.0,3044.0,3204.0,8535264.0,26069426519.0,571.0
2022-09-26,2933.0,3160.0,2933.0,3107.0,3130.0,3054.0,3983599.0,12413315904.0,350.0
2022-09-28,3238.0,3238.0,3136.0,3176.0,3140.0,3107.0,5502164.0,17476086473.0,359.0
2022-10-01,3071.0,3194.0,3018.0,3073.0,3018.0,3176.0,4230901.0,12952171920.0,357.0
2022-10-02,3018.0,3024.0,2960.0,3012.0,2999.0,3073.0,3949460.0,11847094794.0,317.0
2022-10-03,2951.0,3041.0,2901.0,2948.0,2926.0,3012.0,4818186.0,14204510772.0,377.0
2022-10-04,2970.0,2973.0,2921.0,2945.0,2935.0,2948.0,1955667.0,5750769081.0,278.0
2022-10-08,3049.0,3049.0,2925.0,2958.0,2925.0,2945.0,2785517.0,8269004683.0,298.0
2022-10-09,2964.0,2964.0,2847.0,2883.0,2880.0,2958.0,4286862.0,12300207238.0,366.0
2022-10-10,2882.0,2916.0,2873.0,2884.0,2898.0,2883.0,3422593.0,9872697231.0,319.0
2022-10-11,2900.0,2955.0,2900.0,2919.0,2949.0,2884.0,4248270.0,12428806859.0,429.0
2022-10-12,2935.0,2977.0,2930.0,2929.0,2943.0,2919.0,2218213.0,6526198252.0,229.0
2022-10-15,2980.0,2980.0,2890.0,2920.0,2903.0,2929.0,2869622.0,8359414992.0,271.0
2022-10-16,2882.0,2895.0,2800.0,2878.0,2821.0,2920.0,3070219.0,8750311931.0,320.0
2022-10-17,2833.0,2878.0,2787.0,2838.0,2824.0,2878.0,3273262.0,9217022857.0,331.0
2022-10-18,2850.0,2879.0,2800.0,2835.0,2858.0,2838.0,3557387.0,10079413422.0,308.0
2022-10-19,2810.0,2877.0,2801.0,2827.0,2820.0,2835.0,2681782.0,7560437339.0,256.0
2022-10-22,2820.0,2879.0,2742.0,2812.0,2745.0,2827.0,3172028.0,8887574547.0,278.0
2022-10-23,2722.0,2782.0,2672.0,2692.0,2677.0,2812.0,17100404.0,46038581717.0,858.0
2022-10-24,2672.0,2672.0,2558.0,2570.0,2595.0,2692.0,14101900.0,36235767821.0,760.0
2022-10-25,2599.0,2679.0,2500.0,2550.0,2500.0,2570.0,5649522.0,14405683167.0,489.0
2022-10-26,2500.0,2535.0,2423.0,2444.0,2424.0,2550.0,6039034.0,14757384346.0,405.0
2022-10-29,2473.0,2475.0,2322.0,2356.0,2323.0,2444.0,12310266.0,28997738537.0,388.0
2022-10-30,2330.0,2363.0,2260.0,2324.0,2362.0,2356.0,8600365.0,19991091805.0,337.0
2022-10-31,2342.0,2440.0,2342.0,2432.0,2440.0,2324.0,16622850.0,40422895346.0,642.0
2022-11-01,2475.0,2510.0,2431.0,2462.0,2450.0,2432.0,6883795.0,16946309699.0,387.0
2022-11-02,2420.0,2540.0,2420.0,2477.0,2500.0,2462.0,4027653.0,10010515444.0,315.0
2022-11-05,2509.0,2600.0,2487.0,2597.0,2600.0,2477.0,24239384.0,62942944179.0,419.0
2022-11-06,2726.0,2726.0,2633.0,2699.0,2706.0,2597.0,11234243.0,30323308719.0,626.0
2022-11-07,2720.0,2833.0,2650.0,2802.0,2833.0,2699.0,15842278.0,44395805063.0,676.0
2022-11-08,2848.0,2895.0,2662.0,2708.0,2663.0,2802.0,20510043.0,55546361326.0,1064.0
2022-11-09,2633.0,2740.0,2628.0,2691.0,2710.0,2708.0,10977832.0,29536413005.0,527.0
2022-11-12,2778.0,2780.0,2720.0,2739.0,2729.0,2691.0,12630127.0,34597303896.0,576.0
2022-11-13,2728.0,2739.0,2652.0,2714.0,2694.0,2739.0,4070338.0,11009148431.0,252.0
2022-11-14,2655.0,2739.0,2655.0,2681.0,2672.0,2714.0,6444260.0,17279408694.0,274.0
2022-11-15,2629.0,2749.0,2629.0,2687.0,2709.0,2681.0,2645961.0,7124572187.0,182.0
2022-11-16,2700.0,2766.0,2665.0,2696.0,2700.0,2687.0,4112301.0,11099773870.0,222.0
2022-11-19,2700.0,2760.0,2605.0,2660.0,2656.0,2696.0,4434847.0,11756864540.0,264.0
2022-11-20,2689.0,2730.0,2656.0,2705.0,2710.0,2660.0,4806129.0,13034256042.0,273.0
2022-11-21,2710.0,2809.0,2700.0,2746.0,2765.0,2705.0,4898236.0,13479265141.0,335.0
2022-11-22,2746.0,2847.0,2720.0,2818.0,2844.0,2746.0,5730179.0,16146911803.0,362.0
2022-11-23,2840.0,2939.0,2750.0,2880.0,2920.0,2818.0,7603871.0,21901142608.0,591.0
2022-11-26,2823.0,2977.0,2823.0,2912.0,2873.0,2880.0,4879098.0,14220386836.0,399.0
2022-11-27,2900.0,2909.0,2821.0,2856.0,2888.0,2912.0,5471575.0,15629511379.0,335.0
2022-11-28,2898.0,2960.0,2816.0,2885.0,2918.0,2856.0,7208067.0,20794542691.0,471.0
2022-11-29,2953.0,3029.0,2886.0,2998.0,3023.0,2885.0,16836306.0,50476482680.0,836.0
2022-11-30,3029.0,3118.0,2907.0,2988.0,2972.0,2998.0,6697182.0,20008857179.0,520.0
2022-12-03,2900.0,3000.0,2900.0,2946.0,2900.0,2988.0,5897609.0,17373271957.0,399.0
2022-12-04,2877.0,2950.0,2874.0,2904.0,2918.0,2946.0,6085025.0,17670639300.0,292.0
2022-12-05,2890.0,3000.0,2866.0,2917.0,2949.0,2904.0,3760255.0,10983803468.0,292.0
2022-12-06,2974.0,2974.0,2880.0,2909.0,2895.0,2917.0,5735358.0,16683606592.0,314.0
2022-12-07,2890.0,2940.0,2820.0,2877.0,2878.0,2909.0,5064421.0,14569257349.0,369.0
2022-12-10,2906.0,2906.0,2734.0,2761.0,2747.0,2877.0,11319737.0,31249270800.0,594.0
2022-12-11,2821.0,2821.0,2736.0,2765.0,2778.0,2761.0,3616612.0,10003989325.0,287.0
2022-12-12,2750.0,2874.0,2734.0,2819.0,2870.0,2765.0,6261592.0,17654107063.0,277.0
2022-12-13,2897.0,2959.0,2850.0,2952.0,2959.0,2819.0,12849620.0,37928258321.0,652.0
2022-12-14,2935.0,3046.0,2935.0,2995.0,3029.0,2952.0,8090114.0,24226482901.0,468.0
2022-12-17,3040.0,3144.0,2962.0,3094.0,3144.0,2995.0,11659901.0,36080644248.0,634.0
2022-12-18,3152.0,3248.0,3152.0,3219.0,3213.0,3094.0,12928537.0,41621073918.0,797.0
2022-12-19,3258.0,3258.0,3059.0,3112.0,3118.0,3219.0,16889457.0,52558194572.0,876.0
2022-12-20,3100.0,3140.0,3000.0,3048.0,3047.0,3112.0,8309199.0,25325149942.0,517.0
2022-12-21,3031.0,3191.0,3031.0,3144.0,3190.0,3048.0,11450227.0,35994228969.0,803.0
2022-12-24,3268.0,3301.0,3180.0,3266.0,3282.0,3144.0,9453488.0,30875468640.0,575.0
2022-12-25,3300.0,3348.0,3170.0,3273.0,3266.0,3266.0,19110770.0,62553627402.0,1221.0
2022-12-26,3329.0,3422.0,3206.0,3365.0,3379.0,3273.0,24856273.0,83640682028.0,1448.0
2022-12-28,3420.0,3496.0,3380.0,3454.0,3447.0,3365.0,16474604.0,56902143354.0,940.0
2022-12-31,3340.0,3340.0,3282.0,3283.0,3282.0,3454.0,18079968.0,59355378932.0,714.0
2023-01-01,3155.0,3340.0,3119.0,3138.0,3129.0,3283.0,16147816.0,50679100086.0,1071.0
2023-01-02,3130.0,3220.0,3130.0,3179.0,3189.0,3138.0,9400686.0,29886888298.0,578.0
2023-01-03,3194.0,3337.0,3111.0,3248.0,3337.0,3179.0,68201041.0,221502161550.0,1359.0
2023-01-04,3410.0,3410.0,3311.0,3394.0,3362.0,3248.0,63397624.0,215141264223.0,2068.0
2023-01-07,3360.0,3444.0,3300.0,3375.0,3390.0,3394.0,25235924.0,85160063846.0,1555.0
2023-01-08,3420.0,3503.0,3410.0,3461.0,3492.0,3375.0,24470602.0,84689248932.0,1138.0
2023-01-09,3472.0,3562.0,3421.0,3494.0,3530.0,3461.0,19097388.0,66723739880.0,1041.0
2023-01-10,3494.0,3668.0,3494.0,3643.0,3668.0,3494.0,46549861.0,169589759601.0,1682.0
2023-01-11,3671.0,3825.0,3671.0,3807.0,3825.0,3643.0,54381124.0,207030433588.0,1411.0
2023-01-14,3807.0,3997.0,3680.0,3942.0,3997.0,3807.0,29473800.0,116196410117.0,1010.0
2023-01-16,4074.0,4139.0,4012.0,4137.0,4139.0,3942.0,45429519.0,187948269364.0,1132.0
2023-01-17,4250.0,4250.0,4000.0,4085.0,4051.0,4137.0,36937642.0,150895083048.0,1949.0
2023-01-18,4040.0,4140.0,3960.0,4073.0,4100.0,4085.0,13917876.0,56693497231.0,1033.0
2023-01-21,4130.0,4241.0,3911.0,4068.0,3963.0,4073.0,15787694.0,64222031706.0,1107.0
2023-01-22,3931.0,4230.0,3900.0,4076.0,4210.0,4068.0,20510559.0,83595379052.0,1082.0
2023-01-23,4160.0,4279.0,4155.0,4269.0,4279.0,4076.0,30949589.0,132129434447.0,1356.0
2023-01-24,4380.0,4482.0,4288.0,4454.0,4482.0,4269.0,23298397.0,103772167970.0,1163.0
2023-01-25,4549.0,4549.0,4232.0,4282.0,4232.0,4454.0,23604140.0,101068684962.0,998.0
2023-01-28,4098.0,4200.0,4068.0,4075.0,4068.0,4282.0,22028478.0,89773405569.0,1094.0
2023-01-29,4056.0,4056.0,3872.0,3875.0,3872.0,4075.0,13003947.0,50392566269.0,435.0
2023-01-30,3700.0,3875.0,3682.0,3703.0,3750.0,3875.0,37981594.0,140632629528.0,1056.0
2023-01-31,3700.0,3830.0,3700.0,3744.0,3790.0,3703.0,14608704.0,54688817293.0,613.0
2023-02-01,3790.0,3790.0,3651.0,3678.0,3675.0,3744.0,4209604.0,15484838327.0,374.0
2023-02-05,3675.0,3763.0,3510.0,3641.0,3680.0,3678.0,7068559.0,25733841100.0,484.0
2023-02-06,3600.0,3763.0,3600.0,3698.0,3690.0,3641.0,7504758.0,27752463327.0,459.0
2023-02-07,3615.0,3882.0,3615.0,3820.0,3851.0,3698.0,5548202.0,21196400471.0,375.0
2023-02-08,3851.0,3957.0,3730.0,3848.0,3840.0,3820.0,4009487.0,15430340501.0,406.0
2023-02-12,3720.0,3880.0,3676.0,3723.0,3701.0,3848.0,11870908.0,44199044467.0,425.0
2023-02-13,3660.0,3850.0,3660.0,3787.0,3770.0,3723.0,4317992.0,16353065080.0,306.0
2023-02-14,3712.0,3837.0,3712.0,3779.0,3755.0,3787.0,3739902.0,14129912697.0,269.0
2023-02-15,3659.0,3895.0,3659.0,3757.0,3870.0,3779.0,3614876.0,13573756424.0,416.0
2023-02-19,3898.0,3944.0,3770.0,3915.0,3944.0,3757.0,8546788.0,33464679661.0,403.0
2023-02-20,4110.0,4110.0,4110.0,4110.0,4110.0,3915.0,5362177.0,22038547470.0,116.0
2023-02-21,4315.0,4315.0,4315.0,4315.0,4315.0,4110.0,7625592.0,32904429480.0,171.0
2023-02-22,4359.0,4530.0,4310.0,4440.0,4530.0,4315.0,33697542.0,149631485952.0,1353.0
2023-02-25,4662.0,4662.0,4662.0,4662.0,4662.0,4440.0,3766467.0,17559269154.0,144.0
2023-02-26,4895.0,4895.0,4741.0,4863.0,4895.0,4662.0,40759249.0,198198793047.0,1261.0
2023-02-27,4870.0,5099.0,4684.0,4903.0,4910.0,4863.0,20384593.0,99940012903.0,1017.0
2023-02-28,4920.0,5148.0,4920.0,5108.0,5088.0,4903.0,27586921.0,140907722785.0,1169.0
2023-03-01,5110.0,5110.0,4853.0,4907.0,4853.0,5108.0,20375045.0,99977335657.0,982.0
2023-03-04,4689.0,4900.0,4689.0,4778.0,4796.0,4907.0,7161345.0,34214330189.0,536.0
2023-03-05,4716.0,4930.0,4680.0,4798.0,4700.0,4778.0,4212908.0,20211716257.0,329.0
2023-03-06,4800.0,4800.0,4565.0,4702.0,4770.0,4798.0,7356234.0,34590551376.0,407.0
2023-03-07,4773.0,4937.0,4750.0,4888.0,4937.0,4702.0,16445056.0,80384561250.0,575.0
2023-03-11,5000.0,5000.0,4706.0,4771.0,4729.0,4888.0,10177804.0,48554877635.0,719.0
2023-03-12,4700.0,4767.0,4562.0,4624.0,4750.0,4771.0,6683012.0,30900563043.0,502.0
2023-03-13,4750.0,4840.0,4480.0,4642.0,4580.0,4624.0,7331387.0,34030569146.0,490.0
2023-03-14,4642.0,4770.0,4570.0,4635.0,4747.0,4642.0,6393213.0,29633827557.0,662.0
2023-03-15,4790.0,4866.0,4632.0,4855.0,4866.0,4635.0,4746927.0,23048090956.0,208.0
2023-03-18,5097.0,5097.0,5097.0,5097.0,5097.0,4855.0,4407428.0,22464660516.0,181.0
2023-03-19,5212.0,5351.0,5180.0,5335.0,5338.0,5097.0,14618074.0,77980634778.0,810.0
2023-03-25,5500.0,5600.0,5230.0,5380.0,5250.0,5335.0,6640042.0,35698089390.0,603.0
2023-03-26,5280.0,5500.0,5120.0,5180.0,5120.0,5380.0,11979707.0,62069628730.0,864.0
2023-03-27,5010.0,5300.0,4980.0,5180.0,5110.0,5180.0,5866872.0,30378276930.0,529.0
2023-03-28,5340.0,5340.0,5060.0,5180.0,5260.0,5180.0,10444838.0,54078151790.0,679.0
2023-03-29,5300.0,5430.0,5130.0,5340.0,5400.0,5180.0,19667468.0,105119375810.0,794.0
2023-04-03,5410.0,5600.0,5080.0,5470.0,5600.0,5340.0,15301623.0,83746340330.0,750.0
2023-04-04,5700.0,5740.0,5600.0,5730.0,5740.0,5470.0,19903760.0,113985013790.0,985.0
2023-04-05,5890.0,6010.0,5890.0,6010.0,6010.0,5730.0,33563905.0,201652807110.0,1052.0
2023-04-08,6250.0,6310.0,6240.0,6310.0,6310.0,6010.0,34784529.0,219435627470.0,1093.0
2023-04-09,6390.0,6570.0,6110.0,6400.0,6350.0,6310.0,20915475.0,133891438990.0,1341.0
2023-04-10,6360.0,6540.0,6080.0,6180.0,6200.0,6400.0,28333863.0,175065273710.0,1383.0
2023-04-11,6180.0,6480.0,6020.0,6350.0,6460.0,6180.0,32903869.0,208876669380.0,2544.0
2023-04-15,6660.0,6660.0,6660.0,6660.0,6660.0,6350.0,14007976.0,93293120160.0,500.0
2023-04-16,6970.0,6990.0,6570.0,6800.0,6650.0,6660.0,33340734.0,226742121310.0,1911.0
2023-04-17,6800.0,7130.0,6550.0,6860.0,6680.0,6800.0,36258297.0,248776913070.0,3574.0
2023-04-18,6860.0,6970.0,6640.0,6790.0,6690.0,6860.0,36962841.0,251135539690.0,2717.0
2023-04-19,6680.0,6850.0,6500.0,6690.0,6670.0,6790.0,21176459.0,141639116950.0,1739.0
2023-04-24,6580.0,7020.0,6580.0,6860.0,7020.0,6690.0,23423993.0,160575094750.0,1968.0
2023-04-25,7200.0,7200.0,7020.0,7170.0,7110.0,6860.0,39831974.0,285608362360.0,1917.0
2023-04-26,7100.0,7380.0,7020.0,7210.0,7100.0,7170.0,23854401.0,172060912690.0,1636.0
2023-04-29,7250.0,7570.0,7250.0,7560.0,7570.0,7210.0,34717775.0,262626775830.0,1380.0
2023-04-30,7930.0,7930.0,7500.0,7780.0,7730.0,7560.0,19607394.0,152459735150.0,1394.0
2023-05-01,7970.0,7970.0,7400.0,7570.0,7510.0,7780.0,16007616.0,121186009160.0,1742.0
2023-05-02,7410.0,7940.0,7410.0,7820.0,7940.0,7570.0,38606461.0,301886592680.0,1865.0
2023-05-03,8130.0,8210.0,7940.0,8160.0,8100.0,7820.0,27922505.0,227871903170.0,1528.0
2023-05-06,8540.0,8560.0,8310.0,8530.0,8560.0,8160.0,46035671.0,392726287440.0,2630.0
2023-05-07,8870.0,8870.0,8110.0,8240.0,8110.0,8530.0,9378295.0,77233572040.0,637.0
2023-05-08,7830.0,7830.0,7830.0,7830.0,7830.0,8240.0,5811063.0,45500623290.0,226.0
2023-05-09,7440.0,8220.0,7440.0,7930.0,8220.0,7830.0,46833510.0,371280772590.0,1738.0
2023-05-10,8320.0,8320.0,7940.0,8300.0,8320.0,7930.0,93912173.0,779921348280.0,3368.0
2023-05-13,8590.0,8710.0,7950.0,8430.0,8500.0,8300.0,78579717.0,662210313220.0,5303.0
2023-05-14,8550.0,8710.0,8110.0,8380.0,8400.0,8430.0,45266736.0,379474061060.0,3541.0
2023-05-15,8500.0,8540.0,7970.0,8020.0,7970.0,8380.0,38140069.0,305885569060.0,3566.0
2023-05-17,8040.0,8420.0,8040.0,8340.0,8270.0,8020.0,39054618.0,325806217770.0,2297.0
2023-05-20,8400.0,8400.0,7930.0,7990.0,7930.0,8340.0,16511339.0,131912897140.0,1568.0
2023-05-21,7910.0,8170.0,7810.0,7970.0,7910.0,7990.0,11403960.0,90878595320.0,1197.0
2023-05-22,7990.0,8250.0,7950.0,8080.0,8170.0,7970.0,12669516.0,102428480900.0,1195.0
2023-05-23,8080.0,8360.0,7930.0,8170.0,8080.0,8080.0,10050994.0,82118447950.0,979.0
2023-05-24,8150.0,8490.0,8060.0,8300.0,8270.0,8170.0,16145920.0,134029461070.0,1619.0
2023-05-27,8370.0,8610.0,8040.0,8230.0,8100.0,8300.0,22429847.0,184560837860.0,3090.0
2023-05-28,8220.0,8220.0,7820.0,7850.0,7870.0,8230.0,14729629.0,115640792910.0,1080.0
2023-05-29,8180.0,8210.0,7920.0,8080.0,8050.0,7850.0,18173983.0,146794336430.0,1566.0
2023-05-30,8340.0,8340.0,8100.0,8230.0,8250.0,8080.0,9619978.0,79130578180.0,966.0
2023-05-31,8110.0,8320.0,7990.0,8070.0,8070.0,8230.0,15331574.0,123761884310.0,1332.0
2023-06-03,8020.0,8190.0,7750.0,7890.0,7860.0,8070.0,13627123.0,107514684090.0,1399.0
2023-06-11,7460.0,7460.0,7250.0,7360.0,7250.0,7590.0,9649368.0,71024603990.0,586.0
2023-06-12,7000.0,7000.0,7000.0,7000.0,7000.0,7360.0,6013730.0,42096110000.0,301.0
2023-06-13,6650.0,6980.0,6650.0,6720.0,6840.0,7000.0,21932707.0,147405263520.0,1451.0
2023-06-14,6990.0,7050.0,6730.0,7050.0,7050.0,6720.0,15238479.0,107386856260.0,612.0
2023-06-17,7100.0,7350.0,6900.0,7190.0,7110.0,7050.0,13750033.0,98831449700.0,733.0
2023-06-18,7000.0,7240.0,6840.0,6950.0,7210.0,7190.0,9041446.0,62860781460.0,648.0
2023-06-19,7000.0,7290.0,7000.0,7280.0,7290.0,6950.0,18217526.0,132559557760.0,849.0
2023-06-20,7320.0,7500.0,7100.0,7290.0,7340.0,7280.0,3669457.0,26764618300.0,421.0
2023-06-21,7350.0,7650.0,7180.0,7600.0,7650.0,7290.0,9661486.0,73442379860.0,717.0
2023-06-24,7720.0,7980.0,7480.0,7940.0,7980.0,7600.0,17082882.0,135618357300.0,1152.0
2023-06-25,8110.0,8220.0,7670.0,7870.0,7860.0,7940.0,8257126.0,64966748350.0,890.0
2023-06-26,7860.0,8060.0,7710.0,7910.0,7950.0,7870.0,5157358.0,40785562370.0,646.0
2023-06-27,7850.0,8150.0,7770.0,8010.0,7890.0,7910.0,3944596.0,31609535920.0,541.0
2023-06-28,7750.0,7900.0,7610.0,7680.0,7770.0,8010.0,8891614.0,68264359600.0,700.0
2023-07-01,7670.0,8000.0,7660.0,7840.0,7950.0,7680.0,8066025.0,63254171950.0,489.0
2023-07-02,8050.0,8230.0,7960.0,8190.0,8230.0,7840.0,23044298.0,188813746700.0,932.0
2023-07-03,8250.0,8590.0,8250.0,8570.0,8590.0,8190.0,26780118.0,229510162370.0,1457.0
2023-07-04,8650.0,8890.0,8350.0,8590.0,8670.0,8570.0,11045280.0,94827514790.0,1146.0
2023-07-05,8800.0,8800.0,8530.0,8680.0,8690.0,8590.0,6903192.0,59896909660.0,698.0
2023-07-08,8650.0,8650.0,8250.0,8430.0,8360.0,8680.0,8289876.0,69905743520.0,1099.0
2023-07-09,8270.0,8800.0,8230.0,8610.0,8550.0,8430.0,14676818.0,126320230910.0,1181.0
2023-07-10,8700.0,8700.0,8180.0,8240.0,8180.0,8610.0,28378824.0,233831846030.0,1725.0
2023-07-11,8380.0,8380.0,7830.0,7860.0,7830.0,8240.0,21376436.0,168041616760.0,1195.0
2023-07-12,7680.0,8030.0,7470.0,7560.0,7690.0,7860.0,7393688.0,55889151100.0,617.0
2023-07-15,7750.0,7930.0,7570.0,7880.0,7710.0,7560.0,24112497.0,190041217020.0,961.0
2023-07-16,7890.0,7890.0,7490.0,7500.0,7490.0,7880.0,17467100.0,130923035390.0,573.0
2023-07-17,7460.0,7460.0,7130.0,7140.0,7130.0,7500.0,11469547.0,81945403550.0,473.0
2023-07-18,7200.0,7490.0,7200.0,7390.0,7420.0,7140.0,12443816.0,91928510840.0,582.0
2023-07-19,7400.0,7750.0,7270.0,7550.0,7440.0,7390.0,9241449.0,69801595830.0,558.0
2023-07-22,7560.0,7610.0,7180.0,7250.0,7180.0,7550.0,16929671.0,122811715360.0,935.0
2023-07-23,7010.0,7340.0,6970.0,7190.0,7200.0,7250.0,9197830.0,66137541710.0,982.0
2023-07-24,7290.0,7420.0,7120.0,7260.0,7170.0,7190.0,7887397.0,57294877360.0,690.0
2023-07-25,7370.0,7370.0,6920.0,7100.0,7060.0,7260.0,10793215.0,76618592480.0,1031.0
2023-07-26,7110.0,7230.0,6900.0,7070.0,7140.0,7100.0,8645294.0,61124319540.0,1032.0
2023-07-29,7100.0,7250.0,6820.0,6940.0,6950.0,7070.0,4987767.0,34631447660.0,743.0
2023-07-30,6830.0,6990.0,6600.0,6630.0,6600.0,6940.0,15727339.0,104222856390.0,1350.0
2023-07-31,6420.0,6790.0,6420.0,6680.0,6770.0,6630.0,4682795.0,31288983630.0,357.0
2023-08-01,6750.0,7010.0,6750.0,6990.0,7010.0,6680.0,6887929.0,48177201790.0,241.0
2023-08-05,7250.0,7330.0,7060.0,7320.0,7330.0,6990.0,3928367.0,28747423540.0,209.0
2023-08-06,7600.0,7680.0,7340.0,7630.0,7560.0,7320.0,20076012.0,153087616570.0,1347.0
2023-08-07,7640.0,7910.0,7360.0,7540.0,7410.0,7630.0,7074110.0,53321314220.0,660.0
2023-08-08,7330.0,7530.0,7210.0,7310.0,7320.0,7540.0,5064382.0,37021477370.0,967.0
2023-08-09,7490.0,7660.0,7290.0,7490.0,7390.0,7310.0,3073677.0,23027129670.0,327.0
2023-08-12,7210.0,7290.0,7120.0,7130.0,7120.0,7490.0,9568402.0,68188321470.0,545.0
2023-08-13,7130.0,7380.0,6980.0,7210.0,7350.0,7130.0,2984945.0,21530835410.0,358.0
2023-08-14,7230.0,7420.0,7010.0,7230.0,7180.0,7210.0,2404102.0,17376865400.0,287.0
2023-08-15,7100.0,7230.0,6870.0,6910.0,7020.0,7230.0,8659092.0,59803299740.0,520.0
2023-08-16,7030.0,7120.0,6840.0,6930.0,6910.0,6910.0,1955170.0,13543087440.0,239.0
2023-08-19,6830.0,7090.0,6830.0,7000.0,7010.0,6930.0,4414533.0,30904592800.0,432.0
2023-08-20,7000.0,7240.0,6940.0,7070.0,7080.0,7000.0,2776249.0,19637663790.0,340.0
2023-08-21,7100.0,7220.0,6960.0,7030.0,6970.0,7070.0,4164600.0,29280832010.0,438.0
2023-08-22,6990.0,7020.0,6850.0,6950.0,6940.0,7030.0,3050954.0,21214301810.0,262.0
2023-08-23,6840.0,7200.0,6840.0,7040.0,7200.0,6950.0,2156843.0,15192256180.0,252.0
2023-08-26,7220.0,7390.0,7220.0,7390.0,7390.0,7040.0,5493763.0,40574698960.0,309.0
2023-08-27,7390.0,7740.0,7390.0,7600.0,7580.0,7390.0,5392768.0,40989614840.0,483.0
2023-08-28,7690.0,7700.0,7400.0,7580.0,7510.0,7600.0,4575146.0,34674595060.0,486.0
2023-08-29,7500.0,7700.0,7210.0,7360.0,7240.0,7580.0,3217368.0,23681618670.0,445.0
2023-08-30,7220.0,7500.0,7100.0,7320.0,7480.0,7360.0,3511154.0,25713126640.0,491.0
2023-09-02,7560.0,7560.0,7060.0,7320.0,7320.0,7320.0,2266854.0,16589901130.0,312.0
2023-09-03,7320.0,7380.0,7110.0,7270.0,7290.0,7320.0,3264965.0,23721130600.0,374.0
2023-09-04,7400.0,7400.0,7200.0,7270.0,7230.0,7270.0,4359252.0,31674135500.0,394.0
2023-09-05,7350.0,7500.0,7240.0,7340.0,7320.0,7270.0,4773238.0,35013291130.0,422.0
2023-09-09,7260.0,7360.0,6980.0,7060.0,7020.0,7340.0,4771220.0,33693923960.0,478.0
2023-09-10,7000.0,7260.0,6920.0,7060.0,6960.0,7060.0,3445137.0,24314609250.0,408.0
2023-09-11,6900.0,7230.0,6900.0,7070.0,7170.0,7060.0,3487506.0,24652269380.0,246.0
2023-09-12,7240.0,7360.0,7160.0,7230.0,7170.0,7070.0,3675753.0,26583260200.0,297.0
2023-09-13,7200.0,7300.0,7020.0,7150.0,7100.0,7230.0,3504307.0,25047486140.0,370.0
2023-09-17,7050.0,7490.0,7050.0,7390.0,7370.0,7150.0,6841965.0,50553354970.0,740.0
2023-09-18,7600.0,7600.0,7250.0,7380.0,7330.0,7390.0,2739963.0,20225021300.0,410.0
2023-09-19,7330.0,7360.0,7220.0,7290.0,7250.0,7380.0,1424105.0,10327766180.0,265.0
2023-09-20,7250.0,7500.0,7210.0,7400.0,7400.0,7290.0,3778679.0,27963287870.0,379.0
2023-09-23,7400.0,7510.0,7330.0,7400.0,7330.0,7400.0,2496260.0,18476362130.0,264.0
2023-09-25,7200.0,7350.0,6980.0,7100.0,7030.0,7400.0,3103399.0,22030341780.0,475.0
2023-09-26,7000.0,7140.0,6950.0,7040.0,7060.0,7100.0,5724828.0,40329694050.0,401.0
2023-09-27,7180.0,7180.0,6880.0,6990.0,6990.0,7040.0,2821434.0,19710247520.0,467.0
2023-09-30,7020.0,7190.0,7000.0,7060.0,7030.0,6990.0,2287437.0,16149947870.0,359.0
2023-10-01,7200.0,7200.0,6810.0,6920.0,6900.0,7060.0,4033475.0,27911549660.0,483.0
2023-10-02,7080.0,7080.0,6820.0,6890.0,6850.0,6920.0,5025493.0,34647572070.0,402.0
2023-10-04,6990.0,6990.0,6500.0,6750.0,6690.0,6890.0,8566288.0,57792234180.0,808.0
2023-10-07,6690.0,6830.0,6380.0,6530.0,6520.0,6750.0,6883536.0,44982188460.0,593.0
2023-10-08,6780.0,6780.0,6080.0,6100.0,6160.0,6530.0,12606663.0,76896203600.0,875.0
2023-10-09,6350.0,6400.0,6020.0,6230.0,6190.0,6100.0,5933737.0,36966206440.0,393.0
2023-10-10,6240.0,6360.0,6120.0,6250.0,6320.0,6230.0,2590898.0,16202218970.0,262.0
2023-10-11,6230.0,6440.0,6170.0,6270.0,6230.0,6250.0,1632038.0,10242284050.0,223.0
2023-10-14,6130.0,6150.0,5850.0,5940.0,5930.0,6270.0,5438222.0,32298350440.0,389.0
2023-10-15,5990.0,6110.0,5780.0,6000.0,5970.0,5940.0,3026785.0,18165624720.0,278.0
2023-10-16,6120.0,6300.0,5990.0,6060.0,6140.0,6000.0,2915684.0,17669319080.0,366.0
2023-10-17,6120.0,6290.0,6060.0,6130.0,6070.0,6060.0,2741159.0,16794350170.0,298.0
2023-10-18,6280.0,6280.0,6040.0,6110.0,6130.0,6130.0,3990145.0,24366414960.0,443.0
2023-10-21,6010.0,6180.0,6010.0,6110.0,6170.0,6110.0,2736425.0,16724683650.0,259.0
2023-10-22,6530.0,6530.0,6430.0,6530.0,6530.0,6110.0,14982729.0,97836736850.0,413.0
2023-10-23,6710.0,6770.0,6560.0,6660.0,6600.0,6530.0,17062343.0,113598090850.0,1122.0
2023-10-24,6700.0,6700.0,6200.0,6270.0,6270.0,6660.0,11678383.0,73260263100.0,777.0
2023-10-25,6290.0,6620.0,6120.0,6400.0,6590.0,6270.0,6482052.0,41471225690.0,427.0
2023-10-28,6350.0,6360.0,5990.0,6110.0,6080.0,6400.0,4510836.0,27546825870.0,403.0
2023-10-29,6290.0,6400.0,6100.0,6260.0,6370.0,6110.0,3422897.0,21414736240.0,374.0
2023-10-30,6160.0,6600.0,6160.0,6460.0,6470.0,6260.0,3319714.0,21458931920.0,301.0
2023-10-31,6490.0,6550.0,6210.0,6430.0,6320.0,6460.0,1578477.0,10127475040.0,258.0
2023-11-01,6230.0,6550.0,6110.0,6340.0,6430.0,6430.0,6874710.0,43619888640.0,679.0
2023-11-04,6650.0,6650.0,6390.0,6500.0,6490.0,6340.0,3903859.0,25385222360.0,326.0
2023-11-05,6400.0,6950.0,6400.0,6860.0,6810.0,6500.0,17065939.0,117123821200.0,1028.0
2023-11-06,6990.0,7260.0,6820.0,7100.0,7070.0,6860.0,12144663.0,86204802260.0,859.0
2023-11-07,7010.0,7590.0,7010.0,7410.0,7370.0,7100.0,13463741.0,99819944150.0,906.0
2023-11-08,7560.0,7560.0,7200.0,7290.0,7200.0,7410.0,9738434.0,71031728750.0,613.0
2023-11-11,7240.0,7670.0,7100.0,7380.0,7500.0,7290.0,10337989.0,76269557030.0,904.0
2023-11-12,7700.0,7840.0,7460.0,7650.0,7560.0,7380.0,11676320.0,89381735100.0,1432.0
2023-11-13,7700.0,7780.0,7400.0,7580.0,7430.0,7650.0,8042692.0,60962102420.0,969.0
2023-11-14,7350.0,7480.0,7190.0,7320.0,7300.0,7580.0,7829859.0,57287613760.0,633.0
2023-11-15,7390.0,7590.0,7140.0,7230.0,7200.0,7320.0,4338882.0,31365553960.0,530.0
2023-11-18,7390.0,7390.0,6850.0,6990.0,6990.0,7230.0,10224862.0,71422652080.0,1159.0
2023-11-19,7000.0,7130.0,6800.0,6970.0,6870.0,6990.0,4497980.0,31332177550.0,496.0
2023-11-20,6980.0,6980.0,6790.0,6870.0,6930.0,6970.0,4390176.0,30152646060.0,949.0
2023-11-21,6940.0,7020.0,6800.0,6900.0,6960.0,6870.0,2335042.0,16104985980.0,466.0
2023-11-22,7040.0,7310.0,6890.0,7070.0,7140.0,6900.0,6736253.0,47609402020.0,624.0
2023-11-25,7210.0,7320.0,6860.0,7050.0,7080.0,7070.0,4909821.0,34617051460.0,592.0
2023-11-26,7090.0,7120.0,6940.0,7020.0,7030.0,7050.0,3101971.0,21775934690.0,541.0
2023-11-27,7090.0,7150.0,6990.0,7070.0,7030.0,7020.0,2764479.0,19551730840.0,268.0
2023-11-28,6970.0,7090.0,6960.0,7040.0,7050.0,7070.0,1527227.0,10737497100.0,183.0
2023-11-29,7130.0,7130.0,6900.0,7020.0,7070.0,7040.0,12575082.0,88311599100.0,849.0
2023-12-02,7120.0,7320.0,7030.0,7200.0,7240.0,7020.0,8116086.0,58447158810.0,577.0
2023-12-03,7270.0,7390.0,7090.0,7230.0,7300.0,7200.0,10188959.0,73635723830.0,710.0
2023-12-04,7360.0,7640.0,7200.0,7380.0,7200.0,7230.0,7940103.0,58590215840.0,777.0
2023-12-05,7120.0,7730.0,7120.0,7530.0,7620.0,7380.0,22382114.0,168495802190.0,1205.0
2023-12-06,7620.0,7620.0,7310.0,7460.0,7430.0,7530.0,3921136.0,29239863020.0,491.0
2023-12-09,7550.0,7550.0,7100.0,7230.0,7220.0,7460.0,5421013.0,39194794050.0,554.0
2023-12-10,7250.0,7320.0,7000.0,7190.0,7290.0,7230.0,8663186.0,62257647060.0,549.0
2023-12-11,7290.0,7320.0,7180.0,7260.0,7250.0,7190.0,3169875.0,23002880070.0,305.0
2023-12-12,7320.0,7650.0,7320.0,7480.0,7340.0,7260.0,5942122.0,44463575730.0,567.0
2023-12-13,7390.0,7480.0,7230.0,7320.0,7380.0,7480.0,11224224.0,82181304700.0,659.0
2023-12-16,7420.0,7670.0,7200.0,7310.0,7280.0,7320.0,9463743.0,69178378690.0,860.0
2024-01-02,5480.0,5550.0,5360.0,5450.0,5500.0,5480.0,11413635.0,62164617230.0,572.0
2024-01-03,5580.0,5580.0,5410.0,5490.0,5520.0,5450.0,9368257.0,51403791280.0,547.0
2024-01-06,5530.0,5540.0,5220.0,5340.0,5320.0,5490.0,8480756.0,45295352590.0,624.0
2024-01-07,5320.0,5550.0,5320.0,5440.0,5380.0,5340.0,8624353.0,46900319420.0,633.0
2024-01-08,5500.0,5500.0,5340.0,5380.0,5370.0,5440.0,2817774.0,15163269460.0,341.0
2024-01-09,5440.0,5440.0,5110.0,5180.0,5180.0,5380.0,9205964.0,47715213460.0,946.0
2024-01-10,5260.0,5370.0,5150.0,5280.0,5260.0,5180.0,5992623.0,31651932450.0,588.0
2024-01-13,5240.0,5450.0,5240.0,5340.0,5310.0,5280.0,9310631.0,49721308420.0,661.0
2024-01-14,5300.0,5550.0,5280.0,5410.0,5530.0,5340.0,9294337.0,50328114300.0,679.0
2024-01-15,5560.0,5630.0,5400.0,5530.0,5540.0,5410.0,11405974.0,63048121340.0,779.0
2024-01-16,5590.0,5590.0,5330.0,5450.0,5410.0,5530.0,9699292.0,52882561560.0,663.0
2024-01-17,5470.0,5530.0,5360.0,5410.0,5440.0,5450.0,5953055.0,32233581560.0,429.0
2024-01-20,5040.0,5200.0,5040.0,5070.0,5040.0,5410.0,46304831.0,234597283520.0,2599.0
2024-01-21,4940.0,4940.0,4720.0,4770.0,4860.0,5070.0,22838866.0,109017070810.0,1402.0
2024-01-22,4790.0,4910.0,4600.0,4710.0,4700.0,4770.0,12267108.0,57773786170.0,726.0
2024-01-23,4750.0,4750.0,4410.0,4490.0,4460.0,4710.0,13090592.0,58779384540.0,1166.0
2024-01-24,4640.0,4790.0,4460.0,4640.0,4780.0,4490.0,10518711.0,48802165120.0,642.0
2024-01-27,4879.0,4879.0,4650.0,4770.0,4755.0,4640.0,6706619.0,31993064086.0,643.0
2024-01-28,4849.0,4849.0,4660.0,4743.0,4758.0,4770.0,5322942.0,25246672879.0,478.0
2024-01-29,4730.0,4920.0,4630.0,4831.0,4920.0,4743.0,10930466.0,52805476125.0,946.0
2024-01-30,4898.0,4940.0,4801.0,4858.0,4821.0,4831.0,5407159.0,26267178484.0,698.0
2024-01-31,4897.0,4932.0,4794.0,4863.0,4850.0,4858.0,4871613.0,23692131398.0,410.0
2024-02-03,4900.0,5030.0,4785.0,4913.0,4901.0,4863.0,7040684.0,34588674173.0,406.0
2024-02-04,5090.0,5100.0,4816.0,4939.0,4816.0,4913.0,6681666.0,33002850993.0,432.0
2024-02-05,4959.0,4959.0,4828.0,4873.0,4869.0,4939.0,5674603.0,27650024941.0,814.0
2024-02-06,4968.0,4968.0,4776.0,4822.0,4779.0,4873.0,3891521.0,18764168955.0,657.0
2024-02-07,4920.0,4920.0,4661.0,4726.0,4740.0,4822.0,6963763.0,32908426764.0,418.0
2024-02-10,4790.0,4790.0,4601.0,4635.0,4642.0,4726.0,5184707.0,24033528062.0,552.0
2024-02-12,4670.0,4670.0,4517.0,4538.0,4540.0,4635.0,3652296.0,16574061244.0,405.0
2024-02-13,4694.0,4701.0,4481.0,4548.0,4540.0,4538.0,4039719.0,18373762888.0,357.0
2024-02-14,4551.0,4551.0,4463.0,4488.0,4489.0,4548.0,2935457.0,13161543315.0,324.0
2024-02-17,4444.0,4550.0,4405.0,4454.0,4408.0,4488.0,3712016.0,16533660341.0,394.0
2024-02-18,4500.0,4500.0,4410.0,4457.0,4472.0,4454.0,3303761.0,14726353482.0,298.0
2024-02-19,4530.0,4610.0,4470.0,4529.0,4520.0,4457.0,4648125.0,21050784724.0,404.0
2024-02-20,4600.0,4670.0,4561.0,4583.0,4599.0,4529.0,3076865.0,14114775845.0,285.0
2024-02-21,4668.0,4746.0,4581.0,4689.0,4721.0,4583.0,4781285.0,22421805307.0,321.0
2024-02-24,4745.0,4803.0,4619.0,4707.0,4674.0,4689.0,2608793.0,12289768718.0,318.0
2024-02-26,4720.0,4720.0,4455.0,4612.0,4550.0,4707.0,1972081.0,8978769213.0,223.0
2024-02-27,4660.0,4660.0,4462.0,4573.0,4539.0,4612.0,1173058.0,5285051537.0,185.0
2024-02-28,4600.0,4798.0,4600.0,4692.0,4685.0,4573.0,5825184.0,27334038746.0,428.0
2024-03-02,4740.0,5020.0,4710.0,4934.0,5020.0,4692.0,10771715.0,53151887557.0,504.0
2024-03-03,5200.0,5275.0,5090.0,5200.0,5155.0,4934.0,7821542.0,40674313433.0,614.0
2024-03-04,5250.0,5250.0,4950.0,5128.0,5130.0,5200.0,9832397.0,50423146061.0,685.0
2024-03-05,5000.0,5350.0,5000.0,5217.0,5220.0,5128.0,2522959.0,13222498481.0,336.0
2024-03-06,5250.0,5338.0,4996.0,5065.0,4999.0,5217.0,11596022.0,58729420693.0,1307.0
2024-03-09,5090.0,5090.0,4720.0,4840.0,4780.0,5065.0,19427979.0,94016354980.0,1615.0
2024-03-10,4880.0,4890.0,4760.0,4820.0,4810.0,4840.0,2552805.0,12292058530.0,339.0
2024-03-11,4840.0,4880.0,4750.0,4810.0,4790.0,4820.0,3647711.0,17542995560.0,432.0
2024-03-12,4860.0,4880.0,4720.0,4780.0,4720.0,4810.0,2587624.0,12344338290.0,289.0
2024-03-13,4670.0,4870.0,4640.0,4700.0,4680.0,4780.0,5178565.0,24349387310.0,415.0
2024-03-25,5029.0,5029.0,4910.0,5029.0,5029.0,4700.0,16421711.0,82582965455.0,509.0
2024-03-26,5090.0,5170.0,5029.0,5105.0,5090.0,5029.0,9706981.0,49553892657.0,1174.0
2024-03-27,5104.0,5188.0,5057.0,5115.0,5057.0,5105.0,5095376.0,26064775249.0,403.0
2024-03-30,5140.0,5140.0,4940.0,4990.0,5000.0,5115.0,3641222.0,18160807990.0,470.0
2024-04-02,4920.0,4960.0,4740.0,4870.0,4920.0,4990.0,6218545.0,30269507820.0,674.0
2024-04-03,4820.0,4970.0,4810.0,4850.0,4870.0,4870.0,5928839.0,28752593100.0,362.0
2024-04-06,4790.0,4960.0,4555.0,4764.0,4670.0,4850.0,4655678.0,22180251764.0,466.0
2024-04-07,4735.0,4864.0,4652.0,4750.0,4820.0,4764.0,2923675.0,13885015449.0,372.0
2024-04-08,4715.0,4932.0,4715.0,4793.0,4860.0,4750.0,1473770.0,7134923922.0,159.0
2024-04-09,4860.0,4949.0,4752.0,4780.0,4759.0,4793.0,1892608.0,9029846888.0,232.0
2024-04-13,4750.0,4750.0,4446.0,4523.0,4447.0,4780.0,6984064.0,31587236194.0,999.0
2024-04-14,4478.0,4478.0,4478.0,4512.0,4478.0,4523.0,791525.0,3544448950.0,45.0
2024-04-15,4469.0,4557.0,4469.0,4553.0,4557.0,4512.0,4913210.0,22370157628.0,182.0
2024-04-16,4508.0,4530.0,4508.0,4511.0,4530.0,4553.0,2961774.0,13352632219.0,169.0
2024-04-17,4556.0,4556.0,4466.0,4495.0,4500.0,4511.0,4283126.0,19252436924.0,318.0
2024-04-20,4600.0,4809.0,4600.0,4803.0,4809.0,4495.0,4070124.0,19547495946.0,238.0
2024-04-21,4963.0,4963.0,4750.0,4847.0,4822.0,4803.0,3393434.0,16448987850.0,401.0
2024-04-22,4821.0,4867.0,4726.0,4797.0,4760.0,4847.0,3121658.0,14963576100.0,286.0
2024-04-23,4760.0,4864.0,4729.0,4805.0,4849.0,4797.0,3145893.0,15116679893.0,248.0
2024-04-24,4721.0,4868.0,4721.0,4829.0,4850.0,4805.0,3832035.0,18505447054.0,203.0
2024-04-27,4811.0,4889.0,4800.0,4837.0,4819.0,4829.0,4171921.0,20177853052.0,396.0
2024-04-28,4830.0,4875.0,4717.0,4780.0,4755.0,4837.0,2751902.0,13133482350.0,224.0
2024-04-29,4827.0,4888.0,4751.0,4811.0,4787.0,4780.0,3857706.0,18557693107.0,443.0
2024-04-30,4750.0,4799.0,4475.0,4512.0,4655.0,4811.0,24342252.0,109827063464.0,1372.0
2024-05-01,4600.0,4792.0,4600.0,4665.0,4792.0,4512.0,4215713.0,19667981337.0,382.0
2024-05-05,4808.0,4808.0,4605.0,4681.0,4698.0,4665.0,2745295.0,12858377943.0,323.0
2024-05-06,4717.0,4719.0,4531.0,4571.0,4531.0,4681.0,2798837.0,12747832920.0,336.0
2024-05-07,4610.0,4610.0,4422.0,4481.0,4422.0,4571.0,3528970.0,15813669216.0,358.0
2024-05-08,4523.0,4523.0,4390.0,4422.0,4445.0,4481.0,4056631.0,17938372718.0,406.0
2024-05-11,4420.0,4460.0,4270.0,4346.0,4315.0,4422.0,3393267.0,14745928229.0,302.0
2024-05-12,4330.0,4397.0,4223.0,4292.0,4299.0,4346.0,4467689.0,19176152698.0,291.0
2024-05-13,4388.0,4388.0,4133.0,4181.0,4168.0,4292.0,3391528.0,14179385207.0,295.0
2024-05-14,4238.0,4268.0,4102.0,4155.0,4132.0,4181.0,2908672.0,12073625748.0,225.0
2024-05-15,4100.0,4169.0,3987.0,4059.0,4090.0,4155.0,5702893.0,23148524270.0,433.0
2024-05-18,4139.0,4300.0,4100.0,4156.0,4100.0,4059.0,5071459.0,21079472808.0,449.0
2024-05-19,4188.0,4188.0,3936.0,3998.0,4026.0,4156.0,5683676.0,22722584163.0,397.0
2024-05-21,4075.0,4075.0,3933.0,3957.0,3936.0,3998.0,6408382.0,25357636293.0,500.0
2024-05-25,3956.0,3956.0,3878.0,3933.0,3878.0,3957.0,1346786.0,5236735204.0,127.0
2024-05-26,3855.0,3855.0,3855.0,3928.0,3855.0,3933.0,250796.0,966818580.0,32.0
2024-05-27,3850.0,3850.0,3850.0,3914.0,3850.0,3928.0,684072.0,2633677200.0,43.0
2024-05-28,3836.0,3957.0,3836.0,3870.0,3944.0,3914.0,14663977.0,56752438976.0,658.0
2024-05-29,3947.0,3947.0,3910.0,3945.0,3947.0,3870.0,4385155.0,17301394469.0,255.0
2024-06-01,3993.0,3993.0,3867.0,3870.0,3867.0,3945.0,8465724.0,32764757772.0,267.0
2024-06-02,3857.0,3870.0,3793.0,3795.0,3793.0,3870.0,9639384.0,36582006924.0,250.0
2024-06-05,3851.0,3851.0,3720.0,3759.0,3721.0,3795.0,2474069.0,9251453388.0,206.0
2024-06-08,3685.0,3690.0,3684.0,3748.0,3684.0,3759.0,563384.0,2075680036.0,56.0
2024-06-09,3674.0,3750.0,3674.0,3686.0,3743.0,3748.0,4249517.0,15663916335.0,305.0
2024-06-10,3758.0,3759.0,3723.0,3756.0,3759.0,3686.0,4819888.0,18104982229.0,183.0
2024-06-11,3829.0,3830.0,3707.0,3764.0,3770.0,3756.0,3026775.0,11401814732.0,618.0
2024-06-12,3825.0,3825.0,3699.0,3749.0,3761.0,3764.0,6233185.0,23368357131.0,2136.0
2024-06-19,3510.0,3510.0,3381.0,3406.0,3420.0,3449.0,3122886.0,10582802642.0,169.0
2024-06-22,3434.0,3450.0,3403.0,3413.0,3423.0,3406.0,2210360.0,7559682587.0,433.0
2024-06-23,3447.0,3458.0,3422.0,3421.0,3441.0,3413.0,1240208.0,4268414102.0,198.0
2024-06-24,3441.0,3489.0,3422.0,3453.0,3489.0,3421.0,2399798.0,8350888418.0,126.0
2024-06-26,3493.0,3522.0,3452.0,3493.0,3522.0,3453.0,2614835.0,9203388381.0,165.0
2024-06-29,3670.0,3670.0,3437.0,3513.0,3437.0,3493.0,1287635.0,4584157147.0,131.0
2024-06-30,3513.0,3550.0,3303.0,3415.0,3303.0,3513.0,2112601.0,7001665849.0,156.0
2024-07-01,3500.0,3500.0,3300.0,3378.0,3359.0,3415.0,5744835.0,19404972205.0,1153.0
2024-07-02,3231.0,3426.0,3231.0,3380.0,3370.0,3378.0,2905594.0,9822293524.0,274.0
2024-07-03,3338.0,3415.0,3338.0,3395.0,3409.0,3380.0,7891289.0,26788363729.0,1275.0
2024-07-06,3550.0,3598.0,3550.0,3586.0,3598.0,3395.0,4952791.0,17759678396.0,106.0
2024-07-07,3801.0,3801.0,3640.0,3735.0,3680.0,3586.0,6772857.0,25295613331.0,352.0
2024-07-08,3689.0,3740.0,3640.0,3716.0,3699.0,3735.0,1901009.0,7014611581.0,224.0
2024-07-09,3710.0,3710.0,3553.0,3627.0,3554.0,3716.0,3486099.0,12561600337.0,269.0
2024-07-10,3555.0,3593.0,3501.0,3556.0,3501.0,3627.0,3048499.0,10742383489.0,243.0
2024-07-13,3501.0,3584.0,3467.0,3538.0,3560.0,3556.0,3061765.0,10809939041.0,700.0
2024-07-14,3592.0,3592.0,3456.0,3502.0,3528.0,3538.0,3834909.0,13415469192.0,872.0
2024-07-17,3452.0,3569.0,3450.0,3497.0,3467.0,3502.0,2453926.0,8572436337.0,530.0
2024-07-20,3430.0,3430.0,3301.0,3431.0,3350.0,3497.0,2003650.0,6724104550.0,306.0
2024-07-21,3349.0,3349.0,3226.0,3279.0,3226.0,3431.0,3510672.0,11394833914.0,629.0
2024-07-23,3475.0,3475.0,3475.0,3475.0,3475.0,3279.0,19737624.0,68588243400.0,286.0
2024-07-24,3550.0,3560.0,3370.0,3495.0,3413.0,3475.0,16935467.0,59182867351.0,728.0
2024-07-27,3490.0,3490.0,3321.0,3353.0,3354.0,3495.0,10264484.0,34412224825.0,1535.0
2024-07-29,3318.0,3352.0,3250.0,3278.0,3256.0,3353.0,11649234.0,38188263666.0,280.0
2024-07-30,3222.0,3300.0,3200.0,3261.0,3280.0,3278.0,2923332.0,9507852355.0,123.0
2024-07-31,3066.0,3106.0,3066.0,3067.0,3066.0,3261.0,19081397.0,58527648546.0,831.0
2024-08-03,3022.0,3022.0,2898.0,2908.0,2908.0,3067.0,12268529.0,35671144593.0,632.0
2024-08-04,2937.0,2937.0,2900.0,2930.0,2937.0,2908.0,4088325.0,11998566602.0,147.0
2024-08-05,2937.0,2959.0,2907.0,2940.0,2959.0,2930.0,2099649.0,6202734248.0,125.0
2024-08-06,2969.0,2969.0,2954.0,2963.0,2969.0,2940.0,3876822.0,11510075508.0,76.0
2024-08-10,2975.0,2992.0,2975.0,2970.0,2992.0,2963.0,1243794.0,3720897576.0,63.0
2024-08-11,2969.0,2999.0,2942.0,2968.0,2994.0,2970.0,2495020.0,7400373802.0,93.0
2024-08-12,2974.0,2997.0,2939.0,2940.0,2939.0,2968.0,7110363.0,20906572840.0,1628.0
2024-08-13,2924.0,2924.0,2911.0,2938.0,2911.0,2940.0,371554.0,1081911012.0,37.0
2024-08-14,2967.0,2967.0,2966.0,2943.0,2967.0,2938.0,814872.0,2417692896.0,87.0
2024-08-17,3001.0,3001.0,3001.0,2951.0,3001.0,2943.0,666762.0,2000952762.0,47.0
2024-08-18,3010.0,3010.0,3010.0,2953.0,3010.0,2951.0,198267.0,596783670.0,24.0
2024-08-19,3012.0,3012.0,3012.0,2984.0,3012.0,2953.0,2659277.0,8009742324.0,62.0
2024-08-20,3043.0,3043.0,3009.0,3028.0,3043.0,2984.0,3818904.0,11620005241.0,121.0
2024-08-21,3049.0,3088.0,3049.0,3049.0,3088.0,3028.0,1812191.0,5595639620.0,98.0
2024-08-24,3109.0,3109.0,3109.0,3064.0,3109.0,3049.0,1195766.0,3717636494.0,36.0
2024-08-26,3125.0,3125.0,3041.0,3096.0,3125.0,3064.0,2677250.0,8361836098.0,172.0
2024-08-27,3157.0,3157.0,3151.0,3122.0,3157.0,3096.0,2117663.0,6685016217.0,161.0
2024-08-28,3178.0,3184.0,3158.0,3149.0,3184.0,3122.0,2322920.0,7383952656.0,219.0
2024-08-31,3211.0,3211.0,3211.0,3211.0,3211.0,3149.0,7516072.0,24134107192.0,84.0
2024-09-01,3270.0,3275.0,3203.0,3230.0,3244.0,3211.0,2100637.0,6835938372.0,904.0
2024-09-03,3271.0,3294.0,3203.0,3233.0,3240.0,3230.0,1786648.0,5785865653.0,1289.0
2024-09-07,3296.0,3296.0,3137.0,3163.0,3137.0,3233.0,4308958.0,13606215566.0,1239.0
2024-09-08,3163.0,3189.0,3081.0,3118.0,3120.0,3163.0,4553318.0,14194079688.0,988.0
2024-09-09,3120.0,3211.0,3120.0,3142.0,3161.0,3118.0,2150659.0,6818407056.0,151.0
2024-09-10,3172.0,3215.0,3144.0,3148.0,3169.0,3142.0,960368.0,3044095414.0,122.0
2024-09-11,3178.0,3242.0,3099.0,3197.0,3242.0,3148.0,10419446.0,33311589476.0,452.0
2024-09-14,3247.0,3248.0,3147.0,3182.0,3162.0,3197.0,4246109.0,13505718036.0,406.0
2024-09-15,3221.0,3222.0,3157.0,3181.0,3200.0,3182.0,2091117.0,6647527645.0,322.0
2024-09-16,3143.0,3270.0,3143.0,3192.0,3224.0,3181.0,1157217.0,3732930282.0,164.0
2024-09-17,3240.0,3287.0,3240.0,3245.0,3287.0,3192.0,2694174.0,8849655123.0,108.0
2024-09-18,3200.0,3342.0,3200.0,3255.0,3342.0,3245.0,510102.0,1703978206.0,49.0
2024-09-22,3352.0,3352.0,3349.0,3341.0,3352.0,3255.0,4065625.0,13627818410.0,163.0
2024-09-23,3441.0,3441.0,3441.0,3363.0,3441.0,3341.0,995275.0,3424741275.0,53.0
2024-09-24,3463.0,3463.0,3463.0,3397.0,3463.0,3363.0,1560420.0,5403734460.0,42.0
2024-09-25,3498.0,3498.0,3498.0,3456.0,3498.0,3397.0,2703686.0,9457493628.0,60.0
2024-09-28,3422.0,3469.0,3422.0,3432.0,3453.0,3456.0,6986060.0,23974380725.0,234.0
2024-09-29,3408.0,3466.0,3408.0,3460.0,3466.0,3432.0,8904391.0,30808816011.0,156.0
2024-09-30,3494.0,3494.0,3460.0,3494.0,3494.0,3460.0,5713877.0,19963461680.0,143.0
2024-10-01,3490.0,3500.0,3460.0,3461.0,3460.0,3494.0,5124126.0,17733201637.0,177.0
2024-10-02,3440.0,3494.0,3427.0,3438.0,3427.0,3461.0,3435391.0,11790591180.0,598.0
2024-10-05,3405.0,3412.0,3404.0,3407.0,3404.0,3438.0,4104735.0,13975703647.0,170.0
2024-10-06,3373.0,3373.0,3373.0,3405.0,3373.0,3407.0,295936.0,998192128.0,13.0
2024-10-07,3371.0,3427.0,3371.0,3385.0,3371.0,3405.0,6975339.0,23609542241.0,739.0
2024-10-08,3352.0,3418.0,3352.0,3372.0,3418.0,3385.0,9579241.0,32304895594.0,1426.0
2024-10-09,3405.0,3405.0,3343.0,3390.0,3399.0,3372.0,3318736.0,11269699374.0,148.0
2024-10-12,3405.0,3490.0,3405.0,3421.0,3435.0,3390.0,2262137.0,7806004138.0,138.0
2024-10-13,3490.0,3490.0,3421.0,3424.0,3423.0,3421.0,662242.0,2278226036.0,187.0
2024-10-14,3322.0,3460.0,3322.0,3368.0,3322.0,3424.0,2962062.0,9893403926.0,658.0
2024-10-15,3270.0,3445.0,3267.0,3311.0,3317.0,3368.0,2631683.0,8609962539.0,122.0
2024-10-16,3380.0,3380.0,3223.0,3298.0,3268.0,3311.0,1323357.0,4323045545.0,591.0
2024-10-19,3251.0,3251.0,3200.0,3219.0,3200.0,3298.0,3716363.0,11897256305.0,129.0
2024-10-20,3123.0,3215.0,3123.0,3191.0,3123.0,3219.0,1352386.0,4227436259.0,312.0
2024-10-21,3096.0,3096.0,3096.0,3096.0,3096.0,3191.0,4633444.0,14345142624.0,121.0
2024-10-22,3004.0,3180.0,3004.0,3011.0,3004.0,3096.0,7578841.0,22816523008.0,217.0
2024-10-23,2927.0,2930.0,2921.0,2957.0,2921.0,3011.0,2773571.0,8104615430.0,112.0
2024-10-26,3045.0,3045.0,3045.0,3045.0,3045.0,2957.0,8248971.0,25118116695.0,85.0
2024-10-27,3136.0,3136.0,3136.0,3085.0,3136.0,3045.0,2216852.0,6952047872.0,56.0
2024-10-28,3177.0,3177.0,3020.0,3176.0,3177.0,3085.0,9339911.0,29659747800.0,197.0
2024-10-29,3177.0,3268.0,3081.0,3103.0,3081.0,3176.0,9924498.0,30799320358.0,250.0
2024-10-30,3029.0,3196.0,3018.0,3104.0,3148.0,3103.0,4967632.0,15417835342.0,307.0
2024-11-02,3187.0,3197.0,3086.0,3135.0,3100.0,3104.0,3190597.0,10053101649.0,258.0
2024-11-03,3043.0,3043.0,3041.0,3099.0,3041.0,3135.0,1832622.0,5573042302.0,99.0
2024-11-04,3007.0,3094.0,3007.0,3068.0,3080.0,3099.0,2257371.0,6845013071.0,125.0
2024-11-05,3080.0,3129.0,3030.0,3071.0,3090.0,3068.0,997747.0,3074592681.0,69.0
2024-11-06,3040.0,3141.0,2979.0,3020.0,3100.0,3071.0,4239610.0,12772485914.0,176.0
2024-11-09,3109.0,3110.0,3109.0,3054.0,3110.0,3020.0,1892181.0,5884511460.0,83.0
2024-11-10,3145.0,3145.0,3145.0,3097.0,3145.0,3054.0,2332842.0,7336788090.0,43.0
2024-11-11,3189.0,3189.0,3189.0,3121.0,3189.0,3097.0,1278479.0,4077069531.0,51.0
2024-11-12,3214.0,3214.0,3214.0,3163.0,3214.0,3121.0,2238959.0,7196014226.0,61.0
2024-11-13,3250.0,3257.0,3215.0,3204.0,3257.0,3163.0,2245779.0,7308267069.0,84.0
2024-11-16,3300.0,3300.0,3300.0,3258.0,3300.0,3204.0,2627681.0,8671347300.0,56.0
2024-11-17,3355.0,3355.0,3355.0,3355.0,3355.0,3258.0,5583553.0,18732820315.0,122.0
2024-11-18,3455.0,3455.0,3455.0,3398.0,3455.0,3355.0,1997130.0,6900084150.0,59.0
2024-11-19,3499.0,3499.0,3499.0,3448.0,3499.0,3398.0,2297556.0,8039148444.0,83.0
2024-11-20,3551.0,3551.0,3551.0,3551.0,3551.0,3448.0,4772584.0,16947445784.0,131.0
2024-11-23,3657.0,3657.0,3657.0,3591.0,3657.0,3551.0,1575054.0,5759972478.0,63.0
2024-11-24,3698.0,3698.0,3698.0,3614.0,3698.0,3591.0,892923.0,3302029254.0,38.0
2024-11-25,3722.0,3722.0,3722.0,3693.0,3722.0,3614.0,3084699.0,11481249678.0,68.0
2024-11-26,3803.0,3803.0,3803.0,3803.0,3803.0,3693.0,5002320.0,19023822960.0,102.0
2024-11-27,3917.0,3917.0,3809.0,3916.0,3917.0,3803.0,27772692.0,108756648552.0,415.0
2024-11-30,4033.0,4033.0,3917.0,4002.0,3938.0,3916.0,23505549.0,94069416362.0,886.0
2024-12-01,3900.0,4122.0,3900.0,4112.0,4122.0,4002.0,6468911.0,26598286219.0,195.0
2024-12-02,4235.0,4235.0,4235.0,4235.0,4235.0,4112.0,4790603.0,20288203705.0,87.0
2024-12-03,4362.0,4362.0,4362.0,4345.0,4362.0,4235.0,3325645.0,14506463490.0,77.0
2024-12-04,4475.0,4475.0,4475.0,4415.0,4475.0,4345.0,2050558.0,9176247050.0,82.0
2024-12-07,4547.0,4547.0,4363.0,4524.0,4483.0,4415.0,49127173.0,222237397823.0,1348.0
2024-12-08,4547.0,4597.0,4389.0,4458.0,4533.0,4524.0,13518656.0,60261825747.0,654.0
2024-12-09,4455.0,4591.0,4455.0,4590.0,4591.0,4458.0,6487647.0,29776804990.0,135.0
2024-12-10,4680.0,4725.0,4453.0,4512.0,4453.0,4590.0,17982185.0,81126956596.0,958.0
2024-12-11,4416.0,4520.0,4377.0,4429.0,4510.0,4512.0,13662884.0,60510493760.0,615.0
2024-12-14,4561.0,4561.0,4561.0,4561.0,4561.0,4429.0,9433261.0,43025103421.0,99.0
2024-12-15,4697.0,4697.0,4697.0,4632.0,4697.0,4561.0,1769051.0,8309232547.0,97.0
2024-12-16,4770.0,4770.0,4770.0,4708.0,4770.0,4632.0,1859372.0,8869204440.0,108.0
2024-12-17,4849.0,4849.0,4772.0,4840.0,4849.0,4708.0,72940150.0,353055453000.0,1493.0
2024-12-18,4909.0,4985.0,4760.0,4945.0,4985.0,4840.0,9777161.0,48352196420.0,484.0
2024-12-21,5093.0,5093.0,4856.0,5009.0,4990.0,4945.0,32626469.0,163416328246.0,1125.0
2024-12-22,4900.0,5029.0,4859.0,4907.0,4890.0,5009.0,35305521.0,173254666219.0,2998.0
2024-12-23,5044.0,5044.0,4780.0,4955.0,5000.0,4907.0,39404395.0,195237250328.0,1132.0
2024-12-24,4890.0,5037.0,4890.0,5006.0,5007.0,4955.0,21600356.0,108127804284.0,805.0
2024-12-25,4932.0,5049.0,4880.0,4947.0,4980.0,5006.0,21304025.0,105400802484.0,687.0
2024-12-28,5010.0,5095.0,4933.0,5070.0,5095.0,4947.0,15120532.0,76653738293.0,493.0
2025-01-06,4177.0,4177.0,4177.0,4105.0,4177.0,4056.0,1495653.0,6247342581.0,71.0
2025-01-07,4228.0,4228.0,4228.0,4228.0,4228.0,4105.0,10145241.0,42894078948.0,122.0
2025-01-08,4354.0,4354.0,4354.0,4354.0,4354.0,4228.0,12137042.0,52844680868.0,167.0
2025-01-11,4484.0,4484.0,4352.0,4464.0,4374.0,4354.0,33396334.0,149093143748.0,676.0
2025-01-12,4350.0,4450.0,4331.0,4345.0,4331.0,4464.0,17949663.0,77982424473.0,577.0
2025-01-13,4302.0,4459.0,4231.0,4315.0,4350.0,4345.0,14380790.0,62054580243.0,937.0
2025-01-15,4400.0,4400.0,4186.0,4220.0,4186.0,4315.0,8568113.0,36154854418.0,883.0
2025-01-18,4096.0,4102.0,4094.0,4094.0,4094.0,4220.0,4763788.0,19503614052.0,669.0
2025-01-19,3972.0,4091.0,3972.0,3985.0,3972.0,4094.0,32692330.0,130294944793.0,2549.0
2025-01-20,4104.0,4104.0,3866.0,4030.0,4104.0,3985.0,31009449.0,124966940779.0,1900.0
2025-01-21,4150.0,4150.0,4060.0,4148.0,4150.0,4030.0,46894117.0,194515647041.0,865.0
2025-01-22,4251.0,4272.0,4074.0,4215.0,4200.0,4148.0,34849289.0,146905999486.0,1262.0
2025-01-25,4240.0,4320.0,4216.0,4261.0,4281.0,4215.0,10209355.0,43500387265.0,583.0
2025-01-26,4336.0,4336.0,4165.0,4224.0,4174.0,4261.0,14364958.0,60679900209.0,1075.0
2025-01-27,4175.0,4313.0,4098.0,4112.0,4098.0,4224.0,33939947.0,139573536263.0,2664.0
2025-01-29,4100.0,4180.0,3989.0,4001.0,4020.0,4112.0,31371019.0,125527395872.0,1663.0
2025-02-01,3984.0,3985.0,3881.0,3894.0,3892.0,4001.0,11929919.0,46457204694.0,1270.0
2025-02-02,3969.0,4009.0,3859.0,3911.0,3894.0,3894.0,6522093.0,25509221975.0,1435.0
2025-02-03,3950.0,3999.0,3794.0,3830.0,3880.0,3911.0,14003631.0,53631050980.0,2442.0
2025-02-04,3870.0,3930.0,3836.0,3872.0,3870.0,3830.0,7689663.0,29775765021.0,449.0
2025-02-05,3879.0,3939.0,3837.0,3880.0,3864.0,3872.0,4940025.0,19164978677.0,394.0
2025-02-09,3864.0,3996.0,3864.0,3976.0,3918.0,3880.0,23285000.0,92583933681.0,822.0
2025-02-11,3961.0,4044.0,3857.0,3892.0,3857.0,3976.0,13129064.0,51095691220.0,1499.0
2025-02-15,3940.0,3940.0,3776.0,3787.0,3776.0,3892.0,7601808.0,28791666798.0,706.0
2025-02-16,3674.0,3674.0,3674.0,3674.0,3674.0,3787.0,15459414.0,56797887036.0,824.0
2025-02-17,3652.0,3783.0,3648.0,3695.0,3685.0,3674.0,8032648.0,29682285406.0,448.0
2025-02-18,3691.0,3805.0,3691.0,3804.0,3805.0,3695.0,19913582.0,75756769789.0,309.0
2025-02-19,3909.0,3918.0,3846.0,3906.0,3883.0,3804.0,9568533.0,37373684585.0,505.0
2025-02-22,3906.0,3924.0,3789.0,3826.0,3789.0,3906.0,8419205.0,32209731703.0,1797.0
2025-02-23,3901.0,3940.0,3850.0,3927.0,3940.0,3826.0,7768127.0,30505939421.0,307.0
2025-02-24,3941.0,4044.0,3941.0,4035.0,4044.0,3927.0,8344502.0,33671071970.0,383.0
2025-02-25,4150.0,4156.0,4050.0,4142.0,4052.0,4035.0,8012966.0,33188650556.0,407.0
2025-02-26,4262.0,4266.0,4150.0,4244.0,4266.0,4142.0,11541060.0,48982404525.0,372.0
2025-03-01,4349.0,4371.0,4271.0,4355.0,4330.0,4244.0,29093862.0,126701229964.0,749.0
2025-03-02,4355.0,4444.0,4249.0,4315.0,4256.0,4355.0,10951107.0,47250091162.0,764.0
2025-03-03,4186.0,4186.0,4186.0,4186.0,4186.0,4315.0,5624721.0,23545082106.0,64.0
2025-03-04,4062.0,4248.0,4061.0,4069.0,4061.0,4186.0,17200450.0,69994863313.0,926.0
2025-03-05,3948.0,4057.0,3947.0,3990.0,4005.0,4069.0,23332129.0,93086171332.0,1903.0
2025-03-08,3882.0,3913.0,3871.0,3872.0,3871.0,3990.0,8432656.0,32655106704.0,406.0
2025-03-09,3756.0,3800.0,3756.0,3756.0,3756.0,3872.0,25585496.0,96099815139.0,397.0
2025-03-10,3701.0,3850.0,3644.0,3661.0,3645.0,3756.0,11666956.0,42716594416.0,336.0
2025-03-11,3586.0,3766.0,3552.0,3555.0,3600.0,3661.0,19640631.0,69814031445.0,777.0
2025-03-12,3490.0,3661.0,3453.0,3633.0,3661.0,3555.0,25520889.0,92717779968.0,325.0
2025-03-15,3741.0,3741.0,3741.0,3741.0,3741.0,3633.0,15528234.0,58091123394.0,135.0
2025-03-16,3853.0,3853.0,3720.0,3840.0,3853.0,3741.0,23657716.0,90847707755.0,491.0
2025-03-17,3936.0,3936.0,3757.0,3811.0,3758.0,3840.0,5764446.0,21968988190.0,550.0
2025-03-18,3697.0,3697.0,3697.0,3697.0,3697.0,3811.0,5198772.0,19219860084.0,103.0
2025-03-25,3804.0,3807.0,3721.0,3800.0,3807.0,3697.0,4644188.0,17649428492.0,119.0
2025-03-26,3820.0,3900.0,3751.0,3815.0,3807.0,3800.0,4264516.0,16267916797.0,236.0
2025-03-29,3870.0,3870.0,3815.0,3831.0,3833.0,3815.0,3112252.0,11934599190.0,222.0
2025-03-30,3851.0,3945.0,3851.0,3934.0,3945.0,3831.0,7297088.0,28705226296.0,277.0
2025-04-05,3931.0,4022.0,3857.0,3894.0,3861.0,3934.0,3700019.0,14404856592.0,507.0
2025-04-06,3861.0,3979.0,3778.0,3796.0,3778.0,3894.0,10088861.0,38302240893.0,733.0
2025-04-07,3791.0,3900.0,3683.0,3691.0,3741.0,3796.0,15788115.0,58277687760.0,854.0
2025-04-08,3801.0,3801.0,3801.0,3723.0,3801.0,3691.0,1122081.0,4265029881.0,52.0
2025-04-09,3834.0,3834.0,3723.0,3833.0,3834.0,3723.0,17633596.0,67584087592.0,284.0
2025-04-12,3900.0,3947.0,3829.0,3872.0,3840.0,3833.0,9713171.0,37611230331.0,252.0
2025-04-13,3988.0,3988.0,3940.0,3988.0,3988.0,3872.0,6063448.0,24178510624.0,109.0
2025-04-14,4107.0,4107.0,3890.0,3962.0,3893.0,3988.0,19943978.0,79015805279.0,1092.0
2025-04-15,3960.0,3960.0,3844.0,3853.0,3844.0,3962.0,14671046.0,56521096646.0,728.0
2025-04-16,3840.0,3927.0,3738.0,3793.0,3738.0,3853.0,21169318.0,80305622652.0,1771.0
2025-04-19,3783.0,3900.0,3783.0,3866.0,3875.0,3793.0,14299502.0,55288896359.0,387.0
2025-04-20,3977.0,3981.0,3977.0,3981.0,3981.0,3866.0,12831097.0,51077977396.0,306.0
2025-04-21,4080.0,4099.0,3862.0,3930.0,3862.0,3981.0,30377982.0,119378409280.0,1105.0
2025-04-22,3921.0,3921.0,3813.0,3822.0,3813.0,3930.0,9728251.0,37185314758.0,827.0
2025-04-23,3821.0,3925.0,3708.0,3766.0,3894.0,3822.0,37126991.0,139814750543.0,1619.0
2025-04-26,3878.0,3878.0,3770.0,3874.0,3878.0,3766.0,15682569.0,60750670434.0,452.0
2025-04-27,3868.0,3990.0,3806.0,3953.0,3989.0,3874.0,13348128.0,52764659126.0,625.0
2025-04-28,4058.0,4071.0,3913.0,3986.0,3933.0,3953.0,14917868.0,59460632590.0,525.0
2025-04-29,3985.0,4098.0,3897.0,4019.0,4066.0,3986.0,15813897.0,63551770855.0,766.0
2025-04-30,4040.0,4135.0,4025.0,4087.0,4040.0,4019.0,10903482.0,44561095419.0,555.0
2025-05-03,4022.0,4063.0,3965.0,3985.0,3994.0,4087.0,13780384.0,54915099361.0,1003.0
2025-05-04,3984.0,4104.0,3950.0,4088.0,4104.0,3985.0,18297953.0,74796824376.0,397.0
2025-05-05,4210.0,4210.0,4101.0,4202.0,4193.0,4088.0,25876380.0,108725814751.0,564.0
2025-05-06,4210.0,4297.0,4109.0,4184.0,4250.0,4202.0,21698399.0,90794380413.0,1476.0
2025-05-07,4201.0,4309.0,4161.0,4240.0,4190.0,4184.0,17453776.0,74005715954.0,539.0
2025-05-10,4200.0,4200.0,4113.0,4120.0,4113.0,4240.0,14627463.0,60261490790.0,693.0
2025-05-11,3999.0,4060.0,3997.0,3997.0,3997.0,4120.0,17427546.0,69662953088.0,243.0
2025-05-12,4116.0,4116.0,4031.0,4088.0,4115.0,3997.0,24984539.0,102136657237.0,749.0
2025-05-13,4199.0,4199.0,4060.0,4100.0,4100.0,4088.0,8984429.0,36835605832.0,391.0
2025-05-14,4100.0,4130.0,3987.0,4065.0,4040.0,4100.0,11037313.0,44872148025.0,754.0
2025-05-17,4061.0,4186.0,4010.0,4073.0,4021.0,4065.0,10384753.0,42293828434.0,739.0
2025-05-18,4100.0,4138.0,3990.0,4031.0,4000.0,4073.0,8572890.0,34558428758.0,785.0
2025-05-19,3990.0,4000.0,3911.0,3926.0,3911.0,4031.0,17988774.0,70621834842.0,922.0
2025-05-20,3831.0,4039.0,3809.0,3865.0,3809.0,3926.0,8893761.0,34372169338.0,849.0
2025-05-21,3750.0,3830.0,3750.0,3750.0,3800.0,3865.0,18172035.0,68149450890.0,306.0
2025-05-24,3850.0,3850.0,3701.0,3771.0,3750.0,3750.0,6575043.0,24792826073.0,336.0
2025-05-25,3672.0,3850.0,3658.0,3683.0,3728.0,3771.0,17826856.0,65660534081.0,430.0
2025-05-26,3760.0,3793.0,3672.0,3775.0,3771.0,3683.0,9520788.0,35940550277.0,368.0
2025-05-27,3775.0,3888.0,3770.0,3859.0,3888.0,3775.0,10350828.0,39944580520.0,180.0
2025-05-28,3974.0,3974.0,3930.0,3974.0,3974.0,3859.0,11020121.0,43789254906.0,262.0
2025-05-31,3979.0,4093.0,3910.0,3996.0,3930.0,3974.0,7192217.0,28738231529.0,422.0
2025-06-01,3991.0,3991.0,3877.0,3897.0,3887.0,3996.0,9214641.0,35908100580.0,727.0
2025-06-02,3969.0,3969.0,3847.0,3890.0,3847.0,3897.0,1925160.0,7475319532.0,282.0
2025-06-03,3978.0,3978.0,3822.0,3869.0,3853.0,3890.0,2522668.0,9734502286.0,370.0
2025-06-07,3867.0,3867.0,3753.0,3768.0,3753.0,3869.0,5381920.0,20279685972.0,670.0
2025-06-08,3767.0,3880.0,3763.0,3802.0,3768.0,3768.0,3305583.0,12588484296.0,212.0
2025-06-09,3878.0,3883.0,3704.0,3754.0,3730.0,3802.0,4121516.0,15472480716.0,564.0
2025-06-10,3848.0,3859.0,3710.0,3769.0,3820.0,3754.0,1490885.0,5655410421.0,141.0
2025-06-11,3875.0,3875.0,3765.0,3787.0,3780.0,3769.0,1323490.0,5056644827.0,93.0
2025-06-30,3325.0,3325.0,3325.0,3426.0,3325.0,3427.0,56969.0,189421925.0,6.0
2025-07-01,3324.0,3324.0,3324.0,3324.0,3324.0,3426.0,92927803.0,308892017172.0,2524.0
2025-07-02,3225.0,3377.0,3225.0,3238.0,3291.0,3324.0,59268131.0,191905505208.0,2934.0
2025-07-07,3206.0,3319.0,3161.0,3205.0,3190.0,3238.0,12722740.0,40770586634.0,1534.0
2025-07-08,3205.0,3205.0,3109.0,3137.0,3109.0,3205.0,3299981.0,10260556670.0,61.0
2025-07-09,3043.0,3043.0,3043.0,3044.0,3043.0,3137.0,4590417.0,13968638931.0,49.0
2025-07-12,3080.0,3118.0,3013.0,3045.0,3022.0,3044.0,15031724.0,45765924910.0,1264.0
2025-07-13,2963.0,3044.0,2954.0,2968.0,2954.0,3045.0,11925197.0,35399925819.0,739.0
2025-07-14,2997.0,3032.0,2950.0,2985.0,2977.0,2968.0,11230262.0,33526469529.0,569.0
2025-07-15,3050.0,3050.0,2971.0,3006.0,3005.0,2985.0,8191221.0,24621943512.0,658.0
2025-07-16,3030.0,3096.0,3021.0,3085.0,3096.0,3006.0,19976254.0,61620849762.0,243.0
2025-07-19,3177.0,3177.0,3177.0,3177.0,3177.0,3085.0,6680224.0,21223071648.0,112.0
2025-07-20,3222.0,3222.0,3155.0,3173.0,3162.0,3177.0,4640759.0,14722852791.0,187.0
2025-07-21,3188.0,3229.0,3142.0,3185.0,3190.0,3173.0,8140684.0,25926217651.0,243.0
2025-07-22,3216.0,3259.0,3202.0,3219.0,3219.0,3185.0,4547688.0,14651106816.0,263.0
2025-07-23,3271.0,3286.0,3219.0,3242.0,3280.0,3219.0,3614815.0,11748419754.0,278.0
2025-07-26,3300.0,3300.0,3193.0,3250.0,3198.0,3242.0,8461526.0,27503563167.0,481.0
2025-07-27,3211.0,3249.0,3153.0,3187.0,3153.0,3250.0,10500898.0,33468511113.0,661.0
2025-07-28,3125.0,3125.0,3092.0,3179.0,3092.0,3187.0,424706.0,1317010576.0,32.0
2025-07-29,3084.0,3084.0,3084.0,3147.0,3084.0,3179.0,1549473.0,4778574732.0,29.0
2025-07-30,3053.0,3098.0,3053.0,3053.0,3053.0,3147.0,16092049.0,49129788545.0,207.0
2025-08-02,2962.0,3053.0,2962.0,2985.0,2999.0,3053.0,13382655.0,39945275688.0,559.0
2025-08-03,2902.0,3071.0,2902.0,2987.0,3000.0,2985.0,3188755.0,9526475976.0,140.0
2025-08-04,3000.0,3003.0,2966.0,2986.0,2989.0,2987.0,1383078.0,4125647828.0,158.0
2025-08-05,3050.0,3050.0,2943.0,2973.0,2943.0,2986.0,2980752.0,8834201856.0,189.0
2025-08-06,2924.0,2960.0,2884.0,2887.0,2900.0,2973.0,9906589.0,28595904838.0,181.0
2025-08-09,2960.0,2969.0,2871.0,2893.0,2871.0,2887.0,2203135.0,6391327952.0,113.0
2025-08-10,2893.0,2896.0,2811.0,2868.0,2820.0,2893.0,2083007.0,5896333196.0,98.0
2025-08-11,2800.0,2888.0,2784.0,2834.0,2850.0,2868.0,2984020.0,8383000907.0,142.0
2025-08-12,2785.0,2800.0,2749.0,2768.0,2749.0,2834.0,4658174.0,12857022571.0,138.0
2025-08-13,2685.0,2686.0,2685.0,2685.0,2685.0,2768.0,7939095.0,21316586075.0,144.0
2025-08-16,2607.0,2750.0,2607.0,2692.0,2732.0,2685.0,2724231.0,7355158108.0,210.0
2025-08-17,2700.0,2772.0,2700.0,2746.0,2772.0,2692.0,3699780.0,10255182790.0,110.0
2025-08-18,2826.0,2826.0,2724.0,2749.0,2724.0,2746.0,2256349.0,6211795845.0,172.0
2025-08-19,2669.0,2817.0,2669.0,2770.0,2757.0,2749.0,4718180.0,13082559324.0,196.0
2025-08-20,2819.0,2828.0,2766.0,2782.0,2798.0,2770.0,2767644.0,7729586770.0,158.0
2025-08-23,2736.0,2865.0,2735.0,2852.0,2865.0,2782.0,4613416.0,13211954106.0,118.0
2025-08-25,2865.0,2880.0,2770.0,2836.0,2770.0,2852.0,1874470.0,5261376513.0,110.0
2025-08-26,2800.0,2820.0,2751.0,2789.0,2820.0,2836.0,5729853.0,15981107013.0,117.0
2025-08-27,2800.0,2872.0,2799.0,2870.0,2865.0,2789.0,14386533.0,41287012719.0,189.0
2025-08-30,2800.0,2839.0,2784.0,2786.0,2799.0,2870.0,12123498.0,33781501223.0,223.0
2025-08-31,2790.0,2869.0,2790.0,2830.0,2869.0,2786.0,2844260.0,8152884702.0,68.0
2025-09-02,2914.0,2914.0,2914.0,2837.0,2914.0,2830.0,452099.0,1317416486.0,25.0
2025-09-03,2922.0,2922.0,2922.0,2922.0,2922.0,2837.0,5434479.0,15879547638.0,52.0
2025-09-06,3009.0,3009.0,3009.0,3009.0,3009.0,2922.0,18742262.0,56395466358.0,155.0
2025-09-07,3046.0,3099.0,3045.0,3091.0,3099.0,3009.0,12987954.0,40141943411.0,219.0
2025-09-08,3183.0,3183.0,3183.0,3140.0,3183.0,3091.0,2749307.0,8751044181.0,37.0
2025-09-09,3234.0,3234.0,3234.0,3234.0,3234.0,3140.0,6467736.0,20916658224.0,79.0
2025-09-13,3331.0,3331.0,3331.0,3293.0,3331.0,3234.0,2831647.0,9432216157.0,44.0
2025-09-14,3391.0,3391.0,3391.0,3337.0,3391.0,3293.0,2085241.0,7071052231.0,32.0
2025-09-15,3437.0,3437.0,3241.0,3419.0,3409.0,3337.0,27088716.0,92603962482.0,327.0
2025-09-16,3360.0,3360.0,3317.0,3319.0,3317.0,3419.0,14247226.0,47286036474.0,273.0
2025-09-17,3250.0,3292.0,3220.0,3238.0,3220.0,3319.0,8280798.0,26815524422.0,241.0
2025-09-20,3141.0,3141.0,3141.0,3173.0,3141.0,3238.0,3120638.0,9801923958.0,53.0
2025-09-21,3078.0,3268.0,3078.0,3194.0,3268.0,3173.0,39337318.0,125655019389.0,617.0
2025-09-22,3289.0,3289.0,3289.0,3289.0,3289.0,3194.0,19861119.0,65323220391.0,205.0
2025-09-23,3370.0,3387.0,3289.0,3379.0,3387.0,3289.0,24354722.0,82301157073.0,407.0
2025-09-24,3337.0,3480.0,3285.0,3447.0,3480.0,3379.0,36770584.0,126737313073.0,734.0
2025-09-27,3500.0,3550.0,3500.0,3548.0,3550.0,3447.0,13489720.0,47857482480.0,237.0
2025-09-28,3654.0,3654.0,3567.0,3649.0,3654.0,3548.0,25335285.0,92439758721.0,426.0
2025-09-29,3710.0,3739.0,3540.0,3648.0,3540.0,3649.0,54288445.0,198052389241.0,1311.0
2025-09-30,3539.0,3757.0,3539.0,3682.0,3630.0,3648.0,60319735.0,222075967050.0,1383.0
2025-10-01,3574.0,3618.0,3572.0,3574.0,3572.0,3682.0,48448606.0,173133690037.0,774.0
2025-10-04,3681.0,3681.0,3681.0,3681.0,3681.0,3574.0,15828397.0,58264329357.0,204.0
2025-10-05,3790.0,3790.0,3659.0,3715.0,3732.0,3681.0,21052521.0,78216093636.0,569.0
2025-10-06,3826.0,3826.0,3626.0,3810.0,3789.0,3715.0,46358558.0,176630596705.0,624.0
2025-10-07,3810.0,3924.0,3763.0,3919.0,3924.0,3810.0,28980181.0,113573143547.0,458.0
2025-10-08,4036.0,4036.0,3866.0,3957.0,3900.0,3919.0,20961104.0,82950893440.0,487.0
2025-10-11,3970.0,4075.0,3970.0,4067.0,4075.0,3957.0,35529573.0,144502636703.0,482.0
2025-10-12,4099.0,4189.0,4099.0,4188.0,4189.0,4067.0,13738158.0,57536577959.0,205.0
2025-10-13,4313.0,4313.0,4221.0,4305.0,4274.0,4188.0,40025588.0,172296171339.0,610.0
2025-10-14,4370.0,4430.0,4180.0,4274.0,4210.0,4305.0,24047919.0,102783242704.0,870.0
2025-10-15,4300.0,4380.0,4146.0,4230.0,4380.0,4274.0,16903271.0,71505449532.0,498.0
2025-10-18,4356.0,4356.0,4306.0,4354.0,4347.0,4230.0,20361733.0,88662497619.0,469.0
2025-10-19,4404.0,4433.0,4224.0,4291.0,4224.0,4354.0,22996533.0,98671903619.0,1533.0
2025-10-20,4163.0,4345.0,4163.0,4243.0,4200.0,4291.0,12383154.0,52546449464.0,933.0
2025-10-21,4300.0,4317.0,4208.0,4248.0,4294.0,4243.0,8977201.0,38139322768.0,419.0
2025-10-22,4369.0,4369.0,4121.0,4138.0,4121.0,4248.0,38598413.0,159738805887.0,1258.0
2025-10-25,4138.0,4138.0,4014.0,4029.0,4014.0,4138.0,22823595.0,91950130298.0,1680.0
2025-10-26,4035.0,4149.0,4035.0,4143.0,4149.0,4029.0,7065501.0,29270236811.0,209.0
2025-10-27,4082.0,4267.0,4082.0,4221.0,4240.0,4143.0,5359925.0,22622619453.0,276.0
2025-10-28,4214.0,4347.0,4214.0,4329.0,4347.0,4221.0,32828206.0,142097760059.0,574.0
2025-10-29,4458.0,4458.0,4458.0,4458.0,4458.0,4329.0,26042595.0,116097888510.0,261.0
2025-11-01,4591.0,4591.0,4524.0,4591.0,4589.0,4458.0,65662235.0,301447417190.0,815.0
2025-11-02,4600.0,4650.0,4505.0,4592.0,4620.0,4591.0,17799667.0,81728475683.0,619.0
2025-11-03,4560.0,4640.0,4455.0,4520.0,4455.0,4592.0,20157630.0,91111958120.0,603.0
2025-11-04,4386.0,4386.0,4385.0,4385.0,4385.0,4520.0,4507361.0,19764790485.0,233.0
2025-11-05,4254.0,4320.0,4254.0,4257.0,4280.0,4385.0,16250417.0,69178163810.0,490.0
2025-11-08,4359.0,4359.0,4150.0,4237.0,4162.0,4257.0,4115429.0,17435224975.0,229.0
2025-11-09,4270.0,4270.0,4110.0,4111.0,4110.0,4237.0,21165318.0,87007817153.0,304.0
2025-11-10,4033.0,4234.0,4033.0,4202.0,4234.0,4111.0,22358865.0,93959324035.0,671.0
2025-11-11,4291.0,4305.0,4076.0,4155.0,4150.0,4202.0,6131897.0,25480848182.0,245.0
2025-11-12,4041.0,4149.0,4031.0,4059.0,4089.0,4155.0,7968261.0,32340128586.0,431.0
2025-11-15,4006.0,4105.0,3940.0,4019.0,3998.0,4059.0,7279877.0,29256664802.0,383.0
2025-11-16,4000.0,4138.0,4000.0,4076.0,4123.0,4019.0,8710453.0,35502603726.0,329.0
2025-11-17,4137.0,4138.0,3955.0,4035.0,4000.0,4076.0,6956614.0,28067627143.0,381.0
2025-11-18,3970.0,4024.0,3925.0,3974.0,3998.0,4035.0,9084921.0,36103558658.0,460.0
2025-11-19,4015.0,4016.0,3910.0,3944.0,4000.0,3974.0,10944522.0,43163113197.0,365.0
2025-11-22,4000.0,4062.0,4000.0,4057.0,4062.0,3944.0,22179755.0,89981864617.0,394.0
2025-11-23,4129.0,4178.0,4024.0,4168.0,4178.0,4057.0,13608817.0,56722526039.0,406.0
2025-11-25,4168.0,4293.0,4066.0,4156.0,4130.0,4168.0,16034811.0,66633484923.0,503.0
2025-11-26,4220.0,4220.0,4080.0,4107.0,4081.0,4156.0,8596994.0,35306609932.0,350.0
2025-11-29,4200.0,4230.0,4137.0,4193.0,4193.0,4107.0,10740507.0,45031439965.0,299.0
2025-11-30,4218.0,4318.0,4110.0,4305.0,4318.0,4193.0,28359777.0,122098145593.0,351.0
2025-12-01,4434.0,4434.0,4391.0,4431.0,4434.0,4305.0,27332345.0,121117094803.0,603.0
2025-12-02,4531.0,4531.0,4331.0,4401.0,4369.0,4431.0,6038903.0,26578252765.0,291.0
2025-12-03,4400.0,4533.0,4366.0,4505.0,4533.0,4401.0,19995709.0,90090049397.0,474.0
2025-12-06,4640.0,4640.0,4600.0,4638.0,4640.0,4505.0,24594219.0,114079214020.0,359.0
2025-12-07,4747.0,4777.0,4596.0,4699.0,4675.0,4638.0,19718017.0,92661022263.0,659.0
2025-12-08,4602.0,4839.0,4602.0,4829.0,4839.0,4699.0,9484595.0,45796518376.0,238.0
2025-12-09,4973.0,4973.0,4860.0,4967.0,4973.0,4829.0,37819556.0,187855070978.0,727.0
2025-12-10,5066.0,5116.0,5002.0,5108.0,5116.0,4967.0,18816409.0,96119291496.0,300.0
2025-12-13,5260.0,5260.0,5260.0,5260.0,5260.0,5108.0,4773789.0,25110130140.0,151.0
2025-12-14,5410.0,5410.0,5270.0,5400.0,5410.0,5260.0,45170626.0,243720645770.0,1163.0
2025-12-15,5400.0,5560.0,5400.0,5550.0,5560.0,5400.0,24573369.0,136396037430.0,727.0
2025-12-16,5550.0,5710.0,5390.0,5480.0,5390.0,5550.0,24398174.0,133624413300.0,815.0
2025-12-17,5320.0,5440.0,5320.0,5320.0,5390.0,5480.0,54909660.0,292341605340.0,1170.0
2025-12-20,5390.0,5470.0,5340.0,5420.0,5470.0,5320.0,32049254.0,173686070740.0,989.0
2025-12-21,5550.0,5580.0,5440.0,5550.0,5490.0,5420.0,17345317.0,96206107620.0,655.0
2025-12-22,5560.0,5710.0,5430.0,5680.0,5550.0,5550.0,17920951.0,101735137060.0,645.0
2025-12-23,5800.0,5850.0,5520.0,5720.0,5790.0,5680.0,13361519.0,76375254590.0,518.0
2025-12-24,5800.0,5890.0,5800.0,5890.0,5890.0,5720.0,17908218.0,105469961430.0,453.0
2025-12-27,6060.0,6060.0,5720.0,5790.0,5720.0,5890.0,22478535.0,130148272610.0,872.0
2025-12-28,5620.0,5800.0,5620.0,5630.0,5700.0,5790.0,35063748.0,197389792270.0,1288.0
2025-12-29,5740.0,5740.0,5470.0,5530.0,5470.0,5630.0,27575071.0,152455134360.0,742.0
2025-12-30,5370.0,5370.0,5370.0,5370.0,5370.0,5530.0,832861.0,4472463570.0,55.0
2025-12-31,5210.0,5530.0,5210.0,5300.0,5210.0,5370.0,25794663.0,136725746800.0,689.0
2026-01-04,5450.0,5450.0,5150.0,5340.0,5450.0,5300.0,17936960.0,95856236660.0,573.0
2026-01-05,5500.0,5500.0,5500.0,5500.0,5500.0,5340.0,55701677.0,306359223500.0,703.0
2026-01-06,5660.0,5660.0,5660.0,5660.0,5660.0,5500.0,21748377.0,123095813820.0,311.0
2026-01-07,5820.0,5820.0,5710.0,5820.0,5820.0,5660.0,65711093.0,382407928740.0,1165.0
2026-01-10,5650.0,5930.0,5650.0,5700.0,5650.0,5820.0,45446459.0,258955501940.0,844.0
2026-01-11,5760.0,5870.0,5760.0,5870.0,5870.0,5700.0,13916461.0,81679582540.0,306.0
2026-01-12,6040.0,6040.0,5950.0,6040.0,6000.0,5870.0,89241996.0,538933033740.0,1224.0
2026-01-13,6220.0,6220.0,5860.0,6080.0,5870.0,6040.0,41411634.0,251667991810.0,1120.0
2026-01-14,5900.0,6020.0,5900.0,5920.0,5900.0,6080.0,35457993.0,209738895120.0,635.0
2026-01-18,6090.0,6090.0,5770.0,6060.0,6020.0,5920.0,57210887.0,346675914440.0,1224.0
2026-01-19,5980.0,6170.0,5880.0,5910.0,5890.0,6060.0,38835981.0,229490871960.0,1140.0
2026-01-20,5800.0,5800.0,5740.0,5740.0,5740.0,5910.0,48036061.0,275798269100.0,1075.0
2026-01-21,5910.0,5910.0,5910.0,5910.0,5910.0,5740.0,43605372.0,257707748520.0,651.0
2026-01-24,5990.0,5990.0,5740.0,5760.0,5740.0,5910.0,43322613.0,249591214520.0,919.0
2026-01-25,5620.0,5780.0,5590.0,5590.0,5590.0,5760.0,35695560.0,199714300130.0,764.0
2026-01-26,5430.0,5430.0,5430.0,5430.0,5430.0,5590.0,2000487.0,10862644410.0,79.0
2026-01-27,5270.0,5590.0,5270.0,5530.0,5580.0,5430.0,39366658.0,217866086130.0,895.0
2026-01-28,5640.0,5690.0,5630.0,5690.0,5690.0,5530.0,20445813.0,116309564450.0,441.0
2026-01-31,5860.0,5860.0,5520.0,5680.0,5530.0,5690.0,24367035.0,138478670900.0,750.0
2026-02-01,5700.0,5850.0,5700.0,5840.0,5850.0,5680.0,20165923.0,117867339510.0,507.0
2026-02-02,6010.0,6010.0,6010.0,6010.0,6010.0,5840.0,14510764.0,87209691640.0,219.0
2026-02-03,6160.0,6160.0,5900.0,6050.0,5970.0,6010.0,30095897.0,182219861070.0,1076.0
2026-02-07,6230.0,6230.0,6110.0,6210.0,6200.0,6050.0,25937467.0,161023395200.0,727.0
2026-02-08,6360.0,6360.0,6030.0,6040.0,6030.0,6210.0,19197532.0,115967735690.0,511.0
2026-02-09,5860.0,5860.0,5860.0,5860.0,5860.0,6040.0,2230459.0,13070489740.0,81.0
2026-02-10,5690.0,5790.0,5690.0,5690.0,5690.0,5860.0,25327714.0,144230383100.0,609.0
2026-02-14,5860.0,5860.0,5520.0,5610.0,5520.0,5690.0,3483258.0,19537470050.0,203.0
2026-02-15,5450.0,5450.0,5450.0,5450.0,5450.0,5610.0,1025653.0,5589808850.0,76.0
2026-02-16,5290.0,5550.0,5290.0,5340.0,5540.0,5450.0,7929645.0,42355394180.0,329.0
2026-02-17,5400.0,5500.0,5400.0,5500.0,5500.0,5340.0,32790235.0,180208842350.0,554.0
2026-02-18,5660.0,5660.0,5540.0,5650.0,5660.0,5500.0,18183015.0,102667970910.0,497.0
2026-02-21,5490.0,5490.0,5490.0,5490.0,5490.0,5650.0,1877772.0,10308968280.0,64.0
2026-02-22,5330.0,5480.0,5330.0,5350.0,5470.0,5490.0,21137432.0,113017101570.0,523.0
2026-02-23,5480.0,5510.0,5420.0,5510.0,5510.0,5350.0,11116539.0,61205910630.0,361.0
2026-02-24,5510.0,5630.0,5350.0,5430.0,5430.0,5510.0,7611027.0,41332869440.0,276.0
2026-05-23,5050.0,5201.0,5050.0,5086.0,5201.0,3880.0,145018326.0,737611123912.0,763.0
2026-05-24,5238.0,5238.0,5238.0,5238.0,5238.0,5086.0,5527639.0,28953773082.0,74.0
2026-05-25,5395.0,5395.0,5395.0,5395.0,5395.0,5238.0,43369795.0,233980044025.0,332.0
2026-05-26,5556.0,5556.0,5556.0,5556.0,5556.0,5395.0,2046674.0,11371320744.0,47.0
2026-05-30,5720.0,5720.0,5720.0,5720.0,5720.0,5556.0,399262.0,2283778640.0,40.0
2026-05-31,5890.0,5890.0,5890.0,5890.0,5890.0,5720.0,3604895.0,21232831550.0,71.0
2026-06-01,6060.0,6060.0,6060.0,6060.0,6060.0,5890.0,7275948.0,44092244880.0,130.0
2026-06-02,6240.0,6240.0,6240.0,6240.0,6240.0,6060.0,2065628.0,12889518720.0,74.0
2026-06-03,6420.0,6420.0,6420.0,6420.0,6420.0,6240.0,5034651.0,32322459420.0,117.0
2026-06-06,6610.0,6610.0,6610.0,6610.0,6610.0,6420.0,3546592.0,23442973120.0,91.0
2026-06-07,6800.0,6800.0,6800.0,6800.0,6800.0,6610.0,2010594.0,13672039200.0,64.0
2026-06-08,7000.0,7000.0,6780.0,6990.0,7000.0,6800.0,130314370.0,911447253860.0,1961.0
2026-06-09,7190.0,7190.0,7190.0,7190.0,7190.0,6990.0,1516865.0,10906259350.0,44.0
2026-06-10,7400.0,7400.0,7400.0,7400.0,7400.0,7190.0,1220145.0,9029073000.0,62.0
2026-06-13,7620.0,7620.0,7620.0,7620.0,7620.0,7400.0,2134555.0,16265309100.0,73.0
2026-06-14,7840.0,7840.0,7840.0,7840.0,7840.0,7620.0,4000.0,31360000.0,2.0
2026-06-23,7420.0,7420.0,7390.0,7420.0,7420.0,7210.0,115442025.0,856492224960.0,1681.0
2026-06-27,7640.0,7640.0,7410.0,7600.0,7500.0,7420.0,71927434.0,546442854170.0,2054.0
2026-06-28,7380.0,7540.0,7380.0,7390.0,7380.0,7600.0,64345361.0,475492243890.0,1375.0
2026-06-29,7290.0,7610.0,7290.0,7530.0,7610.0,7390.0,42602858.0,320746382340.0,978.0
2026-06-30,7700.0,7750.0,7570.0,7710.0,7750.0,7530.0,24329960.0,187548050870.0,783.0
2026-07-01,7820.0,7940.0,7640.0,7930.0,7940.0,7710.0,57650174.0,457263453390.0,734.0
2026-07-07,8160.0,8160.0,8160.0,8160.0,8160.0,7930.0,3842089.0,31351446240.0,93.0
2026-07-08,8400.0,8400.0,7920.0,8250.0,7920.0,8160.0,68014114.0,561295975650.0,1414.0
2026-07-11,8010.0,8490.0,8010.0,8170.0,8450.0,8250.0,47147745.0,384981534380.0,1411.0
2026-07-12,7930.0,7930.0,7930.0,7930.0,7930.0,8170.0,4088611.0,32422685230.0,143.0
2026-07-13,7700.0,8160.0,7700.0,8010.0,8160.0,7930.0,22762715.0,182315171840.0,698.0
2026-07-14,8250.0,8250.0,8050.0,8240.0,8250.0,8010.0,16596301.0,136751395020.0,346.0
2026-07-15,8480.0,8480.0,8190.0,8440.0,8370.0,8240.0,36315765.0,306400196330.0,755.0
2026-07-18,8190.0,8190.0,8190.0,8190.0,8190.0,8440.0,8733122.0,71524269180.0,160.0
2026-07-19,7960.0,8430.0,7960.0,8370.0,8430.0,8190.0,40858778.0,342097397920.0,631.0
2026-07-20,8620.0,8620.0,8620.0,8620.0,8620.0,8370.0,9242468.0,79670074160.0,115.0
2026-07-21,8870.0,8870.0,8870.0,8870.0,8870.0,8620.0,3688866.0,32720241420.0,70.0
2026-07-22,9130.0,9130.0,9130.0,9130.0,9130.0,8870.0,3178292.0,29017805960.0,92.0
2026-07-25,9400.0,9400.0,9400.0,9400.0,9400.0,9130.0,2023956.0,19025186400.0,71.0
2026-07-26,9680.0,9680.0,9680.0,9680.0,9680.0,9400.0,1550317.0,15007068560.0,45.0
2026-07-27,9970.0,9970.0,9970.0,9970.0,9970.0,9680.0,1574316.0,15695930520.0,65.0
2026-07-28,10260.0,10260.0,10260.0,10260.0,10260.0,9970.0,1227532.0,12594478320.0,43.0
2026-07-29,10560.0,10560.0,10550.0,10560.0,10560.0,10260.0,155068834.0,1637524747300.0,1905.0
2026-08-01,10870.0,10870.0,10250.0,10600.0,10250.0,10560.0,121561370.0,1288945588530.0,4672.0
2026-08-02,10600.0,10820.0,10290.0,10340.0,10430.0,10600.0,97035202.0,1003688016090.0,3754.0
2026-08-03,10630.0,10650.0,10570.0,10640.0,10650.0,10340.0,24231293.0,257924465800.0,742.0
2026-08-05,10950.0,10950.0,10790.0,10950.0,10950.0,10640.0,39637273.0,433948190530.0,1341.0
2026-08-08,11270.0,11270.0,11040.0,11270.0,11270.0,10950.0,39149179.0,441091268590.0,1362.0
2026-08-09,11580.0,11580.0,10940.0,11070.0,10940.0,11270.0,44129558.0,488655202340.0,1952.0
2026-08-10,10800.0,11390.0,10790.0,11020.0,10960.0,11070.0,31452764.0,346598910360.0,2152.0
2026-08-11,11350.0,11350.0,10690.0,10870.0,10740.0,11020.0,33843894.0,367727968900.0,2108.0
2026-08-15,10710.0,10830.0,10550.0,10560.0,10550.0,10870.0,8908942.0,94089219900.0,497.0
2026-08-16,10250.0,10870.0,10250.0,10450.0,10740.0,10560.0,71401036.0,746471220750.0,2487.0
2026-08-17,10760.0,10760.0,10550.0,10740.0,10760.0,10450.0,47854269.0,514159096450.0,1699.0
2026-08-18,10800.0,10840.0,10420.0,10530.0,10420.0,10740.0,53967687.0,568189889060.0,2307.0
2026-08-19,10500.0,10760.0,10230.0,10520.0,10540.0,10530.0,20556495.0,216227772430.0,1257.0
2026-08-22,10810.0,10830.0,10550.0,10800.0,10680.0,10520.0,58812702.0,635203418840.0,2033.0
2026-08-23,11120.0,11120.0,10880.0,11110.0,11120.0,10800.0,140147654.0,1556498832510.0,4815.0
2026-08-24,11150.0,11420.0,10860.0,11120.0,11100.0,11110.0,44016527.0,489526607240.0,2509.0
2026-08-25,11390.0,11450.0,11130.0,11430.0,11450.0,11120.0,33578896.0,383684651310.0,1707.0
2026-08-26,11770.0,11770.0,11770.0,11770.0,11770.0,11430.0,8608899.0,101326741230.0,434.0
2026-08-29,12120.0,12120.0,11820.0,12040.0,12120.0,11770.0,25246132.0,303904106010.0,1532.0
2026-08-31,12300.0,12400.0,11710.0,12340.0,12400.0,12040.0,55665873.0,686680983450.0,3119.0
2026-09-01,12350.0,12500.0,12100.0,12180.0,12180.0,12340.0,1250000.0,15225000000.0,340.0
