date,open,high,low,close,last,yesterday,volume,value,trades
2013-04-16,7500.0,7500.0,7500.0,7500.0,7500.0,1000.0,1400000.0,10500000000.0,1.0
2013-04-17,7700.0,7800.0,7680.0,7788.0,7800.0,7500.0,79684517.0,620595738957.0,8176.0
2013-04-20,7900.0,7940.0,7560.0,7754.0,7604.0,7788.0,30366404.0,235468238335.0,5599.0
2013-04-21,7609.0,7849.0,7520.0,7713.0,7840.0,7754.0,36871260.0,284391672389.0,4884.0
2013-04-22,7950.0,8021.0,7903.0,8003.0,8021.0,7713.0,10496140.0,83996412783.0,890.0
2013-04-23,8323.0,8323.0,8323.0,8054.0,8323.0,8003.0,1184636.0,9859725428.0,164.0
2013-04-24,8376.0,8376.0,8376.0,8106.0,8376.0,8054.0,1200750.0,10057482000.0,154.0
2013-04-27,8430.0,8430.0,8430.0,8127.0,8430.0,8106.0,490978.0,4138944540.0,107.0
2013-04-28,8452.0,8452.0,8452.0,8181.0,8452.0,8127.0,1224586.0,10350200872.0,119.0
2013-04-29,8508.0,8508.0,8508.0,8197.0,8508.0,8181.0,369499.0,3143697492.0,65.0
2013-04-30,8524.0,8524.0,8524.0,8223.0,8524.0,8197.0,590511.0,5033515764.0,107.0
2013-05-01,8551.0,8551.0,8551.0,8257.0,8551.0,8223.0,778980.0,6661057980.0,82.0
2013-05-04,8587.0,8587.0,8587.0,8286.0,8587.0,8257.0,664311.0,5704438557.0,124.0
2013-05-05,8617.0,8617.0,8617.0,8317.0,8617.0,8286.0,686204.0,5913019868.0,106.0
2013-05-06,8649.0,8649.0,8649.0,8649.0,8649.0,8317.0,8837712.0,76437371088.0,237.0
2013-05-07,8994.0,8994.0,8994.0,8994.0,8994.0,8649.0,9446411.0,84961020534.0,243.0
2013-05-08,9353.0,9353.0,9100.0,9315.0,9171.0,8994.0,186234243.0,1734847547056.0,13128.0
2013-05-11,9299.0,9687.0,9104.0,9453.0,9687.0,9315.0,48991087.0,463124906612.0,5708.0
2013-05-12,9831.0,9831.0,9550.0,9815.0,9831.0,9453.0,67650444.0,663999240839.0,4753.0
2013-05-13,9900.0,10207.0,9820.0,10093.0,10000.0,9815.0,39811901.0,401820243596.0,4206.0
2013-05-14,9989.0,10000.0,9690.0,9735.0,9709.0,10093.0,35654854.0,347082682733.0,3501.0
2013-05-15,9930.0,10124.0,9400.0,9886.0,9690.0,9735.0,44506577.0,440002985590.0,4805.0
2013-05-18,9511.0,9590.0,9491.0,9584.0,9491.0,9886.0,5793642.0,55027107205.0,516.0
2013-05-19,9201.0,9479.0,9201.0,9227.0,9450.0,9584.0,63548067.0,586387421609.0,5327.0
2013-05-20,9200.0,9398.0,9121.0,9243.0,9151.0,9227.0,16182852.0,149576950818.0,3029.0
2013-05-21,9002.0,9100.0,8874.0,8943.0,8954.0,9243.0,22660069.0,202654011108.0,3206.0
2013-05-22,8700.0,9187.0,8600.0,8918.0,9140.0,8943.0,11716805.0,104496320496.0,2135.0
2013-05-25,9200.0,9274.0,9151.0,9022.0,9274.0,8918.0,2253471.0,20868406595.0,320.0
2013-05-26,9382.0,9382.0,9382.0,9101.0,9382.0,9022.0,1639309.0,15379997038.0,137.0
2013-05-27,9465.0,9465.0,9465.0,9465.0,9465.0,9101.0,11151713.0,105550963545.0,491.0
2013-05-28,9700.0,9843.0,9600.0,9761.0,9843.0,9465.0,32906750.0,321203274515.0,3413.0
2013-05-29,9905.0,10151.0,9905.0,10135.0,10151.0,9761.0,29467222.0,298639882574.0,2550.0
2013-06-01,10140.0,10400.0,9730.0,9933.0,9730.0,10135.0,25834272.0,256616303881.0,2324.0
2013-06-02,9670.0,9950.0,9670.0,9818.0,9817.0,9933.0,21119559.0,207350107762.0,2779.0
2013-06-03,9860.0,10210.0,9777.0,10083.0,10210.0,9818.0,32980495.0,332547939133.0,3301.0
2013-06-08,10370.0,10370.0,10059.0,10255.0,10260.0,10083.0,23856349.0,244640607977.0,2722.0
2013-06-09,10250.0,10250.0,9845.0,9963.0,9845.0,10255.0,18789866.0,187205502920.0,2860.0
2013-06-10,9700.0,9997.0,9611.0,9772.0,9660.0,9963.0,18502757.0,180809000445.0,3455.0
2013-06-11,9776.0,9900.0,9530.0,9619.0,9560.0,9772.0,12663180.0,121800986652.0,2704.0
2013-06-12,9598.0,9598.0,9351.0,9452.0,9448.0,9619.0,16370437.0,154727504944.0,2253.0
2013-06-15,9830.0,9830.0,9800.0,9618.0,9830.0,9452.0,3275925.0,32201588090.0,372.0
2013-06-16,10002.0,10002.0,9752.0,9979.0,9989.0,9618.0,29804682.0,297416118693.0,2421.0
2013-06-17,10000.0,10005.0,9750.0,9913.0,9860.0,9979.0,12362082.0,122540998186.0,1660.0
2013-06-18,9900.0,9938.0,9740.0,9801.0,9768.0,9913.0,12601329.0,123504448505.0,1592.0
2013-06-19,9761.0,9870.0,9700.0,9755.0,9718.0,9801.0,9869644.0,96280949256.0,1503.0
2013-06-22,9821.0,9821.0,9365.0,9433.0,9365.0,9755.0,18811507.0,177440387961.0,2031.0
2013-06-23,9208.0,9500.0,9208.0,9387.0,9290.0,9433.0,7689130.0,72177021730.0,1205.0
2013-06-25,9401.0,9450.0,9251.0,9344.0,9370.0,9387.0,4742291.0,44197583957.0,944.0
2013-06-26,9475.0,9717.0,9412.0,9675.0,9717.0,9344.0,9151196.0,88538161290.0,1325.0
2013-06-29,9870.0,10020.0,9770.0,9916.0,9850.0,9675.0,10238979.0,101526115133.0,1549.0
2013-06-30,9950.0,10010.0,9750.0,9933.0,9950.0,9916.0,14371785.0,142752609618.0,1828.0
2013-07-01,9950.0,10300.0,9862.0,10103.0,10029.0,9933.0,11851191.0,119735996486.0,1834.0
2013-07-02,10052.0,10057.0,9740.0,9879.0,9797.0,10103.0,7584617.0,74928452029.0,1234.0
2013-07-03,9750.0,9949.0,9711.0,9820.0,9773.0,9879.0,15485412.0,152071282187.0,2297.0
2013-07-06,9900.0,10212.0,9880.0,10159.0,10212.0,9820.0,13072342.0,132797212207.0,1276.0
2013-07-07,10565.0,10565.0,10159.0,10515.0,10565.0,10159.0,36665305.0,385530040273.0,3688.0
2013-07-08,10580.0,10580.0,10240.0,10405.0,10251.0,10515.0,8871000.0,92299125530.0,1261.0
2013-07-09,10300.0,10390.0,10054.0,10180.0,10144.0,10405.0,11155213.0,113563809046.0,1464.0
2013-07-29,8700.0,9000.0,8700.0,8860.0,8890.0,10180.0,31372446.0,277944277919.0,2061.0
2013-07-31,8810.0,9098.0,8700.0,8863.0,8790.0,8860.0,15634029.0,138556807188.0,2337.0
2013-08-03,8850.0,8850.0,8509.0,8603.0,8512.0,8863.0,20476274.0,176163064180.0,2248.0
2013-08-04,8402.0,8510.0,8321.0,8390.0,8452.0,8603.0,15395336.0,129168581907.0,1262.0
2013-08-05,8533.0,8725.0,8533.0,8666.0,8725.0,8390.0,6722424.0,58456206202.0,492.0
2013-08-06,8990.0,9012.0,8870.0,8986.0,9012.0,8666.0,15166794.0,136285766634.0,1462.0
2013-08-07,9200.0,9300.0,8902.0,9012.0,8998.0,8986.0,12460440.0,112294498445.0,1579.0
2013-08-11,9285.0,9372.0,9150.0,9321.0,9365.0,9012.0,9350627.0,87160077842.0,1251.0
2013-08-12,9370.0,9569.0,9290.0,9396.0,9350.0,9321.0,12211486.0,114740242348.0,1158.0
2013-08-13,9355.0,9450.0,9021.0,9109.0,9064.0,9396.0,7818385.0,71215236033.0,923.0
2013-08-17,9473.0,9473.0,9330.0,9463.0,9350.0,9109.0,16548816.0,156607143160.0,1046.0
2013-08-18,9378.0,9378.0,9086.0,9295.0,9151.0,9463.0,3984045.0,36452528444.0,596.0
2013-08-19,9250.0,9399.0,9130.0,9248.0,9219.0,9295.0,4008184.0,36908352546.0,533.0
2013-08-20,9250.0,9250.0,8880.0,9122.0,9029.0,9248.0,3379022.0,30315021686.0,572.0
2013-08-21,9037.0,9200.0,8935.0,9092.0,9100.0,9122.0,4658628.0,42274247802.0,453.0
2013-08-24,9100.0,9199.0,8970.0,9077.0,9000.0,9092.0,5696162.0,51676985377.0,536.0
2013-08-25,9040.0,9040.0,8900.0,8975.0,8920.0,9077.0,9053940.0,81261131925.0,735.0
2013-08-26,8900.0,9199.0,8853.0,9020.0,9150.0,8975.0,9362683.0,84449834632.0,867.0
2013-08-27,9200.0,9260.0,8880.0,9052.0,8900.0,9020.0,9960360.0,90163961665.0,768.0
2013-08-28,8700.0,8869.0,8690.0,8707.0,8720.0,9052.0,13362506.0,116349499986.0,924.0
2013-08-31,8726.0,8980.0,8726.0,8742.0,8950.0,8707.0,1658130.0,14699882983.0,296.0
2013-09-01,9078.0,9091.0,8833.0,9088.0,9091.0,8742.0,9519926.0,86514338494.0,503.0
2013-09-03,9350.0,9351.0,9001.0,9147.0,9272.0,9088.0,3719282.0,34240046039.0,513.0
2013-09-04,9099.0,9099.0,8782.0,8812.0,8782.0,9147.0,16465858.0,145102637414.0,1048.0
2013-09-07,8602.0,9090.0,8602.0,8822.0,8813.0,8812.0,1733860.0,15350694057.0,378.0
2013-09-08,8899.0,9050.0,8851.0,8857.0,9048.0,8822.0,1445168.0,13012824569.0,307.0
2013-09-09,9050.0,9100.0,8916.0,8897.0,8916.0,8857.0,1669020.0,15076834480.0,262.0
2013-09-10,9130.0,9252.0,9130.0,9153.0,9252.0,8897.0,5415193.0,50082955311.0,561.0
2013-09-11,9519.0,9519.0,9452.0,9518.0,9519.0,9153.0,10183867.0,96934152091.0,865.0
2013-09-14,9663.0,9798.0,9364.0,9569.0,9760.0,9518.0,3078556.0,29677995956.0,669.0
2013-09-15,9750.0,9916.0,9720.0,9830.0,9720.0,9569.0,7454742.0,73279761521.0,796.0
2013-09-16,9720.0,9917.0,9652.0,9819.0,9830.0,9830.0,3875988.0,38016080524.0,488.0
2013-09-17,9900.0,10211.0,9900.0,10074.0,10211.0,9819.0,5140778.0,52370260937.0,522.0
2013-09-18,10476.0,10476.0,10476.0,10457.0,10476.0,10074.0,7090006.0,74274902856.0,277.0
2013-09-21,10875.0,10875.0,10875.0,10712.0,10875.0,10457.0,4535775.0,49326553125.0,179.0
2013-09-22,10700.0,10700.0,10284.0,10530.0,10614.0,10712.0,25905626.0,272791459691.0,1932.0
2013-09-23,10730.0,10951.0,10699.0,10710.0,10951.0,10530.0,3401744.0,37159392139.0,347.0
2013-09-24,11138.0,11138.0,10925.0,11128.0,11138.0,10710.0,26605760.0,296059364857.0,1589.0
2013-09-25,11350.0,11573.0,11129.0,11462.0,11573.0,11128.0,10627432.0,121806784694.0,930.0
2013-09-28,11920.0,11920.0,11920.0,11542.0,11920.0,11462.0,1292188.0,15402880960.0,70.0
2013-09-29,12003.0,12003.0,12003.0,12003.0,12003.0,11542.0,9915235.0,119012565705.0,326.0
2013-09-30,12250.0,12483.0,12200.0,12417.0,12483.0,12003.0,39028743.0,484600553742.0,2740.0
2013-10-01,12550.0,12913.0,12303.0,12815.0,12913.0,12417.0,19946636.0,255612312953.0,2563.0
2013-10-02,13000.0,13298.0,12801.0,13011.0,12988.0,12815.0,10346135.0,134613897610.0,2064.0
2013-10-05,12950.0,12990.0,12491.0,12692.0,12530.0,13011.0,12224058.0,155148202325.0,1958.0
2013-10-06,12690.0,12690.0,12340.0,12542.0,12600.0,12692.0,10387521.0,130279526321.0,1523.0
2013-10-07,12697.0,13043.0,12506.0,12919.0,13043.0,12542.0,8754115.0,113098187210.0,997.0
2013-10-08,13435.0,13435.0,13100.0,13434.0,13435.0,12919.0,12755637.0,171363174891.0,905.0
2013-10-09,13899.0,13971.0,13751.0,13869.0,13971.0,13434.0,6299052.0,87857347602.0,521.0
2013-10-12,14423.0,14423.0,14423.0,13994.0,14423.0,13869.0,1682364.0,24264735972.0,91.0
2013-10-13,14553.0,14553.0,14423.0,14551.0,14553.0,13994.0,71097309.0,1034570078820.0,4221.0
2013-10-14,14555.0,15133.0,14450.0,14973.0,14998.0,14551.0,31201990.0,467184382833.0,3845.0
2013-10-15,15133.0,15571.0,15101.0,15541.0,15571.0,14973.0,27617372.0,429206668155.0,2977.0
2013-10-19,16000.0,16157.0,15000.0,15716.0,15070.0,15541.0,20579555.0,323426909961.0,4958.0
2013-10-20,15120.0,15400.0,15088.0,15163.0,15250.0,15716.0,30570752.0,463537745965.0,3324.0
2013-10-26,15052.0,15080.0,14450.0,14643.0,14450.0,15090.0,14977108.0,219314558544.0,5028.0
2013-10-27,14299.0,14500.0,14058.0,14079.0,14058.0,14643.0,7342146.0,103318488595.0,1987.0
2013-10-28,13802.0,14190.0,13580.0,13923.0,13930.0,14079.0,10600411.0,147588401639.0,1616.0
2013-10-29,14000.0,14479.0,13999.0,14372.0,14469.0,13923.0,10019493.0,143996750461.0,1353.0
2013-10-30,14799.0,14946.0,14700.0,14695.0,14946.0,14372.0,4425753.0,66005393605.0,492.0
2013-11-02,15282.0,15282.0,14900.0,15249.0,15282.0,14695.0,16748746.0,255399644407.0,2249.0
2013-11-03,15577.0,15858.0,15440.0,15822.0,15650.0,15249.0,17844198.0,282327444664.0,1991.0
2013-11-04,15351.0,16391.0,15351.0,15930.0,15790.0,15822.0,14257244.0,227116013171.0,1942.0
2013-11-05,16005.0,16567.0,16005.0,16467.0,16567.0,15930.0,8168779.0,134511933132.0,1213.0
2013-11-06,17124.0,17125.0,17000.0,17116.0,17125.0,16467.0,7350299.0,125862899823.0,545.0
2013-11-09,17800.0,17800.0,17250.0,17725.0,17550.0,17116.0,29636929.0,525320489515.0,3498.0
2013-11-10,17300.0,17990.0,17062.0,17501.0,17250.0,17725.0,10615007.0,185774820198.0,2187.0
2013-11-11,17010.0,17350.0,16811.0,17107.0,16823.0,17501.0,7883838.0,134869201738.0,1769.0
2013-11-12,17000.0,17630.0,16810.0,17249.0,17500.0,17107.0,6431431.0,111078165551.0,1715.0
2013-11-16,17800.0,17938.0,17601.0,17674.0,17938.0,17249.0,4752018.0,85128047065.0,635.0
2013-11-17,18200.0,18379.0,17529.0,18000.0,17610.0,17674.0,10083291.0,181496306086.0,2217.0
2013-11-18,17787.0,18400.0,17600.0,18006.0,17612.0,18000.0,6614595.0,119110517354.0,1607.0
2013-11-19,17750.0,18190.0,17505.0,17829.0,17600.0,18006.0,5011537.0,88919624321.0,1504.0
2013-11-20,17401.0,17800.0,17130.0,17412.0,17240.0,17829.0,6501428.0,112816579490.0,1861.0
2013-11-23,17510.0,17888.0,16750.0,17087.0,16799.0,17412.0,9802945.0,167504316293.0,2243.0
2013-11-24,17490.0,17545.0,16800.0,17313.0,17290.0,17087.0,16823414.0,291266919781.0,3949.0
2013-11-25,17000.0,17400.0,16621.0,16788.0,16621.0,17313.0,22494468.0,377641914491.0,3786.0
2013-11-26,16600.0,17350.0,16251.0,16712.0,16335.0,16788.0,12410280.0,207405315743.0,3144.0
2013-11-27,16801.0,16899.0,16180.0,16399.0,16231.0,16712.0,19776334.0,324321865643.0,2525.0
2013-11-30,16700.0,17054.0,16301.0,16924.0,17054.0,16399.0,12080461.0,204448281683.0,1345.0
2013-12-01,17500.0,17599.0,16248.0,17064.0,16400.0,16924.0,13052982.0,222742597204.0,2635.0
2013-12-02,16590.0,16800.0,16382.0,16434.0,16382.0,17064.0,8097461.0,133074537947.0,1696.0
2013-12-03,16000.0,16598.0,15777.0,16008.0,16088.0,16434.0,12445792.0,199226103169.0,2035.0
2013-12-04,16300.0,16400.0,16000.0,16116.0,16200.0,16008.0,7393123.0,119153465240.0,1515.0
2013-12-07,16390.0,16760.0,16201.0,16610.0,16760.0,16116.0,6076064.0,101598101234.0,1241.0
2013-12-08,16998.0,17274.0,16760.0,17231.0,17274.0,16610.0,14661103.0,252630113479.0,2404.0
2013-12-09,17700.0,17746.0,16970.0,17244.0,17000.0,17231.0,5667005.0,97742629686.0,1781.0
2013-12-10,16900.0,16920.0,16610.0,16882.0,16920.0,17244.0,6611167.0,111310357676.0,1394.0
2013-12-11,16850.0,17000.0,16621.0,16770.0,16700.0,16882.0,5350013.0,89488624764.0,1076.0
2013-12-14,16160.0,16650.0,16160.0,16545.0,16460.0,16770.0,5273422.0,86760417713.0,1050.0
2013-12-15,16500.0,16949.0,16406.0,16731.0,16800.0,16545.0,5724557.0,96098570845.0,1046.0
2013-12-16,16820.0,17200.0,16500.0,16839.0,16650.0,16731.0,5630707.0,95006908974.0,1200.0
2013-12-17,16800.0,16800.0,16283.0,16510.0,16400.0,16839.0,6864282.0,113142222715.0,1086.0
2013-12-18,16310.0,16600.0,15900.0,16329.0,16000.0,16510.0,10836672.0,176951556935.0,1660.0
2013-12-21,15802.0,16150.0,15800.0,16018.0,15849.0,16329.0,5697269.0,90717956545.0,1247.0
2013-12-22,15800.0,16499.0,15800.0,16134.0,16400.0,16018.0,3034033.0,49465207796.0,761.0
2013-12-24,16759.0,16779.0,16580.0,16605.0,16779.0,16134.0,5449484.0,91423659927.0,382.0
2013-12-25,17269.0,17269.0,16700.0,17148.0,16848.0,16605.0,15656492.0,268475727447.0,2012.0
2013-12-28,16899.0,16899.0,16511.0,16855.0,16743.0,17148.0,4679519.0,78062511337.0,775.0
2013-12-29,16842.0,17074.0,16601.0,16775.0,16900.0,16855.0,6470049.0,108457495889.0,882.0
2013-12-30,16550.0,16950.0,16400.0,16749.0,16850.0,16775.0,5654299.0,94657617549.0,1044.0
2014-01-01,16770.0,17299.0,16770.0,17190.0,17200.0,16749.0,7109300.0,122352591876.0,1242.0
2014-01-04,17249.0,17699.0,17180.0,17423.0,17506.0,17190.0,5482552.0,95976532909.0,1088.0
2014-01-05,17595.0,17750.0,17521.0,17607.0,17684.0,17423.0,5355232.0,94673964766.0,1430.0
2014-01-06,17701.0,17930.0,17502.0,17672.0,17590.0,17607.0,5205041.0,92131708851.0,1172.0
2014-01-07,17480.0,17512.0,17100.0,17464.0,17224.0,17672.0,6014101.0,104734407070.0,775.0
2014-01-08,17152.0,17399.0,17005.0,17196.0,17104.0,17464.0,5394036.0,92207929196.0,709.0
2014-01-11,17780.0,17780.0,17050.0,17248.0,17050.0,17196.0,5172478.0,89334273910.0,675.0
2014-01-12,17175.0,17180.0,16559.0,16616.0,16706.0,17248.0,10714208.0,178024595742.0,922.0
2014-01-13,17199.0,17280.0,17000.0,17013.0,17280.0,16616.0,4565637.0,78816780445.0,447.0
2014-01-21,16790.0,16790.0,16119.0,16485.0,16130.0,17013.0,7980834.0,131567900855.0,816.0
2014-01-22,16120.0,16700.0,16002.0,16430.0,16300.0,16485.0,4720737.0,77411894839.0,1039.0
2014-01-25,16500.0,17000.0,16500.0,16806.0,16872.0,16430.0,5907423.0,99856245587.0,982.0
2014-01-26,16998.0,16998.0,16137.0,16709.0,16215.0,16806.0,1581601.0,25855848582.0,470.0
2014-01-27,17000.0,17001.0,16170.0,16653.0,16699.0,16709.0,3274681.0,54300744048.0,552.0
2014-01-28,16850.0,16998.0,16500.0,16672.0,16651.0,16653.0,2834926.0,47349040902.0,640.0
2014-01-29,16798.0,17139.0,16600.0,16834.0,17079.0,16672.0,3968779.0,67372816488.0,719.0
2014-02-01,17002.0,17200.0,16900.0,16949.0,17025.0,16834.0,4229334.0,72055090787.0,681.0
2014-02-02,16950.0,16990.0,16691.0,16890.0,16694.0,16949.0,2219267.0,37179204430.0,452.0
2014-02-03,16550.0,16860.0,16300.0,16809.0,16451.0,16890.0,1397441.0,23001704822.0,312.0
2014-02-04,16600.0,16776.0,16179.0,16697.0,16290.0,16809.0,2048769.0,33605455475.0,399.0
2014-02-05,16030.0,16030.0,16030.0,16561.0,16030.0,16697.0,1520767.0,24377895010.0,260.0
2014-02-08,15899.0,15899.0,15899.0,16300.0,15899.0,16561.0,2931411.0,46606503489.0,183.0
2014-02-19,16952.0,16952.0,16253.0,16380.0,16361.0,16300.0,16528735.0,270742141601.0,935.0
2014-02-22,16251.0,16666.0,16251.0,16389.0,16388.0,16380.0,1893157.0,31078216868.0,489.0
2014-02-23,16360.0,16389.0,16010.0,16362.0,16197.0,16389.0,1148746.0,18628248640.0,413.0
2014-02-24,16000.0,16380.0,15763.0,16278.0,16279.0,16362.0,1810858.0,29006592836.0,515.0
2014-02-25,15999.0,16000.0,15726.0,16206.0,15800.0,16278.0,1223976.0,19386926885.0,346.0
2014-02-26,15840.0,16750.0,15700.0,16165.0,16210.0,16206.0,4720388.0,76195831096.0,778.0
2014-03-01,16739.0,16811.0,16500.0,16472.0,16500.0,16165.0,3787098.0,63504655281.0,792.0
2014-03-02,16500.0,16500.0,16201.0,16448.0,16350.0,16472.0,1182365.0,19298700476.0,314.0
2014-03-03,16100.0,16100.0,15867.0,16311.0,16000.0,16448.0,1901753.0,30264895012.0,335.0
2014-03-04,15660.0,16050.0,15660.0,16255.0,16040.0,16311.0,1164944.0,18583057156.0,292.0
2014-03-05,16200.0,16700.0,16041.0,16519.0,16460.0,16255.0,20693335.0,341842714483.0,414.0
2014-03-08,16500.0,16800.0,16168.0,16487.0,16190.0,16519.0,843199.0,13693712334.0,212.0
2014-03-09,16000.0,16100.0,15901.0,16420.0,15998.0,16487.0,1020836.0,16330547154.0,196.0
2014-03-10,15900.0,16000.0,15854.0,16350.0,15880.0,16420.0,1004722.0,15979588031.0,261.0
2014-03-11,15999.0,16000.0,15696.0,16217.0,15697.0,16350.0,1589305.0,24997168394.0,284.0
2014-03-12,15780.0,16218.0,15569.0,16167.0,16168.0,16217.0,13309425.0,215171838378.0,421.0
2014-03-15,16100.0,16400.0,15670.0,16174.0,16170.0,16167.0,943702.0,15306873584.0,425.0
2014-03-16,16000.0,16250.0,16000.0,16144.0,16125.0,16174.0,4863446.0,78434808955.0,484.0
2014-03-17,16151.0,16534.0,16151.0,16235.0,16203.0,16144.0,4464879.0,72757392579.0,568.0
2014-03-18,16500.0,16700.0,16201.0,16261.0,16299.0,16235.0,5706216.0,92836609961.0,562.0
2014-03-19,16499.0,16500.0,16220.0,16318.0,16290.0,16261.0,4720888.0,77193153701.0,699.0
2014-03-25,16650.0,16650.0,16168.0,16310.0,16170.0,16318.0,705286.0,11448679441.0,179.0
2014-03-26,16099.0,16230.0,15900.0,16221.0,16000.0,16310.0,2391647.0,38346001923.0,260.0
2014-03-29,16280.0,16280.0,15650.0,16097.0,15797.0,16221.0,2159773.0,34115185088.0,280.0
2014-03-30,16000.0,16097.0,15855.0,16076.0,15988.0,16097.0,8169506.0,131329535666.0,294.0
2014-03-31,15800.0,16105.0,15800.0,16078.0,16100.0,16076.0,3137930.0,50462476822.0,339.0
2014-04-05,16120.0,16219.0,15899.0,16087.0,15916.0,16078.0,3516721.0,56611631087.0,247.0
2014-04-06,15900.0,15900.0,15733.0,15938.0,15785.0,16087.0,3811766.0,60208363005.0,308.0
2014-04-07,15990.0,15997.0,15750.0,15934.0,15900.0,15938.0,776296.0,12342521974.0,285.0
2014-04-08,15900.0,15900.0,15450.0,15887.0,15500.0,15934.0,1435147.0,22521456623.0,398.0
2014-04-09,15652.0,15885.0,15355.0,15800.0,15885.0,15887.0,1581253.0,24475388575.0,379.0
2014-04-12,15500.0,15800.0,15168.0,15637.0,15168.0,15800.0,2053368.0,31230030718.0,341.0
2014-04-13,15012.0,15095.0,15012.0,15012.0,15012.0,15637.0,8043612.0,120750728245.0,689.0
2014-04-14,14430.0,15400.0,14430.0,14981.0,15380.0,15012.0,1641163.0,24408535287.0,432.0
2014-04-15,15000.0,15300.0,14925.0,14995.0,15300.0,14981.0,1357297.0,20439709580.0,351.0
2014-04-16,15399.0,15400.0,15000.0,15004.0,15000.0,14995.0,955840.0,14400259392.0,280.0
2014-04-19,15000.0,15004.0,14421.0,14975.0,14474.0,15004.0,490794.0,7145109216.0,237.0
2014-04-28,15574.0,15574.0,15574.0,15574.0,15574.0,14975.0,13845433.0,215628773542.0,634.0
2014-04-29,16196.0,16196.0,15720.0,16150.0,15720.0,15574.0,21428827.0,346079041180.0,1962.0
2014-04-30,15990.0,16239.0,15856.0,16121.0,16000.0,16150.0,4042774.0,65074455888.0,696.0
2014-05-03,16120.0,16120.0,15715.0,16068.0,16000.0,16121.0,1573244.0,24966012282.0,409.0
2014-05-04,15999.0,16000.0,15701.0,16021.0,16000.0,16068.0,1710957.0,27145743529.0,362.0
2014-05-05,16020.0,16089.0,15910.0,16021.0,16030.0,16021.0,2773431.0,44430413155.0,668.0
2014-05-06,16061.0,16170.0,16027.0,16047.0,16031.0,16021.0,2343830.0,37747375624.0,565.0
2014-05-07,16400.0,16400.0,16182.0,16201.0,16244.0,16047.0,6679478.0,108329332813.0,555.0
2014-05-10,16320.0,16400.0,16021.0,16219.0,16270.0,16201.0,2632683.0,42785215035.0,497.0
2014-05-11,16349.0,16350.0,16141.0,16227.0,16206.0,16219.0,1554441.0,25268698246.0,364.0
2014-05-12,16235.0,16287.0,16112.0,16227.0,16160.0,16227.0,3165076.0,51362706798.0,310.0
2014-05-14,16229.0,16300.0,16161.0,16237.0,16230.0,16227.0,4064037.0,66023612622.0,388.0
2014-05-17,16245.0,16400.0,16000.0,16221.0,16106.0,16237.0,2913889.0,47191017281.0,438.0
2014-05-18,16200.0,16200.0,15601.0,16111.0,15800.0,16221.0,2588394.0,41169672695.0,581.0
2014-05-19,15900.0,15900.0,15467.0,15705.0,15467.0,16111.0,4939899.0,76570080585.0,483.0
2014-05-31,15890.0,15890.0,15300.0,15544.0,15360.0,15705.0,6014832.0,93493465491.0,640.0
2014-06-01,15350.0,15440.0,14923.0,15149.0,14950.0,15544.0,4922700.0,73579521073.0,670.0
2014-06-02,15150.0,15240.0,14544.0,15039.0,14798.0,15149.0,3487313.0,52009672634.0,533.0
2014-06-03,14990.0,15200.0,14685.0,15020.0,14700.0,15039.0,883586.0,13150213290.0,302.0
2014-06-07,15090.0,15399.0,14741.0,15300.0,14760.0,15020.0,6912988.0,105917617419.0,371.0
2014-06-08,15030.0,15030.0,14700.0,15278.0,14850.0,15300.0,320615.0,4739354686.0,224.0
2014-06-09,14898.0,14898.0,14669.0,15231.0,14730.0,15278.0,670501.0,9892871792.0,310.0
2014-06-10,14666.0,14790.0,14622.0,15118.0,14697.0,15231.0,1411376.0,20656403874.0,433.0
2014-06-11,14797.0,14797.0,14514.0,14931.0,14514.0,15118.0,2580864.0,37627178563.0,179.0
2014-06-14,14334.0,14334.0,14334.0,14921.0,14334.0,14931.0,122144.0,1750812096.0,20.0
2014-06-15,14325.0,14325.0,14325.0,14907.0,14325.0,14921.0,180613.0,2587281225.0,31.0
2014-06-16,14311.0,14311.0,14311.0,14898.0,14311.0,14907.0,109624.0,1568829064.0,46.0
2014-06-17,14303.0,14303.0,14303.0,14895.0,14303.0,14898.0,31639.0,452532617.0,15.0
2014-07-05,15490.0,15490.0,14800.0,15148.0,14800.0,14895.0,15690675.0,237674600907.0,2382.0
2014-07-06,14640.0,14700.0,14543.0,14797.0,14543.0,15148.0,4357605.0,63398221148.0,794.0
2014-07-07,14341.0,14599.0,14207.0,14482.0,14320.0,14797.0,4686966.0,67010144749.0,971.0
2014-07-08,14599.0,14900.0,14300.0,14552.0,14880.0,14482.0,4130896.0,60341011047.0,917.0
2014-07-09,14750.0,15030.0,14400.0,14554.0,14428.0,14552.0,4241274.0,61737037801.0,746.0
2014-07-12,14558.0,14560.0,14300.0,14539.0,14500.0,14554.0,873490.0,12601756391.0,355.0
2014-07-13,14399.0,14399.0,13958.0,14248.0,13958.0,14539.0,3917671.0,54797495986.0,634.0
2014-07-14,13701.0,14100.0,13701.0,14203.0,14001.0,14248.0,1270159.0,17763386243.0,297.0
2014-07-15,14000.0,14355.0,13879.0,14140.0,14350.0,14203.0,2350425.0,32913469155.0,376.0
2014-07-16,14298.0,14338.0,14033.0,14195.0,14200.0,14140.0,7894045.0,112058959748.0,471.0
2014-07-20,14011.0,14520.0,14011.0,14198.0,14520.0,14195.0,1050762.0,14941523625.0,317.0
2014-07-21,14420.0,14700.0,14133.0,14325.0,14700.0,14198.0,5837005.0,83814838749.0,560.0
2014-07-22,14750.0,14898.0,14750.0,14898.0,14898.0,14325.0,7871660.0,117268366884.0,488.0
2014-07-23,15390.0,15429.0,15050.0,15219.0,15200.0,14898.0,8762634.0,133362067805.0,1260.0
2014-07-26,15200.0,15200.0,14901.0,15201.0,15000.0,15219.0,827638.0,12460728964.0,215.0
2014-07-27,15200.0,15294.0,14850.0,15217.0,15290.0,15201.0,6635816.0,100989950387.0,443.0
2014-07-28,15300.0,15400.0,15000.0,15211.0,15012.0,15217.0,1158100.0,17577925410.0,255.0
2014-08-02,15267.0,15267.0,14854.0,15174.0,14854.0,15211.0,1316502.0,19749733463.0,186.0
2014-08-03,14900.0,14940.0,14800.0,15102.0,14850.0,15174.0,1972487.0,29393731419.0,155.0
2014-08-04,14880.0,15197.0,14802.0,15088.0,14911.0,15102.0,4812301.0,72570501155.0,276.0
2014-08-05,14911.0,15188.0,14800.0,15119.0,15126.0,15088.0,4557011.0,68983429802.0,439.0
2014-08-06,15130.0,15130.0,14840.0,15112.0,14922.0,15119.0,334275.0,5005422451.0,97.0
2014-08-09,15001.0,15001.0,14761.0,15090.0,14800.0,15112.0,742974.0,11065243484.0,269.0
2014-08-10,14680.0,15100.0,14680.0,15071.0,14900.0,15090.0,1405913.0,21074434032.0,250.0
2014-08-11,14877.0,15020.0,14877.0,15055.0,14951.0,15071.0,1176324.0,17607751416.0,277.0
2014-08-12,15039.0,15039.0,14750.0,15042.0,14750.0,15055.0,372372.0,5509959135.0,142.0
2014-08-13,14705.0,15100.0,14705.0,15048.0,14801.0,15042.0,6817079.0,102585388778.0,285.0
2014-08-16,14992.0,14992.0,14610.0,14977.0,14750.0,15048.0,1350229.0,19789073179.0,152.0
2014-08-17,14711.0,15098.0,14700.0,15042.0,14800.0,14977.0,12133200.0,182504718093.0,336.0
2014-08-18,14800.0,14800.0,14700.0,15030.0,14730.0,15042.0,284466.0,4187697879.0,86.0
2014-08-19,14620.0,14749.0,14620.0,15019.0,14680.0,15030.0,243844.0,3583368452.0,121.0
2014-08-20,14820.0,14820.0,14650.0,15002.0,14671.0,15019.0,408327.0,6003136012.0,147.0
2014-08-23,14650.0,15270.0,14635.0,15132.0,14716.0,15002.0,5514583.0,83694418461.0,199.0
2014-08-24,14681.0,14900.0,14643.0,15106.0,14699.0,15132.0,429955.0,6314536353.0,99.0
2014-08-25,14640.0,14720.0,14630.0,15096.0,14700.0,15106.0,177518.0,2606926018.0,88.0
2014-08-26,14666.0,14750.0,14651.0,15081.0,14700.0,15096.0,280355.0,4122910146.0,135.0
2014-08-27,14680.0,14700.0,14496.0,14980.0,14529.0,15081.0,1366994.0,19864073478.0,389.0
2014-08-30,14700.0,14700.0,14381.0,14832.0,14381.0,14980.0,1896185.0,27304245971.0,260.0
2014-08-31,14301.0,14500.0,14242.0,14779.0,14242.0,14832.0,696158.0,9930597684.0,163.0
2014-09-01,14300.0,14480.0,14188.0,14198.0,14189.0,14779.0,7333911.0,104070027780.0,386.0
2014-09-02,14359.0,14359.0,14040.0,14189.0,14070.0,14198.0,563107.0,7926011706.0,151.0
2014-09-03,14140.0,14186.0,14020.0,14168.0,14180.0,14189.0,1128324.0,15856863694.0,173.0
2014-09-06,14050.0,14200.0,13700.0,14146.0,13700.0,14168.0,655560.0,9126878166.0,161.0
2014-09-07,14149.0,14200.0,14020.0,14144.0,14100.0,14146.0,8324729.0,117748642881.0,582.0
2014-09-08,14200.0,14200.0,14001.0,14181.0,14001.0,14144.0,5410929.0,76805433967.0,174.0
2014-09-09,14199.0,14199.0,13851.0,14174.0,13991.0,14181.0,230162.0,3211984883.0,96.0
2014-09-10,14129.0,14190.0,13883.0,14166.0,13905.0,14174.0,637042.0,8968219694.0,120.0
2014-09-13,13975.0,14732.0,13650.0,14229.0,14342.0,14166.0,6220425.0,88584292724.0,363.0
2014-09-14,13999.0,14048.0,13763.0,14222.0,13832.0,14229.0,157345.0,2189792813.0,77.0
2014-09-15,14070.0,14070.0,13806.0,14220.0,13970.0,14222.0,48270.0,670161691.0,50.0
2014-09-16,14080.0,14080.0,13801.0,14208.0,13862.0,14220.0,247047.0,3425272395.0,79.0
2014-09-17,13990.0,14057.0,13833.0,14201.0,14000.0,14208.0,202692.0,2828153132.0,84.0
2014-09-20,14055.0,14055.0,13770.0,14161.0,13800.0,14201.0,815236.0,11281931064.0,184.0
2014-09-21,13999.0,14020.0,13783.0,14116.0,13800.0,14161.0,1015699.0,14047295237.0,200.0
2014-09-22,14017.0,14017.0,13712.0,14107.0,13712.0,14116.0,201774.0,2780664365.0,94.0
2014-09-23,13720.0,13780.0,13720.0,14099.0,13750.0,14107.0,171383.0,2356146877.0,114.0
2014-09-24,13711.0,13752.0,13600.0,14057.0,13658.0,14099.0,749845.0,10263046451.0,178.0
2014-09-27,13651.0,13652.0,13547.0,14022.0,13615.0,14057.0,555671.0,7554055941.0,163.0
2014-09-28,13600.0,13995.0,13551.0,14002.0,13795.0,14022.0,565060.0,7773131122.0,221.0
2014-09-29,13613.0,13950.0,13613.0,13994.0,13950.0,14002.0,340068.0,4704069669.0,139.0
2014-09-30,13780.0,14050.0,13780.0,13996.0,14000.0,13994.0,3441310.0,48169577394.0,248.0
2014-10-01,14000.0,14295.0,13900.0,14049.0,14239.0,13996.0,2428722.0,34384972917.0,484.0
2014-10-04,14261.0,14262.0,13851.0,14043.0,13990.0,14049.0,685805.0,9590432058.0,135.0
2014-10-06,14020.0,14020.0,13751.0,14032.0,13800.0,14043.0,356923.0,4932536058.0,75.0
2014-10-07,13885.0,13885.0,13752.0,14004.0,13752.0,14032.0,925340.0,12773553874.0,125.0
2014-10-08,14004.0,14009.0,13700.0,13991.0,13700.0,14004.0,2721108.0,38009460807.0,284.0
2014-10-11,13998.0,13998.0,13650.0,13980.0,13870.0,13991.0,313543.0,4306455223.0,147.0
2014-10-12,13889.0,13889.0,13700.0,13972.0,13820.0,13980.0,298108.0,4111080095.0,138.0
2014-10-14,13631.0,13788.0,13414.0,13906.0,13498.0,13972.0,1373916.0,18708642966.0,360.0
2014-10-20,13000.0,13190.0,12854.0,12950.0,13100.0,13906.0,2889569.0,37421224989.0,414.0
2014-10-21,13000.0,13468.0,12900.0,13122.0,12979.0,12950.0,3876206.0,51475233124.0,640.0
2014-10-22,13200.0,13364.0,12850.0,13118.0,13140.0,13122.0,6746691.0,88498105241.0,535.0
2014-10-25,13100.0,13100.0,12860.0,13104.0,12880.0,13118.0,472924.0,6097068985.0,153.0
2014-10-26,12850.0,12850.0,12670.0,13079.0,12750.0,13104.0,522127.0,6653669499.0,229.0
2014-10-27,12712.0,12790.0,12556.0,12975.0,12556.0,13079.0,1628825.0,20528289287.0,397.0
2014-10-28,12870.0,12870.0,12456.0,12860.0,12500.0,12975.0,1742884.0,21759969538.0,429.0
2014-10-29,12510.0,12700.0,12401.0,12660.0,12674.0,12860.0,5251236.0,66042551756.0,536.0
2014-11-01,12660.0,12986.0,12660.0,12681.0,12710.0,12660.0,1658145.0,21146811400.0,290.0
2014-11-02,12750.0,12790.0,12646.0,12697.0,12689.0,12681.0,3333446.0,42388695181.0,478.0
2014-11-05,12948.0,13000.0,12600.0,12757.0,12940.0,12697.0,2839054.0,36492407049.0,546.0
2014-11-08,12822.0,13045.0,12822.0,12801.0,13000.0,12757.0,1775429.0,22978629263.0,419.0
2014-11-09,13050.0,13090.0,12900.0,12839.0,13000.0,12801.0,1372772.0,17853096135.0,304.0
2014-11-10,13149.0,13298.0,12950.0,12969.0,13260.0,12839.0,3012355.0,39640914562.0,403.0
2014-11-11,13100.0,13298.0,13060.0,13028.0,13160.0,12969.0,2687351.0,35294048971.0,262.0
2014-11-12,13113.0,13200.0,13020.0,13042.0,13150.0,13028.0,1113373.0,14611158286.0,256.0
2014-11-15,13003.0,13004.0,12895.0,13023.0,13000.0,13042.0,1391156.0,18005227792.0,249.0
2014-11-16,13067.0,13067.0,12800.0,13012.0,12841.0,13023.0,617924.0,7964510177.0,212.0
2014-11-17,12700.0,12890.0,12596.0,12979.0,12600.0,13012.0,799654.0,10158716210.0,291.0
2014-11-18,12600.0,12600.0,12460.0,12771.0,12460.0,12979.0,3040302.0,37910464808.0,399.0
2014-11-19,12650.0,12771.0,12436.0,12724.0,12600.0,12771.0,3109194.0,39356563170.0,566.0
2014-11-22,12570.0,12646.0,12495.0,12692.0,12600.0,12724.0,1909840.0,24059727493.0,323.0
2014-11-23,12600.0,12720.0,12400.0,12638.0,12450.0,12692.0,2349526.0,29421367967.0,483.0
2014-11-24,12701.0,12997.0,12182.0,12558.0,12190.0,12638.0,1885140.0,23230464413.0,610.0
2014-11-25,12395.0,12395.0,12056.0,12352.0,12056.0,12558.0,3148983.0,38010948656.0,491.0
2014-11-26,12100.0,12400.0,12000.0,12286.0,12000.0,12352.0,1842970.0,22273271291.0,279.0
2014-11-29,12199.0,12199.0,11795.0,12018.0,11795.0,12286.0,4576847.0,54238425310.0,363.0
2014-11-30,11612.0,11869.0,11538.0,11840.0,11538.0,12018.0,2830559.0,32694098354.0,237.0
2014-12-01,11367.0,12313.0,11367.0,12218.0,11950.0,11840.0,8760262.0,107030324891.0,499.0
2014-12-02,11940.0,12689.0,11940.0,12566.0,12200.0,12218.0,11300621.0,141998920280.0,417.0
2014-12-03,12064.0,12399.0,12064.0,12437.0,12064.0,12566.0,1906405.0,23000247671.0,234.0
2014-12-06,11941.0,11998.0,11940.0,12304.0,11940.0,12437.0,1987725.0,23733745307.0,220.0
2014-12-07,11990.0,11990.0,11812.0,12072.0,11812.0,12304.0,3535835.0,41781332220.0,232.0
2014-12-24,11590.0,11590.0,11590.0,12003.0,11590.0,12072.0,1070995.0,12412832050.0,36.0
2014-12-27,11523.0,11523.0,11523.0,11523.0,11523.0,12003.0,12667167.0,145963765341.0,393.0
2014-12-28,11063.0,11063.0,11063.0,11459.0,11063.0,11523.0,1042655.0,11534892265.0,172.0
2014-12-29,11001.0,11900.0,11001.0,11390.0,11001.0,11459.0,48843626.0,556316724701.0,32136.0
2014-12-30,11300.0,11389.0,10940.0,11354.0,10950.0,11390.0,930426.0,10333468412.0,311.0
2014-12-31,11200.0,11200.0,10900.0,11228.0,10900.0,11354.0,2208540.0,24135812767.0,390.0
2015-01-03,10811.0,10950.0,10779.0,11146.0,10779.0,11228.0,1383956.0,14925622331.0,167.0
2015-01-04,10701.0,10701.0,10701.0,11145.0,10701.0,11146.0,21102.0,225812502.0,28.0
2015-01-05,10700.0,10700.0,10700.0,11145.0,10700.0,11145.0,3053.0,32667100.0,11.0
2015-01-06,10700.0,10700.0,10700.0,10700.0,10700.0,11145.0,29035870.0,310683809000.0,1066.0
2015-01-07,10312.0,10630.0,10272.0,10300.0,10272.0,10700.0,7058825.0,72554474894.0,587.0
2015-01-10,10190.0,10200.0,9888.0,10145.0,10000.0,10300.0,2842162.0,28121742180.0,319.0
2015-01-11,9990.0,10130.0,9740.0,10110.0,10130.0,10145.0,910541.0,8976419496.0,231.0
2015-01-12,10198.0,10446.0,10160.0,10117.0,10220.0,10110.0,422830.0,4326451872.0,179.0
2015-01-13,10360.0,10360.0,9713.0,10012.0,10000.0,10117.0,5136445.0,51185134940.0,816.0
2015-01-14,10180.0,10358.0,10110.0,10136.0,10300.0,10012.0,3833586.0,39302081676.0,646.0
2015-01-17,10398.0,10541.0,10306.0,10382.0,10541.0,10136.0,4551365.0,47963328886.0,248.0
2015-01-18,10797.0,10797.0,10355.0,10648.0,10570.0,10382.0,5630176.0,60431244716.0,410.0
2015-01-19,10325.0,10690.0,10242.0,10639.0,10690.0,10648.0,364799.0,3818261724.0,123.0
2015-01-20,10329.0,10700.0,10301.0,10634.0,10689.0,10639.0,1472559.0,15630731392.0,435.0
2015-01-21,10635.0,10690.0,10300.0,10624.0,10300.0,10634.0,1501641.0,15896630024.0,364.0
2015-01-24,10624.0,10898.0,10200.0,10827.0,10898.0,10624.0,9492485.0,102774087340.0,203.0
2015-01-25,10828.0,10828.0,10502.0,10825.0,10750.0,10827.0,567468.0,6130764778.0,117.0
2015-01-26,10825.0,10825.0,10392.0,10820.0,10650.0,10825.0,607874.0,6545466200.0,107.0
2015-01-27,10818.0,10818.0,10388.0,10784.0,10389.0,10820.0,928748.0,9784603148.0,172.0
2015-01-28,10680.0,10680.0,10360.0,10761.0,10590.0,10784.0,934139.0,9905190371.0,124.0
2015-01-31,10689.0,10790.0,10393.0,10742.0,10750.0,10761.0,795317.0,8419120366.0,293.0
2015-02-01,10742.0,10742.0,10323.0,10721.0,10391.0,10742.0,746935.0,7871066359.0,201.0
2015-02-02,10350.0,10840.0,10350.0,10725.0,10650.0,10721.0,1619954.0,17394015184.0,447.0
2015-02-03,10680.0,10750.0,10450.0,10711.0,10580.0,10725.0,637519.0,6730259159.0,159.0
2015-02-04,10695.0,10748.0,10402.0,10695.0,10440.0,10711.0,582022.0,6118640177.0,272.0
2015-02-07,10589.0,10589.0,10268.0,10672.0,10298.0,10695.0,429983.0,4426464090.0,218.0
2015-02-08,10458.0,10458.0,10246.0,10612.0,10287.0,10672.0,1301981.0,13446517083.0,140.0
2015-02-09,10349.0,10400.0,10188.0,10579.0,10188.0,10612.0,666701.0,6826789691.0,188.0
2015-02-10,10156.0,10790.0,10156.0,10628.0,10379.0,10579.0,4597567.0,49002722175.0,313.0
2015-02-14,10300.0,10349.0,10203.0,10612.0,10203.0,10628.0,302785.0,3095388732.0,115.0
2015-02-15,10221.0,10221.0,10188.0,10604.0,10188.0,10612.0,138977.0,1416078876.0,45.0
2015-02-16,10180.0,10180.0,10180.0,10599.0,10180.0,10604.0,92264.0,939247520.0,32.0
2015-02-17,10176.0,10500.0,10176.0,10440.0,10180.0,10599.0,2865340.0,29188667976.0,478.0
2015-02-18,10100.0,10100.0,10023.0,10412.0,10023.0,10440.0,519336.0,5211509195.0,107.0
2015-02-21,10100.0,10500.0,10100.0,10389.0,10150.0,10412.0,193082.0,1988732746.0,95.0
2015-02-22,10125.0,10250.0,9981.0,10325.0,9981.0,10389.0,169753.0,1702428546.0,70.0
2015-02-23,10000.0,10400.0,9912.0,10316.0,10400.0,10325.0,9893003.0,102055621289.0,228.0
2015-02-24,10000.0,10200.0,9997.0,10265.0,9998.0,10316.0,155478.0,1555122786.0,53.0
2015-02-25,10005.0,10200.0,9855.0,10226.0,9960.0,10265.0,162227.0,1627937485.0,127.0
2015-02-28,9900.0,10289.0,9900.0,10267.0,10000.0,10226.0,3214538.0,33003721284.0,87.0
2015-03-01,9950.0,10200.0,9950.0,10217.0,10200.0,10267.0,300740.0,3039256649.0,72.0
2015-03-02,10182.0,10217.0,9951.0,10185.0,9961.0,10217.0,191072.0,1920811732.0,49.0
2015-03-03,10178.0,10185.0,9961.0,10180.0,10000.0,10185.0,10337283.0,105229226168.0,53.0
2015-03-04,10000.0,10020.0,9801.0,10031.0,9988.0,10180.0,673453.0,6709634924.0,121.0
2015-03-07,9831.0,9999.0,9630.0,9923.0,9800.0,10031.0,331209.0,3214938967.0,186.0
2015-03-08,9900.0,10200.0,9600.0,9962.0,10000.0,9923.0,639542.0,6385183938.0,179.0
2015-03-09,10000.0,10150.0,10000.0,9992.0,10100.0,9962.0,244575.0,2466618174.0,144.0
2015-03-10,10133.0,10380.0,9994.0,10177.0,10031.0,9992.0,690888.0,7087513961.0,282.0
2015-03-11,10294.0,10500.0,10179.0,10320.0,10500.0,10177.0,674636.0,7008467376.0,138.0
2015-03-14,10011.0,10729.0,10011.0,10542.0,10550.0,10320.0,645056.0,6872116504.0,154.0
2015-03-15,10700.0,10730.0,10202.0,10548.0,10254.0,10542.0,323192.0,3412519138.0,104.0
2015-03-16,10236.0,10698.0,10170.0,10565.0,10184.0,10548.0,846536.0,8945818970.0,159.0
2015-03-17,10320.0,10480.0,10151.0,10540.0,10480.0,10565.0,128653.0,1334970395.0,57.0
2015-03-18,10448.0,10600.0,10280.0,10517.0,10549.0,10540.0,500121.0,5249255438.0,135.0
2015-03-25,10202.0,10595.0,10202.0,10514.0,10550.0,10517.0,32335.0,337141890.0,31.0
2015-03-28,10260.0,10511.0,10260.0,10503.0,10450.0,10514.0,469414.0,4924595734.0,109.0
2015-03-29,10400.0,10732.0,10400.0,10650.0,10499.0,10503.0,964143.0,10268286150.0,209.0
2015-03-30,10307.0,10587.0,10307.0,10610.0,10370.0,10650.0,160276.0,1668749921.0,76.0
2015-03-31,10310.0,10600.0,10310.0,10486.0,10446.0,10610.0,3019539.0,31662616016.0,148.0
2015-04-04,10905.0,10905.0,10905.0,10905.0,10905.0,10486.0,948663.0,10345170015.0,30.0
2015-04-05,11341.0,11341.0,11100.0,11339.0,11341.0,10905.0,3922010.0,44471477563.0,673.0
2015-04-06,11500.0,11500.0,10886.0,11000.0,11000.0,11339.0,2125613.0,23381003243.0,383.0
2015-04-07,10800.0,10995.0,10610.0,10941.0,10960.0,11000.0,420920.0,4574472495.0,396.0
2015-04-08,10600.0,10959.0,10573.0,10854.0,10575.0,10941.0,322922.0,3451212309.0,140.0
2015-04-11,10600.0,10800.0,10430.0,10767.0,10432.0,10854.0,284386.0,3006298549.0,153.0
2015-04-12,10420.0,10730.0,10337.0,10652.0,10438.0,10767.0,267525.0,2774803788.0,113.0
2015-04-13,10400.0,10669.0,10300.0,10610.0,10500.0,10652.0,458178.0,4841467757.0,174.0
2015-04-14,10400.0,10700.0,10400.0,10623.0,10700.0,10610.0,591652.0,6289558530.0,135.0
2015-04-15,10504.0,10800.0,10500.0,10618.0,10500.0,10623.0,231756.0,2457069114.0,105.0
2015-04-18,10500.0,10980.0,10194.0,10335.0,10279.0,10618.0,943017.0,9746451307.0,173.0
2015-04-19,10677.0,10700.0,9940.0,10281.0,9940.0,10335.0,1458881.0,14999078988.0,389.0
2015-04-20,9960.0,10290.0,9888.0,10210.0,9996.0,10281.0,206296.0,2053784640.0,142.0
2015-04-21,9950.0,10380.0,9950.0,10225.0,10329.0,10210.0,833914.0,8528240996.0,138.0
2015-04-22,10326.0,10385.0,10151.0,10225.0,10295.0,10225.0,569980.0,5828343529.0,121.0
2015-04-25,10145.0,10277.0,10004.0,10212.0,10250.0,10225.0,380745.0,3879919357.0,72.0
2015-04-26,10200.0,10300.0,10001.0,10203.0,10300.0,10212.0,368514.0,3754213944.0,123.0
2015-04-27,10317.0,10379.0,10200.0,10275.0,10258.0,10203.0,527374.0,5450913279.0,126.0
2015-04-28,10300.0,10686.0,10100.0,10515.0,10441.0,10275.0,1381962.0,14531456869.0,353.0
2015-04-29,10613.0,10850.0,10613.0,10719.0,10708.0,10515.0,1619722.0,17361284366.0,251.0
2015-05-03,10900.0,10900.0,10350.0,10708.0,10810.0,10719.0,304605.0,3254941386.0,127.0
2015-05-04,11100.0,11100.0,10320.0,10740.0,10356.0,10708.0,413743.0,4460262875.0,204.0
2015-05-05,10376.0,10900.0,10320.0,10704.0,10501.0,10740.0,221896.0,2349851178.0,98.0
2015-05-06,10520.0,10925.0,10380.0,10642.0,10620.0,10704.0,539890.0,5721405689.0,151.0
2015-05-09,10455.0,10510.0,10217.0,10548.0,10217.0,10642.0,247842.0,2549660288.0,143.0
2015-05-10,10150.0,10500.0,10127.0,10421.0,10127.0,10548.0,317933.0,3234643565.0,89.0
2015-05-11,10200.0,10499.0,10055.0,10418.0,10300.0,10421.0,170401.0,1772466632.0,84.0
2015-05-12,10418.0,10600.0,10040.0,10355.0,10299.0,10418.0,317914.0,3252458748.0,129.0
2015-05-13,10341.0,10429.0,10188.0,10355.0,10260.0,10355.0,157621.0,1632147365.0,90.0
2015-05-17,10300.0,10550.0,10177.0,10356.0,10190.0,10355.0,312387.0,3235316694.0,141.0
2015-05-18,10370.0,10449.0,10233.0,10400.0,10233.0,10356.0,646843.0,6740913768.0,129.0
2015-05-19,10330.0,10429.0,10221.0,10404.0,10418.0,10400.0,1594877.0,16592716625.0,172.0
2015-05-20,10427.0,10550.0,10100.0,10431.0,10500.0,10404.0,2637173.0,27507107090.0,420.0
2015-05-23,10435.0,10580.0,10146.0,10436.0,10390.0,10431.0,825356.0,8613930161.0,146.0
2015-05-24,10420.0,10495.0,10100.0,10394.0,10320.0,10436.0,1700196.0,17671480140.0,294.0
2015-05-25,10410.0,10549.0,10302.0,10437.0,10379.0,10394.0,841939.0,8792657806.0,195.0
2015-05-26,10450.0,10530.0,10441.0,10457.0,10530.0,10437.0,613434.0,6421753487.0,319.0
2015-05-27,10500.0,10550.0,10451.0,10489.0,10479.0,10457.0,665104.0,6985914424.0,408.0
2015-05-30,10550.0,10550.0,10169.0,10434.0,10200.0,10489.0,621555.0,6467493674.0,413.0
2015-05-31,10495.0,10495.0,10152.0,10348.0,10162.0,10434.0,1504867.0,15572908832.0,293.0
2015-06-01,10201.0,10477.0,10200.0,10381.0,10389.0,10348.0,728938.0,7574746023.0,703.0
2015-06-02,10400.0,10400.0,10390.0,10382.0,10390.0,10381.0,48848.0,507846225.0,54.0
2015-06-06,10398.0,10477.0,10212.0,10385.0,10470.0,10382.0,126871.0,1320486661.0,65.0
2015-06-07,10448.0,10904.0,10230.0,10602.0,10600.0,10385.0,641283.0,6868796585.0,178.0
2015-06-08,10600.0,10690.0,10480.0,10597.0,10600.0,10602.0,146612.0,1549236169.0,133.0
2015-06-09,10401.0,10500.0,10250.0,10499.0,10250.0,10597.0,293204.0,3013025815.0,47.0
2015-06-10,10290.0,10629.0,10217.0,10525.0,10629.0,10499.0,470734.0,4966895498.0,174.0
2015-06-13,10538.0,10549.0,10351.0,10524.0,10542.0,10525.0,228317.0,2402212752.0,39.0
2015-06-14,10540.0,10600.0,10379.0,10524.0,10379.0,10524.0,84256.0,887127344.0,29.0
2015-06-15,10379.0,10600.0,10270.0,10515.0,10270.0,10524.0,81517.0,848921382.0,47.0
2015-06-16,10576.0,10576.0,10281.0,10507.0,10310.0,10515.0,63851.0,663568646.0,42.0
2015-06-17,10400.0,10910.0,10400.0,10692.0,10680.0,10507.0,1096659.0,11725338860.0,165.0
2015-06-20,10995.0,11226.0,10692.0,10899.0,10714.0,10692.0,574807.0,6339847321.0,112.0
2015-06-21,10850.0,10850.0,10645.0,10879.0,10650.0,10899.0,81055.0,864657238.0,38.0
2015-06-22,10650.0,11226.0,10650.0,10914.0,10884.0,10879.0,416960.0,4568380532.0,117.0
2015-06-23,10800.0,10900.0,10751.0,10881.0,10800.0,10914.0,331178.0,3583158164.0,147.0
2015-06-24,10800.0,10800.0,10500.0,10831.0,10800.0,10881.0,320210.0,3437473567.0,104.0
2015-06-27,10800.0,10800.0,10700.0,10826.0,10700.0,10831.0,95405.0,1028374282.0,156.0
2015-06-28,10504.0,10650.0,10500.0,10772.0,10600.0,10826.0,159984.0,1682569277.0,40.0
2015-06-29,10508.0,10720.0,10508.0,10754.0,10715.0,10772.0,177919.0,1899570290.0,190.0
2015-06-30,10752.0,10798.0,10690.0,10747.0,10739.0,10754.0,678954.0,7295242366.0,110.0
2015-07-01,10798.0,10798.0,10650.0,10738.0,10700.0,10747.0,158384.0,1693857219.0,66.0
2015-07-04,10797.0,10798.0,10660.0,10737.0,10699.0,10738.0,210589.0,2260400753.0,113.0
2015-07-05,10800.0,10900.0,10502.0,10684.0,10502.0,10737.0,1084477.0,11586295866.0,310.0
2015-07-06,10712.0,10790.0,10552.0,10691.0,10678.0,10684.0,470643.0,5035286347.0,102.0
2015-07-07,10683.0,10700.0,10450.0,10592.0,10700.0,10691.0,996830.0,10558714593.0,253.0
2015-07-11,10888.0,10900.0,10570.0,10693.0,10700.0,10592.0,785108.0,8411231265.0,112.0
2015-07-12,11000.0,11080.0,10703.0,10820.0,10721.0,10693.0,537911.0,5871670837.0,79.0
2015-07-13,10950.0,10950.0,10600.0,10910.0,10600.0,10820.0,3046908.0,33241233783.0,406.0
2015-07-14,10890.0,11000.0,10680.0,10823.0,10680.0,10910.0,1119500.0,12116823310.0,180.0
2015-07-15,11000.0,11000.0,10700.0,10912.0,10888.0,10823.0,2033306.0,22187060968.0,286.0
2015-07-20,10651.0,11000.0,10600.0,10938.0,10800.0,10912.0,673730.0,7375669721.0,105.0
2015-07-21,10900.0,11000.0,10800.0,10990.0,10930.0,10938.0,2715164.0,29840464115.0,83.0
2015-07-22,10980.0,11200.0,10931.0,11073.0,10968.0,10990.0,1375075.0,15226629660.0,133.0
2015-07-25,10969.0,11250.0,10900.0,11084.0,11118.0,11073.0,1482751.0,16434503770.0,282.0
2015-07-26,11000.0,11199.0,10936.0,11093.0,11080.0,11084.0,726137.0,8056359380.0,192.0
2015-07-27,10960.0,11147.0,10910.0,11077.0,11000.0,11093.0,380034.0,4200832758.0,104.0
2015-07-28,10900.0,11019.0,10857.0,11066.0,10865.0,11077.0,117216.0,1288288185.0,30.0
2015-07-29,10851.0,10975.0,10800.0,11057.0,10975.0,11066.0,39233.0,425811402.0,27.0
2015-08-01,10751.0,10910.0,10750.0,11039.0,10910.0,11057.0,70712.0,765153690.0,26.0
2015-08-02,10900.0,11049.0,10886.0,10973.0,11038.0,11039.0,898505.0,9859149321.0,120.0
2015-08-03,10990.0,11119.0,10880.0,11007.0,10900.0,10973.0,1330115.0,14640478905.0,69.0
2015-08-04,11000.0,11018.0,10700.0,10977.0,10930.0,11007.0,378506.0,4139189328.0,58.0
2015-08-05,10900.0,10900.0,10700.0,10957.0,10794.0,10977.0,72957.0,783136794.0,51.0
2015-08-08,10653.0,10949.0,10411.0,10814.0,10898.0,10957.0,1719244.0,18592722496.0,171.0
2015-08-09,10949.0,10950.0,10522.0,10815.0,10670.0,10814.0,110976.0,1201269641.0,40.0
2015-08-10,10795.0,10880.0,10553.0,10803.0,10730.0,10815.0,4408549.0,47623726986.0,507.0
2015-08-12,10749.0,11100.0,10531.0,10887.0,11100.0,10803.0,1634145.0,17791748936.0,209.0
2015-08-15,10626.0,10752.0,10626.0,10864.0,10698.0,10887.0,95509.0,1018968207.0,42.0
2015-08-16,10610.0,10999.0,10500.0,10850.0,10551.0,10864.0,5678216.0,61607912058.0,160.0
2015-08-17,10840.0,10850.0,10600.0,10848.0,10799.0,10850.0,6938200.0,75267284835.0,63.0
2015-08-18,10652.0,10848.0,10550.0,10841.0,10612.0,10848.0,5929628.0,64281375951.0,109.0
2015-08-19,10780.0,10780.0,10608.0,10838.0,10666.0,10841.0,19439.0,207697934.0,20.0
2015-08-22,10810.0,10837.0,10600.0,10835.0,10700.0,10838.0,8450066.0,91552984854.0,61.0
2015-08-23,10606.0,10840.0,10606.0,10826.0,10630.0,10835.0,844806.0,9144825353.0,85.0
2015-08-24,10628.0,10680.0,10580.0,10745.0,10600.0,10826.0,354324.0,3761438119.0,113.0
2015-08-25,10770.0,10770.0,10454.0,10637.0,10554.0,10745.0,471772.0,4969737695.0,121.0
2015-08-26,10679.0,10798.0,10355.0,10629.0,10798.0,10637.0,796109.0,8460922017.0,173.0
2015-08-29,10645.0,10649.0,10451.0,10628.0,10649.0,10629.0,5342084.0,56777070082.0,147.0
2015-08-30,10680.0,10701.0,10400.0,10674.0,10678.0,10628.0,4743776.0,50634739167.0,201.0
2015-08-31,10476.0,10511.0,10476.0,10672.0,10511.0,10674.0,8492.0,89156700.0,6.0
2015-09-01,10520.0,10605.0,10486.0,10669.0,10486.0,10672.0,18879.0,198252690.0,14.0
2015-09-02,10660.0,10660.0,10450.0,10657.0,10470.0,10669.0,70165.0,737501234.0,49.0
2015-09-05,10470.0,10601.0,10453.0,10605.0,10601.0,10657.0,341546.0,3591418094.0,85.0
2015-09-06,10478.0,10500.0,10320.0,10558.0,10320.0,10605.0,256439.0,2675375024.0,88.0
2015-09-07,10351.0,10400.0,10313.0,10537.0,10341.0,10558.0,87702.0,905903528.0,51.0
2015-09-08,10540.0,10588.0,10370.0,10533.0,10371.0,10537.0,103454.0,1086592958.0,59.0
2015-09-09,10535.0,10539.0,10352.0,10516.0,10403.0,10533.0,362216.0,3799228448.0,35.0
2015-09-12,10311.0,10494.0,10311.0,10508.0,10460.0,10516.0,139804.0,1462731047.0,25.0
2015-09-13,10342.0,10899.0,10303.0,10657.0,10700.0,10508.0,2285042.0,24351657399.0,297.0
2015-09-14,10697.0,10700.0,10500.0,10676.0,10696.0,10657.0,999197.0,10667731461.0,73.0
2015-09-15,10693.0,10792.0,10453.0,10683.0,10660.0,10676.0,515665.0,5511893867.0,66.0
2015-09-16,10406.0,10600.0,10300.0,10637.0,10340.0,10683.0,275671.0,2901693434.0,87.0
2015-09-19,10302.0,10400.0,10300.0,10617.0,10390.0,10637.0,66274.0,686219638.0,43.0
2015-09-20,10349.0,10617.0,10249.0,10578.0,10311.0,10617.0,263673.0,2762791103.0,68.0
2015-09-21,10561.0,10800.0,10200.0,10659.0,10800.0,10578.0,2449630.0,26110081408.0,211.0
2015-09-22,10698.0,10698.0,10401.0,10661.0,10658.0,10659.0,819258.0,8734717787.0,31.0
2015-09-23,10760.0,10760.0,10550.0,10661.0,10550.0,10661.0,33343.0,355767104.0,15.0
2015-09-26,10435.0,10654.0,10435.0,10657.0,10456.0,10661.0,22801.0,239268178.0,16.0
2015-09-27,10455.0,10500.0,10450.0,10651.0,10499.0,10657.0,30620.0,320268199.0,24.0
2015-09-28,10500.0,10500.0,10460.0,10650.0,10460.0,10651.0,6463.0,67831350.0,6.0
2015-09-29,10600.0,10600.0,10403.0,10645.0,10425.0,10650.0,22192.0,231741853.0,17.0
2015-09-30,10599.0,10599.0,10410.0,10642.0,10415.0,10645.0,13140.0,136986915.0,14.0
2015-10-03,10400.0,10700.0,10400.0,10670.0,10501.0,10642.0,1314065.0,14021123544.0,64.0
2015-10-04,10680.0,10680.0,10434.0,10667.0,10434.0,10670.0,36610.0,387736320.0,23.0
2015-10-05,10435.0,10500.0,10412.0,10657.0,10420.0,10667.0,38350.0,399901542.0,20.0
2015-10-06,10426.0,10749.0,10420.0,10674.0,10688.0,10657.0,1926302.0,20561834943.0,102.0
2015-10-07,10650.0,10680.0,10439.0,10673.0,10674.0,10674.0,37905.0,403270637.0,31.0
2015-10-10,10511.0,10673.0,10511.0,10670.0,10542.0,10673.0,1015944.0,10840236326.0,70.0
2015-10-11,10570.0,10849.0,10550.0,10763.0,10699.0,10670.0,5015708.0,53984447187.0,107.0
2015-10-12,10601.0,10650.0,10530.0,10600.0,10586.0,10763.0,1555780.0,16490879528.0,42.0
2015-10-13,10581.0,10599.0,10531.0,10597.0,10580.0,10600.0,63474.0,669995189.0,44.0
2015-10-14,10580.0,10649.0,10545.0,10602.0,10580.0,10597.0,245080.0,2601634781.0,81.0
2015-10-17,10573.0,10718.0,10573.0,10616.0,10607.0,10602.0,258337.0,2752086511.0,94.0
2015-10-18,10750.0,10750.0,10504.0,10607.0,10506.0,10616.0,204315.0,2160496644.0,101.0
2015-10-19,10689.0,10949.0,10522.0,10819.0,10522.0,10607.0,3075678.0,33275887829.0,306.0
2015-10-28,10850.0,10920.0,10700.0,10846.0,10800.0,10819.0,424319.0,4615966568.0,77.0
2015-10-31,10792.0,10800.0,10502.0,10827.0,10502.0,10846.0,81391.0,865540602.0,62.0
2015-11-01,10450.0,10890.0,10400.0,10780.0,10400.0,10827.0,1527686.0,16467878355.0,200.0
2015-11-02,10763.0,10763.0,10450.0,10748.0,10498.0,10780.0,107570.0,1129736954.0,48.0
2015-11-03,10500.0,10590.0,10415.0,10706.0,10450.0,10748.0,135898.0,1422081394.0,53.0
2015-11-04,10590.0,10590.0,10445.0,10658.0,10495.0,10706.0,174750.0,1826308599.0,84.0
2015-11-07,10639.0,10797.0,10500.0,10767.0,10769.0,10658.0,1059855.0,11411784171.0,83.0
2015-11-08,10551.0,10745.0,10551.0,10760.0,10689.0,10767.0,79526.0,849451408.0,35.0
2015-11-09,10720.0,10869.0,10450.0,10735.0,10450.0,10760.0,1940627.0,20831714678.0,268.0
2015-11-22,5200.0,5237.0,5190.0,5207.0,5199.0,5074.0,901386.0,4693794878.0,79.0
2015-11-23,5197.0,5245.0,5020.0,5223.0,5200.0,5207.0,4287552.0,22394256613.0,305.0
2015-11-24,5200.0,5249.0,5110.0,5243.0,5249.0,5223.0,3894661.0,20420602303.0,54.0
2015-11-25,5199.0,5400.0,5135.0,5253.0,5400.0,5243.0,1725098.0,9063372399.0,139.0
2015-11-28,5299.0,5299.0,5200.0,5272.0,5247.0,5253.0,950205.0,5026947848.0,61.0
2015-11-29,5191.0,5298.0,5119.0,5290.0,5180.0,5272.0,2186051.0,11564517883.0,53.0
2015-11-30,5286.0,5286.0,5156.0,5285.0,5200.0,5290.0,83152.0,430150098.0,20.0
2015-12-01,5200.0,5380.0,5170.0,5327.0,5207.0,5285.0,1956218.0,10421138648.0,123.0
2015-12-05,5300.0,5300.0,5260.0,5326.0,5260.0,5327.0,53069.0,280929400.0,20.0
2015-12-06,5240.0,5269.0,5240.0,5324.0,5269.0,5326.0,59315.0,311726622.0,24.0
2015-12-07,5260.0,5353.0,5217.0,5339.0,5353.0,5324.0,8449781.0,45114935030.0,66.0
2015-12-08,5314.0,5315.0,5220.0,5339.0,5315.0,5339.0,29381.0,156015782.0,28.0
2015-12-09,5300.0,5309.0,5225.0,5338.0,5258.0,5339.0,61239.0,324548165.0,31.0
2015-12-13,5235.0,5300.0,5226.0,5336.0,5300.0,5338.0,44774.0,234725298.0,24.0
2015-12-14,5300.0,5300.0,5250.0,5336.0,5290.0,5336.0,13830.0,72998615.0,13.0
2015-12-15,5290.0,5295.0,5265.0,5335.0,5265.0,5336.0,24876.0,131655760.0,13.0
2015-12-16,5298.0,5298.0,5200.0,5327.0,5210.0,5335.0,150456.0,787026070.0,48.0
2015-12-19,5210.0,5262.0,5210.0,5324.0,5262.0,5327.0,57662.0,302106576.0,19.0
2015-12-20,5249.0,5249.0,5193.0,5318.0,5193.0,5324.0,83121.0,431709098.0,13.0
2015-12-21,5171.0,5250.0,5171.0,5315.0,5184.0,5318.0,40161.0,208273969.0,28.0
2015-12-22,5200.0,5200.0,5175.0,5311.0,5179.0,5315.0,49337.0,255621969.0,19.0
2015-12-23,5180.0,5210.0,5176.0,5304.0,5181.0,5311.0,103507.0,536567846.0,27.0
2015-12-26,5178.0,5199.0,5150.0,5303.0,5150.0,5304.0,13878.0,71752418.0,15.0
2015-12-27,5066.0,5185.0,5066.0,5294.0,5121.0,5303.0,83688.0,427379867.0,27.0
2015-12-28,5120.0,5170.0,5120.0,5292.0,5120.0,5294.0,17653.0,90449360.0,19.0
2015-12-30,5087.0,5190.0,5087.0,5289.0,5129.0,5292.0,38373.0,197770859.0,22.0
2016-01-02,5151.0,5250.0,5092.0,5282.0,5110.0,5289.0,166618.0,868231665.0,37.0
2016-01-03,5240.0,5240.0,5090.0,5282.0,5151.0,5282.0,7257.0,37657648.0,16.0
2016-01-04,5150.0,5200.0,5106.0,5274.0,5170.0,5282.0,164331.0,853573150.0,16.0
2016-01-05,5111.0,5215.0,5111.0,5272.0,5150.0,5274.0,43959.0,228070144.0,24.0
2016-01-06,5121.0,5310.0,5121.0,5281.0,5281.0,5272.0,4417712.0,23327988108.0,261.0
2016-01-09,5312.0,5312.0,5065.0,5176.0,5100.0,5281.0,1314088.0,6741353731.0,176.0
2016-01-10,5101.0,5194.0,5044.0,5166.0,5194.0,5176.0,168739.0,855402471.0,53.0
2016-01-11,5100.0,5166.0,5100.0,5165.0,5160.0,5166.0,117796.0,607151662.0,44.0
2016-01-12,5150.0,5165.0,5040.0,5111.0,5040.0,5165.0,1088589.0,5520972658.0,153.0
2016-01-13,5048.0,5286.0,5047.0,5212.0,5126.0,5111.0,2153360.0,11222540415.0,184.0
2016-01-16,5299.0,5309.0,5100.0,5202.0,5300.0,5212.0,4713634.0,24518728120.0,455.0
2016-01-17,5315.0,5315.0,5161.0,5202.0,5162.0,5202.0,666354.0,3466760132.0,139.0
2016-01-18,5182.0,5350.0,5105.0,5280.0,5305.0,5202.0,1910362.0,10088242497.0,157.0
2016-01-19,5280.0,5280.0,5164.0,5276.0,5169.0,5280.0,202326.0,1061207782.0,66.0
2016-01-20,5276.0,5276.0,5170.0,5272.0,5172.0,5276.0,78122.0,405276951.0,41.0
2016-01-23,5180.0,5199.0,5120.0,5250.0,5149.0,5272.0,302047.0,1551381765.0,95.0
2016-01-24,5200.0,5249.0,5120.0,5237.0,5163.0,5250.0,367266.0,1902589547.0,105.0
2016-01-25,5131.0,5260.0,5131.0,5235.0,5200.0,5237.0,998619.0,5225434351.0,153.0
2016-01-26,5276.0,5496.0,5270.0,5398.0,5449.0,5235.0,6650594.0,35897196698.0,445.0
2016-01-27,5500.0,5600.0,5480.0,5531.0,5521.0,5398.0,2044403.0,11307204445.0,345.0
2016-01-30,5666.0,5807.0,5534.0,5761.0,5660.0,5531.0,5552184.0,31983539084.0,437.0
2016-01-31,5700.0,5900.0,5570.0,5742.0,5738.0,5761.0,1009508.0,5780628898.0,146.0
2016-02-01,5739.0,6028.0,5702.0,5912.0,5825.0,5742.0,11021311.0,65154916006.0,695.0
2016-02-02,6010.0,6010.0,5820.0,5906.0,5850.0,5912.0,637332.0,3757376450.0,166.0
2016-02-03,5940.0,5940.0,5823.0,5897.0,5838.0,5906.0,572748.0,3365833756.0,112.0
2016-02-06,5800.0,5926.0,5782.0,5872.0,5810.0,5897.0,616173.0,3591698098.0,113.0
2016-02-07,5896.0,5899.0,5700.0,5817.0,5800.0,5872.0,836884.0,4821585122.0,184.0
2016-02-08,5799.0,6020.0,5702.0,5912.0,6019.0,5817.0,1908529.0,11283320511.0,268.0
2016-02-09,6098.0,6100.0,5960.0,6058.0,6020.0,5912.0,3668423.0,22223135474.0,369.0
2016-02-10,6080.0,6080.0,5860.0,5987.0,5977.0,6058.0,879402.0,5207818972.0,128.0
2016-02-13,5857.0,5979.0,5831.0,5946.0,5851.0,5987.0,853162.0,5039075789.0,113.0
2016-02-14,5800.0,6080.0,5800.0,5993.0,5885.0,5946.0,2796016.0,16755662929.0,144.0
2016-02-15,6000.0,6000.0,5806.0,5871.0,5837.0,5993.0,1663088.0,9762813333.0,196.0
2016-02-16,5975.0,5997.0,5870.0,5961.0,5988.0,5871.0,5398479.0,32182103562.0,343.0
2016-02-17,6000.0,6170.0,5988.0,6081.0,6045.0,5961.0,4972740.0,30241326136.0,378.0
2016-02-20,6148.0,6148.0,5862.0,6004.0,5873.0,6081.0,888559.0,5276147422.0,155.0
2016-02-21,5926.0,5926.0,5803.0,5951.0,5820.0,6004.0,664310.0,3900755149.0,126.0
2016-02-22,5855.0,5914.0,5812.0,5897.0,5850.0,5951.0,13051593.0,76965321471.0,95.0
2016-02-23,5850.0,5970.0,5814.0,5918.0,5970.0,5897.0,2106361.0,12465172412.0,199.0
2016-02-24,5853.0,6098.0,5853.0,6019.0,6098.0,5918.0,2347381.0,14129159282.0,200.0
2016-02-27,5885.0,6098.0,5850.0,5987.0,5850.0,6019.0,1167417.0,6972920189.0,176.0
2016-02-28,5906.0,5987.0,5800.0,5952.0,5803.0,5987.0,3422626.0,20371722017.0,142.0
2016-02-29,5805.0,6200.0,5800.0,6001.0,6200.0,5952.0,3479758.0,20881037202.0,242.0
2016-03-01,6189.0,6300.0,5922.0,6154.0,5966.0,6001.0,1635554.0,10068788319.0,208.0
2016-03-02,5961.0,6200.0,5901.0,6154.0,6160.0,6154.0,8536177.0,52535385781.0,259.0
2016-03-05,6183.0,6319.0,5996.0,6118.0,6090.0,6154.0,2762818.0,16902184724.0,244.0
2016-03-06,6000.0,6118.0,5892.0,6111.0,5892.0,6118.0,36647640.0,223945846091.0,163.0
2016-03-07,5904.0,6000.0,5870.0,5994.0,5870.0,6111.0,892959.0,5266271067.0,118.0
2016-03-08,5860.0,5999.0,5700.0,5968.0,5810.0,5994.0,8846336.0,52798381042.0,218.0
2016-03-09,5720.0,5820.0,5720.0,5852.0,5761.0,5968.0,894814.0,5151235436.0,216.0
2016-03-12,5750.0,5849.0,5704.0,5816.0,5704.0,5852.0,3712547.0,21590764313.0,197.0
2016-03-14,5838.0,5838.0,5640.0,5745.0,5654.0,5816.0,1142565.0,6523023003.0,254.0
2016-03-15,5751.0,5798.0,5500.0,5697.0,5570.0,5745.0,1815451.0,10342515658.0,227.0
2016-03-16,5690.0,5690.0,5450.0,5553.0,5495.0,5697.0,1232376.0,6774343731.0,292.0
2016-03-26,5496.0,5669.0,5420.0,5558.0,5500.0,5553.0,631326.0,3514395651.0,111.0
2016-03-27,5500.0,5608.0,5485.0,5555.0,5550.0,5558.0,344213.0,1907375319.0,97.0
2016-03-28,5480.0,5549.0,5453.0,5543.0,5479.0,5555.0,533228.0,2940972602.0,105.0
2016-03-29,5435.0,5529.0,5410.0,5533.0,5450.0,5543.0,313387.0,1718354541.0,83.0
2016-03-30,5470.0,5500.0,5468.0,5522.0,5483.0,5533.0,465316.0,2554937395.0,123.0
2016-04-02,5483.0,5720.0,5480.0,5610.0,5700.0,5522.0,2041398.0,11452081202.0,300.0
2016-04-03,5570.0,5885.0,5555.0,5754.0,5690.0,5610.0,14816076.0,85252624090.0,508.0
2016-04-04,5800.0,5800.0,5611.0,5737.0,5730.0,5754.0,579376.0,3302641498.0,140.0
2016-04-05,5651.0,5690.0,5606.0,5711.0,5607.0,5737.0,529702.0,2990980758.0,129.0
2016-04-06,5610.0,5610.0,5490.0,5622.0,5490.0,5711.0,939842.0,5205439591.0,247.0
2016-04-09,5551.0,5622.0,5470.0,5599.0,5619.0,5622.0,6498749.0,36384139836.0,246.0
2016-04-10,5502.0,5525.0,5451.0,5576.0,5451.0,5599.0,351818.0,1929067390.0,99.0
2016-04-11,5475.0,5500.0,5403.0,5523.0,5403.0,5576.0,678186.0,3687043756.0,167.0
2016-04-12,5440.0,5597.0,5403.0,5572.0,5520.0,5523.0,5251632.0,29264170016.0,88.0
2016-04-13,5455.0,5569.0,5417.0,5548.0,5423.0,5572.0,812941.0,4486367831.0,111.0
2016-04-16,5423.0,5698.0,5410.0,5661.0,5500.0,5548.0,7711851.0,43659607604.0,167.0
2016-04-17,5660.0,5689.0,5511.0,5651.0,5620.0,5661.0,641376.0,3612837257.0,195.0
2016-04-18,5640.0,5640.0,5561.0,5638.0,5585.0,5651.0,426744.0,2387238560.0,100.0
2016-04-19,5600.0,5607.0,5450.0,5615.0,5488.0,5638.0,265046.0,1453756656.0,85.0
2016-04-20,5570.0,5599.0,5435.0,5588.0,5499.0,5615.0,397283.0,2181625979.0,99.0
2016-04-23,5550.0,5594.0,5456.0,5587.0,5460.0,5588.0,40367.0,223112226.0,38.0
2016-04-24,5529.0,5529.0,5413.0,5555.0,5432.0,5587.0,385183.0,2093931301.0,92.0
2016-04-25,5420.0,5500.0,5415.0,5530.0,5420.0,5555.0,403827.0,2197656385.0,118.0
2016-04-26,5420.0,5599.0,5410.0,5583.0,5431.0,5530.0,2722715.0,15200831719.0,106.0
2016-04-27,5425.0,5700.0,5410.0,5642.0,5699.0,5583.0,5899808.0,33285988996.0,424.0
2016-04-30,5466.0,5599.0,5452.0,5617.0,5453.0,5642.0,279406.0,1531237043.0,85.0
2016-05-01,5446.0,5670.0,5440.0,5654.0,5484.0,5617.0,6289763.0,35565203629.0,107.0
2016-05-02,5599.0,5599.0,5450.0,5635.0,5483.0,5654.0,207042.0,1137148843.0,63.0
2016-05-03,5459.0,5546.0,5450.0,5606.0,5450.0,5635.0,288889.0,1576118178.0,76.0
2016-05-04,5451.0,5490.0,5440.0,5587.0,5477.0,5606.0,224344.0,1223446313.0,57.0
2016-05-07,5435.0,5498.0,5402.0,5543.0,5402.0,5587.0,501455.0,2722531315.0,111.0
2016-05-08,5403.0,5615.0,5401.0,5598.0,5440.0,5543.0,10438856.0,58431696125.0,168.0
2016-05-09,5470.0,5470.0,5406.0,5583.0,5438.0,5598.0,147259.0,797001549.0,83.0
2016-05-10,5412.0,5420.0,5400.0,5552.0,5404.0,5583.0,313880.0,1696632863.0,68.0
2016-05-11,5402.0,5410.0,5379.0,5527.0,5379.0,5552.0,283560.0,1530422842.0,98.0
2016-05-14,5390.0,5400.0,5340.0,5510.0,5380.0,5527.0,194243.0,1042362596.0,81.0
2016-05-15,5380.0,5500.0,5321.0,5486.0,5380.0,5510.0,399101.0,2155264103.0,73.0
2016-05-16,5331.0,5418.0,5330.0,5477.0,5380.0,5486.0,151573.0,814894723.0,36.0
2016-05-17,5330.0,5409.0,5330.0,5473.0,5380.0,5477.0,80928.0,435935645.0,37.0
2016-05-18,5380.0,5400.0,5370.0,5447.0,5371.0,5473.0,497253.0,2673966767.0,83.0
2016-05-21,5370.0,5399.0,5324.0,5443.0,5334.0,5447.0,72215.0,386799187.0,32.0
2016-05-23,5371.0,5438.0,5271.0,5432.0,5271.0,5443.0,204097.0,1090815236.0,44.0
2016-05-24,5300.0,5312.0,5202.0,5383.0,5230.0,5432.0,494574.0,2597165374.0,106.0
2016-05-25,5171.0,5330.0,5171.0,5371.0,5244.0,5383.0,244233.0,1292983424.0,70.0
2016-05-28,5304.0,5449.0,5200.0,5415.0,5252.0,5371.0,2729699.0,14781199151.0,103.0
2016-05-29,5350.0,5350.0,5220.0,5393.0,5231.0,5415.0,238123.0,1247725015.0,69.0
2016-05-30,5211.0,5252.0,5200.0,5381.0,5229.0,5393.0,123664.0,644691036.0,79.0
2016-05-31,5200.0,5201.0,5186.0,5351.0,5190.0,5381.0,296360.0,1539680213.0,50.0
2016-06-01,5250.0,5297.0,5180.0,5344.0,5200.0,5351.0,88325.0,459299205.0,59.0
2016-06-05,5176.0,5348.0,5160.0,5321.0,5162.0,5344.0,4135259.0,22002151397.0,142.0
2016-06-06,5169.0,5298.0,5150.0,5303.0,5151.0,5321.0,281855.0,1466334603.0,56.0
2016-06-07,5200.0,5200.0,5155.0,5299.0,5161.0,5303.0,50644.0,261697103.0,29.0
2016-06-08,5179.0,5299.0,5158.0,5291.0,5160.0,5299.0,3592640.0,19009659043.0,98.0
2016-06-11,5140.0,5140.0,5060.0,5228.0,5140.0,5291.0,620170.0,3162778008.0,121.0
2016-06-12,5050.0,5332.0,5050.0,5315.0,5189.0,5228.0,6919562.0,36777648156.0,132.0
2016-06-13,5180.0,5180.0,5080.0,5258.0,5090.0,5315.0,496908.0,2533208517.0,88.0
2016-06-14,5080.0,5150.0,5065.0,5227.0,5150.0,5258.0,442780.0,2270453185.0,82.0
2016-06-15,5150.0,5180.0,5050.0,5196.0,5147.0,5227.0,380957.0,1932714472.0,71.0
2016-06-18,5100.0,5150.0,5064.0,5182.0,5064.0,5196.0,239625.0,1219044109.0,63.0
2016-06-19,5126.0,5179.0,5042.0,5167.0,5075.0,5182.0,390992.0,1997103548.0,87.0
2016-06-20,5035.0,5120.0,5000.0,5153.0,5120.0,5167.0,273292.0,1384967968.0,75.0
2016-06-21,5139.0,5139.0,4933.0,5148.0,5100.0,5153.0,115793.0,586457252.0,64.0
2016-06-22,5001.0,5146.0,5001.0,5145.0,5120.0,5148.0,141344.0,721337928.0,53.0
2016-06-25,5130.0,5148.0,5060.0,5147.0,5114.0,5145.0,3169808.0,16316431688.0,29.0
2016-06-26,5002.0,5101.0,5000.0,5138.0,5100.0,5147.0,296365.0,1508512522.0,58.0
2016-06-28,5100.0,5129.0,5050.0,5128.0,5121.0,5138.0,657770.0,3360224884.0,81.0
2016-06-29,5040.0,5100.0,5040.0,5124.0,5100.0,5128.0,111574.0,563508810.0,38.0
2016-07-02,5090.0,5100.0,5015.0,5122.0,5100.0,5124.0,34826.0,174994373.0,29.0
2016-07-03,5021.0,5051.0,4990.0,5113.0,5000.0,5122.0,148607.0,744028683.0,45.0
2016-07-04,5002.0,5080.0,4955.0,5087.0,5000.0,5113.0,470977.0,2357727757.0,90.0
2016-07-05,5000.0,5146.0,4977.0,5123.0,4999.0,5087.0,2514263.0,12879370577.0,142.0
2016-07-09,5050.0,5050.0,4980.0,5069.0,4980.0,5123.0,1093127.0,5495459476.0,133.0
2016-07-10,4970.0,5098.0,4820.0,5050.0,4970.0,5069.0,3812420.0,19252202624.0,215.0
2016-07-11,4979.0,5041.0,4900.0,5019.0,4975.0,5050.0,1708530.0,8568305203.0,159.0
2016-07-12,5099.0,5099.0,5014.0,5084.0,5017.0,5019.0,4458652.0,22666410871.0,290.0
2016-07-13,5001.0,5001.0,4902.0,5079.0,4950.0,5084.0,82383.0,408914027.0,46.0
2016-07-16,4900.0,4950.0,4900.0,5068.0,4915.0,5079.0,131422.0,646419389.0,50.0
2016-07-17,4900.0,4925.0,4900.0,5056.0,4920.0,5068.0,165012.0,811696129.0,70.0
2016-07-18,4924.0,4924.0,4892.0,5049.0,4900.0,5056.0,89569.0,439143200.0,42.0
2016-07-19,4910.0,4910.0,4850.0,5022.0,4850.0,5049.0,324431.0,1584760154.0,76.0
2016-07-20,4899.0,4900.0,4850.0,5014.0,4850.0,5022.0,118717.0,579647936.0,52.0
2016-07-23,4824.0,4909.0,4820.0,4973.0,4861.0,5014.0,604179.0,2946708971.0,129.0
2016-07-24,4871.0,4890.0,4800.0,4932.0,4806.0,4973.0,524282.0,2525182708.0,128.0
2016-07-25,4850.0,4932.0,4782.0,4920.0,4900.0,4932.0,297862.0,1444716161.0,78.0
2016-07-26,4871.0,4978.0,4800.0,4944.0,4800.0,4920.0,1333957.0,6610563347.0,108.0
2016-07-27,4889.0,4944.0,4821.0,4941.0,4870.0,4944.0,1287326.0,6359027372.0,92.0
2016-07-31,4862.0,4920.0,4850.0,4935.0,4872.0,4941.0,235970.0,1153571389.0,73.0
2016-08-01,4900.0,4929.0,4891.0,4932.0,4893.0,4935.0,195694.0,959255786.0,62.0
2016-08-02,4889.0,4930.0,4828.0,4927.0,4915.0,4932.0,135382.0,657778236.0,58.0
2016-08-03,4910.0,4927.0,4866.0,4926.0,4866.0,4927.0,4532727.0,22329028956.0,45.0
2016-08-06,4900.0,4938.0,4860.0,4924.0,4938.0,4926.0,5221391.0,25711104522.0,121.0
2016-08-07,4873.0,4924.0,4873.0,4923.0,4900.0,4924.0,4228429.0,20817402725.0,64.0
2016-08-08,4900.0,4923.0,4825.0,4919.0,4832.0,4923.0,723162.0,3551140253.0,81.0
2016-08-09,4828.0,4900.0,4828.0,4917.0,4841.0,4919.0,65797.0,320566993.0,27.0
2016-08-10,4881.0,4899.0,4672.0,4900.0,4800.0,4917.0,237744.0,1135451190.0,83.0
2016-08-13,4800.0,4895.0,4750.0,4885.0,4790.0,4900.0,231632.0,1104361276.0,64.0
2016-08-14,4752.0,4847.0,4752.0,4883.0,4832.0,4885.0,52330.0,251417799.0,38.0
2016-08-15,4850.0,4850.0,4771.0,4860.0,4779.0,4883.0,467862.0,2236738561.0,52.0
2016-08-16,4761.0,4900.0,4761.0,4877.0,4900.0,4860.0,1315010.0,6425533673.0,123.0
2016-08-17,4877.0,4911.0,4850.0,4883.0,4900.0,4877.0,825469.0,4037839420.0,61.0
2016-08-20,4920.0,4999.0,4898.0,4937.0,4898.0,4883.0,2222530.0,10971659084.0,150.0
2016-08-21,4988.0,4988.0,4900.0,4950.0,4944.0,4937.0,1808421.0,8954633127.0,177.0
2016-08-22,4950.0,4990.0,4929.0,4954.0,4930.0,4950.0,655501.0,3251925642.0,52.0
2016-08-23,4950.0,4987.0,4930.0,4956.0,4985.0,4954.0,914430.0,4533959717.0,79.0
2016-08-24,4980.0,5136.0,4900.0,5051.0,4900.0,4956.0,8201796.0,41424850030.0,441.0
2016-08-27,4821.0,5030.0,4821.0,5016.0,4889.0,5051.0,725779.0,3597016859.0,147.0
2016-08-28,4950.0,4997.0,4835.0,4980.0,4835.0,5016.0,594666.0,2912486453.0,110.0
2016-08-29,4950.0,4950.0,4900.0,4969.0,4900.0,4980.0,402486.0,1982181346.0,75.0
2016-08-30,4950.0,4969.0,4890.0,4966.0,4964.0,4969.0,12942696.0,64267804833.0,82.0
2016-08-31,4950.0,4950.0,4718.0,4955.0,4718.0,4966.0,135581.0,651124552.0,55.0
2016-09-03,4882.0,4980.0,4759.0,4951.0,4980.0,4955.0,3522198.0,17440023035.0,176.0
2016-09-04,4900.0,4900.0,4875.0,4945.0,4877.0,4951.0,196342.0,960207311.0,51.0
2016-09-05,4865.0,4905.0,4865.0,4943.0,4870.0,4945.0,62876.0,306334085.0,13.0
2016-09-06,4880.0,4933.0,4800.0,4907.0,4810.0,4943.0,2764633.0,13565280590.0,174.0
2016-09-07,4800.0,4907.0,4750.0,4903.0,4894.0,4907.0,6812610.0,33399608446.0,74.0
2016-09-10,4803.0,4895.0,4800.0,4896.0,4803.0,4903.0,284234.0,1378348868.0,36.0
2016-09-11,4801.0,4850.0,4780.0,4883.0,4780.0,4896.0,240890.0,1153855139.0,34.0
2016-09-13,4714.0,4900.0,4700.0,4877.0,4900.0,4883.0,2118843.0,10333853193.0,158.0
2016-09-14,4875.0,4877.0,4700.0,4870.0,4703.0,4877.0,175981.0,843908906.0,42.0
2016-09-17,4705.0,4900.0,4702.0,4863.0,4900.0,4870.0,3966723.0,19291725604.0,279.0
2016-09-18,4850.0,4900.0,4790.0,4865.0,4900.0,4863.0,10293567.0,50077997940.0,47.0
2016-09-19,4870.0,4919.0,4800.0,4895.0,4850.0,4865.0,3879287.0,18989997974.0,199.0
2016-09-21,4850.0,5000.0,4813.0,4930.0,4939.0,4895.0,7020284.0,34608191215.0,363.0
2016-09-24,4817.0,5005.0,4817.0,4982.0,5005.0,4930.0,4452309.0,22180203474.0,197.0
2016-09-25,4980.0,5099.0,4980.0,5078.0,5099.0,4982.0,7576265.0,38473104988.0,422.0
2016-09-26,5078.0,5147.0,5002.0,5134.0,5070.0,5078.0,4591340.0,23571595206.0,225.0
2016-09-27,5099.0,5194.0,5032.0,5185.0,5129.0,5134.0,4053646.0,21018732216.0,192.0
2016-09-28,5180.0,5180.0,5062.0,5177.0,5100.0,5185.0,146119.0,741330596.0,50.0
2016-10-01,5052.0,5125.0,5051.0,5175.0,5072.0,5177.0,34387.0,174807509.0,15.0
2016-10-02,5100.0,5115.0,5049.0,5161.0,5080.0,5175.0,235552.0,1191670785.0,38.0
2016-10-03,5100.0,5100.0,5040.0,5151.0,5040.0,5161.0,177025.0,894107160.0,38.0
2016-10-04,5001.0,5194.0,4908.0,5175.0,4962.0,5151.0,3591476.0,18584217788.0,204.0
2016-10-05,5071.0,5071.0,5033.0,5164.0,5035.0,5175.0,166967.0,843404652.0,36.0
2016-10-08,5099.0,5180.0,5050.0,5150.0,5150.0,5164.0,716185.0,3671369686.0,81.0
2016-10-09,5148.0,5180.0,5110.0,5160.0,5169.0,5150.0,863321.0,4464824953.0,93.0
2016-10-10,5175.0,5180.0,5106.0,5166.0,5168.0,5160.0,978756.0,5061919063.0,95.0
2016-10-15,5140.0,5177.0,5070.0,5175.0,5165.0,5166.0,2904970.0,15032549222.0,139.0
2016-10-16,5160.0,5160.0,5085.0,5174.0,5085.0,5175.0,74660.0,383572596.0,44.0
2016-10-17,5140.0,5149.0,5011.0,5166.0,5110.0,5174.0,199029.0,1014661029.0,111.0
2016-10-24,4900.0,5000.0,4881.0,4910.0,5000.0,4866.0,700385.0,3438568796.0,111.0
2016-10-25,4900.0,4918.0,4880.0,4909.0,4900.0,4910.0,203381.0,996261925.0,110.0
2016-10-26,4900.0,4960.0,4850.0,4905.0,4880.0,4909.0,203712.0,991464970.0,92.0
2016-10-29,4800.0,5080.0,4800.0,4962.0,4950.0,4905.0,1676547.0,8339679570.0,157.0
2016-10-30,4950.0,5039.0,4895.0,4953.0,4895.0,4962.0,498309.0,2455274627.0,91.0
2016-10-31,5000.0,5000.0,4795.0,4932.0,4888.0,4953.0,374778.0,1812818317.0,120.0
2016-11-01,4802.0,4802.0,4734.0,4906.0,4790.0,4932.0,343101.0,1638939320.0,97.0
2016-11-02,4783.0,4893.0,4780.0,4879.0,4799.0,4906.0,482209.0,2310955153.0,112.0
2016-11-05,4877.0,4877.0,4683.0,4827.0,4685.0,4879.0,585925.0,2752880080.0,174.0
2016-11-06,4765.0,4826.0,4626.0,4804.0,4660.0,4827.0,358592.0,1682977774.0,100.0
2016-11-07,4784.0,4790.0,4565.0,4737.0,4565.0,4804.0,1089763.0,5098333477.0,187.0
2016-11-08,4730.0,4730.0,4613.0,4733.0,4625.0,4737.0,77859.0,360550125.0,59.0
2016-11-09,4614.0,4733.0,4530.0,4699.0,4590.0,4733.0,650175.0,3007456100.0,110.0
2016-11-12,4720.0,4720.0,4497.0,4635.0,4501.0,4699.0,1967931.0,9110435212.0,221.0
2016-11-13,4590.0,4590.0,4415.0,4549.0,4430.0,4635.0,931425.0,4133819882.0,252.0
2016-11-14,4539.0,4539.0,4431.0,4542.0,4504.0,4549.0,223845.0,1003985320.0,88.0
2016-11-15,4538.0,4538.0,4420.0,4533.0,4479.0,4542.0,349910.0,1569499060.0,94.0
2016-11-16,4500.0,4500.0,4446.0,4528.0,4490.0,4533.0,205781.0,922057145.0,55.0
2016-11-19,4491.0,4491.0,4331.0,4389.0,4331.0,4528.0,3465793.0,15212078584.0,302.0
2016-11-21,4389.0,4475.0,4360.0,4389.0,4380.0,4389.0,3079825.0,13516247932.0,211.0
2016-11-22,4365.0,4370.0,4300.0,4375.0,4321.0,4389.0,609552.0,2643970430.0,126.0
2016-11-23,4375.0,4375.0,4300.0,4369.0,4300.0,4375.0,342771.0,1487422758.0,93.0
2016-11-26,4409.0,4409.0,4305.0,4397.0,4400.0,4369.0,5521578.0,24276496715.0,173.0
2016-11-27,4419.0,4595.0,4390.0,4445.0,4515.0,4397.0,3996450.0,17766076950.0,323.0
2016-11-29,4560.0,4667.0,4500.0,4657.0,4667.0,4445.0,15403461.0,71735587563.0,672.0
2016-12-03,4700.0,4700.0,4521.0,4659.0,4550.0,4657.0,4571561.0,21297329452.0,349.0
2016-12-04,4540.0,4648.0,4539.0,4646.0,4550.0,4659.0,266701.0,1214369292.0,61.0
2016-12-05,4600.0,4608.0,4530.0,4550.0,4608.0,4646.0,6145775.0,27964952389.0,305.0
2016-12-06,4520.0,4629.0,4520.0,4557.0,4546.0,4550.0,261781.0,1205826939.0,57.0
2016-12-07,4700.0,4700.0,4588.0,4600.0,4600.0,4557.0,813897.0,3801618916.0,128.0
2016-12-10,4690.0,4699.0,4510.0,4592.0,4595.0,4600.0,2201737.0,10109278526.0,159.0
2016-12-11,4521.0,4600.0,4521.0,4589.0,4600.0,4592.0,360129.0,1646943528.0,56.0
2016-12-12,4600.0,4691.0,4571.0,4624.0,4585.0,4589.0,1021001.0,4762272446.0,95.0
2016-12-13,4585.0,4680.0,4556.0,4631.0,4660.0,4624.0,433990.0,2020932670.0,65.0
2016-12-14,4600.0,4616.0,4570.0,4626.0,4616.0,4631.0,284879.0,1308871623.0,72.0
2016-12-18,4537.0,4600.0,4534.0,4624.0,4551.0,4626.0,70099.0,319281374.0,34.0
2016-12-19,4510.0,4590.0,4510.0,4619.0,4560.0,4624.0,148411.0,675333912.0,52.0
2016-12-20,4466.0,4582.0,4466.0,4611.0,4502.0,4619.0,143181.0,644768016.0,30.0
2016-12-21,4578.0,4614.0,4501.0,4608.0,4512.0,4611.0,283935.0,1301875707.0,47.0
2016-12-24,4549.0,4600.0,4539.0,4600.0,4600.0,4608.0,289624.0,1318055006.0,65.0
2016-12-25,4578.0,4597.0,4510.0,4598.0,4510.0,4600.0,112232.0,511286184.0,29.0
2016-12-26,4679.0,4699.0,4501.0,4604.0,4511.0,4598.0,848289.0,3913284657.0,98.0
2016-12-27,4522.0,4565.0,4522.0,4600.0,4564.0,4604.0,178936.0,814788170.0,46.0
2016-12-28,4580.0,4680.0,4390.0,4588.0,4680.0,4600.0,24662155.0,113159105749.0,883.0
2016-12-31,4658.0,4695.0,4471.0,4599.0,4520.0,4588.0,374058.0,1740885228.0,69.0
2017-01-01,4505.0,4560.0,4483.0,4593.0,4520.0,4599.0,131523.0,591710693.0,27.0
2017-01-02,4481.0,4698.0,4442.0,4676.0,4698.0,4593.0,13334760.0,62349238951.0,194.0
2017-01-03,4500.0,4685.0,4500.0,4629.0,4673.0,4676.0,1366233.0,6285324289.0,95.0
2017-01-04,4650.0,4650.0,4541.0,4642.0,4547.0,4629.0,1531088.0,7116808722.0,72.0
2017-01-07,4532.0,4629.0,4500.0,4621.0,4521.0,4642.0,394495.0,1786439771.0,70.0
2017-01-08,4579.0,4579.0,4495.0,4613.0,4501.0,4621.0,146374.0,658961940.0,33.0
2017-01-09,4484.0,4552.0,4484.0,4599.0,4552.0,4613.0,263766.0,1186557286.0,54.0
2017-01-11,4570.0,4600.0,4487.0,4595.0,4600.0,4599.0,170169.0,773251532.0,60.0
2017-01-14,4520.0,4520.0,4486.0,4594.0,4520.0,4595.0,27612.0,124259055.0,23.0
2017-01-15,4500.0,4511.0,4463.0,4581.0,4470.0,4594.0,218789.0,977550685.0,55.0
2017-01-16,4461.0,4510.0,4453.0,4576.0,4460.0,4581.0,90513.0,404666678.0,36.0
2017-01-17,4448.0,4685.0,4348.0,4526.0,4685.0,4576.0,5355972.0,24243425140.0,412.0
2017-01-18,4640.0,4640.0,4450.0,4546.0,4468.0,4526.0,545511.0,2511557964.0,61.0
2017-01-21,4468.0,4640.0,4460.0,4555.0,4519.0,4546.0,364270.0,1675867063.0,61.0
2017-01-22,4500.0,4500.0,4480.0,4553.0,4485.0,4555.0,67807.0,304041550.0,25.0
2017-01-23,4478.0,4553.0,4472.0,4544.0,4484.0,4553.0,295092.0,1324537958.0,60.0
2017-01-24,4467.0,4588.0,4434.0,4498.0,4438.0,4544.0,2045304.0,9193636536.0,157.0
2017-01-25,4439.0,4565.0,4390.0,4492.0,4390.0,4498.0,2911738.0,13078314417.0,119.0
2017-01-28,4400.0,4400.0,4357.0,4468.0,4360.0,4492.0,452973.0,1982074824.0,78.0
2017-01-29,4370.0,4489.0,4359.0,4478.0,4383.0,4468.0,1652260.0,7404941244.0,123.0
2017-01-30,4480.0,4480.0,4381.0,4471.0,4390.0,4478.0,236249.0,1042714684.0,56.0
2017-01-31,4400.0,4400.0,4388.0,4466.0,4395.0,4471.0,148027.0,650960143.0,48.0
2017-02-01,4383.0,4399.0,4330.0,4436.0,4330.0,4466.0,587539.0,2556443196.0,101.0
2017-02-04,4310.0,4330.0,4300.0,4409.0,4300.0,4436.0,489802.0,2111606714.0,99.0
2017-02-05,4300.0,4305.0,4281.0,4401.0,4290.0,4409.0,151039.0,648067092.0,63.0
2017-02-06,4303.0,4401.0,4260.0,4368.0,4391.0,4401.0,1583336.0,6894809498.0,118.0
2017-02-07,4391.0,4475.0,4270.0,4361.0,4280.0,4368.0,882552.0,3838354573.0,80.0
2017-02-08,4300.0,4300.0,4254.0,4348.0,4300.0,4361.0,372614.0,1595568468.0,78.0
2017-02-11,4300.0,4310.0,4245.0,4301.0,4310.0,4348.0,1127915.0,4796338355.0,89.0
2017-02-12,4260.0,4340.0,4236.0,4308.0,4289.0,4301.0,680766.0,2942984472.0,58.0
2017-02-13,4298.0,4299.0,4233.0,4304.0,4290.0,4308.0,147541.0,627117214.0,66.0
2017-02-14,4290.0,4299.0,4268.0,4301.0,4268.0,4304.0,488325.0,2094203105.0,115.0
2017-02-15,4262.0,4265.0,4239.0,4294.0,4240.0,4301.0,291143.0,1236639794.0,73.0
2017-02-18,4290.0,4290.0,4283.0,4293.0,4284.0,4294.0,515336.0,2210109730.0,95.0
2017-02-19,4290.0,4384.0,4214.0,4346.0,4290.0,4293.0,3417101.0,14849684431.0,202.0
2017-02-20,4290.0,4290.0,4221.0,4345.0,4236.0,4346.0,22933.0,97244422.0,25.0
2017-02-21,4227.0,4289.0,4225.0,4339.0,4270.0,4345.0,151819.0,644584538.0,47.0
2017-02-22,4235.0,4300.0,4235.0,4323.0,4300.0,4339.0,409989.0,1742650099.0,76.0
2017-02-25,4280.0,4320.0,4255.0,4318.0,4270.0,4323.0,467121.0,2007953358.0,67.0
2017-02-26,4253.0,4254.0,4210.0,4304.0,4220.0,4318.0,330287.0,1394911791.0,102.0
2017-02-27,4250.0,4252.0,4218.0,4299.0,4219.0,4304.0,163148.0,690357278.0,62.0
2017-02-28,4202.0,4211.0,4190.0,4283.0,4200.0,4299.0,391969.0,1648018420.0,70.0
2017-03-01,4286.0,4290.0,4160.0,4243.0,4200.0,4283.0,1999691.0,8473143012.0,132.0
2017-03-04,4200.0,4208.0,4166.0,4232.0,4180.0,4243.0,409022.0,1710677851.0,87.0
2017-03-05,4197.0,4269.0,4135.0,4246.0,4200.0,4232.0,3080674.0,13080342438.0,200.0
2017-03-06,4200.0,4289.0,4194.0,4283.0,4239.0,4246.0,2863956.0,12267374605.0,170.0
2017-03-07,4153.0,4206.0,4153.0,4280.0,4206.0,4283.0,72066.0,301139949.0,22.0
2017-03-08,4230.0,4230.0,4155.0,4266.0,4157.0,4280.0,281035.0,1170022409.0,67.0
2017-03-11,4135.0,4398.0,4135.0,4286.0,4300.0,4266.0,7491866.0,32112394385.0,433.0
2017-03-12,4220.0,4338.0,4200.0,4288.0,4200.0,4286.0,4958581.0,21261905060.0,251.0
2017-03-13,4300.0,4300.0,4200.0,4287.0,4200.0,4288.0,38553.0,162789596.0,25.0
2017-03-14,4200.0,4299.0,4190.0,4285.0,4222.0,4287.0,81704.0,344581530.0,26.0
2017-03-15,4220.0,4296.0,4201.0,4284.0,4294.0,4285.0,166189.0,709628469.0,39.0
2017-03-18,4294.0,4294.0,4200.0,4279.0,4235.0,4284.0,171224.0,722801298.0,31.0
2017-03-25,4221.0,4250.0,4203.0,4278.0,4221.0,4279.0,24406.0,103100744.0,19.0
2017-03-26,4222.0,4275.0,4222.0,4277.0,4268.0,4278.0,62458.0,264477193.0,17.0
2017-03-27,4290.0,4294.0,4240.0,4277.0,4283.0,4277.0,123698.0,529620265.0,21.0
2017-03-28,4242.0,4278.0,4226.0,4275.0,4250.0,4277.0,104525.0,443029121.0,37.0
2017-03-29,4244.0,4294.0,4244.0,4275.0,4270.0,4275.0,126979.0,542058319.0,35.0
2017-04-03,4274.0,4274.0,4225.0,4274.0,4225.0,4275.0,103704.0,439939729.0,33.0
2017-04-04,4226.0,4267.0,4226.0,4273.0,4240.0,4274.0,45686.0,193764504.0,29.0
2017-04-05,4260.0,4260.0,4230.0,4269.0,4230.0,4273.0,284596.0,1206566918.0,43.0
2017-04-08,4264.0,4268.0,4190.0,4247.0,4200.0,4269.0,2479934.0,10532626862.0,151.0
2017-04-09,4205.0,4210.0,4160.0,4190.0,4160.0,4247.0,1697332.0,7074616243.0,167.0
2017-04-10,4190.0,4200.0,4147.0,4185.0,4186.0,4190.0,511502.0,2132257640.0,129.0
2017-04-12,4151.0,4219.0,4120.0,4174.0,4170.0,4185.0,600545.0,2486765050.0,140.0
2017-04-15,4121.0,4169.0,4117.0,4153.0,4120.0,4174.0,1101204.0,4545943712.0,149.0
2017-04-16,4150.0,4275.0,4135.0,4199.0,4199.0,4153.0,3396308.0,14259903422.0,222.0
2017-04-17,4170.0,4294.0,4170.0,4236.0,4270.0,4199.0,2606733.0,11041158882.0,182.0
2017-04-18,4183.0,4300.0,4183.0,4240.0,4260.0,4236.0,13440612.0,56989430018.0,266.0
2017-04-19,4260.0,4400.0,4240.0,4302.0,4375.0,4240.0,18260006.0,78549889436.0,1069.0
2017-04-22,4400.0,4490.0,4380.0,4426.0,4400.0,4302.0,2630897.0,11645288912.0,289.0
2017-04-23,4480.0,4500.0,4363.0,4467.0,4500.0,4426.0,1916992.0,8580608411.0,197.0
2017-04-24,4499.0,4550.0,4422.0,4487.0,4487.0,4467.0,1237321.0,5572823815.0,113.0
2017-04-26,4550.0,4649.0,4450.0,4538.0,4457.0,4487.0,1706824.0,7776632257.0,161.0
2017-04-29,4452.0,4599.0,4435.0,4534.0,4597.0,4538.0,1570440.0,7117087030.0,127.0
2017-04-30,4590.0,4640.0,4445.0,4553.0,4450.0,4534.0,1470345.0,6707718377.0,191.0
2017-05-01,4450.0,4627.0,4450.0,4568.0,4498.0,4553.0,1743943.0,7973075341.0,123.0
2017-05-02,4605.0,4605.0,4461.0,4596.0,4490.0,4568.0,2157923.0,9918289678.0,96.0
2017-05-03,4508.0,4579.0,4489.0,4562.0,4530.0,4596.0,1100707.0,4982943983.0,121.0
2017-05-06,4451.0,4575.0,4417.0,4560.0,4421.0,4562.0,789712.0,3598646609.0,62.0
2017-05-07,4557.0,4557.0,4426.0,4556.0,4440.0,4560.0,1050379.0,4780940548.0,46.0
2017-05-08,4527.0,4527.0,4456.0,4551.0,4457.0,4556.0,122114.0,544814439.0,49.0
2017-05-09,4440.0,4577.0,4440.0,4543.0,4455.0,4551.0,9319146.0,42336640071.0,431.0
2017-05-10,4580.0,4580.0,4391.0,4534.0,4454.0,4543.0,3687368.0,16720071053.0,204.0
2017-05-13,4540.0,4579.0,4536.0,4555.0,4536.0,4534.0,2012849.0,9172560870.0,167.0
2017-05-14,4582.0,4582.0,4462.0,4559.0,4466.0,4555.0,1548034.0,7060712575.0,113.0
2017-05-15,4465.0,4469.0,4453.0,4556.0,4467.0,4559.0,79347.0,354382705.0,26.0
2017-05-16,4572.0,4572.0,4455.0,4563.0,4536.0,4556.0,2195801.0,10019510401.0,81.0
2017-05-17,4569.0,4670.0,4481.0,4612.0,4522.0,4563.0,12069759.0,55666168351.0,509.0
2017-05-20,4767.0,4767.0,4600.0,4731.0,4600.0,4612.0,3923867.0,18565141281.0,224.0
2017-05-21,4595.0,4645.0,4552.0,4726.0,4572.0,4731.0,76997.0,352367882.0,28.0
2017-05-22,4738.0,4738.0,4600.0,4724.0,4610.0,4726.0,2298941.0,10859722438.0,75.0
2017-05-23,4650.0,4690.0,4570.0,4695.0,4592.0,4724.0,757443.0,3515979855.0,68.0
2017-05-24,4595.0,4595.0,4565.0,4691.0,4565.0,4695.0,65991.0,301764106.0,37.0
2017-05-27,4550.0,4690.0,4522.0,4684.0,4550.0,4691.0,3721976.0,17434799750.0,185.0
2017-05-28,4535.0,4550.0,4450.0,4670.0,4539.0,4684.0,200864.0,910607892.0,67.0
2017-05-29,4449.0,4550.0,4449.0,4666.0,4499.0,4670.0,50350.0,225833038.0,25.0
2017-05-30,4451.0,4679.0,4436.0,4671.0,4665.0,4666.0,14887493.0,69538417233.0,293.0
2017-05-31,4570.0,4570.0,4496.0,4666.0,4570.0,4671.0,66956.0,301387032.0,30.0
2017-06-03,4590.0,4600.0,4500.0,4650.0,4600.0,4666.0,294445.0,1339819459.0,45.0
2017-06-06,4640.0,4649.0,4500.0,4644.0,4500.0,4650.0,4480488.0,20806818145.0,217.0
2017-06-07,4570.0,4580.0,4412.0,4600.0,4412.0,4644.0,596028.0,2674101075.0,58.0
2017-06-10,4567.0,4634.0,4548.0,4630.0,4600.0,4600.0,4610214.0,21346193225.0,208.0
2017-06-11,4550.0,4638.0,4539.0,4630.0,4590.0,4630.0,8528850.0,39492052002.0,405.0
2017-06-12,4500.0,4625.0,4472.0,4609.0,4472.0,4630.0,982270.0,4502166430.0,101.0
2017-06-13,4620.0,4626.0,4538.0,4611.0,4538.0,4609.0,1662330.0,7666491896.0,112.0
2017-06-14,4610.0,4624.0,4499.0,4605.0,4609.0,4611.0,1756015.0,8084590961.0,107.0
2017-06-17,4600.0,4645.0,4544.0,4615.0,4620.0,4605.0,1538126.0,7104164555.0,108.0
2017-06-18,4507.0,4609.0,4503.0,4607.0,4506.0,4615.0,639625.0,2933860269.0,32.0
2017-06-19,4507.0,4649.0,4507.0,4634.0,4520.0,4607.0,7137383.0,33071219558.0,367.0
2017-06-20,4628.0,4649.0,4551.0,4636.0,4580.0,4634.0,1019500.0,4727957375.0,56.0
2017-06-21,4550.0,4550.0,4526.0,4632.0,4531.0,4636.0,84098.0,381473293.0,26.0
2017-06-24,4599.0,4599.0,4527.0,4631.0,4560.0,4632.0,21732.0,98436600.0,6.0
2017-06-25,4531.0,4600.0,4510.0,4630.0,4600.0,4631.0,47691.0,217645886.0,23.0
2017-06-28,4520.0,4520.0,4513.0,4629.0,4513.0,4630.0,15012.0,67780149.0,14.0
2017-07-01,4515.0,4540.0,4513.0,4627.0,4513.0,4629.0,48652.0,219815939.0,38.0
2017-07-02,4513.0,4513.0,4453.0,4619.0,4461.0,4627.0,103897.0,463410286.0,30.0
2017-07-03,4460.0,4596.0,4453.0,4580.0,4458.0,4619.0,548027.0,2446569480.0,43.0
2017-07-04,4500.0,4610.0,4495.0,4586.0,4599.0,4580.0,1974004.0,9053573650.0,147.0
2017-07-05,4501.0,4599.0,4486.0,4588.0,4490.0,4586.0,683637.0,3138678465.0,50.0
2017-07-08,4539.0,4598.0,4490.0,4586.0,4500.0,4588.0,1097559.0,5031326853.0,74.0
2017-07-09,4500.0,4501.0,4500.0,4585.0,4501.0,4586.0,22485.0,101189500.0,9.0
2017-07-10,4520.0,4585.0,4463.0,4581.0,4500.0,4585.0,99023.0,445109099.0,28.0
2017-07-11,4481.0,4488.0,4422.0,4575.0,4422.0,4581.0,106296.0,474196468.0,46.0
2017-07-12,4430.0,4480.0,4395.0,4514.0,4480.0,4575.0,1051267.0,4677471473.0,91.0
2017-07-15,4488.0,4488.0,4400.0,4512.0,4400.0,4514.0,53567.0,236944182.0,23.0
2017-07-16,4450.0,4450.0,4333.0,4512.0,4360.0,4512.0,7972.0,35058980.0,9.0
2017-07-17,4343.0,4370.0,4320.0,4509.0,4333.0,4512.0,33553.0,145493476.0,24.0
2017-07-18,4447.0,4447.0,4284.0,4476.0,4360.0,4509.0,383730.0,1656489911.0,91.0
2017-07-19,4300.0,4546.0,4300.0,4503.0,4539.0,4476.0,5415769.0,24387708880.0,269.0
2017-07-22,4350.0,4560.0,4350.0,4520.0,4558.0,4503.0,1354654.0,6137842673.0,71.0
2017-07-23,4555.0,4559.0,4501.0,4530.0,4550.0,4520.0,608823.0,2773792630.0,46.0
2017-07-24,4558.0,4559.0,4495.0,4537.0,4555.0,4530.0,741957.0,3376110236.0,56.0
2017-07-25,4540.0,4570.0,4500.0,4549.0,4550.0,4537.0,1725470.0,7854959317.0,70.0
2017-07-26,4420.0,4595.0,4420.0,4570.0,4482.0,4549.0,1771239.0,8103779802.0,93.0
2017-07-29,4592.0,4592.0,4430.0,4572.0,4479.0,4570.0,563406.0,2579119161.0,36.0
2017-07-30,4550.0,4550.0,4475.0,4561.0,4550.0,4572.0,455285.0,2057308775.0,64.0
2017-07-31,4412.0,4550.0,4412.0,4558.0,4550.0,4561.0,272059.0,1235289984.0,28.0
2017-08-01,4500.0,4500.0,4454.0,4549.0,4500.0,4558.0,339455.0,1526599022.0,38.0
2017-08-02,4410.0,4550.0,4400.0,4542.0,4550.0,4549.0,322413.0,1452386617.0,48.0
2017-08-06,4500.0,4547.0,4485.0,4536.0,4485.0,4542.0,261788.0,1176756732.0,44.0
2017-08-07,4451.0,4589.0,4400.0,4542.0,4497.0,4536.0,674741.0,3074371685.0,55.0
2017-08-08,4450.0,4500.0,4400.0,4527.0,4500.0,4542.0,610754.0,2741769704.0,37.0
2017-08-09,4500.0,4559.0,4489.0,4533.0,4489.0,4527.0,1211467.0,5497321286.0,93.0
2017-08-12,4490.0,4496.0,4413.0,4532.0,4495.0,4533.0,23396.0,103620165.0,19.0
2017-08-13,4493.0,4494.0,4411.0,4527.0,4494.0,4532.0,201040.0,900830043.0,29.0
2017-08-14,4430.0,4470.0,4430.0,4526.0,4470.0,4527.0,25894.0,114926340.0,15.0
2017-08-15,4421.0,4519.0,4421.0,4522.0,4519.0,4526.0,341735.0,1537518273.0,18.0
2017-08-16,4520.0,4522.0,4420.0,4522.0,4519.0,4522.0,7495870.0,33894628031.0,396.0
2017-08-19,4499.0,4520.0,4420.0,4516.0,4520.0,4522.0,508739.0,2287343461.0,37.0
2017-08-20,4508.0,4509.0,4441.0,4515.0,4509.0,4516.0,135128.0,608072275.0,21.0
2017-08-21,4500.0,4500.0,4431.0,4514.0,4431.0,4515.0,50970.0,227603150.0,22.0
2017-08-22,4450.0,4511.0,4420.0,4514.0,4433.0,4514.0,112369.0,506517051.0,17.0
2017-08-23,4510.0,4510.0,4450.0,4514.0,4454.0,4514.0,50820.0,228531610.0,20.0
2017-08-26,4450.0,4502.0,4450.0,4513.0,4500.0,4514.0,118605.0,532635464.0,28.0
2017-08-27,4500.0,4597.0,4500.0,4558.0,4597.0,4513.0,2789042.0,12711627555.0,141.0
2017-08-28,4594.0,4594.0,4452.0,4555.0,4500.0,4558.0,99829.0,449219242.0,16.0
2017-08-29,4500.0,4540.0,4445.0,4552.0,4540.0,4555.0,143452.0,646182469.0,29.0
2017-08-30,4560.0,4560.0,4503.0,4551.0,4555.0,4552.0,113534.0,515505737.0,23.0
2017-09-02,4589.0,4778.0,4513.0,4685.0,4720.0,4551.0,2700595.0,12653403762.0,405.0
2017-09-03,4919.0,4919.0,4800.0,4899.0,4900.0,4685.0,2195913.0,10759160550.0,375.0
2017-09-04,4922.0,4923.0,4840.0,4893.0,4851.0,4899.0,311665.0,1512989238.0,98.0
2017-09-05,4851.0,4899.0,4836.0,4886.0,4836.0,4893.0,327404.0,1586553735.0,82.0
2017-09-06,4899.0,4899.0,4784.0,4878.0,4787.0,4886.0,200866.0,963299552.0,60.0
2017-09-10,4715.0,4815.0,4705.0,4872.0,4705.0,4878.0,80835.0,381351628.0,39.0
2017-09-11,4666.0,5094.0,4656.0,4942.0,5049.0,4872.0,2112750.0,10442160426.0,242.0
2017-09-12,5050.0,5090.0,4891.0,4984.0,4998.0,4942.0,812371.0,4101135784.0,110.0
2017-09-13,4900.0,5135.0,4848.0,5002.0,4941.0,4984.0,1298538.0,6508140425.0,133.0
2017-09-16,4950.0,5100.0,4949.0,5007.0,4951.0,5002.0,512024.0,2570251163.0,89.0
2017-09-17,5000.0,5000.0,4903.0,4999.0,4949.0,5007.0,205635.0,1012733474.0,61.0
2017-09-18,4950.0,4985.0,4900.0,4994.0,4900.0,4999.0,139853.0,688587417.0,85.0
2017-09-19,4930.0,4950.0,4899.0,4983.0,4899.0,4994.0,250619.0,1229632448.0,97.0
2017-09-20,4940.0,4949.0,4895.0,4980.0,4908.0,4983.0,92711.0,455870959.0,54.0
2017-09-23,4899.0,4900.0,4825.0,4974.0,4900.0,4980.0,91946.0,445521455.0,46.0
2017-09-24,4837.0,4912.0,4830.0,4959.0,4900.0,4974.0,257182.0,1249360693.0,37.0
2017-09-25,4853.0,4938.0,4820.0,4941.0,4938.0,4959.0,483078.0,2359062853.0,72.0
2017-09-26,4813.0,4933.0,4813.0,4937.0,4900.0,4941.0,80091.0,387333063.0,55.0
2017-09-27,4937.0,4937.0,4801.0,4928.0,4847.0,4937.0,258627.0,1259199710.0,61.0
2017-10-02,4930.0,4999.0,4770.0,4936.0,4969.0,4928.0,2010458.0,9923807842.0,98.0
2017-10-03,4840.0,4860.0,4839.0,4934.0,4850.0,4936.0,39298.0,190482322.0,24.0
2017-10-04,4827.0,4900.0,4827.0,4934.0,4850.0,4934.0,7603.0,36864985.0,10.0
2017-10-07,4990.0,5055.0,4780.0,4979.0,4919.0,4934.0,2365615.0,11777598354.0,152.0
2017-10-08,5180.0,5180.0,4934.0,5115.0,4980.0,4979.0,4487072.0,22953139479.0,232.0
2017-10-09,5090.0,5111.0,5047.0,5092.0,5060.0,5115.0,1428866.0,7261907467.0,215.0
2017-10-10,5100.0,5100.0,5055.0,5092.0,5097.0,5092.0,517122.0,2632713186.0,105.0
2017-10-11,5098.0,5098.0,5000.0,5083.0,5000.0,5092.0,423049.0,2136113892.0,109.0
2017-10-14,5083.0,5110.0,5050.0,5087.0,5100.0,5083.0,1306970.0,6650935367.0,118.0
2017-10-15,5107.0,5107.0,5050.0,5087.0,5087.0,5087.0,72409.0,368370453.0,35.0
2017-10-16,5099.0,5099.0,5006.0,5083.0,5070.0,5087.0,271754.0,1375164551.0,66.0
2017-10-17,5050.0,5140.0,5021.0,5091.0,5098.0,5083.0,2038002.0,10374543026.0,284.0
2017-10-18,5059.0,5118.0,4958.0,5041.0,5000.0,5091.0,3865920.0,19489100503.0,463.0
2017-10-25,4641.0,4688.0,4620.0,4651.0,4679.0,4641.0,560651.0,2607489358.0,125.0
2017-10-28,4689.0,4700.0,4650.0,4658.0,4650.0,4651.0,563138.0,2635146696.0,179.0
2017-10-29,4698.0,4700.0,4650.0,4666.0,4700.0,4658.0,817070.0,3823225025.0,195.0
2017-10-30,4697.0,4700.0,4646.0,4672.0,4666.0,4666.0,1039739.0,4863608918.0,192.0
2017-10-31,4685.0,4697.0,4650.0,4672.0,4660.0,4672.0,321166.0,1500226313.0,138.0
2017-11-01,4660.0,4700.0,4660.0,4673.0,4670.0,4672.0,299770.0,1402786087.0,123.0
2017-11-04,4699.0,4722.0,4660.0,4679.0,4700.0,4673.0,701259.0,3290814930.0,150.0
2017-11-05,4699.0,4850.0,4683.0,4710.0,4693.0,4679.0,798498.0,3802481428.0,135.0
2017-11-06,4710.0,4850.0,4688.0,4725.0,4690.0,4710.0,820333.0,3894991130.0,126.0
2017-11-07,4750.0,4840.0,4699.0,4731.0,4770.0,4725.0,355980.0,1695498959.0,61.0
2017-11-08,4731.0,4860.0,4728.0,4757.0,4797.0,4731.0,601499.0,2900986825.0,103.0
2017-11-11,4750.0,4850.0,4745.0,4779.0,4770.0,4757.0,782605.0,3768592079.0,89.0
2017-11-12,4779.0,4869.0,4771.0,4791.0,4771.0,4779.0,573745.0,2767605854.0,71.0
2017-11-13,4800.0,4870.0,4788.0,4802.0,4790.0,4791.0,754677.0,3639614435.0,90.0
2017-11-14,4800.0,4870.0,4770.0,4814.0,4790.0,4802.0,763267.0,3690533843.0,66.0
2017-11-15,4781.0,4810.0,4773.0,4812.0,4777.0,4814.0,112046.0,535842550.0,50.0
2017-11-18,4780.0,4780.0,4769.0,4810.0,4769.0,4812.0,92245.0,440505286.0,51.0
2017-11-20,4770.0,4799.0,4761.0,4808.0,4761.0,4810.0,113048.0,538990741.0,52.0
2017-11-21,4770.0,4790.0,4767.0,4807.0,4779.0,4808.0,85353.0,407507732.0,50.0
2017-11-22,4799.0,4799.0,4768.0,4803.0,4768.0,4807.0,299291.0,1431341794.0,70.0
2017-11-25,4779.0,4800.0,4766.0,4796.0,4781.0,4803.0,535915.0,2559643565.0,77.0
2017-11-26,4780.0,4867.0,4760.0,4825.0,4770.0,4796.0,1764760.0,8523909605.0,140.0
2017-11-28,4780.0,4797.0,4750.0,4813.0,4794.0,4825.0,597699.0,2858106363.0,120.0
2017-11-29,4780.0,4780.0,4700.0,4790.0,4700.0,4813.0,674695.0,3198477342.0,184.0
2017-12-02,4788.0,4800.0,4740.0,4788.0,4780.0,4790.0,249515.0,1190454853.0,42.0
2017-12-03,4738.0,4788.0,4700.0,4785.0,4705.0,4788.0,176163.0,836271008.0,32.0
2017-12-04,4707.0,4816.0,4680.0,4763.0,4680.0,4785.0,753331.0,3559772729.0,88.0
2017-12-05,4681.0,4790.0,4681.0,4762.0,4740.0,4763.0,29090.0,136464342.0,13.0
2017-12-09,4700.0,4702.0,4688.0,4757.0,4690.0,4762.0,165411.0,776720881.0,54.0
2017-12-10,4688.0,4702.0,4625.0,4720.0,4625.0,4757.0,735816.0,3423336166.0,162.0
2017-12-11,4670.0,4700.0,4622.0,4701.0,4699.0,4720.0,557640.0,2592611848.0,117.0
2017-12-12,4670.0,4720.0,4640.0,4675.0,4720.0,4701.0,2082362.0,9733980261.0,160.0
2017-12-13,4703.0,4739.0,4680.0,4709.0,4720.0,4675.0,1932663.0,9105711824.0,183.0
2017-12-16,4750.0,4944.0,4750.0,4928.0,4944.0,4709.0,2117657.0,10437321987.0,139.0
2017-12-17,5174.0,5174.0,5021.0,5168.0,5150.0,4928.0,7832125.0,40477911339.0,418.0
2017-12-18,5270.0,5270.0,5115.0,5204.0,5260.0,5168.0,2261574.0,11768243502.0,242.0
2017-12-19,5298.0,5298.0,5050.0,5192.0,5120.0,5204.0,283796.0,1450363542.0,56.0
2017-12-20,5120.0,5150.0,5120.0,5183.0,5124.0,5192.0,285118.0,1461500047.0,53.0
2017-12-23,5101.0,5300.0,5101.0,5240.0,5180.0,5183.0,1973161.0,10348754997.0,203.0
2017-12-24,5199.0,5400.0,5199.0,5303.0,5310.0,5240.0,2601286.0,13794755272.0,220.0
2017-12-25,5300.0,5449.0,5300.0,5364.0,5449.0,5303.0,3928230.0,21071449542.0,219.0
2017-12-26,5451.0,5632.0,5445.0,5626.0,5632.0,5364.0,52829329.0,297228812684.0,1769.0
2017-12-27,5907.0,5907.0,5673.0,5765.0,5676.0,5626.0,7010413.0,40415230251.0,509.0
2017-12-30,5700.0,5871.0,5598.0,5737.0,5606.0,5765.0,6438053.0,36935832808.0,398.0
2017-12-31,5747.0,5747.0,5501.0,5677.0,5670.0,5737.0,8409561.0,47744738454.0,546.0
2018-01-01,5720.0,5750.0,5680.0,5707.0,5745.0,5677.0,3003012.0,17137536316.0,178.0
2018-01-02,5739.0,5739.0,5660.0,5709.0,5699.0,5707.0,2537704.0,14488516297.0,188.0
2018-01-03,5715.0,5715.0,5620.0,5666.0,5709.0,5709.0,5227789.0,29621805212.0,173.0
2018-01-06,5723.0,5750.0,5620.0,5683.0,5620.0,5666.0,5636602.0,32033318732.0,352.0
2018-01-07,5622.0,5719.0,5610.0,5666.0,5670.0,5683.0,3078605.0,17442654337.0,190.0
2018-01-08,5699.0,5714.0,5662.0,5682.0,5680.0,5666.0,1068527.0,6083249347.0,75.0
2018-01-09,5660.0,5688.0,5502.0,5633.0,5640.0,5682.0,4741927.0,26713221752.0,262.0
2018-01-10,5680.0,5680.0,5590.0,5626.0,5600.0,5633.0,2433257.0,13688760422.0,120.0
2018-01-13,5640.0,5650.0,5551.0,5608.0,5618.0,5626.0,1793915.0,10060474147.0,163.0
2018-01-14,5600.0,5687.0,5560.0,5593.0,5580.0,5608.0,2361233.0,13207062508.0,143.0
2018-01-15,5560.0,5599.0,5540.0,5568.0,5543.0,5593.0,2976806.0,16574318234.0,200.0
2018-01-16,5569.0,5650.0,5559.0,5601.0,5600.0,5568.0,5610267.0,31424096682.0,310.0
2018-01-17,5530.0,5660.0,5530.0,5597.0,5590.0,5601.0,1330677.0,7445634898.0,85.0
2018-01-20,5571.0,5630.0,5540.0,5599.0,5600.0,5597.0,2318347.0,12980955533.0,208.0
2018-01-21,5766.0,5766.0,5565.0,5634.0,5600.0,5599.0,3649187.0,20558753691.0,230.0
2018-01-22,5700.0,5735.0,5600.0,5694.0,5660.0,5634.0,10286998.0,58569456992.0,397.0
2018-01-23,5798.0,5798.0,5692.0,5707.0,5694.0,5694.0,5344500.0,30500369414.0,368.0
2018-01-24,5750.0,5850.0,5700.0,5799.0,5770.0,5707.0,141525416.0,820667600549.0,5008.0
2018-01-27,5803.0,5803.0,5750.0,5793.0,5798.0,5799.0,13051403.0,75606416559.0,745.0
2018-01-28,5777.0,5849.0,5777.0,5813.0,5796.0,5793.0,16176392.0,94036153693.0,993.0
2018-01-29,5800.0,5848.0,5751.0,5781.0,5751.0,5813.0,7983592.0,46151380754.0,427.0
2018-01-30,5760.0,5777.0,5653.0,5703.0,5659.0,5781.0,3075228.0,17537231750.0,265.0
2018-01-31,5650.0,5680.0,5600.0,5656.0,5634.0,5703.0,8168350.0,46196176973.0,380.0
2018-02-03,5623.0,5623.0,5557.0,5592.0,5557.0,5656.0,5117549.0,28615792185.0,390.0
2018-02-04,5600.0,5610.0,5510.0,5588.0,5576.0,5592.0,10586267.0,59157550445.0,486.0
2018-02-05,5580.0,5643.0,5580.0,5606.0,5596.0,5588.0,5907460.0,33114767164.0,338.0
2018-02-06,5659.0,5659.0,5581.0,5600.0,5599.0,5606.0,6778222.0,37960964521.0,330.0
2018-02-07,5600.0,5688.0,5590.0,5600.0,5600.0,5600.0,14292817.0,80039869714.0,632.0
2018-02-10,5590.0,5600.0,5513.0,5595.0,5600.0,5600.0,12383624.0,69287228106.0,570.0
2018-02-12,5599.0,5600.0,5550.0,5585.0,5599.0,5595.0,3203307.0,17889857178.0,202.0
2018-02-13,5590.0,5618.0,5580.0,5599.0,5586.0,5585.0,8146146.0,45613949065.0,303.0
2018-02-14,5590.0,5650.0,5580.0,5597.0,5599.0,5599.0,3062372.0,17141559851.0,175.0
2018-02-17,5620.0,5648.0,5551.0,5596.0,5551.0,5597.0,1942268.0,10869737088.0,182.0
2018-02-18,5579.0,5600.0,5411.0,5551.0,5411.0,5596.0,1594739.0,8843064533.0,189.0
2018-02-19,5550.0,5551.0,5484.0,5507.0,5490.0,5551.0,4812846.0,26503277778.0,308.0
2018-02-21,5540.0,5587.0,5474.0,5514.0,5474.0,5507.0,3449548.0,19021479136.0,238.0
2018-02-24,5574.0,5574.0,5446.0,5507.0,5480.0,5514.0,1910835.0,10522616135.0,147.0
2018-02-25,5499.0,5545.0,5460.0,5517.0,5521.0,5507.0,1347836.0,7440449459.0,88.0
2018-02-26,5543.0,5548.0,5450.0,5517.0,5450.0,5517.0,1066749.0,5884794248.0,112.0
2018-02-27,5515.0,5520.0,5449.0,5492.0,5450.0,5517.0,1336247.0,7327229116.0,140.0
2018-02-28,5490.0,5490.0,5401.0,5472.0,5469.0,5492.0,1112762.0,6075914285.0,103.0
2018-03-03,5450.0,5499.0,5318.0,5427.0,5331.0,5472.0,2531939.0,13740451354.0,223.0
2018-03-04,5469.0,5480.0,5341.0,5430.0,5450.0,5427.0,1190708.0,6467783793.0,104.0
2018-03-05,5429.0,5485.0,5356.0,5451.0,5421.0,5430.0,7151479.0,38984780539.0,188.0
2018-03-06,5447.0,5490.0,5360.0,5424.0,5360.0,5451.0,3605139.0,19553969719.0,286.0
2018-03-07,5435.0,5487.0,5314.0,5415.0,5370.0,5424.0,3409340.0,18460491178.0,188.0
2018-03-10,5330.0,5450.0,5330.0,5404.0,5330.0,5415.0,2405070.0,12995992470.0,160.0
2018-03-11,5321.0,5433.0,5290.0,5359.0,5300.0,5404.0,3718449.0,19926688116.0,210.0
2018-03-12,5310.0,5390.0,5310.0,5356.0,5320.0,5359.0,2013917.0,10786812338.0,128.0
2018-03-14,5448.0,5448.0,5349.0,5397.0,5399.0,5356.0,6331746.0,34170591030.0,339.0
2018-03-17,5400.0,5430.0,5360.0,5410.0,5400.0,5397.0,2822837.0,15272003211.0,103.0
2018-03-18,5420.0,5424.0,5300.0,5388.0,5300.0,5410.0,5922338.0,31906749901.0,178.0
2018-03-19,5400.0,5400.0,5330.0,5352.0,5399.0,5388.0,10372351.0,55510876669.0,513.0
2018-03-25,5398.0,5410.0,5398.0,5364.0,5400.0,5352.0,453287.0,2448002409.0,34.0
2018-03-26,5425.0,5430.0,5370.0,5379.0,5370.0,5364.0,763487.0,4122798123.0,61.0
2018-03-27,5365.0,5410.0,5365.0,5390.0,5383.0,5379.0,1217234.0,6567191658.0,81.0
2018-03-28,5430.0,5430.0,5370.0,5386.0,5400.0,5390.0,2174204.0,11710435649.0,139.0
2018-04-03,5430.0,5430.0,5365.0,5382.0,5390.0,5386.0,415792.0,2232872355.0,58.0
2018-04-04,5420.0,5420.0,5352.0,5401.0,5416.0,5382.0,2813439.0,15194716039.0,139.0
2018-04-07,5400.0,5409.0,5353.0,5401.0,5401.0,5401.0,458742.0,2476877457.0,42.0
2018-04-08,5400.0,5450.0,5391.0,5413.0,5420.0,5401.0,2346130.0,12699585927.0,139.0
2018-04-09,5450.0,5683.0,5440.0,5560.0,5620.0,5413.0,5908634.0,32850186286.0,408.0
2018-04-10,5580.0,5580.0,5430.0,5511.0,5450.0,5560.0,1789470.0,9858867540.0,206.0
2018-04-11,5490.0,5510.0,5251.0,5468.0,5498.0,5511.0,6373299.0,34852000569.0,303.0
2018-04-15,5286.0,5438.0,5286.0,5421.0,5300.0,5468.0,830523.0,4454542302.0,79.0
2018-04-16,5395.0,5434.0,5240.0,5383.0,5300.0,5421.0,2756979.0,14839845878.0,100.0
2018-04-17,5300.0,5350.0,5252.0,5373.0,5252.0,5383.0,197496.0,1044134789.0,39.0
2018-04-18,5355.0,5377.0,5202.0,5354.0,5202.0,5373.0,597621.0,3176358298.0,59.0
2018-04-21,5369.0,5369.0,5199.0,5335.0,5200.0,5354.0,586171.0,3103166282.0,59.0
2018-04-22,5200.0,5240.0,5150.0,5274.0,5199.0,5335.0,774984.0,4020849843.0,60.0
2018-04-23,5199.0,5299.0,5056.0,5248.0,5191.0,5274.0,3454897.0,18132985143.0,201.0
2018-04-24,5283.0,5289.0,5152.0,5242.0,5259.0,5248.0,895637.0,4689811366.0,106.0
2018-04-25,5280.0,5280.0,5189.0,5239.0,5243.0,5242.0,393474.0,2056105416.0,70.0
2018-04-28,5240.0,5240.0,5070.0,5228.0,5070.0,5239.0,167002.0,854466074.0,49.0
2018-04-29,5085.0,5238.0,5062.0,5158.0,5081.0,5228.0,6375361.0,32881722161.0,249.0
2018-04-30,5158.0,5170.0,5070.0,5119.0,5090.0,5158.0,2505353.0,12824811031.0,165.0
2018-05-01,5051.0,5123.0,5038.0,5112.0,5038.0,5119.0,475544.0,2421751931.0,76.0
2018-05-05,5125.0,5125.0,4916.0,4989.0,4960.0,5112.0,5609789.0,27985248717.0,303.0
2018-05-06,5000.0,5088.0,4957.0,4999.0,4959.0,4989.0,3280421.0,16398635433.0,215.0
2018-05-07,5000.0,5110.0,5000.0,5066.0,5015.0,4999.0,1818169.0,9221065257.0,50.0
2018-05-08,5060.0,5069.0,5009.0,5060.0,5068.0,5066.0,2346350.0,11872228561.0,126.0
2018-05-09,5079.0,5220.0,5000.0,5091.0,5128.0,5060.0,12274149.0,62482971458.0,426.0
2018-05-12,5128.0,5135.0,5000.0,5082.0,5007.0,5091.0,1144072.0,5807203555.0,98.0
2018-05-13,5082.0,5082.0,5000.0,5061.0,5000.0,5082.0,846780.0,4262492622.0,88.0
2018-05-14,5076.0,5076.0,5010.0,5058.0,5050.0,5061.0,738815.0,3732930116.0,101.0
2018-05-15,5050.0,5080.0,5008.0,5062.0,5069.0,5058.0,1087029.0,5506019811.0,94.0
2018-05-16,5060.0,5060.0,5005.0,5050.0,5049.0,5062.0,2067216.0,10438801431.0,79.0
2018-05-19,5080.0,5080.0,4983.0,5036.0,5000.0,5050.0,1074610.0,5398852840.0,112.0
2018-05-20,4986.0,5018.0,4970.0,5013.0,5001.0,5036.0,1224274.0,6119530113.0,87.0
2018-05-21,4980.0,5090.0,4939.0,5030.0,5003.0,5013.0,1422754.0,7166180103.0,81.0
2018-05-22,5050.0,5079.0,4990.0,5043.0,5078.0,5030.0,1064064.0,5378684862.0,94.0
2018-05-23,5069.0,5080.0,4999.0,5042.0,5029.0,5043.0,4054569.0,20442331347.0,243.0
2018-05-26,4970.0,5080.0,4970.0,5025.0,4978.0,5042.0,726865.0,3631643234.0,81.0
2018-05-27,4960.0,5000.0,4943.0,4996.0,4980.0,5025.0,945455.0,4692777709.0,101.0
2018-05-28,4979.0,4988.0,4921.0,4974.0,4921.0,4996.0,4268962.0,21235262971.0,197.0
2018-05-29,4970.0,4970.0,4899.0,4925.0,4900.0,4974.0,8188237.0,40326380927.0,455.0
2018-05-30,4974.0,4974.0,4833.0,4911.0,4853.0,4925.0,1871893.0,9190347083.0,128.0
2018-06-02,4988.0,4988.0,4820.0,4907.0,4870.0,4911.0,1237055.0,6066162651.0,93.0
2018-06-03,4926.0,4950.0,4820.0,4897.0,4849.0,4907.0,3176254.0,15554996992.0,138.0
2018-06-09,4875.0,4944.0,4850.0,4920.0,4900.0,4897.0,2169539.0,10673502850.0,95.0
2018-06-10,4949.0,4998.0,4850.0,4911.0,4850.0,4920.0,1476047.0,7243878357.0,102.0
2018-06-11,4957.0,4957.0,4845.0,4910.0,4845.0,4911.0,1555764.0,7637558136.0,98.0
2018-06-12,4939.0,4939.0,4811.0,4884.0,4850.0,4910.0,2210044.0,10794520108.0,162.0
2018-06-13,4849.0,5128.0,4823.0,5065.0,5128.0,4884.0,18775105.0,95104587274.0,779.0
2018-06-17,5318.0,5318.0,5200.0,5318.0,5318.0,5065.0,65273227.0,347094212970.0,2350.0
2018-06-18,5570.0,5570.0,5300.0,5408.0,5302.0,5318.0,10290540.0,55648532613.0,712.0
2018-06-19,5400.0,5498.0,5320.0,5418.0,5450.0,5408.0,19605405.0,106227313388.0,967.0
2018-06-20,5425.0,5688.0,5425.0,5687.0,5688.0,5418.0,134060248.0,762351070459.0,4380.0
2018-06-23,5849.0,5900.0,5641.0,5733.0,5658.0,5687.0,14003921.0,80287527780.0,944.0
2018-06-24,5716.0,5945.0,5680.0,5846.0,5920.0,5733.0,38711103.0,226311793812.0,1913.0
2018-06-25,6000.0,6138.0,5981.0,6133.0,6138.0,5846.0,23760740.0,145715144027.0,683.0
2018-06-26,6250.0,6300.0,5920.0,6088.0,6040.0,6133.0,51755514.0,315080527169.0,2806.0
2018-06-27,6040.0,6170.0,5784.0,5913.0,5784.0,6088.0,34855146.0,206093459711.0,1662.0
2018-06-30,5995.0,6140.0,5810.0,6015.0,6020.0,5913.0,20155540.0,121236645178.0,1272.0
2018-07-01,6000.0,6100.0,5780.0,5866.0,5800.0,6015.0,11869637.0,69632478592.0,785.0
2018-07-02,6030.0,6130.0,5900.0,6027.0,6080.0,5866.0,10545157.0,63554364857.0,736.0
2018-07-03,6310.0,6328.0,6130.0,6316.0,6328.0,6027.0,34603115.0,218554629233.0,1864.0
2018-07-04,6575.0,6575.0,6291.0,6421.0,6300.0,6316.0,7659809.0,49187141297.0,624.0
2018-07-07,6346.0,6346.0,6121.0,6203.0,6123.0,6421.0,9903095.0,61426865649.0,656.0
2018-07-08,6428.0,6428.0,6261.0,6330.0,6275.0,6203.0,12555824.0,79474715526.0,645.0
2018-07-10,6530.0,6536.0,6400.0,6487.0,6484.0,6330.0,17001260.0,110293788064.0,903.0
2018-07-11,6489.0,6536.0,6300.0,6425.0,6380.0,6487.0,12071967.0,77559674096.0,785.0
2018-07-15,6350.0,6350.0,6210.0,6312.0,6280.0,6425.0,9826021.0,62026546591.0,557.0
2018-07-16,6200.0,6353.0,6076.0,6206.0,6076.0,6312.0,7275370.0,45154282465.0,582.0
2018-07-17,6099.0,6197.0,6000.0,6106.0,6102.0,6206.0,7863126.0,48010123756.0,562.0
2018-07-18,6100.0,6169.0,5930.0,6088.0,6169.0,6106.0,9021370.0,54925490302.0,548.0
2018-07-21,6290.0,6290.0,6119.0,6244.0,6143.0,6088.0,4655539.0,29068341825.0,369.0
2018-07-22,6300.0,6300.0,6170.0,6276.0,6228.0,6244.0,9763755.0,61277681061.0,327.0
2018-07-23,6200.0,6200.0,6051.0,6150.0,6187.0,6276.0,2575048.0,15837573876.0,208.0
2018-07-24,6198.0,6198.0,5964.0,6100.0,5964.0,6150.0,4786572.0,29200452908.0,321.0
2018-07-25,6090.0,6100.0,5960.0,6017.0,6010.0,6100.0,5143312.0,30945388313.0,325.0
2018-07-28,6309.0,6317.0,6102.0,6315.0,6317.0,6017.0,29185555.0,184311922023.0,1200.0
2018-07-29,6400.0,6400.0,6030.0,6290.0,6335.0,6315.0,12992035.0,81722301062.0,818.0
2018-07-30,6500.0,6604.0,6335.0,6571.0,6604.0,6290.0,20037732.0,131674368834.0,928.0
2018-07-31,6899.0,6899.0,6899.0,6899.0,6899.0,6571.0,2587558.0,17851562642.0,95.0
2018-08-01,7243.0,7243.0,7243.0,7243.0,7243.0,6899.0,8469252.0,61342792236.0,196.0
2018-08-04,7370.0,7440.0,7060.0,7317.0,7330.0,7243.0,19597696.0,143403576823.0,1193.0
2018-08-05,7682.0,7682.0,7523.0,7681.0,7682.0,7317.0,39695784.0,304915571719.0,1437.0
2018-08-06,8065.0,8065.0,8050.0,8065.0,8064.0,7681.0,73317043.0,591301828435.0,2158.0
2018-08-07,8180.0,8255.0,7900.0,8119.0,7920.0,8065.0,29097454.0,236234665123.0,1736.0
2018-08-08,8200.0,8200.0,7714.0,7773.0,7729.0,8119.0,34091341.0,264992157722.0,1627.0
2018-08-11,7663.0,7849.0,7390.0,7552.0,7488.0,7773.0,8478471.0,64028401750.0,704.0
2018-08-12,7560.0,7799.0,7450.0,7620.0,7520.0,7552.0,8097262.0,61698045858.0,555.0
2018-08-13,7520.0,7520.0,7400.0,7476.0,7469.0,7620.0,4676998.0,34965105312.0,361.0
2018-08-14,7580.0,7750.0,7451.0,7585.0,7477.0,7476.0,6772040.0,51364021035.0,643.0
2018-08-15,7752.0,7752.0,7440.0,7624.0,7558.0,7585.0,4233329.0,32273289402.0,316.0
2018-08-18,7600.0,7692.0,7501.0,7613.0,7635.0,7624.0,7620525.0,58015160234.0,435.0
2018-08-19,7661.0,7989.0,7661.0,7803.0,7686.0,7613.0,5984699.0,46700068957.0,568.0
2018-08-20,8193.0,8193.0,7852.0,7992.0,7852.0,7803.0,7094387.0,56701661933.0,707.0
2018-08-21,7833.0,7998.0,7821.0,7904.0,7889.0,7992.0,6155218.0,48651754577.0,430.0
2018-08-25,8137.0,8137.0,7509.0,7811.0,7570.0,7904.0,7900323.0,61710543178.0,793.0
2018-08-26,7600.0,7750.0,7555.0,7673.0,7631.0,7811.0,4164347.0,31952873260.0,447.0
2018-08-27,7650.0,7900.0,7555.0,7729.0,7850.0,7673.0,20395144.0,157638481478.0,1160.0
2018-08-28,7711.0,7726.0,7450.0,7542.0,7471.0,7729.0,4719631.0,35594043477.0,445.0
2018-08-29,7560.0,7910.0,7560.0,7780.0,7700.0,7542.0,11036235.0,85866336458.0,661.0
2018-09-01,7770.0,7900.0,7500.0,7680.0,7600.0,7780.0,4484443.0,34441465233.0,445.0
2018-09-02,7599.0,7750.0,7400.0,7574.0,7474.0,7680.0,5986475.0,45341372933.0,556.0
2018-09-03,7420.0,7598.0,7420.0,7521.0,7580.0,7574.0,3346585.0,25169707497.0,409.0
2018-09-04,7850.0,7850.0,7564.0,7764.0,7631.0,7521.0,4837649.0,37558632179.0,366.0
2018-09-05,7799.0,7799.0,7521.0,7692.0,7590.0,7764.0,5297184.0,40747761762.0,486.0
2018-09-08,7650.0,7740.0,7545.0,7647.0,7590.0,7692.0,4570174.0,34946067682.0,515.0
2018-09-09,7638.0,8010.0,7426.0,7775.0,7856.0,7647.0,15129169.0,117634052112.0,1436.0
2018-09-10,7880.0,7980.0,7790.0,7894.0,7790.0,7775.0,8246384.0,65096480876.0,906.0
2018-09-11,7800.0,7989.0,7660.0,7812.0,7760.0,7894.0,6875314.0,53712754858.0,648.0
2018-09-12,8090.0,8202.0,8080.0,8196.0,8202.0,7812.0,42144052.0,345402004412.0,2540.0
2018-09-15,8605.0,8605.0,8335.0,8572.0,8350.0,8196.0,58181560.0,498707370698.0,3224.0
2018-09-16,8400.0,8570.0,8200.0,8348.0,8354.0,8572.0,12311181.0,102772811311.0,1075.0
2018-09-17,8470.0,8535.0,8300.0,8406.0,8300.0,8348.0,18399750.0,154671799727.0,1383.0
2018-09-18,8350.0,8450.0,8100.0,8233.0,8179.0,8406.0,20554996.0,169233282053.0,1216.0
2018-09-22,8181.0,8299.0,8150.0,8228.0,8152.0,8233.0,6534421.0,53762953804.0,871.0
2018-09-23,8500.0,8550.0,8255.0,8463.0,8530.0,8228.0,8226362.0,69619540667.0,1237.0
2018-09-24,8750.0,8750.0,8500.0,8621.0,8599.0,8463.0,8110151.0,69914621860.0,1301.0
2018-09-25,8697.0,9052.0,8621.0,9007.0,9052.0,8621.0,27395386.0,246742913262.0,1890.0
2018-09-26,9446.0,9457.0,9302.0,9402.0,9457.0,9007.0,16369365.0,153903279221.0,1850.0
2018-09-29,9872.0,9872.0,9610.0,9846.0,9872.0,9402.0,23708716.0,233438661020.0,2359.0
2018-09-30,10338.0,10338.0,10300.0,10337.0,10334.0,9846.0,1825845.0,18874322633.0,206.0
2018-10-01,9821.0,9949.0,9400.0,9679.0,9480.0,10337.0,20538393.0,198799571109.0,2193.0
2018-10-07,9196.0,9196.0,8737.0,8738.0,8737.0,9679.0,7173401.0,62680431456.0,236.0
2018-10-08,8302.0,8777.0,8302.0,8405.0,8775.0,8738.0,29579074.0,248626906791.0,2142.0
2018-10-09,8501.0,8825.0,8501.0,8798.0,8797.0,8405.0,15837496.0,139340355157.0,1417.0
2018-10-10,8904.0,9197.0,8770.0,8879.0,8940.0,8798.0,15666359.0,139108949660.0,1326.0
2018-10-13,9147.0,9190.0,8436.0,8666.0,8488.0,8879.0,13223114.0,114586792588.0,1242.0
2018-10-14,8666.0,8890.0,8664.0,8710.0,8704.0,8666.0,5176283.0,45087397788.0,328.0
2018-10-15,8748.0,9037.0,8737.0,8962.0,9037.0,8710.0,12305244.0,110284526118.0,1278.0
2018-10-16,9108.0,9145.0,8962.0,9057.0,9020.0,8962.0,12821893.0,116127734513.0,1097.0
2018-10-17,9090.0,9200.0,8910.0,9091.0,9070.0,9057.0,25913972.0,235593245712.0,2057.0
2018-10-24,4799.0,4998.0,4799.0,4891.0,4950.0,4733.0,10721696.0,52443041586.0,1086.0
2018-10-27,5135.0,5135.0,5000.0,5110.0,5087.0,4891.0,15738414.0,80424132254.0,2445.0
2018-10-28,5125.0,5320.0,5125.0,5285.0,5285.0,5110.0,15578879.0,82328856602.0,1762.0
2018-10-29,5487.0,5487.0,5339.0,5409.0,5377.0,5285.0,6556416.0,35465940905.0,1333.0
2018-10-31,5440.0,5549.0,5200.0,5389.0,5400.0,5409.0,11196451.0,60333098940.0,1232.0
2018-11-03,5500.0,5549.0,5266.0,5444.0,5390.0,5389.0,8925688.0,48592711720.0,960.0
2018-11-04,5490.0,5570.0,5300.0,5478.0,5495.0,5444.0,11522120.0,63122132448.0,1020.0
2018-11-05,5496.0,5520.0,5400.0,5469.0,5410.0,5478.0,6250105.0,34178723829.0,793.0
2018-11-06,5490.0,5499.0,5370.0,5441.0,5385.0,5469.0,8801858.0,47887215399.0,1024.0
2018-11-10,5441.0,5540.0,5270.0,5432.0,5440.0,5441.0,11506558.0,62506694141.0,952.0
2018-11-11,5444.0,5480.0,5255.0,5327.0,5370.0,5432.0,10783128.0,57442449364.0,791.0
2018-11-12,5370.0,5399.0,5302.0,5355.0,5369.0,5327.0,10428879.0,55844830885.0,1047.0
2018-11-13,5370.0,5444.0,5300.0,5401.0,5320.0,5355.0,9027814.0,48762074592.0,772.0
2018-11-14,5401.0,5491.0,5349.0,5419.0,5397.0,5401.0,11900302.0,64482420055.0,1017.0
2018-11-17,5309.0,5420.0,5200.0,5330.0,5377.0,5419.0,4123896.0,21981427392.0,715.0
2018-11-18,5200.0,5388.0,5064.0,5237.0,5350.0,5330.0,11440640.0,59912719189.0,913.0
2018-11-19,5290.0,5340.0,5266.0,5287.0,5299.0,5237.0,5074090.0,26824900267.0,445.0
2018-11-20,5335.0,5350.0,5250.0,5322.0,5350.0,5287.0,4408344.0,23462958716.0,375.0
2018-11-21,5320.0,5388.0,5180.0,5268.0,5260.0,5322.0,5752817.0,30303254308.0,482.0
2018-11-24,5194.0,5299.0,5005.0,5086.0,5005.0,5268.0,6907038.0,35127321523.0,574.0
2018-11-26,5100.0,5200.0,4832.0,4920.0,4832.0,5086.0,8483161.0,41736076951.0,732.0
2018-11-27,4951.0,5010.0,4919.0,4971.0,4930.0,4920.0,6689782.0,33254557307.0,943.0
2018-11-28,4986.0,5000.0,4780.0,4915.0,4816.0,4971.0,4732148.0,23256510036.0,454.0
2018-12-01,4900.0,4985.0,4725.0,4849.0,4850.0,4915.0,10000550.0,48489630222.0,701.0
2018-12-02,4870.0,4980.0,4863.0,4935.0,4975.0,4849.0,6928408.0,34189163716.0,674.0
2018-12-03,5040.0,5050.0,4862.0,4927.0,4889.0,4935.0,3150021.0,15519278109.0,698.0
2018-12-04,4920.0,5005.0,4790.0,4912.0,4851.0,4927.0,9556211.0,46937558890.0,654.0
2018-12-05,4810.0,4950.0,4810.0,4931.0,4910.0,4912.0,3903986.0,19250105336.0,435.0
2018-12-08,4949.0,4949.0,4850.0,4908.0,4929.0,4931.0,3081801.0,15125980530.0,559.0
2018-12-09,4850.0,5128.0,4810.0,4939.0,4979.0,4908.0,6953666.0,34345980798.0,831.0
2018-12-10,4978.0,5002.0,4862.0,4984.0,4901.0,4939.0,3584689.0,17864825891.0,582.0
2018-12-11,4994.0,5021.0,4880.0,4965.0,4880.0,4984.0,1263881.0,6261611986.0,413.0
2018-12-12,4872.0,5149.0,4852.0,5010.0,5000.0,4965.0,8251192.0,41334924447.0,877.0
2018-12-15,5000.0,5100.0,4852.0,4977.0,4880.0,5010.0,5267557.0,26218387592.0,724.0
2018-12-16,4929.0,4977.0,4800.0,4890.0,4896.0,4977.0,4503435.0,22023767311.0,657.0
2018-12-17,4898.0,4970.0,4762.0,4874.0,4766.0,4890.0,3907095.0,19043845457.0,671.0
2018-12-18,4873.0,4898.0,4741.0,4848.0,4789.0,4874.0,4083426.0,19795018071.0,625.0
2018-12-19,4737.0,4839.0,4653.0,4766.0,4700.0,4848.0,1356849.0,6414963381.0,557.0
2018-12-22,4581.0,4699.0,4581.0,4624.0,4625.0,4766.0,2428965.0,11231855419.0,566.0
2018-12-23,4624.0,4685.0,4599.0,4632.0,4608.0,4624.0,2203959.0,10208038718.0,696.0
2018-12-24,4630.0,4631.0,4457.0,4566.0,4619.0,4632.0,1768268.0,8052582487.0,678.0
2018-12-25,4500.0,4693.0,4470.0,4602.0,4589.0,4566.0,3603380.0,16582143206.0,641.0
2018-12-26,4569.0,4649.0,4569.0,4603.0,4643.0,4602.0,2271053.0,10454408307.0,476.0
2018-12-29,4678.0,4680.0,4596.0,4609.0,4600.0,4603.0,2614268.0,12050348732.0,649.0
2018-12-30,4609.0,4643.0,4526.0,4597.0,4549.0,4609.0,2874442.0,13212932318.0,607.0
2018-12-31,4600.0,4618.0,4525.0,4581.0,4569.0,4597.0,2232510.0,10226136482.0,589.0
2019-01-01,4618.0,4618.0,4510.0,4564.0,4520.0,4581.0,1294570.0,5893140027.0,499.0
2019-01-02,4600.0,4600.0,4436.0,4533.0,4480.0,4564.0,1252390.0,5647797165.0,534.0
2019-01-05,4500.0,4620.0,4462.0,4565.0,4520.0,4533.0,3216593.0,14685301574.0,343.0
2019-01-06,4522.0,4650.0,4500.0,4584.0,4560.0,4565.0,2571733.0,11788098047.0,305.0
2019-01-07,4590.0,4590.0,4451.0,4498.0,4451.0,4584.0,2293769.0,10316836706.0,530.0
2019-01-08,4462.0,4520.0,4400.0,4467.0,4401.0,4498.0,2186528.0,9767393881.0,488.0
2019-01-09,4479.0,4480.0,4407.0,4461.0,4440.0,4467.0,933294.0,4155928783.0,407.0
2019-01-12,4460.0,4510.0,4415.0,4467.0,4497.0,4461.0,1336478.0,5976170576.0,314.0
2019-01-13,4470.0,4500.0,4416.0,4452.0,4429.0,4467.0,2223069.0,9896017807.0,353.0
2019-01-14,4449.0,4449.0,4405.0,4434.0,4430.0,4452.0,1147183.0,5067147706.0,340.0
2019-01-15,4440.0,4440.0,4400.0,4425.0,4400.0,4434.0,1066102.0,4706492824.0,292.0
2019-01-16,4400.0,4501.0,4300.0,4400.0,4415.0,4425.0,4554166.0,20039284808.0,615.0
2019-01-19,4350.0,4350.0,4226.0,4265.0,4250.0,4400.0,9746610.0,41568941114.0,1615.0
2019-01-20,4220.0,4249.0,4140.0,4181.0,4150.0,4265.0,9020623.0,37711313141.0,1382.0
2019-01-21,4260.0,4280.0,3980.0,4095.0,4104.0,4181.0,10284294.0,42116212656.0,1156.0
2019-01-22,4100.0,4160.0,4003.0,4073.0,4069.0,4095.0,5440324.0,22156755040.0,825.0
2019-01-23,4070.0,4098.0,4010.0,4051.0,4050.0,4073.0,8226213.0,33322951202.0,973.0
2019-01-26,4078.0,4080.0,4009.0,4031.0,4020.0,4051.0,3627704.0,14623777722.0,623.0
2019-01-27,4020.0,4060.0,3942.0,3985.0,3951.0,4031.0,4318538.0,17211432274.0,793.0
2019-01-28,3990.0,3990.0,3850.0,3909.0,3871.0,3985.0,3601159.0,14077009037.0,796.0
2019-01-29,3890.0,3950.0,3814.0,3892.0,3909.0,3909.0,5921375.0,23044900884.0,781.0
2019-01-30,3954.0,3954.0,3892.0,3922.0,3920.0,3892.0,3067105.0,12029212630.0,760.0
2019-02-02,3954.0,3990.0,3855.0,3916.0,3898.0,3922.0,2987151.0,11697306805.0,454.0
2019-02-03,3900.0,3970.0,3800.0,3892.0,3840.0,3916.0,4087552.0,15908200491.0,698.0
2019-02-04,3909.0,3939.0,3831.0,3877.0,3880.0,3892.0,3588358.0,13910665198.0,612.0
2019-02-05,3900.0,3934.0,3835.0,3878.0,3855.0,3877.0,2437250.0,9450838893.0,425.0
2019-02-06,3852.0,3930.0,3812.0,3867.0,3850.0,3878.0,3001180.0,11605885129.0,648.0
2019-02-10,3813.0,3890.0,3813.0,3867.0,3870.0,3867.0,3600638.0,13922316998.0,555.0
2019-02-12,3869.0,3886.0,3820.0,3861.0,3875.0,3867.0,3511729.0,13559979976.0,943.0
2019-02-13,3822.0,3890.0,3802.0,3852.0,3853.0,3861.0,1752066.0,6742236948.0,513.0
2019-02-16,3860.0,3860.0,3800.0,3825.0,3800.0,3852.0,1945340.0,7424134770.0,666.0
2019-02-17,3825.0,3845.0,3740.0,3803.0,3802.0,3825.0,2433700.0,9250965626.0,596.0
2019-02-18,3800.0,3829.0,3750.0,3783.0,3776.0,3803.0,3243390.0,12271065178.0,370.0
2019-02-19,3769.0,3809.0,3751.0,3784.0,3780.0,3783.0,1748681.0,6616592737.0,424.0
2019-02-20,3798.0,3809.0,3745.0,3774.0,3770.0,3784.0,4682467.0,17670689345.0,790.0
2019-02-23,3780.0,3939.0,3760.0,3852.0,3850.0,3774.0,16609764.0,63981545197.0,1211.0
2019-02-24,3900.0,3959.0,3840.0,3884.0,3900.0,3852.0,6506073.0,25268590361.0,829.0
2019-02-25,3910.0,4000.0,3895.0,3928.0,3926.0,3884.0,7645406.0,30028127803.0,798.0
2019-02-26,3900.0,3900.0,3840.0,3898.0,3868.0,3928.0,1352561.0,5232365292.0,266.0
2019-02-27,3910.0,3910.0,3849.0,3887.0,3865.0,3898.0,1226792.0,4753106648.0,305.0
2019-03-02,3800.0,3892.0,3800.0,3858.0,3833.0,3887.0,1359929.0,5210754991.0,298.0
2019-03-03,3865.0,3879.0,3800.0,3843.0,3820.0,3858.0,1580019.0,6056862316.0,301.0
2019-03-04,3820.0,3848.0,3800.0,3836.0,3813.0,3843.0,4469921.0,17144962300.0,695.0
2019-03-05,3899.0,3899.0,3777.0,3846.0,3780.0,3836.0,5678521.0,21839409915.0,538.0
2019-03-06,3800.0,3800.0,3769.0,3779.0,3784.0,3846.0,2757873.0,10422411402.0,413.0
2019-03-09,3838.0,3838.0,3760.0,3770.0,3769.0,3779.0,5563577.0,20975450186.0,512.0
2019-03-10,3810.0,3810.0,3740.0,3766.0,3775.0,3770.0,7111344.0,26780064938.0,725.0
2019-03-11,3775.0,3820.0,3750.0,3777.0,3770.0,3766.0,11810110.0,44609917363.0,1021.0
2019-03-12,3788.0,3804.0,3771.0,3784.0,3777.0,3777.0,9804673.0,37102955852.0,834.0
2019-03-13,3770.0,3807.0,3750.0,3795.0,3790.0,3784.0,28223175.0,107117612877.0,1619.0
2019-03-16,3802.0,3830.0,3770.0,3794.0,3790.0,3795.0,25271407.0,95880746444.0,1871.0
2019-03-17,3793.0,3927.0,3793.0,3897.0,3897.0,3794.0,22056774.0,85958591706.0,2102.0
2019-03-18,3932.0,4091.0,3930.0,4087.0,4091.0,3897.0,81018798.0,331089423001.0,3827.0
2019-03-19,4200.0,4291.0,4158.0,4255.0,4230.0,4087.0,23831068.0,101401806881.0,2699.0
2019-03-25,4274.0,4274.0,4101.0,4172.0,4163.0,4255.0,6478135.0,27025424560.0,1171.0
2019-03-26,4177.0,4234.0,4111.0,4178.0,4200.0,4172.0,7405606.0,30940491021.0,1234.0
2019-03-27,4240.0,4386.0,4182.0,4321.0,4322.0,4178.0,9647716.0,41689729968.0,1397.0
2019-03-30,4380.0,4505.0,4350.0,4428.0,4505.0,4321.0,13754920.0,60900598877.0,2043.0
2019-03-31,4590.0,4590.0,4311.0,4417.0,4400.0,4428.0,6024654.0,26608411420.0,1447.0
2019-04-06,4448.0,4448.0,4285.0,4382.0,4400.0,4417.0,5533189.0,24247839736.0,1214.0
2019-04-07,4381.0,4498.0,4351.0,4422.0,4398.0,4382.0,6685736.0,29563481049.0,935.0
2019-04-08,4331.0,4580.0,4210.0,4431.0,4501.0,4422.0,11088025.0,49129484209.0,1501.0
2019-04-09,4360.0,4580.0,4360.0,4481.0,4460.0,4431.0,11742958.0,52620773282.0,1403.0
2019-04-10,4498.0,4608.0,4420.0,4529.0,4495.0,4481.0,8523748.0,38603574041.0,953.0
2019-04-13,4503.0,4650.0,4490.0,4564.0,4500.0,4529.0,12741131.0,58153261319.0,1620.0
2019-04-14,4564.0,4564.0,4434.0,4502.0,4528.0,4564.0,10454182.0,47064527239.0,1369.0
2019-04-15,4489.0,4709.0,4489.0,4601.0,4590.0,4502.0,18869941.0,86819201707.0,1905.0
2019-04-16,4650.0,4777.0,4561.0,4703.0,4600.0,4601.0,17955349.0,84451173976.0,1944.0
2019-04-17,4599.0,4855.0,4553.0,4746.0,4780.0,4703.0,27698383.0,131460907815.0,1840.0
2019-04-20,4810.0,4983.0,4810.0,4943.0,4983.0,4746.0,40864103.0,201972325148.0,1811.0
2019-04-22,5080.0,5080.0,4885.0,4982.0,4947.0,4943.0,18046294.0,89902496484.0,1770.0
2019-04-23,4911.0,5089.0,4826.0,4911.0,4829.0,4982.0,14609201.0,71742767843.0,1599.0
2019-04-24,4900.0,4978.0,4831.0,4876.0,4870.0,4911.0,7603784.0,37078360375.0,1110.0
2019-04-27,4879.0,4879.0,4761.0,4804.0,4850.0,4876.0,10175381.0,48886325081.0,1052.0
2019-04-28,4813.0,4949.0,4770.0,4835.0,4817.0,4804.0,11736490.0,56749039148.0,1036.0
2019-04-29,4895.0,5076.0,4793.0,5040.0,5076.0,4835.0,50218122.0,253115185395.0,2175.0
2019-04-30,5140.0,5290.0,4970.0,5082.0,5009.0,5040.0,21727502.0,110429646378.0,1532.0
2019-05-01,5099.0,5180.0,5000.0,5136.0,5121.0,5082.0,12986166.0,66703343832.0,928.0
2019-05-04,5150.0,5255.0,5131.0,5200.0,5199.0,5136.0,10921722.0,56796880704.0,1138.0
2019-05-05,5259.0,5269.0,5012.0,5158.0,5160.0,5200.0,15151099.0,78143195083.0,1039.0
2019-05-06,5140.0,5270.0,4901.0,4928.0,4901.0,5158.0,19837588.0,97754821054.0,989.0
2019-05-07,4750.0,4955.0,4682.0,4752.0,4700.0,4928.0,19849212.0,94328076078.0,1577.0
2019-05-08,4573.0,4901.0,4573.0,4818.0,4822.0,4752.0,10996390.0,52980433322.0,913.0
2019-05-11,4800.0,4850.0,4590.0,4729.0,4602.0,4818.0,6633408.0,31369884263.0,797.0
2019-05-12,4580.0,4769.0,4510.0,4635.0,4630.0,4729.0,8184846.0,37935072458.0,700.0
2019-05-13,4640.0,4749.0,4630.0,4703.0,4700.0,4635.0,2902483.0,13651466811.0,327.0
2019-05-14,4711.0,4849.0,4711.0,4792.0,4771.0,4703.0,3217995.0,15421921024.0,584.0
2019-05-15,4800.0,4850.0,4680.0,4711.0,4700.0,4792.0,6352163.0,29926697693.0,789.0
2019-05-18,4701.0,4790.0,4603.0,4676.0,4720.0,4711.0,2975135.0,13912817456.0,850.0
2019-05-19,4621.0,4756.0,4564.0,4611.0,4726.0,4676.0,6464680.0,29806109926.0,987.0
2019-05-20,4652.0,4750.0,4607.0,4638.0,4612.0,4611.0,5751920.0,26676504312.0,821.0
2019-05-21,4614.0,4718.0,4614.0,4686.0,4679.0,4638.0,4707972.0,22059666354.0,659.0
2019-05-22,4700.0,4815.0,4691.0,4747.0,4798.0,4686.0,3573318.0,16961180346.0,822.0
2019-05-25,4819.0,4834.0,4720.0,4794.0,4800.0,4747.0,6141839.0,29443265148.0,804.0
2019-05-26,4849.0,4869.0,4798.0,4822.0,4820.0,4794.0,7213752.0,34782280396.0,844.0
2019-05-28,4868.0,5001.0,4820.0,4962.0,5000.0,4822.0,16907916.0,83900352171.0,1253.0
2019-05-29,5000.0,5098.0,4930.0,4990.0,4981.0,4962.0,6742196.0,33644614941.0,736.0
2019-06-01,4999.0,5099.0,4840.0,4984.0,5000.0,4990.0,7734385.0,38545899555.0,780.0
2019-06-02,5000.0,5070.0,4911.0,4980.0,4930.0,4984.0,5446730.0,27125162013.0,432.0
2019-06-03,4981.0,5150.0,4905.0,5056.0,5020.0,4980.0,7955654.0,40227055506.0,736.0
2019-06-08,4820.0,5090.0,4820.0,4942.0,5080.0,5056.0,13874985.0,68576175237.0,1155.0
2019-06-09,5098.0,5100.0,4701.0,4971.0,5025.0,4942.0,8314139.0,41331043272.0,859.0
2019-06-10,5049.0,5049.0,4880.0,4939.0,4987.0,4971.0,9288874.0,45876642394.0,691.0
2019-06-11,5035.0,5035.0,4890.0,4956.0,4950.0,4939.0,2664107.0,13203059841.0,1059.0
2019-06-12,4999.0,5000.0,4902.0,4976.0,4912.0,4956.0,7702657.0,38326137763.0,939.0
2019-06-15,4901.0,5079.0,4891.0,5001.0,5070.0,4976.0,10930247.0,54665620630.0,932.0
2019-06-16,5100.0,5251.0,5100.0,5249.0,5251.0,5001.0,85966299.0,451271397243.0,2481.0
2019-06-17,5302.0,5511.0,5227.0,5434.0,5459.0,5249.0,40901078.0,222251738897.0,2852.0
2019-06-18,5488.0,5494.0,5261.0,5342.0,5300.0,5434.0,9159881.0,48934827971.0,855.0
2019-06-19,5369.0,5369.0,5131.0,5184.0,5190.0,5342.0,9411509.0,48792565156.0,984.0
2019-06-22,5177.0,5177.0,5072.0,5100.0,5100.0,5184.0,13482771.0,68763472173.0,992.0
2019-06-23,5111.0,5257.0,5078.0,5115.0,5099.0,5100.0,12368289.0,63267917981.0,1014.0
2019-06-24,5150.0,5151.0,5070.0,5102.0,5149.0,5115.0,16832700.0,85888789033.0,1375.0
2019-06-25,5155.0,5357.0,5090.0,5329.0,5357.0,5102.0,51144498.0,272549552392.0,2051.0
2019-06-26,5570.0,5595.0,5460.0,5589.0,5595.0,5329.0,95072183.0,531360083191.0,3598.0
2019-06-30,5710.0,5710.0,5451.0,5574.0,5530.0,5589.0,12867234.0,71724678446.0,956.0
2019-07-01,5578.0,5760.0,5462.0,5666.0,5700.0,5574.0,11354556.0,64334753694.0,970.0
2019-07-02,5799.0,5949.0,5703.0,5931.0,5949.0,5666.0,36368331.0,215692312806.0,1768.0
2019-07-03,6049.0,6181.0,6003.0,6074.0,6090.0,5931.0,14694440.0,89250693264.0,1352.0
2019-07-06,6100.0,6100.0,5775.0,5882.0,5900.0,6074.0,12467543.0,73332382653.0,1036.0
2019-07-07,5900.0,5991.0,5800.0,5883.0,5880.0,5882.0,3486881.0,20514035076.0,510.0
2019-07-08,5883.0,6020.0,5883.0,5976.0,6000.0,5883.0,4173599.0,24941960150.0,496.0
2019-07-09,6080.0,6080.0,5970.0,5993.0,5993.0,5976.0,5293666.0,31723599768.0,730.0
2019-07-10,5972.0,5999.0,5920.0,5954.0,5970.0,5993.0,6237908.0,37138689306.0,659.0
2019-07-13,5909.0,5999.0,5850.0,5954.0,5950.0,5954.0,8449097.0,50306177596.0,1161.0
2019-07-14,5987.0,6070.0,5987.0,6009.0,6011.0,5954.0,3995512.0,24009529621.0,417.0
2019-07-15,6090.0,6090.0,5852.0,6004.0,5901.0,6009.0,8892021.0,53386294801.0,740.0
2019-07-16,5900.0,5900.0,5704.0,5737.0,5790.0,6004.0,15711323.0,90135741635.0,986.0
2019-07-17,5700.0,5833.0,5700.0,5795.0,5800.0,5737.0,17498459.0,101404009583.0,867.0
2019-07-20,5820.0,5900.0,5770.0,5791.0,5778.0,5795.0,8187316.0,47415162034.0,574.0
2019-07-21,5771.0,5989.0,5771.0,5918.0,5921.0,5791.0,9201943.0,54454526240.0,732.0
2019-07-22,5990.0,6050.0,5940.0,6013.0,6020.0,5918.0,9709257.0,58380529910.0,963.0
2019-07-23,6040.0,6189.0,6014.0,6056.0,6045.0,6013.0,4213795.0,25518373447.0,911.0
2019-07-24,6119.0,6149.0,6062.0,6134.0,6122.0,6056.0,5847408.0,35868002586.0,779.0
2019-07-27,6122.0,6189.0,6105.0,6131.0,6189.0,6134.0,4490066.0,27527343286.0,735.0
2019-07-28,6160.0,6190.0,6100.0,6113.0,6106.0,6131.0,4335946.0,26505573558.0,457.0
2019-07-29,6115.0,6150.0,6000.0,6106.0,6091.0,6113.0,2990937.0,18263562117.0,386.0
2019-07-30,6138.0,6138.0,6016.0,6046.0,6045.0,6106.0,2717582.0,16430128527.0,318.0
2019-07-31,6069.0,6199.0,6015.0,6131.0,6131.0,6046.0,3051131.0,18706591994.0,432.0
2019-08-03,6131.0,6148.0,6046.0,6100.0,6148.0,6131.0,3153912.0,19238201660.0,393.0
2019-08-04,6210.0,6210.0,6073.0,6105.0,6123.0,6100.0,3800356.0,23201961233.0,498.0
2019-08-05,6077.0,6150.0,6050.0,6095.0,6100.0,6105.0,2286222.0,13934697241.0,330.0
2019-08-06,5951.0,6060.0,5904.0,5972.0,6000.0,6095.0,4270894.0,25507183341.0,416.0
2019-08-07,5999.0,5999.0,5836.0,5915.0,5976.0,5972.0,5302573.0,31366398708.0,556.0
2019-08-10,5902.0,6190.0,5843.0,5984.0,5984.0,5915.0,4495039.0,26900191363.0,750.0
2019-08-11,5984.0,5984.0,5860.0,5894.0,5860.0,5984.0,1832588.0,10801823144.0,449.0
2019-08-13,5865.0,5894.0,5602.0,5816.0,5812.0,5894.0,3913832.0,22761046108.0,534.0
2019-08-14,5830.0,5900.0,5783.0,5820.0,5800.0,5816.0,7495652.0,43626986357.0,732.0
2019-08-17,5800.0,5949.0,5772.0,5820.0,5948.0,5820.0,13421530.0,78106724280.0,817.0
2019-08-18,5910.0,5910.0,5780.0,5807.0,5800.0,5820.0,8752179.0,50822964032.0,907.0
2019-08-19,5820.0,5820.0,5785.0,5798.0,5807.0,5807.0,7439684.0,43135928881.0,881.0
2019-08-21,5830.0,6030.0,5822.0,5925.0,5900.0,5798.0,4164911.0,24678927232.0,751.0
2019-08-24,5926.0,5999.0,5900.0,5946.0,5900.0,5925.0,10270049.0,61062561916.0,1068.0
2019-08-25,5920.0,5978.0,5840.0,5903.0,5900.0,5946.0,8231411.0,48588833827.0,720.0
2019-08-28,6200.0,6500.0,6060.0,6181.0,6190.0,5903.0,17823494.0,110174169793.0,1469.0
2019-08-31,6300.0,6390.0,6250.0,6308.0,6280.0,6181.0,12040178.0,75945208331.0,1296.0
2019-09-01,6350.0,6360.0,6232.0,6312.0,6320.0,6308.0,7015358.0,44282935640.0,710.0
2019-09-02,6320.0,6400.0,6285.0,6305.0,6400.0,6312.0,12416116.0,78278709986.0,1160.0
2019-09-03,6400.0,6549.0,6382.0,6467.0,6510.0,6305.0,5993708.0,38761287848.0,1002.0
2019-09-04,6500.0,6790.0,6470.0,6787.0,6787.0,6467.0,71614709.0,486072531513.0,2562.0
2019-09-07,6895.0,6898.0,6605.0,6754.0,6750.0,6787.0,30731712.0,207573701997.0,2066.0
2019-09-08,6711.0,6790.0,6700.0,6749.0,6750.0,6754.0,9171242.0,61897157254.0,946.0
2019-09-11,6750.0,6897.0,6750.0,6801.0,6807.0,6749.0,6714002.0,45663957892.0,791.0
2019-09-14,6890.0,6890.0,6730.0,6814.0,6771.0,6801.0,11717322.0,79841516216.0,1193.0
2019-09-15,6790.0,6799.0,6550.0,6683.0,6688.0,6814.0,16520810.0,110410624281.0,1661.0
2019-09-16,6950.0,6950.0,6690.0,6719.0,6748.0,6683.0,25451868.0,171019660008.0,3985.0
2019-09-17,6770.0,6770.0,6611.0,6659.0,6670.0,6719.0,4381860.0,29180373947.0,652.0
2019-09-18,6650.0,6800.0,6490.0,6561.0,6540.0,6659.0,8085848.0,53051377795.0,1137.0
2019-09-23,6889.0,7080.0,6889.0,6986.0,6904.0,6561.0,20410076.0,142583110807.0,1282.0
2019-09-24,7000.0,7000.0,6841.0,6918.0,6948.0,6986.0,8764427.0,60629149751.0,1092.0
2019-09-25,6993.0,6994.0,6830.0,6910.0,6929.0,6918.0,10258076.0,70884999994.0,791.0
2019-09-28,6930.0,7040.0,6851.0,6924.0,6929.0,6910.0,12806038.0,88672982236.0,1022.0
2019-09-29,7000.0,7040.0,6820.0,6922.0,6954.0,6924.0,11165454.0,77285594087.0,824.0
2019-09-30,7230.0,7230.0,6982.0,7040.0,7070.0,6922.0,26900484.0,189367287005.0,1343.0
2019-10-01,7180.0,7180.0,6891.0,7062.0,7039.0,7040.0,8738165.0,61708862604.0,909.0
2019-10-02,7074.0,7194.0,6885.0,7082.0,7050.0,7062.0,8666313.0,61378425539.0,962.0
2019-10-05,6940.0,7195.0,6901.0,7023.0,6940.0,7082.0,9851607.0,69187229512.0,753.0
2019-10-06,7200.0,7200.0,6700.0,6971.0,6950.0,7023.0,17891783.0,124725758234.0,1002.0
2019-10-07,6830.0,7149.0,6830.0,7021.0,7000.0,6971.0,10960923.0,76951295135.0,771.0
2019-10-08,7154.0,7154.0,6850.0,6973.0,6913.0,7021.0,6921159.0,48260952352.0,1239.0
2019-10-09,6973.0,7062.0,6920.0,7001.0,7062.0,6973.0,13896319.0,97288173645.0,1240.0
2019-10-12,7140.0,7351.0,7090.0,7282.0,7351.0,7001.0,26148731.0,190414849521.0,1922.0
2019-10-13,7500.0,7643.0,7453.0,7571.0,7544.0,7282.0,6672049.0,50513670480.0,751.0
2019-10-14,7799.0,7799.0,7420.0,7603.0,7470.0,7571.0,19839039.0,150830234821.0,2304.0
2019-10-15,7740.0,7744.0,7223.0,7348.0,7290.0,7603.0,11681622.0,85838899738.0,1278.0
2019-10-16,7440.0,7550.0,7315.0,7406.0,7361.0,7348.0,15956346.0,118178742673.0,1782.0
2019-10-22,7080.0,7199.0,6803.0,7103.0,7100.0,7046.0,9857851.0,70016118671.0,994.0
2019-10-23,7135.0,7350.0,7070.0,7146.0,7090.0,7103.0,3512960.0,25102051396.0,1126.0
2019-10-26,7120.0,7148.0,6890.0,7029.0,6937.0,7146.0,4351544.0,30587992792.0,765.0
2019-10-28,6910.0,6980.0,6822.0,6876.0,6939.0,7029.0,2718913.0,18696498087.0,707.0
2019-10-30,6876.0,6939.0,6848.0,6865.0,6860.0,6876.0,3228581.0,22165062551.0,562.0
2019-11-02,6980.0,6980.0,6804.0,6901.0,6847.0,6865.0,2885863.0,19914379062.0,549.0
2019-11-03,6847.0,6948.0,6800.0,6865.0,6948.0,6901.0,2742733.0,18827732112.0,534.0
2019-11-04,6865.0,6980.0,6770.0,6843.0,6790.0,6865.0,3654508.0,25009515285.0,630.0
2019-11-05,6750.0,6940.0,6723.0,6869.0,6801.0,6843.0,3781301.0,25974320949.0,546.0
2019-11-09,6823.0,6899.0,6790.0,6826.0,6839.0,6869.0,4448546.0,30364949298.0,604.0
2019-11-10,6899.0,6899.0,6720.0,6799.0,6770.0,6826.0,3063451.0,20827149448.0,426.0
2019-11-11,6750.0,6879.0,6690.0,6779.0,6799.0,6799.0,1905855.0,12919305363.0,380.0
2019-11-12,6850.0,6944.0,6700.0,6830.0,6849.0,6779.0,3972288.0,27131650279.0,628.0
2019-11-13,6800.0,6880.0,6750.0,6854.0,6854.0,6830.0,2712888.0,18594273150.0,382.0
2019-11-16,6850.0,6850.0,6703.0,6793.0,6788.0,6854.0,1324974.0,8992715929.0,366.0
2019-11-17,6830.0,6895.0,6690.0,6798.0,6793.0,6793.0,5473901.0,37214153012.0,536.0
2019-11-18,6801.0,6880.0,6710.0,6814.0,6737.0,6798.0,3787843.0,25811596666.0,456.0
2019-11-19,6855.0,6869.0,6733.0,6796.0,6790.0,6814.0,2453680.0,16674254552.0,251.0
2019-11-20,6729.0,6874.0,6710.0,6766.0,6716.0,6796.0,1017718.0,6873349643.0,272.0
2019-11-23,6830.0,6840.0,6715.0,6772.0,6770.0,6766.0,4194025.0,28402543591.0,402.0
2019-11-24,6800.0,6849.0,6723.0,6795.0,6794.0,6772.0,3342046.0,22709979846.0,386.0
2019-11-25,6835.0,6888.0,6710.0,6814.0,6782.0,6795.0,2435178.0,16593961115.0,511.0
2019-11-26,6800.0,6852.0,6701.0,6794.0,6750.0,6814.0,4216950.0,28651567421.0,499.0
2019-11-27,6847.0,6847.0,6746.0,6783.0,6767.0,6794.0,4622903.0,31356652022.0,604.0
2019-11-30,6838.0,6839.0,6750.0,6795.0,6783.0,6783.0,5787580.0,39326779057.0,799.0
2019-12-01,6795.0,6936.0,6753.0,6839.0,6797.0,6795.0,5651433.0,38647999873.0,900.0
2019-12-02,6948.0,6995.0,6821.0,6903.0,6849.0,6839.0,3120480.0,21539902169.0,523.0
2019-12-03,6903.0,6910.0,6780.0,6878.0,6780.0,6903.0,3882409.0,26703428549.0,617.0
2019-12-04,6910.0,6914.0,6800.0,6856.0,6844.0,6878.0,2458984.0,16859859508.0,468.0
2019-12-07,6996.0,6996.0,6800.0,6877.0,6856.0,6856.0,2806545.0,19300475215.0,670.0
2019-12-08,6900.0,6900.0,6534.0,6833.0,6887.0,6877.0,5159205.0,35254299616.0,755.0
2019-12-09,6900.0,7100.0,6900.0,6971.0,7000.0,6833.0,15964914.0,111289638651.0,1261.0
2019-12-10,7090.0,7110.0,6990.0,7063.0,7000.0,6971.0,22140842.0,156386681716.0,1727.0
2019-12-11,7000.0,7099.0,6931.0,7045.0,7035.0,7063.0,6351487.0,44746766037.0,590.0
2019-12-14,7031.0,7198.0,7031.0,7129.0,7194.0,7045.0,17834107.0,127141445491.0,1366.0
2019-12-15,7200.0,7289.0,7111.0,7183.0,7120.0,7129.0,12585431.0,90401049621.0,1484.0
2019-12-16,7179.0,7194.0,7112.0,7157.0,7130.0,7183.0,4812355.0,34442640599.0,637.0
2019-12-17,7156.0,7244.0,7100.0,7192.0,7217.0,7157.0,15002878.0,107900473229.0,1240.0
2019-12-18,7359.0,7410.0,7201.0,7351.0,7401.0,7192.0,14789922.0,108714457082.0,1331.0
2019-12-21,7454.0,7510.0,7401.0,7479.0,7500.0,7351.0,12632614.0,94481617145.0,1257.0
2019-12-22,7500.0,7770.0,7470.0,7660.0,7758.0,7479.0,14833624.0,113632858844.0,1223.0
2019-12-23,7800.0,8043.0,7785.0,8030.0,8043.0,7660.0,80889464.0,649521962726.0,3164.0
2019-12-24,8239.0,8431.0,8080.0,8363.0,8394.0,8030.0,29629035.0,247799679548.0,3909.0
2019-12-25,8394.0,8445.0,8150.0,8314.0,8401.0,8363.0,8481997.0,70523094093.0,1444.0
2019-12-28,8365.0,8450.0,8113.0,8368.0,8445.0,8314.0,9310856.0,77910723823.0,1413.0
2019-12-29,8499.0,8570.0,8300.0,8426.0,8512.0,8368.0,6072549.0,51168304605.0,940.0
2019-12-30,8500.0,8847.0,8430.0,8724.0,8847.0,8426.0,19372813.0,169002742854.0,1985.0
2019-12-31,9144.0,9144.0,8900.0,9001.0,9114.0,8724.0,8366109.0,75302861213.0,1523.0
2020-01-01,9200.0,9299.0,8997.0,9156.0,9070.0,9001.0,8412968.0,77031805628.0,1682.0
2020-01-04,8814.0,9156.0,8750.0,8859.0,8840.0,9156.0,25584438.0,226653488897.0,3132.0
2020-01-05,8859.0,9088.0,8859.0,9003.0,9051.0,8859.0,7849763.0,70673222500.0,1230.0
2020-01-07,9054.0,9453.0,8601.0,9066.0,8850.0,9003.0,21989995.0,199361524917.0,2153.0
2020-01-08,8885.0,9200.0,8885.0,8960.0,9070.0,9066.0,17710450.0,158689908434.0,1508.0
2020-01-11,9139.0,9139.0,9139.0,9139.0,9139.0,8960.0,2982362.0,27255806318.0,235.0
2020-01-12,9595.0,9595.0,9490.0,9568.0,9595.0,9139.0,31900998.0,305224820073.0,2785.0
2020-01-13,9898.0,10046.0,9855.0,10035.0,10045.0,9568.0,25272791.0,253603758227.0,2377.0
2020-01-14,10336.0,10400.0,9730.0,9901.0,9880.0,10035.0,7430589.0,73570150387.0,1670.0
2020-01-15,9802.0,10118.0,9500.0,9930.0,10058.0,9901.0,8558738.0,84990192014.0,1495.0
2020-01-18,10200.0,10299.0,9930.0,10189.0,10170.0,9930.0,9628172.0,98098338234.0,1465.0
2020-01-19,10279.0,10279.0,10002.0,10182.0,10097.0,10189.0,7047013.0,71755513667.0,1846.0
2020-01-20,10149.0,10149.0,9950.0,10013.0,9980.0,10182.0,5562695.0,55700494580.0,1080.0
2020-01-21,9979.0,9979.0,9802.0,9840.0,9805.0,10013.0,51853980.0,510243018953.0,3207.0
2020-01-22,9800.0,10250.0,9800.0,9983.0,9980.0,9840.0,2453598.0,24493297513.0,702.0
2020-01-25,9979.0,10210.0,9885.0,9954.0,9993.0,9983.0,3942184.0,39242116763.0,1033.0
2020-01-26,9999.0,10000.0,9620.0,9734.0,9660.0,9954.0,7807286.0,75992945666.0,1380.0
2020-01-27,9748.0,9803.0,9416.0,9656.0,9737.0,9734.0,5599703.0,54072328940.0,1030.0
2020-01-28,9740.0,9974.0,9700.0,9827.0,9800.0,9656.0,4808491.0,47253643513.0,836.0
2020-02-01,9999.0,9999.0,9622.0,9759.0,9744.0,9827.0,3164418.0,30880495996.0,748.0
2020-02-02,9699.0,9699.0,9550.0,9615.0,9673.0,9759.0,3250600.0,31255619814.0,868.0
2020-02-03,9650.0,9934.0,9600.0,9778.0,9852.0,9615.0,24545289.0,240004404904.0,2018.0
2020-02-04,10000.0,10000.0,9700.0,9829.0,9782.0,9778.0,5533231.0,54383819172.0,1351.0
2020-02-05,9900.0,9900.0,9750.0,9832.0,9841.0,9829.0,14626773.0,143815254601.0,1844.0
2020-02-08,9845.0,10239.0,9845.0,10019.0,10231.0,9832.0,19398941.0,194349484435.0,2861.0
2020-02-09,10400.0,10519.0,10240.0,10462.0,10394.0,10019.0,15689460.0,164145898551.0,3913.0
2020-02-10,10400.0,10510.0,10021.0,10307.0,10384.0,10462.0,6363883.0,65592347330.0,2679.0
2020-02-12,10100.0,10549.0,10100.0,10426.0,10450.0,10307.0,7577953.0,79008717522.0,1942.0
2020-02-15,10589.0,10589.0,10352.0,10443.0,10480.0,10426.0,6521136.0,68100413795.0,1682.0
2020-02-16,10501.0,10960.0,10498.0,10767.0,10950.0,10443.0,12088342.0,130160983852.0,2562.0
2020-02-17,11100.0,11305.0,10999.0,11267.0,11305.0,10767.0,34259272.0,385996673469.0,3986.0
2020-02-25,7900.0,8289.0,7900.0,8055.0,8050.0,7184.0,60763966.0,489463953132.0,9033.0
2020-02-26,8380.0,8380.0,8110.0,8200.0,8120.0,8055.0,35039170.0,287320315895.0,7198.0
2020-02-29,7822.0,8190.0,7822.0,7921.0,7961.0,8200.0,16148942.0,127918983563.0,3927.0
2020-03-01,8080.0,8300.0,8000.0,8199.0,8277.0,7921.0,18781151.0,153977799716.0,3470.0
2020-03-02,8485.0,8608.0,8485.0,8607.0,8608.0,8199.0,84318589.0,725694921431.0,5100.0
2020-03-03,9030.0,9030.0,8650.0,8865.0,8820.0,8607.0,52931909.0,469242255636.0,8492.0
2020-03-04,9130.0,9130.0,8864.0,8975.0,8944.0,8865.0,52312267.0,469516543155.0,7246.0
2020-03-07,8900.0,9160.0,8670.0,8927.0,8840.0,8975.0,15853850.0,141533332653.0,3944.0
2020-03-09,8555.0,8560.0,8555.0,8918.0,8560.0,8927.0,327042.0,2797850705.0,82.0
2020-03-10,8481.0,8900.0,8180.0,8400.0,8300.0,8918.0,28760389.0,241600423282.0,4175.0
2020-03-11,8130.0,8561.0,8053.0,8300.0,8100.0,8400.0,13542999.0,112338475834.0,3561.0
2020-03-14,8020.0,8100.0,7885.0,7910.0,7940.0,8300.0,23055794.0,182364942001.0,4230.0
2020-03-15,8000.0,8305.0,7994.0,8172.0,8305.0,7910.0,20113997.0,164363921574.0,3892.0
2020-03-16,8550.0,8550.0,8296.0,8314.0,8380.0,8172.0,7009726.0,59332147392.0,2582.0
2020-03-17,8443.0,8443.0,8030.0,8273.0,8195.0,8314.0,6660184.0,54773251318.0,1798.0
2020-03-18,8190.0,8355.0,8139.0,8260.0,8260.0,8273.0,8707783.0,71845511974.0,2379.0
2020-03-24,8071.0,8173.0,7847.0,7859.0,7880.0,8260.0,22387068.0,175939313901.0,3133.0
2020-03-25,7862.0,8251.0,7849.0,8136.0,8200.0,7859.0,15484357.0,125985608309.0,3077.0
2020-03-28,8185.0,8354.0,8009.0,8163.0,8230.0,8136.0,13608989.0,111126094947.0,3748.0
2020-03-29,8300.0,8360.0,8205.0,8302.0,8290.0,8163.0,16093432.0,133605833703.0,3126.0
2020-03-30,8300.0,8304.0,8020.0,8261.0,8260.0,8302.0,6387568.0,52428654818.0,1656.0
2020-04-04,8345.0,8670.0,8263.0,8565.0,8600.0,8261.0,14190708.0,121647085462.0,3092.0
2020-04-05,8720.0,8730.0,8211.0,8528.0,8453.0,8565.0,6293295.0,53366735017.0,2160.0
2020-04-06,8366.0,8649.0,8186.0,8379.0,8601.0,8528.0,21150087.0,177219591780.0,2905.0
2020-04-07,8690.0,8797.0,8354.0,8688.0,8797.0,8379.0,45682663.0,396897839295.0,4155.0
2020-04-08,8925.0,9122.0,8800.0,8985.0,8880.0,8688.0,24665519.0,221617389738.0,4014.0
2020-04-11,9345.0,9434.0,8985.0,9358.0,9270.0,8985.0,26241672.0,245576576777.0,4181.0
2020-04-14,10000.0,10470.0,9900.0,10105.0,10299.0,9358.0,69092560.0,698209245382.0,7326.0
2020-04-15,10610.0,10610.0,10540.0,10610.0,10610.0,10105.0,101864399.0,1080778980276.0,4878.0
2020-04-19,11500.0,11800.0,11140.0,11390.0,11279.0,10610.0,56306955.0,641311037145.0,4967.0
2020-04-20,11690.0,11959.0,11497.0,11922.0,11959.0,11390.0,31897880.0,380282714268.0,2692.0
2020-04-21,12499.0,12518.0,12002.0,12492.0,12518.0,11922.0,55507466.0,693423311816.0,6344.0
2020-04-22,12898.0,13116.0,11963.0,13022.0,13116.0,12492.0,66295079.0,863327544711.0,7022.0
2020-04-25,13672.0,13673.0,13500.0,13669.0,13673.0,13022.0,47833251.0,653808849355.0,5430.0
2020-04-26,14352.0,14352.0,14006.0,14316.0,14352.0,13669.0,50446280.0,722190243194.0,7563.0
2020-04-27,14690.0,15031.0,14500.0,14908.0,15031.0,14316.0,50563775.0,753789816540.0,7967.0
2020-04-28,15648.0,15653.0,15200.0,15646.0,15653.0,14908.0,73677607.0,1152734514558.0,8383.0
2020-04-29,16428.0,16428.0,16428.0,16428.0,16428.0,15646.0,120407744.0,1978058418432.0,8421.0
2020-05-02,17249.0,17249.0,17249.0,17249.0,17249.0,16428.0,19548232.0,337187453768.0,3298.0
2020-05-04,18111.0,19016.0,18111.0,18853.0,18970.0,17249.0,70621792.0,1331411190686.0,13605.0
2020-05-05,19600.0,19600.0,17911.0,18481.0,17911.0,18853.0,41005878.0,757842441541.0,11494.0
2020-05-06,17557.0,18230.0,17557.0,17636.0,17557.0,18481.0,155362478.0,2739945635365.0,17739.0
2020-05-09,17930.0,18517.0,17750.0,18176.0,17988.0,17636.0,108935259.0,1980052511441.0,18843.0
2020-05-10,18450.0,18498.0,17268.0,17462.0,17290.0,18176.0,118500449.0,2069201030492.0,20910.0
2020-05-11,16801.0,17460.0,16589.0,16644.0,16842.0,17462.0,67949657.0,1130927926817.0,10775.0
2020-05-12,15812.0,15812.0,15022.0,15088.0,15022.0,16644.0,63530625.0,958544170024.0,9430.0
2020-05-13,14445.0,15842.0,14407.0,15478.0,15349.0,15088.0,88817335.0,1374696722823.0,13480.0
2020-05-16,15800.0,15800.0,14705.0,14829.0,14711.0,15478.0,42227051.0,626197294816.0,6881.0
2020-05-17,14620.0,15570.0,14251.0,15365.0,15570.0,14829.0,81052771.0,1245389029765.0,11410.0
2020-05-18,16133.0,16133.0,15800.0,16132.0,16133.0,15365.0,54992548.0,887136480334.0,6433.0
2020-05-19,16800.0,16800.0,15326.0,15917.0,15599.0,16132.0,47245545.0,752001931708.0,11410.0
2020-05-20,15211.0,15574.0,15122.0,15162.0,15300.0,15917.0,34808601.0,527780771950.0,7459.0
2020-05-23,14508.0,14508.0,14404.0,14426.0,14404.0,15162.0,15989406.0,230665803979.0,2912.0
2020-05-26,13705.0,14404.0,13705.0,13729.0,13705.0,13748.0,24107453.0,330966000000.0,4280.0
2020-05-27,13117.0,14415.0,13117.0,14014.0,14415.0,13729.0,30377177.0,425697759992.0,6397.0
2020-05-30,14714.0,14714.0,14614.0,14714.0,14714.0,14014.0,15405452.0,226672121786.0,3175.0
2020-05-31,15250.0,15250.0,13979.0,14673.0,15000.0,14714.0,24145275.0,354277065431.0,5929.0
2020-06-01,15298.0,15300.0,14732.0,15068.0,15170.0,14673.0,15364239.0,231506851317.0,4457.0
2020-06-02,15599.0,15821.0,15200.0,15764.0,15700.0,15068.0,31525040.0,496963197810.0,5744.0
2020-06-06,16552.0,16552.0,16500.0,16552.0,16552.0,15764.0,16684744.0,276164856026.0,2681.0
2020-06-07,17379.0,17379.0,16552.0,17365.0,16700.0,16552.0,52433318.0,910500373363.0,7510.0
2020-06-08,16497.0,18233.0,16497.0,16975.0,16571.0,17365.0,40723585.0,691275772282.0,10612.0
2020-06-09,16500.0,17400.0,16212.0,16518.0,16530.0,16975.0,26685777.0,440805911164.0,6915.0
2020-06-10,16766.0,17160.0,16480.0,16709.0,16650.0,16518.0,22207157.0,371052416326.0,7820.0
2020-06-13,17000.0,17530.0,16710.0,17300.0,17300.0,16709.0,41720710.0,721566820100.0,10390.0
2020-06-14,17300.0,17300.0,16440.0,16620.0,16560.0,17300.0,33075019.0,549834533230.0,8904.0
2020-06-15,16500.0,16680.0,15900.0,16320.0,16400.0,16620.0,29994333.0,489367967980.0,9349.0
2020-06-16,16660.0,17000.0,15780.0,16550.0,16530.0,16320.0,43924647.0,727064273520.0,10170.0
2020-06-20,16960.0,17370.0,16530.0,17250.0,17370.0,16550.0,73288279.0,1263881244420.0,9760.0
2020-06-21,17950.0,18110.0,17310.0,18030.0,18110.0,17250.0,80039240.0,1442728211500.0,10156.0
2020-06-22,18800.0,18930.0,18420.0,18870.0,18930.0,18030.0,36072888.0,680527744810.0,4449.0
2020-06-23,19810.0,19810.0,19690.0,19810.0,19750.0,18870.0,80552925.0,1595738933740.0,9660.0
2020-06-24,19730.0,20800.0,19200.0,20690.0,20800.0,19810.0,75274599.0,1557100093950.0,8735.0
2020-06-27,21720.0,21720.0,21720.0,21720.0,21720.0,20690.0,29708663.0,645272160360.0,5028.0
2020-06-28,22800.0,22800.0,20800.0,22600.0,21960.0,21720.0,127788014.0,2887454723890.0,19499.0
2020-06-29,21500.0,23490.0,21490.0,22590.0,23300.0,22600.0,62987699.0,1422830072730.0,18062.0
2020-06-30,23710.0,23710.0,23710.0,23710.0,23710.0,22590.0,86175515.0,2043221460650.0,6727.0
2020-07-01,24890.0,24890.0,24890.0,24890.0,24890.0,23710.0,9958826.0,247875179140.0,399.0
2020-07-06,26130.0,26130.0,26130.0,26130.0,26130.0,24890.0,29735794.0,776996297220.0,1551.0
2020-07-08,27000.0,27000.0,25990.0,26450.0,26000.0,26130.0,33692938.0,891290335400.0,7260.0
2020-07-11,25210.0,27770.0,25210.0,27140.0,27770.0,26450.0,139161805.0,3776497896550.0,21467.0
2020-07-12,28490.0,28490.0,28460.0,28490.0,28490.0,27140.0,177625051.0,5060534904190.0,16832.0
2020-07-13,28490.0,29910.0,28430.0,29590.0,29910.0,28490.0,128322419.0,3797126127840.0,12513.0
2020-07-14,31060.0,31060.0,31060.0,31060.0,31060.0,29590.0,150950643.0,4688526971580.0,4985.0
2020-07-15,32180.0,32610.0,30230.0,32330.0,30690.0,31060.0,404045757.0,13061766795410.0,78343.0
2020-07-18,30720.0,30720.0,30720.0,30720.0,30720.0,32330.0,13820563.0,424567695360.0,8609.0
2020-07-19,30300.0,32250.0,29190.0,31850.0,32250.0,30720.0,140344545.0,4469539390870.0,20321.0
2020-07-20,32950.0,33440.0,32700.0,33340.0,33300.0,31850.0,149290436.0,4977467891740.0,33854.0
2020-07-21,32200.0,34390.0,31680.0,32850.0,31680.0,33340.0,135664220.0,4456854725570.0,53483.0
2020-07-22,32120.0,32780.0,31210.0,31520.0,31210.0,32850.0,38908602.0,1226216918280.0,15031.0
2020-07-25,32700.0,33090.0,30050.0,31740.0,30410.0,31520.0,116537527.0,3698549931670.0,43583.0
2020-07-26,30600.0,30800.0,30160.0,30270.0,30160.0,31740.0,38179145.0,1155804050450.0,15611.0
2020-07-27,28760.0,29470.0,28760.0,28780.0,28760.0,30270.0,130508213.0,3755598228390.0,27123.0
2020-07-28,29000.0,29800.0,27350.0,28140.0,27350.0,28780.0,114925319.0,3233926136890.0,33039.0
2020-07-29,27500.0,28140.0,26740.0,27010.0,27200.0,28140.0,87253336.0,2356913218790.0,27331.0
2020-08-01,27010.0,28360.0,27000.0,28140.0,28360.0,27010.0,96469677.0,2714574471600.0,26938.0
2020-08-02,29540.0,29540.0,26740.0,29470.0,29400.0,28140.0,83576953.0,2462629044840.0,23137.0
2020-08-03,30380.0,30380.0,28300.0,29430.0,29300.0,29470.0,49979720.0,1470659544460.0,20939.0
2020-08-04,30000.0,30900.0,29810.0,30640.0,30900.0,29430.0,53190336.0,1629797570730.0,18720.0
2020-08-05,32170.0,32170.0,32000.0,32170.0,32170.0,30640.0,43600304.0,1402532499550.0,10101.0
2020-08-09,33770.0,33770.0,33770.0,33770.0,33770.0,32170.0,52883325.0,1785869885250.0,9355.0
2020-08-10,35450.0,35450.0,32090.0,34250.0,32560.0,33770.0,194136909.0,6648479649460.0,53914.0
2020-08-11,32540.0,32900.0,32540.0,32560.0,32540.0,34250.0,37296160.0,1214281609070.0,9083.0
2020-08-12,32610.0,33990.0,30940.0,31810.0,30940.0,32560.0,79140568.0,2517550718870.0,12322.0
2020-08-15,30220.0,30220.0,30220.0,30220.0,30220.0,31810.0,35403762.0,1069901687640.0,4989.0
2020-08-16,28710.0,29990.0,28710.0,28740.0,28900.0,30220.0,135141268.0,3883424935790.0,16534.0
2020-08-17,28400.0,29700.0,28200.0,28910.0,28720.0,28740.0,47791791.0,1381799524170.0,19118.0
2020-08-18,30350.0,30350.0,29270.0,30230.0,30350.0,28910.0,54402543.0,1644630750620.0,15448.0
2020-08-19,29100.0,29850.0,28720.0,28750.0,28720.0,30230.0,37538676.0,1079137675210.0,7809.0
2020-08-22,29010.0,29990.0,27320.0,27670.0,27320.0,28750.0,54972413.0,1521234453620.0,13271.0
2020-08-23,27000.0,27200.0,26290.0,26320.0,26290.0,27670.0,44468475.0,1170227049480.0,6367.0
2020-08-24,25500.0,27120.0,25010.0,25120.0,25010.0,26320.0,120080601.0,3016065123190.0,14335.0
2020-08-25,26200.0,26370.0,26000.0,26320.0,26370.0,25120.0,11589630.0,304995687860.0,2777.0
2020-08-26,27630.0,27630.0,27630.0,27630.0,27630.0,26320.0,7842328.0,216683522640.0,890.0
2020-08-31,29010.0,29010.0,27850.0,28910.0,29010.0,27630.0,109243967.0,3157814512110.0,20501.0
2020-09-01,27650.0,28890.0,27470.0,27580.0,27480.0,28910.0,40491476.0,1116785002500.0,10937.0
2020-09-02,26370.0,26890.0,26210.0,26220.0,26260.0,27580.0,51013693.0,1337634015230.0,8598.0
2020-09-05,27490.0,27530.0,26300.0,27170.0,27530.0,26220.0,29536340.0,802414428720.0,10772.0
2020-09-06,28520.0,28520.0,27180.0,28070.0,27260.0,27170.0,35182469.0,987409729400.0,12176.0
2020-09-07,28070.0,28090.0,26670.0,27190.0,26670.0,28070.0,39586494.0,1076335937850.0,6382.0
2020-09-08,25850.0,25950.0,25840.0,25840.0,25840.0,27190.0,22346932.0,577523463740.0,2829.0
2020-09-09,24550.0,26920.0,24550.0,25700.0,26890.0,25840.0,40533248.0,1041612003830.0,14979.0
2020-09-12,26980.0,26980.0,26000.0,26970.0,26980.0,25700.0,31230452.0,842411564690.0,7165.0
2020-09-13,27290.0,28310.0,26000.0,27320.0,27790.0,26970.0,31878240.0,870901585120.0,13031.0
2020-09-14,27600.0,28680.0,27520.0,28590.0,28680.0,27320.0,38020502.0,1086842529160.0,7022.0
2020-09-15,30010.0,30010.0,30010.0,30010.0,30010.0,28590.0,25253265.0,757850482650.0,4538.0
2020-09-16,31510.0,31510.0,30500.0,31500.0,31510.0,30010.0,78114232.0,2460663310400.0,15612.0
2020-09-19,31500.0,33070.0,30110.0,32590.0,33070.0,31500.0,64250353.0,2093635153170.0,23217.0
2020-09-20,33500.0,34000.0,30970.0,31480.0,30970.0,32590.0,40401377.0,1271843895110.0,18041.0
2020-09-21,29910.0,30500.0,29910.0,29960.0,30400.0,31480.0,19058589.0,570970764230.0,5074.0
2020-09-22,31350.0,31450.0,28760.0,30630.0,31450.0,29960.0,50483130.0,1546517065510.0,17409.0
2020-09-23,31400.0,32160.0,31030.0,32030.0,32160.0,30630.0,44833525.0,1435819852150.0,15133.0
2020-09-26,33630.0,33630.0,32900.0,33570.0,33630.0,32030.0,83472317.0,2802116281090.0,23212.0
2020-09-27,33570.0,33570.0,31900.0,32190.0,31900.0,33570.0,18904286.0,608590720410.0,5942.0
2020-09-28,30590.0,30590.0,30590.0,30590.0,30590.0,32190.0,14526282.0,444358966380.0,1567.0
2020-09-29,29070.0,31700.0,29070.0,29930.0,30800.0,30590.0,45854091.0,1372448944810.0,15390.0
2020-09-30,30000.0,30900.0,28590.0,29960.0,30550.0,29930.0,28911764.0,866223492200.0,11248.0
2020-10-03,30540.0,31450.0,28910.0,30860.0,30800.0,29960.0,47973670.0,1480247413820.0,18182.0
2020-10-04,30500.0,30500.0,29320.0,29460.0,29320.0,30860.0,55732568.0,1641903722640.0,14525.0
2020-10-05,28130.0,29460.0,27990.0,28100.0,28080.0,29460.0,35639411.0,1001344833510.0,11181.0
2020-10-06,28500.0,29500.0,28090.0,29080.0,29490.0,28100.0,41513050.0,1207206788310.0,12035.0
2020-10-07,30000.0,30350.0,29080.0,29680.0,29830.0,29080.0,29011788.0,861210073390.0,10436.0
2020-10-10,29690.0,30510.0,29100.0,29860.0,29980.0,29680.0,34999569.0,1045118716070.0,12302.0
2020-10-11,30160.0,31350.0,30100.0,30970.0,30500.0,29860.0,41311114.0,1279259296080.0,15418.0
2020-10-12,30500.0,31660.0,30000.0,30760.0,30980.0,30970.0,30502187.0,938323346360.0,12414.0
2020-10-13,31000.0,31400.0,29710.0,30620.0,30810.0,30760.0,12650472.0,387370359160.0,5909.0
2020-10-14,30800.0,30850.0,29090.0,30380.0,30210.0,30620.0,24552686.0,745950236400.0,7865.0
2020-10-18,30440.0,31000.0,28880.0,30120.0,29810.0,30380.0,57070701.0,1718792314770.0,13170.0
2020-10-19,30980.0,30980.0,28620.0,29040.0,29100.0,30120.0,52748631.0,1531868518210.0,10189.0
2020-10-31,13500.0,14000.0,13500.0,13630.0,13800.0,14350.0,50494078.0,688426624290.0,4195.0
2020-11-01,13250.0,13300.0,12950.0,13020.0,12950.0,13630.0,29104156.0,379033178450.0,3911.0
2020-11-02,12370.0,12690.0,12370.0,12370.0,12370.0,13020.0,38778838.0,479802913190.0,5284.0
2020-11-04,12500.0,12980.0,11760.0,12850.0,12980.0,12370.0,54936189.0,705749203440.0,7751.0
2020-11-14,12520.0,13100.0,12520.0,12720.0,12910.0,12850.0,111254273.0,1414836677610.0,10061.0
2020-11-15,13140.0,13140.0,12090.0,12390.0,12090.0,12720.0,102216974.0,1266432437230.0,19163.0
2020-11-16,11950.0,12680.0,11820.0,12300.0,12170.0,12390.0,64814584.0,797066444260.0,12569.0
2020-11-17,12000.0,12800.0,12000.0,12500.0,12660.0,12300.0,71345830.0,891473071010.0,14605.0
2020-11-18,12900.0,13120.0,12520.0,13000.0,13120.0,12500.0,83804070.0,1089444462940.0,14413.0
2020-11-21,13550.0,13550.0,12390.0,12970.0,12590.0,13000.0,66332307.0,860066900110.0,16243.0
2020-11-22,12360.0,12970.0,12330.0,12540.0,12360.0,12970.0,48767657.0,611648632750.0,9665.0
2020-11-23,12300.0,12960.0,12290.0,12570.0,12450.0,12540.0,45411408.0,570698626590.0,8092.0
2020-11-24,12620.0,12620.0,11950.0,12010.0,11950.0,12570.0,58685963.0,704557881900.0,10200.0
2020-11-25,11600.0,12300.0,11410.0,11960.0,12270.0,12010.0,45933828.0,549536125180.0,11010.0
2020-11-28,12350.0,12550.0,12040.0,12520.0,12550.0,11960.0,78747125.0,985947798770.0,6800.0
2020-11-29,13130.0,13140.0,12980.0,13140.0,13140.0,12520.0,134388103.0,1765191672260.0,13340.0
2020-11-30,13790.0,13790.0,13500.0,13760.0,13790.0,13140.0,109595161.0,1508204906840.0,16448.0
2020-12-01,13790.0,14200.0,13080.0,13900.0,13900.0,13760.0,86766313.0,1205643851070.0,17269.0
2020-12-02,13890.0,14150.0,13550.0,13920.0,13970.0,13900.0,63409095.0,882634032250.0,16567.0
2020-12-05,14060.0,14480.0,13870.0,14280.0,14430.0,13920.0,36419217.0,519999827830.0,9118.0
2020-12-06,14590.0,14790.0,14270.0,14520.0,14410.0,14280.0,42487287.0,616977883430.0,11738.0
2020-12-07,14600.0,14900.0,13960.0,14550.0,14170.0,14520.0,64168362.0,933637960400.0,12910.0
2020-12-08,14400.0,14460.0,13830.0,14030.0,13840.0,14550.0,39177760.0,549526316750.0,10822.0
2020-12-09,14030.0,14300.0,13450.0,13800.0,13770.0,14030.0,41325781.0,570359507950.0,11009.0
2020-12-13,13900.0,14100.0,13400.0,13920.0,13950.0,13800.0,46584789.0,648427203900.0,9509.0
2020-12-14,14200.0,14200.0,13230.0,13590.0,13230.0,13920.0,45776101.0,621915361190.0,8969.0
2020-12-15,12970.0,13230.0,12920.0,12920.0,12920.0,13590.0,44006212.0,568734428800.0,6324.0
2020-12-16,12510.0,13000.0,12500.0,12710.0,12660.0,12920.0,29894674.0,380102087860.0,7266.0
2020-12-19,12850.0,13250.0,12850.0,13050.0,13050.0,12710.0,38954248.0,508256147380.0,6499.0
2020-12-20,13310.0,13500.0,12970.0,13250.0,13150.0,13050.0,27749533.0,367594925750.0,6968.0
2020-12-21,12860.0,13650.0,12760.0,13270.0,12980.0,13250.0,23126503.0,306976811450.0,5816.0
2020-12-22,12810.0,13210.0,12720.0,12920.0,12870.0,13270.0,23304963.0,301030664410.0,7581.0
2020-12-23,13080.0,13080.0,12510.0,12640.0,12520.0,12920.0,20660725.0,261204723140.0,7051.0
2020-12-26,12600.0,12600.0,12010.0,12100.0,12110.0,12640.0,42338327.0,512473670650.0,8604.0
2020-12-27,12010.0,12600.0,11700.0,12140.0,12220.0,12100.0,19594285.0,237909986210.0,6839.0
2020-12-28,12500.0,12740.0,12320.0,12700.0,12740.0,12140.0,29085305.0,369240104330.0,7199.0
2020-12-29,12870.0,12890.0,12130.0,12450.0,12280.0,12700.0,18284539.0,227611673850.0,5431.0
2020-12-30,12100.0,12870.0,12020.0,12500.0,12230.0,12450.0,23268726.0,290857388230.0,7204.0
2021-01-02,12020.0,12600.0,11880.0,12110.0,11880.0,12500.0,25022297.0,302929050130.0,5836.0
2021-01-03,11980.0,12380.0,11860.0,12120.0,12180.0,12110.0,20885042.0,253160721430.0,5631.0
2021-01-04,12360.0,12600.0,12040.0,12300.0,12210.0,12120.0,14758036.0,181505463010.0,4306.0
2021-01-05,12350.0,12480.0,11700.0,12060.0,11840.0,12300.0,17039910.0,205490166470.0,4886.0
2021-01-06,12050.0,12060.0,11460.0,11640.0,11600.0,12060.0,27649035.0,321781465980.0,6167.0
2021-01-09,11210.0,11700.0,11060.0,11150.0,11060.0,11640.0,53310275.0,594581587800.0,7071.0
2021-01-10,11370.0,11500.0,10670.0,10990.0,10820.0,11150.0,67923530.0,746755875810.0,14712.0
2021-01-11,11030.0,11400.0,10450.0,10990.0,10940.0,10990.0,91659548.0,1006901043040.0,14002.0
2021-01-12,11100.0,11200.0,10450.0,10560.0,10450.0,10990.0,28895626.0,305252903020.0,4562.0
2021-01-13,10060.0,10300.0,10040.0,10060.0,10040.0,10560.0,34906231.0,351322106540.0,6113.0
2021-01-16,9600.0,9850.0,9560.0,9570.0,9560.0,10060.0,19951821.0,190987447830.0,2378.0
2021-01-18,9100.0,9100.0,9100.0,9280.0,9100.0,9570.0,7260269.0,66068447900.0,640.0
2021-01-19,8820.0,9400.0,8820.0,9000.0,9030.0,9280.0,69983537.0,629680947850.0,10501.0
2021-01-20,9080.0,9450.0,9080.0,9380.0,9450.0,9000.0,24240813.0,227424108300.0,4322.0
2021-01-24,10000.0,10300.0,9500.0,9870.0,9670.0,9380.0,79033684.0,780038067500.0,13229.0
2021-01-25,9790.0,10270.0,9380.0,9880.0,9880.0,9870.0,48612292.0,480399107550.0,8139.0
2021-01-26,9730.0,10060.0,9390.0,9510.0,9390.0,9880.0,22430304.0,213423390950.0,4134.0
2021-01-27,9200.0,9700.0,9040.0,9370.0,9700.0,9510.0,50011566.0,468391877860.0,6956.0
2021-01-30,9700.0,9830.0,9500.0,9810.0,9830.0,9370.0,21286903.0,208915491500.0,2943.0
2021-01-31,10300.0,10300.0,9500.0,9880.0,9540.0,9810.0,32500363.0,321251672490.0,6137.0
2021-02-01,9540.0,10100.0,9390.0,9580.0,9430.0,9880.0,30101432.0,288432625410.0,4829.0
2021-02-02,9470.0,9500.0,9110.0,9150.0,9110.0,9580.0,19239458.0,176002532230.0,3820.0
2021-02-03,8920.0,9350.0,8700.0,8740.0,8700.0,9150.0,36476527.0,318921884230.0,4512.0
2021-02-06,8750.0,8900.0,8310.0,8350.0,8310.0,8740.0,32694197.0,273012181800.0,2902.0
2021-02-07,8450.0,8760.0,8450.0,8750.0,8760.0,8350.0,18998865.0,166220497560.0,2012.0
2021-02-08,9180.0,9180.0,9000.0,9170.0,9180.0,8750.0,68231394.0,625627239300.0,5599.0
2021-02-09,9300.0,9500.0,9040.0,9320.0,9330.0,9170.0,35322736.0,329062358010.0,6612.0
2021-02-13,9700.0,9870.0,9600.0,9840.0,9870.0,9320.0,44941512.0,442053474910.0,5359.0
2021-02-14,10110.0,10110.0,9650.0,9740.0,9650.0,9840.0,42930752.0,417951277810.0,6148.0
2021-02-15,9560.0,9980.0,9550.0,9660.0,9550.0,9740.0,20917952.0,201968070430.0,4340.0
2021-02-16,9670.0,9690.0,9470.0,9480.0,9470.0,9660.0,14310597.0,135633670510.0,1651.0
2021-02-17,9500.0,9500.0,9300.0,9310.0,9300.0,9480.0,16729871.0,155809416520.0,2812.0
2021-02-20,9140.0,9290.0,9130.0,9130.0,9130.0,9310.0,16927865.0,154568898530.0,1629.0
2021-02-21,8950.0,8950.0,8950.0,9050.0,8950.0,9130.0,5890217.0,52717442150.0,742.0
2021-02-22,8870.0,8870.0,8870.0,8970.0,8870.0,9050.0,5505239.0,48831469930.0,321.0
2021-02-23,8800.0,9240.0,8800.0,8870.0,8980.0,8970.0,33431723.0,296672864440.0,5084.0
2021-02-24,9050.0,9150.0,8700.0,8830.0,8710.0,8870.0,23318246.0,205857426230.0,4501.0
2021-02-27,8660.0,8700.0,8660.0,8670.0,8660.0,8830.0,13062274.0,113121718850.0,1697.0
2021-02-28,8500.0,8500.0,8500.0,8580.0,8500.0,8670.0,7410967.0,62993219500.0,737.0
2021-03-01,8410.0,9080.0,8410.0,8530.0,8490.0,8580.0,25642249.0,218851217790.0,4280.0
2021-03-02,8530.0,8760.0,8400.0,8560.0,8570.0,8530.0,18206998.0,155874534300.0,3277.0
2021-03-03,8600.0,8650.0,8390.0,8400.0,8390.0,8560.0,13989067.0,117538447820.0,2451.0
2021-03-06,8250.0,8350.0,8240.0,8270.0,8240.0,8400.0,11472809.0,94579935450.0,1430.0
2021-03-07,8130.0,8500.0,8110.0,8330.0,8380.0,8270.0,23564401.0,196176482760.0,3689.0
2021-03-08,8310.0,8760.0,8310.0,8560.0,8580.0,8330.0,13992521.0,119879238450.0,3183.0
2021-03-09,8730.0,8830.0,8400.0,8620.0,8470.0,8560.0,22658217.0,195292040220.0,3444.0
2021-03-10,8610.0,8800.0,8450.0,8620.0,8660.0,8620.0,21976777.0,189372718920.0,2617.0
2021-03-13,8510.0,9130.0,8510.0,9020.0,9130.0,8620.0,41907058.0,378010967470.0,4315.0
2021-03-14,9340.0,9560.0,9160.0,9500.0,9470.0,9020.0,45690217.0,433836506100.0,5855.0
2021-03-15,9360.0,10070.0,9310.0,9900.0,10070.0,9500.0,49294771.0,488186079540.0,5692.0
2021-03-16,10250.0,10490.0,10100.0,10460.0,10490.0,9900.0,40319304.0,421881928790.0,2457.0
2021-03-17,11080.0,11080.0,10500.0,10740.0,10630.0,10460.0,47896704.0,514513164770.0,7311.0
2021-03-27,10700.0,10740.0,10530.0,10550.0,10530.0,10740.0,25385929.0,267861939840.0,4448.0
2021-03-28,10350.0,10500.0,10340.0,10460.0,10340.0,10550.0,4728848.0,48907464080.0,997.0
2021-03-30,10260.0,10490.0,10260.0,10310.0,10260.0,10460.0,29685952.0,306000488810.0,3970.0
2021-03-31,10310.0,10500.0,10110.0,10250.0,10110.0,10310.0,11370057.0,116586072740.0,2137.0
2021-04-03,10200.0,10200.0,10050.0,10150.0,10050.0,10250.0,6597319.0,66406109510.0,626.0
2021-04-04,9950.0,9950.0,9950.0,10010.0,9950.0,10150.0,7920746.0,78811422700.0,574.0
2021-04-05,9810.0,9810.0,9810.0,9900.0,9810.0,10010.0,6292334.0,61727796540.0,496.0
2021-04-06,9980.0,10000.0,9710.0,9870.0,9710.0,9900.0,17189610.0,169603356840.0,2472.0
2021-04-07,9680.0,9680.0,9680.0,9770.0,9680.0,9870.0,6461945.0,62551627600.0,709.0
2021-04-10,9580.0,9580.0,9580.0,9690.0,9580.0,9770.0,4883433.0,46783288140.0,386.0
2021-04-11,9500.0,9500.0,9500.0,9550.0,9500.0,9690.0,9116628.0,86607966000.0,539.0
2021-04-12,9360.0,9560.0,9360.0,9370.0,9530.0,9550.0,18132145.0,169935669010.0,2026.0
2021-04-13,9410.0,9690.0,9350.0,9480.0,9400.0,9370.0,22332435.0,211778043090.0,4776.0
2021-04-14,9520.0,9660.0,9300.0,9510.0,9300.0,9480.0,28314883.0,269153415580.0,4739.0
2021-04-17,9990.0,9990.0,9320.0,9610.0,9320.0,9510.0,12159875.0,116842383990.0,1431.0
2021-04-18,9420.0,9420.0,9420.0,9540.0,9420.0,9610.0,4781671.0,45043340820.0,245.0
2021-04-19,9350.0,9420.0,9350.0,9360.0,9390.0,9540.0,17354313.0,162356736180.0,1912.0
2021-04-20,9460.0,9550.0,9180.0,9280.0,9180.0,9360.0,14941771.0,138703860750.0,2777.0
2021-04-21,9300.0,9300.0,9010.0,9040.0,9010.0,9280.0,14571695.0,131720457280.0,1726.0
2021-04-24,8790.0,8840.0,8770.0,8860.0,8770.0,9040.0,8778683.0,77013997990.0,951.0
2021-04-25,8600.0,8700.0,8600.0,8700.0,8600.0,8860.0,8025896.0,69033637020.0,957.0
2021-04-26,8440.0,8910.0,8440.0,8620.0,8760.0,8700.0,22640594.0,195079040890.0,3352.0
2021-04-27,8700.0,8980.0,8660.0,8850.0,8780.0,8620.0,25988471.0,230085144790.0,3052.0
2021-04-28,8940.0,9200.0,8800.0,8980.0,8950.0,8850.0,12882692.0,115761264520.0,2601.0
2021-05-01,8900.0,8950.0,8720.0,8820.0,8720.0,8980.0,9749668.0,85355666680.0,1500.0
2021-05-02,8560.0,8560.0,8560.0,8690.0,8560.0,8820.0,6450068.0,55212582080.0,349.0
2021-05-03,8430.0,8480.0,8430.0,8430.0,8430.0,8690.0,13475602.0,113615281180.0,1300.0
2021-05-05,8500.0,8640.0,8430.0,8520.0,8470.0,8430.0,15425921.0,131397708930.0,2904.0
2021-05-08,8610.0,8740.0,8270.0,8420.0,8270.0,8520.0,14116570.0,118807317020.0,2250.0
2021-05-09,8180.0,8420.0,8170.0,8180.0,8170.0,8420.0,16225164.0,132705354120.0,1270.0
2021-05-10,7990.0,8610.0,7950.0,8290.0,8490.0,8180.0,50274556.0,416594067050.0,4239.0
2021-05-11,8630.0,8740.0,8500.0,8650.0,8740.0,8290.0,28640785.0,247873209680.0,3693.0
2021-05-12,9080.0,9110.0,8550.0,8860.0,8980.0,8650.0,26774624.0,237090774630.0,3404.0
2021-05-15,8980.0,9130.0,8830.0,9000.0,9130.0,8860.0,20603287.0,185378291200.0,2580.0
2021-05-16,9140.0,9440.0,8970.0,9220.0,9400.0,9000.0,29089530.0,268332489480.0,3760.0
2021-05-17,9380.0,9580.0,8980.0,9300.0,9400.0,9220.0,33261148.0,309300055590.0,4125.0
2021-05-18,9210.0,9480.0,9020.0,9390.0,9400.0,9300.0,21783477.0,204514814700.0,2950.0
2021-05-19,9440.0,9500.0,8930.0,9140.0,8930.0,9390.0,16972059.0,155044178910.0,2066.0
2021-05-22,8710.0,9270.0,8690.0,8900.0,8690.0,9140.0,21743994.0,193456611910.0,2001.0
2021-05-23,8760.0,8800.0,8460.0,8510.0,8460.0,8900.0,18464972.0,157153459140.0,1782.0
2021-05-24,8320.0,8650.0,8230.0,8460.0,8440.0,8510.0,20482903.0,173358274980.0,2528.0
2021-05-25,8730.0,8880.0,8650.0,8800.0,8730.0,8460.0,23054173.0,202906447810.0,2663.0
2021-05-26,9070.0,9150.0,8810.0,8990.0,8990.0,8800.0,17970054.0,161553947790.0,2434.0
2021-05-29,9260.0,9430.0,9230.0,9390.0,9430.0,8990.0,41953609.0,393994310510.0,3438.0
2021-05-30,9500.0,9810.0,9240.0,9530.0,9380.0,9390.0,37542568.0,357595734850.0,4466.0
2021-05-31,9690.0,9720.0,9290.0,9480.0,9330.0,9530.0,26215815.0,248499711590.0,2530.0
2021-06-01,9800.0,9800.0,9290.0,9550.0,9380.0,9480.0,24573339.0,234714579250.0,2143.0
2021-06-02,9800.0,9800.0,9410.0,9650.0,9610.0,9550.0,27420149.0,264618199370.0,3129.0
2021-06-07,9800.0,9800.0,9600.0,9690.0,9650.0,9650.0,16921438.0,164025955520.0,2532.0
2021-06-08,9900.0,9900.0,9540.0,9750.0,9620.0,9690.0,22530496.0,219580772550.0,2573.0
2021-06-09,9900.0,9900.0,9510.0,9750.0,9720.0,9750.0,24084003.0,234764303630.0,2134.0
2021-06-12,9700.0,9900.0,9450.0,9680.0,9510.0,9750.0,17840226.0,172614094430.0,2161.0
2021-06-13,9640.0,9640.0,9320.0,9470.0,9370.0,9680.0,13758900.0,130299913940.0,1837.0
2021-06-14,9480.0,9580.0,9300.0,9460.0,9460.0,9470.0,23838625.0,225512444010.0,2260.0
2021-06-15,9540.0,9870.0,9320.0,9530.0,9340.0,9460.0,17527256.0,167036895840.0,1929.0
2021-06-16,9450.0,9530.0,9270.0,9420.0,9460.0,9530.0,13877513.0,130685439520.0,1919.0
2021-06-19,9480.0,9890.0,9430.0,9660.0,9700.0,9420.0,33612100.0,324621454140.0,2763.0
2021-06-20,9700.0,10090.0,9610.0,9770.0,9730.0,9660.0,24305974.0,237370941600.0,2142.0
2021-06-21,9730.0,9970.0,9670.0,9830.0,9880.0,9770.0,31738184.0,311847105750.0,3012.0
2021-06-22,9800.0,10300.0,9800.0,10120.0,10180.0,9830.0,28092539.0,284259972180.0,3026.0
2021-06-23,10130.0,10580.0,10090.0,10310.0,10390.0,10120.0,29027565.0,299227301630.0,3774.0
2021-06-26,10450.0,10520.0,10150.0,10340.0,10300.0,10310.0,23964754.0,247907315800.0,3406.0
2021-06-27,10390.0,10390.0,10110.0,10290.0,10200.0,10340.0,25970343.0,267145288130.0,2711.0
2021-06-28,10400.0,10400.0,10100.0,10210.0,10190.0,10290.0,25823251.0,263532011980.0,2361.0
2021-06-29,10330.0,10330.0,9970.0,10120.0,10000.0,10210.0,27442174.0,277734689540.0,3453.0
2021-06-30,10000.0,10370.0,9990.0,10190.0,10300.0,10120.0,45064446.0,459095944710.0,3400.0
2021-07-03,10220.0,10290.0,9960.0,10170.0,10190.0,10190.0,32801733.0,333438148290.0,3135.0
2021-07-04,10200.0,10320.0,10000.0,10180.0,10240.0,10170.0,28111456.0,286269294870.0,2401.0
2021-07-05,10460.0,10470.0,10170.0,10220.0,10240.0,10180.0,86997876.0,889502380270.0,3421.0
2021-07-06,10380.0,10730.0,10340.0,10680.0,10730.0,10220.0,80526227.0,859759421620.0,3727.0
2021-07-07,11050.0,11050.0,10550.0,10860.0,10700.0,10680.0,53193292.0,577564330830.0,4799.0
2021-07-10,10760.0,10770.0,10420.0,10570.0,10470.0,10860.0,18699206.0,197644562740.0,2674.0
2021-07-11,10640.0,10740.0,10450.0,10620.0,10680.0,10570.0,20032849.0,212742993430.0,2588.0
2021-07-12,10850.0,10890.0,10600.0,10750.0,10610.0,10620.0,39424712.0,423704024000.0,2922.0
2021-07-13,10800.0,10870.0,10500.0,10710.0,10680.0,10750.0,23906163.0,256070988680.0,2496.0
2021-07-14,10670.0,10790.0,10440.0,10580.0,10490.0,10710.0,23358318.0,247015188820.0,2774.0
2021-07-17,10900.0,10900.0,10350.0,10600.0,10520.0,10580.0,34338761.0,363963446070.0,3268.0
2021-07-18,10600.0,10630.0,10270.0,10500.0,10610.0,10600.0,45951071.0,482674570140.0,2651.0
2021-07-19,10510.0,10780.0,10490.0,10610.0,10560.0,10500.0,45652331.0,484247586170.0,3197.0
2021-07-26,10720.0,10750.0,10490.0,10610.0,10600.0,10610.0,37027586.0,393034580320.0,3238.0
2021-07-27,10710.0,10760.0,10300.0,10540.0,10390.0,10610.0,35550599.0,374720011610.0,2828.0
2021-07-28,10540.0,10540.0,10290.0,10410.0,10340.0,10540.0,28103970.0,292568950920.0,2803.0
2021-07-31,10550.0,10930.0,10340.0,10820.0,10930.0,10410.0,128218718.0,1387383266430.0,6834.0
2021-08-01,11190.0,11230.0,10830.0,11050.0,10960.0,10820.0,50940951.0,562733822200.0,4741.0
2021-08-02,11100.0,11310.0,11000.0,11090.0,11200.0,11050.0,42742611.0,474135996290.0,3599.0
2021-08-03,11270.0,11640.0,11200.0,11610.0,11640.0,11090.0,78773641.0,914185086840.0,5300.0
2021-08-04,12190.0,12190.0,12010.0,12190.0,12190.0,11610.0,68517819.0,835124008810.0,2743.0
2021-08-07,12790.0,12790.0,12500.0,12750.0,12690.0,12190.0,268665288.0,3425580539120.0,16943.0
2021-08-08,12790.0,13380.0,12600.0,13140.0,13200.0,12750.0,101646383.0,1335761019300.0,11072.0
2021-08-09,13050.0,13690.0,12880.0,13300.0,13360.0,13140.0,56110278.0,746171878380.0,7276.0
2021-08-10,13600.0,13600.0,13190.0,13440.0,13470.0,13300.0,41440412.0,556852686540.0,5647.0
2021-08-11,13560.0,14110.0,13500.0,13990.0,14110.0,13440.0,111678413.0,1562099305760.0,8393.0
2021-08-14,14200.0,14200.0,13470.0,13760.0,13830.0,13990.0,61028179.0,839737181850.0,7912.0
2021-08-15,13760.0,14180.0,13600.0,13950.0,14070.0,13760.0,39490935.0,550923735830.0,5141.0
2021-08-22,13970.0,14290.0,13870.0,13980.0,13930.0,13950.0,56349720.0,787608289390.0,6901.0
2021-08-23,13850.0,13960.0,13560.0,13690.0,13700.0,13980.0,44417009.0,607909161260.0,6365.0
2021-08-24,13530.0,13900.0,13530.0,13700.0,13730.0,13690.0,43935836.0,601805178130.0,6440.0
2021-08-25,13700.0,13730.0,13360.0,13460.0,13470.0,13700.0,44522825.0,599131301060.0,5989.0
2021-08-28,13360.0,13820.0,13200.0,13570.0,13600.0,13460.0,39491168.0,536083613050.0,5928.0
2021-08-29,13420.0,13900.0,13160.0,13450.0,13170.0,13570.0,36699971.0,493528460340.0,5649.0
2021-08-30,12980.0,13100.0,12780.0,12820.0,12780.0,13450.0,27577303.0,353539937670.0,3239.0
2021-08-31,12200.0,12820.0,12180.0,12330.0,12410.0,12820.0,47282292.0,583010497280.0,5476.0
2021-09-01,12400.0,12940.0,12240.0,12720.0,12940.0,12330.0,47415177.0,603029495020.0,4649.0
2021-09-04,13250.0,13250.0,12950.0,13110.0,13170.0,12720.0,40480314.0,530868501300.0,3912.0
2021-09-05,13110.0,13150.0,12860.0,13090.0,13120.0,13110.0,19212220.0,251536604050.0,2840.0
2021-09-06,13100.0,13140.0,12710.0,13070.0,12760.0,13090.0,33449806.0,437322094110.0,3718.0
2021-09-07,13150.0,13150.0,12810.0,12970.0,12950.0,13070.0,14660164.0,190161464030.0,3064.0
2021-09-08,13040.0,13080.0,12910.0,12980.0,13040.0,12970.0,15437313.0,200396991790.0,3755.0
2021-09-11,13040.0,13110.0,12990.0,13000.0,13010.0,12980.0,42065940.0,547008110200.0,2667.0
2021-09-12,12940.0,13120.0,12610.0,12940.0,12800.0,13000.0,25071853.0,324337131420.0,3357.0
2021-09-13,12940.0,13000.0,12400.0,12650.0,12510.0,12940.0,13301805.0,168331606070.0,2797.0
2021-09-14,12740.0,12900.0,12640.0,12750.0,12680.0,12650.0,13055416.0,166439009670.0,2739.0
2021-09-15,12880.0,12880.0,12700.0,12750.0,12730.0,12750.0,45125081.0,575311391530.0,3812.0
2021-09-18,12850.0,12850.0,12530.0,12600.0,12550.0,12750.0,37323999.0,470125013350.0,2487.0
2021-09-19,12470.0,12480.0,12020.0,12190.0,12170.0,12600.0,14243348.0,173650421650.0,2226.0
2021-09-20,12170.0,12440.0,12000.0,12260.0,12260.0,12190.0,14443872.0,177077987730.0,1685.0
2021-09-21,12400.0,12550.0,11900.0,12110.0,12180.0,12260.0,48217128.0,583788789950.0,2792.0
2021-09-22,12110.0,12640.0,11710.0,12100.0,12210.0,12110.0,15231225.0,184301301510.0,2482.0
2021-09-25,12160.0,12700.0,12160.0,12420.0,12420.0,12100.0,19262111.0,239229042230.0,2607.0
2021-09-26,12460.0,12770.0,12310.0,12530.0,12460.0,12420.0,22990017.0,287963457660.0,2485.0
2021-09-28,12740.0,12740.0,12390.0,12480.0,12440.0,12530.0,14452372.0,180335917000.0,1996.0
2021-09-29,12610.0,12690.0,12400.0,12510.0,12530.0,12480.0,30798265.0,385244569220.0,2485.0
2021-10-02,12510.0,13130.0,12510.0,13020.0,13130.0,12510.0,55605717.0,723757356130.0,5613.0
2021-10-03,13450.0,13560.0,13300.0,13400.0,13480.0,13020.0,74428912.0,996993185780.0,6423.0
2021-10-04,13500.0,13850.0,13300.0,13730.0,13710.0,13400.0,49749777.0,682833578030.0,4836.0
2021-10-06,14000.0,14070.0,13830.0,13890.0,13850.0,13730.0,59425164.0,825384532800.0,6358.0
2021-10-11,13850.0,13860.0,13640.0,13770.0,13720.0,13890.0,40266561.0,554278034190.0,2531.0
2021-10-12,13510.0,13690.0,13150.0,13290.0,13160.0,13770.0,28410067.0,377654699170.0,3296.0
2021-10-13,13400.0,13500.0,12720.0,12970.0,12950.0,13290.0,17113464.0,222038318150.0,2621.0
2021-11-06,12640.0,13000.0,12640.0,12730.0,12830.0,12370.0,36658930.0,466611375320.0,2733.0
2021-11-07,12950.0,12950.0,12100.0,12510.0,12200.0,12730.0,24872424.0,311274131660.0,4497.0
2021-11-08,12590.0,12740.0,12290.0,12490.0,12330.0,12510.0,23165541.0,289383993040.0,3117.0
2021-11-09,12480.0,12670.0,12220.0,12420.0,12250.0,12490.0,22028665.0,273565154280.0,3220.0
2021-11-10,12420.0,12700.0,12200.0,12360.0,12320.0,12420.0,16207012.0,200293634720.0,2705.0
2021-11-13,12230.0,12240.0,11750.0,11890.0,11800.0,12360.0,18769645.0,223194457870.0,4370.0
2021-11-14,11800.0,12070.0,11590.0,11910.0,12040.0,11890.0,23297419.0,277553845850.0,4009.0
2021-11-15,12000.0,12010.0,11320.0,11510.0,11320.0,11910.0,13031761.0,149986191910.0,2413.0
2021-11-16,11190.0,11280.0,10940.0,11130.0,11110.0,11510.0,9831528.0,109406304460.0,2303.0
2021-11-17,11350.0,11460.0,10850.0,11070.0,11030.0,11130.0,17038964.0,188603917780.0,2485.0
2021-11-20,11100.0,11350.0,10520.0,10630.0,10550.0,11070.0,14706476.0,156312843460.0,3690.0
2021-11-21,10610.0,10970.0,10340.0,10650.0,10800.0,10630.0,9215972.0,98195989130.0,2024.0
2021-11-22,10880.0,11110.0,10670.0,10980.0,10890.0,10650.0,17153940.0,188273795160.0,2466.0
2021-11-23,11000.0,11140.0,10830.0,11000.0,11010.0,10980.0,10224047.0,112503690920.0,1862.0
2021-11-24,11220.0,11220.0,10700.0,10910.0,10960.0,11000.0,10565109.0,115279929440.0,1718.0
2021-11-27,10700.0,10850.0,10380.0,10620.0,10410.0,10910.0,7651353.0,80273216240.0,1748.0
2021-11-28,10370.0,10800.0,10370.0,10590.0,10600.0,10620.0,13694305.0,145080589510.0,2042.0
2021-11-29,10510.0,10680.0,10350.0,10490.0,10370.0,10590.0,8177294.0,85495401990.0,1566.0
2021-11-30,10580.0,10620.0,10090.0,10250.0,10180.0,10490.0,11957375.0,122518551150.0,2388.0
2021-12-01,10090.0,10240.0,9830.0,9960.0,9970.0,10250.0,12162687.0,121186273010.0,1922.0
2021-12-04,10010.0,10300.0,9740.0,10000.0,10000.0,9960.0,9589582.0,95978338410.0,1808.0
2021-12-05,10020.0,10200.0,10010.0,10050.0,10100.0,10000.0,5914321.0,59751323800.0,1347.0
2021-12-06,10200.0,10200.0,10050.0,10080.0,10110.0,10050.0,4894130.0,49504457800.0,1000.0
2021-12-07,10250.0,10250.0,10020.0,10120.0,10170.0,10080.0,11648060.0,117942913730.0,1263.0
2021-12-08,10200.0,10340.0,10080.0,10160.0,10300.0,10120.0,25176394.0,255787866520.0,1916.0
2021-12-11,10380.0,10380.0,10100.0,10180.0,10180.0,10160.0,9228921.0,93988841730.0,1213.0
2021-12-12,10200.0,10200.0,9680.0,9880.0,10000.0,10180.0,13364593.0,132062105820.0,1441.0
2021-12-13,9880.0,10110.0,9480.0,9750.0,9600.0,9880.0,10629887.0,103433212910.0,1608.0
2021-12-14,9700.0,9960.0,9360.0,9750.0,9780.0,9750.0,8331040.0,81179358750.0,1274.0
2021-12-15,9950.0,10000.0,9710.0,9780.0,9760.0,9750.0,6152767.0,60298768770.0,906.0
2021-12-18,9800.0,10010.0,9790.0,9830.0,9980.0,9780.0,4864399.0,48200985180.0,833.0
2021-12-19,9880.0,9960.0,9800.0,9860.0,9960.0,9830.0,8547815.0,84367714370.0,1078.0
2021-12-20,9890.0,10100.0,9890.0,9960.0,10050.0,9860.0,8143516.0,81529754100.0,998.0
2021-12-21,10050.0,10240.0,9960.0,10100.0,10240.0,9960.0,9550150.0,96880084040.0,1004.0
2021-12-22,10330.0,10600.0,10320.0,10590.0,10600.0,10100.0,22975032.0,243340976190.0,1122.0
2021-12-25,10890.0,11110.0,10800.0,11090.0,11110.0,10590.0,23486788.0,260384357590.0,1338.0
2021-12-26,11210.0,11430.0,11090.0,11250.0,11310.0,11090.0,32701984.0,367990778310.0,3598.0
2021-12-27,11300.0,11440.0,11010.0,11220.0,11090.0,11250.0,22050072.0,247442282170.0,2905.0
2021-12-28,11220.0,11250.0,11010.0,11140.0,11090.0,11220.0,10376140.0,115476398280.0,1519.0
2021-12-29,11010.0,11190.0,10900.0,11010.0,11000.0,11140.0,9953908.0,109441348100.0,1337.0
2022-01-01,10720.0,10880.0,10670.0,10820.0,10800.0,11010.0,8412476.0,90589798460.0,1025.0
2022-01-02,10700.0,10800.0,10610.0,10820.0,10790.0,10820.0,368825.0,3953540200.0,70.0
2022-01-04,10820.0,10880.0,10500.0,10740.0,10670.0,10820.0,14619852.0,156947723260.0,1195.0
2022-01-05,10850.0,10970.0,10600.0,10740.0,10670.0,10740.0,8084246.0,86792589690.0,1066.0
2022-01-08,0.0,10870.0,10520.0,10690.0,10670.0,10740.0,8827545.0,94240883510.0,1322.0
2022-01-09,10700.0,10750.0,10160.0,10280.0,10170.0,10690.0,14501302.0,149047700120.0,1875.0
2022-01-10,10160.0,10440.0,9900.0,10210.0,10180.0,10280.0,6328736.0,64244497600.0,1122.0
2022-01-11,10210.0,10340.0,9980.0,10120.0,10000.0,10210.0,11418776.0,115546820800.0,1666.0
2022-01-16,10120.0,10220.0,10110.0,10130.0,10120.0,10120.0,3447975.0,34993447360.0,353.0
2022-01-17,10250.0,10250.0,10000.0,10120.0,10140.0,10130.0,14637536.0,148093276920.0,2193.0
2022-01-18,10100.0,10180.0,9620.0,9790.0,9690.0,10120.0,15731641.0,154045785210.0,2460.0
2022-01-19,9860.0,9950.0,9760.0,9800.0,9820.0,9790.0,7932187.0,77807328740.0,1154.0
2022-01-22,9830.0,10040.0,9780.0,9830.0,9810.0,9800.0,9526545.0,93709433350.0,1478.0
2022-01-23,9700.0,9970.0,9340.0,9600.0,9500.0,9830.0,10927235.0,104658947100.0,1069.0
2022-01-24,9580.0,9580.0,9140.0,9310.0,9250.0,9600.0,10393394.0,96212707730.0,1201.0
2022-01-25,9150.0,9370.0,8850.0,9160.0,9360.0,9310.0,64024577.0,586777298760.0,2741.0
2022-01-26,9490.0,9610.0,9420.0,9520.0,9610.0,9160.0,23143572.0,220429071950.0,1392.0
2022-01-29,9900.0,9990.0,9800.0,9810.0,9990.0,9520.0,8048336.0,80291918760.0,663.0
2022-01-30,10300.0,10300.0,9980.0,10160.0,10080.0,9810.0,17453429.0,177350284270.0,1793.0
2022-01-31,10180.0,10290.0,10160.0,10200.0,10190.0,10160.0,13578186.0,138481734020.0,1358.0
2022-02-01,10210.0,10480.0,10190.0,10250.0,10260.0,10200.0,9110691.0,93609535670.0,1191.0
2022-02-02,10360.0,10360.0,10220.0,10270.0,10290.0,10250.0,9033464.0,92893464590.0,1178.0
2022-02-05,10290.0,10380.0,10270.0,10300.0,10290.0,10270.0,8605359.0,88714772980.0,1118.0
2022-02-06,10320.0,10470.0,9930.0,10280.0,10220.0,10300.0,32406975.0,333198645790.0,3876.0
2022-02-07,10270.0,10350.0,10230.0,10270.0,10280.0,10280.0,16409932.0,168609759160.0,2655.0
2022-02-08,10290.0,10430.0,10290.0,10380.0,10400.0,10270.0,12371685.0,128429286700.0,2397.0
2022-02-09,10430.0,10690.0,10420.0,10560.0,10680.0,10380.0,21060189.0,222312748110.0,2682.0
2022-02-12,10690.0,10770.0,10600.0,10680.0,10700.0,10560.0,14435442.0,154227208000.0,2467.0
2022-02-13,10690.0,10980.0,10530.0,10730.0,10690.0,10680.0,24122246.0,258836777710.0,3179.0
2022-02-14,11000.0,11130.0,10930.0,11030.0,11040.0,10730.0,21077111.0,232501904380.0,2684.0
2022-02-16,11090.0,11130.0,10940.0,11030.0,11030.0,11030.0,12747592.0,140636633210.0,1901.0
2022-02-19,11000.0,11080.0,10760.0,11020.0,11030.0,11030.0,25564689.0,281695952380.0,2713.0
2022-02-20,11020.0,11020.0,10470.0,10530.0,10800.0,11020.0,19262416.0,202909006560.0,1795.0
2022-02-21,10800.0,10890.0,10640.0,10830.0,10830.0,10530.0,16861397.0,182648707330.0,2758.0
2022-02-22,11000.0,11100.0,10790.0,10940.0,10940.0,10830.0,15219930.0,166501113800.0,1915.0
2022-02-23,11000.0,11090.0,10700.0,10960.0,10960.0,10940.0,12498256.0,136940649470.0,1615.0
2022-02-26,11040.0,11040.0,10780.0,10950.0,10960.0,10960.0,11257110.0,123220066430.0,2429.0
2022-02-27,10970.0,10980.0,10860.0,10940.0,10930.0,10950.0,8571143.0,93696410520.0,1602.0
2022-02-28,10950.0,11360.0,10670.0,10980.0,11310.0,10940.0,10791620.0,118481273990.0,1353.0
2022-03-02,11000.0,11160.0,10920.0,11030.0,10980.0,10980.0,11527526.0,127094104910.0,2392.0
2022-03-05,11030.0,11220.0,10970.0,11070.0,11050.0,11030.0,12464063.0,138011115720.0,1573.0
2022-03-06,11300.0,11340.0,11120.0,11220.0,11180.0,11070.0,11998253.0,134599734760.0,1610.0
2022-03-07,11320.0,11650.0,11200.0,11360.0,11340.0,11220.0,14660199.0,166604885870.0,2193.0
2022-03-08,11380.0,11610.0,11050.0,11310.0,11140.0,11360.0,18386428.0,208025393740.0,2051.0
2022-03-09,11200.0,11600.0,11160.0,11330.0,11350.0,11310.0,30263388.0,342778595960.0,3025.0
2022-03-30,7590.0,7600.0,7380.0,7480.0,7470.0,6640.0,59474887.0,444708284840.0,5006.0
2022-04-03,7510.0,7610.0,7430.0,7500.0,7580.0,7480.0,35080958.0,263120439740.0,3445.0
2022-04-04,7600.0,7640.0,7390.0,7520.0,7530.0,7500.0,36170449.0,272096536570.0,3417.0
2022-04-05,7550.0,7560.0,7400.0,7510.0,7550.0,7520.0,46092462.0,346160327590.0,2906.0
2022-04-06,7540.0,7590.0,7400.0,7490.0,7500.0,7510.0,21408284.0,160319419380.0,2566.0
2022-04-09,7490.0,7500.0,7280.0,7460.0,7460.0,7490.0,11912887.0,88671686180.0,1315.0
2022-04-10,7500.0,7500.0,7370.0,7460.0,7490.0,7460.0,23016433.0,171773899260.0,1973.0
2022-04-11,7490.0,7500.0,7410.0,7450.0,7470.0,7460.0,25326575.0,188755750980.0,1465.0
2022-04-12,7360.0,7490.0,7130.0,7340.0,7200.0,7450.0,25768703.0,189057914020.0,2472.0
2022-04-13,7390.0,7430.0,7380.0,7380.0,7420.0,7340.0,9472738.0,70205431650.0,1943.0
2022-04-16,7450.0,7460.0,7380.0,7400.0,7380.0,7380.0,12372396.0,91647544800.0,1883.0
2022-04-17,7440.0,7630.0,7440.0,7560.0,7630.0,7400.0,29648572.0,224076678620.0,3599.0
2022-04-18,7660.0,7770.0,7560.0,7660.0,7650.0,7560.0,17947312.0,137397577450.0,2022.0
2022-04-19,7700.0,8040.0,7660.0,7960.0,8040.0,7660.0,58682477.0,467075470410.0,4118.0
2022-04-20,8040.0,8100.0,7960.0,7990.0,8000.0,7960.0,18350424.0,146660616990.0,2367.0
2022-04-24,8090.0,8090.0,7810.0,7970.0,7830.0,7990.0,23149057.0,184594793620.0,2528.0
2022-04-25,7960.0,8310.0,7950.0,8090.0,8260.0,7970.0,33972992.0,274851474380.0,2974.0
2022-04-26,8200.0,8360.0,8200.0,8300.0,8300.0,8090.0,19194686.0,159268319280.0,1928.0
2022-04-27,8300.0,8390.0,8280.0,8310.0,8280.0,8300.0,19827349.0,164784208570.0,2786.0
2022-04-30,8290.0,8360.0,8250.0,8310.0,8320.0,8310.0,24523779.0,203861793520.0,2322.0
2022-05-01,8320.0,8410.0,8300.0,8330.0,8320.0,8310.0,13300997.0,110889770470.0,2204.0
2022-05-02,8400.0,8400.0,8310.0,8340.0,8380.0,8330.0,9413259.0,78552274670.0,1598.0
2022-05-07,8440.0,8440.0,8330.0,8360.0,8360.0,8340.0,15317389.0,128116765270.0,2254.0
2022-05-08,8360.0,8500.0,8350.0,8390.0,8380.0,8360.0,13651777.0,114511831190.0,2081.0
2022-05-09,8400.0,8430.0,8000.0,8280.0,8000.0,8390.0,15559708.0,128901754190.0,2618.0
2022-05-10,8280.0,8380.0,8150.0,8290.0,8330.0,8280.0,24519450.0,203229078690.0,2047.0
2022-05-11,8400.0,8430.0,8280.0,8340.0,8310.0,8290.0,29889100.0,249373803880.0,2055.0
2022-05-14,8360.0,8420.0,8280.0,8380.0,8410.0,8340.0,17481829.0,146411047390.0,2228.0
2022-05-15,8420.0,8440.0,8320.0,8390.0,8400.0,8380.0,13605301.0,114150573910.0,2407.0
2022-05-16,8400.0,8500.0,8300.0,8400.0,8490.0,8390.0,13922493.0,116936687550.0,3020.0
2022-05-17,8430.0,8500.0,8230.0,8420.0,8430.0,8400.0,12779999.0,107651318740.0,2051.0
2022-05-18,8430.0,8540.0,8380.0,8460.0,8520.0,8420.0,13756230.0,116403076460.0,2812.0
2022-05-21,8460.0,8520.0,8360.0,8450.0,8380.0,8460.0,10689757.0,90312882890.0,1329.0
2022-05-22,8450.0,8490.0,8440.0,8460.0,8490.0,8450.0,13075311.0,110588107470.0,1607.0
2022-05-23,8480.0,8520.0,8290.0,8440.0,8470.0,8460.0,25387623.0,214323682530.0,2185.0
2022-05-24,8440.0,8510.0,8410.0,8460.0,8460.0,8440.0,13591668.0,114939588260.0,2777.0
2022-05-25,8410.0,8490.0,8330.0,8450.0,8450.0,8460.0,12112310.0,102392372750.0,1122.0
2022-05-28,8350.0,8500.0,8250.0,8400.0,8460.0,8450.0,19729385.0,165738249320.0,1692.0
2022-05-29,8250.0,8480.0,8180.0,8380.0,8430.0,8400.0,26744166.0,224182493500.0,2047.0
2022-05-30,8400.0,8420.0,8360.0,8390.0,8400.0,8380.0,18290848.0,153441802830.0,1650.0
2022-05-31,8390.0,8450.0,8380.0,8410.0,8430.0,8390.0,13524657.0,113692601190.0,1608.0
2022-06-01,8450.0,8480.0,8360.0,8420.0,8450.0,8410.0,9622848.0,81003582460.0,1462.0
2022-06-06,8320.0,8700.0,8230.0,8430.0,8640.0,8420.0,45895574.0,387062522440.0,4373.0
2022-06-07,8500.0,8680.0,8430.0,8460.0,8470.0,8430.0,11423309.0,96785319030.0,2038.0
2022-06-08,8490.0,8550.0,8440.0,8470.0,8550.0,8460.0,26304603.0,222811461440.0,2150.0
2022-06-11,8500.0,8600.0,8410.0,8500.0,8530.0,8470.0,15668371.0,133166577830.0,4059.0
2022-06-12,8560.0,8580.0,8450.0,8520.0,8570.0,8500.0,12502668.0,106576965620.0,2805.0
2022-06-13,8670.0,8800.0,8550.0,8620.0,8590.0,8520.0,10359639.0,89678682980.0,1258.0
2022-06-14,8620.0,8640.0,8570.0,8620.0,8630.0,8620.0,15662565.0,134987310940.0,2906.0
2022-06-15,8630.0,8700.0,8570.0,8630.0,8640.0,8620.0,12294381.0,106114428170.0,2614.0
2022-06-18,8630.0,8660.0,8470.0,8570.0,8660.0,8630.0,20603774.0,176510585830.0,2293.0
2022-06-19,8570.0,8640.0,8560.0,8580.0,8600.0,8570.0,8423152.0,72343014540.0,2547.0
2022-06-20,8600.0,8660.0,8530.0,8570.0,8600.0,8580.0,19924254.0,170839765240.0,1931.0
2022-06-21,8610.0,8630.0,8460.0,8570.0,8580.0,8570.0,27619328.0,236629416020.0,1978.0
2022-06-22,8560.0,8600.0,8400.0,8530.0,8590.0,8570.0,15853007.0,135289655320.0,2691.0
2022-06-25,8500.0,8600.0,8400.0,8510.0,8530.0,8530.0,21802384.0,185645062210.0,2560.0
2022-06-26,8520.0,8520.0,8360.0,8460.0,8360.0,8510.0,12470712.0,105476681780.0,1369.0
2022-06-27,8320.0,8560.0,8300.0,8470.0,8500.0,8460.0,18307663.0,155027242030.0,1793.0
2022-06-28,8450.0,8610.0,8400.0,8490.0,8520.0,8470.0,40159299.0,341060388490.0,2587.0
2022-06-29,8400.0,8570.0,8360.0,8450.0,8540.0,8490.0,50776483.0,428973707900.0,2019.0
2022-07-02,8360.0,8500.0,8290.0,8430.0,8460.0,8450.0,23973619.0,201986276620.0,2290.0
2022-07-03,8310.0,8590.0,8310.0,8490.0,8430.0,8430.0,15140334.0,128506668450.0,1522.0
2022-07-04,8430.0,8520.0,8430.0,8480.0,8510.0,8490.0,27276974.0,231381836150.0,1641.0
2022-07-05,8480.0,8490.0,8460.0,8480.0,8470.0,8480.0,9588788.0,81269419730.0,643.0
2022-07-06,8370.0,8500.0,8320.0,8400.0,8360.0,8480.0,21066019.0,177042582120.0,916.0
2022-07-09,8330.0,8410.0,8270.0,8340.0,8290.0,8400.0,21337996.0,177920501250.0,1000.0
2022-07-11,8250.0,8370.0,7960.0,8230.0,8000.0,8340.0,24443200.0,201227945360.0,1719.0
2022-07-12,8080.0,8410.0,7970.0,8240.0,8270.0,8230.0,24794416.0,204343818410.0,1806.0
2022-07-13,8250.0,8350.0,8220.0,8270.0,8260.0,8240.0,11148568.0,92295713660.0,1356.0
2022-07-16,8230.0,8300.0,7950.0,8160.0,7990.0,8270.0,12073483.0,98188304740.0,1386.0
2022-07-17,7930.0,8180.0,7810.0,8140.0,8170.0,8160.0,35212132.0,286466088790.0,2609.0
2022-07-19,8170.0,8250.0,8090.0,8160.0,8170.0,8140.0,18431008.0,150444012190.0,1682.0
2022-07-20,8040.0,8220.0,8040.0,8170.0,8160.0,8160.0,20536824.0,167734352740.0,2343.0
2022-07-23,8060.0,8200.0,8060.0,8160.0,8200.0,8170.0,11142963.0,90962141120.0,1566.0
2022-07-24,8170.0,8250.0,8100.0,8190.0,8190.0,8160.0,14339423.0,117492331950.0,1515.0
2022-07-25,8190.0,8290.0,7970.0,8170.0,7980.0,8190.0,16785018.0,137170972670.0,1128.0
2022-07-26,8180.0,8270.0,8150.0,8220.0,8220.0,8170.0,24628383.0,202435695850.0,1920.0
2022-07-27,8250.0,8330.0,8190.0,8260.0,8240.0,8220.0,12366828.0,102253394830.0,1047.0
2022-07-30,8270.0,8350.0,8060.0,8260.0,8350.0,8260.0,23010408.0,190165686630.0,1774.0
2022-07-31,8280.0,8340.0,8160.0,8220.0,8180.0,8260.0,46711283.0,384068852500.0,1865.0
2022-08-01,8200.0,8320.0,8200.0,8270.0,8260.0,8220.0,15482043.0,128003367910.0,1168.0
2022-08-02,8270.0,8360.0,8250.0,8320.0,8320.0,8270.0,17147257.0,142743660770.0,1483.0
2022-08-03,8320.0,8440.0,8240.0,8370.0,8370.0,8320.0,18459761.0,154539539640.0,1805.0
2022-08-06,8390.0,8460.0,8300.0,8410.0,8420.0,8370.0,15920117.0,133967775810.0,1430.0
2022-08-09,8420.0,8500.0,8250.0,8400.0,8270.0,8410.0,18993218.0,159603228880.0,1379.0
2022-08-10,8390.0,8490.0,8280.0,8430.0,8310.0,8400.0,20080398.0,169220575380.0,1166.0
2022-08-13,8290.0,8600.0,8290.0,8470.0,8400.0,8430.0,19992339.0,169244484270.0,1427.0
2022-08-14,8400.0,8420.0,8250.0,8430.0,8270.0,8470.0,4287141.0,35674884910.0,662.0
2022-08-15,8240.0,8350.0,8180.0,8370.0,8190.0,8430.0,4218824.0,34660224880.0,892.0
2022-08-16,8180.0,8200.0,8080.0,8310.0,8100.0,8370.0,3408139.0,27664687480.0,825.0
2022-08-17,8020.0,8310.0,8000.0,8210.0,8090.0,8310.0,33835896.0,277924215860.0,1560.0
2022-08-20,8090.0,8100.0,7850.0,7990.0,7990.0,8210.0,13627532.0,108603798860.0,1121.0
2022-08-21,7990.0,8040.0,7710.0,7890.0,7800.0,7990.0,29654052.0,233949290880.0,1440.0
2022-08-22,7890.0,8000.0,7680.0,7860.0,7690.0,7890.0,32064283.0,252164191780.0,1686.0
2022-08-23,7860.0,7870.0,7680.0,7800.0,7770.0,7860.0,10060295.0,78200649000.0,1570.0
2022-08-24,7410.0,7900.0,7410.0,7790.0,7830.0,7800.0,121773250.0,948768432760.0,7455.0
2022-08-27,7880.0,7880.0,7660.0,7780.0,7670.0,7790.0,35930836.0,279524212820.0,3494.0
2022-08-28,7670.0,7790.0,7660.0,7770.0,7740.0,7780.0,30411451.0,236233537100.0,2767.0
2022-08-29,7680.0,7780.0,7640.0,7750.0,7770.0,7770.0,28257815.0,218976416380.0,3314.0
2022-08-30,7750.0,7760.0,7610.0,7740.0,7650.0,7750.0,27579408.0,213326841600.0,2165.0
2022-08-31,7720.0,7760.0,7610.0,7730.0,7710.0,7740.0,41940757.0,324328350530.0,2574.0
2022-09-03,7690.0,7740.0,7590.0,7720.0,7710.0,7730.0,28128341.0,217039823990.0,1623.0
2022-09-04,7730.0,7750.0,7630.0,7720.0,7730.0,7720.0,33655622.0,259681026850.0,1614.0
2022-09-05,7720.0,7740.0,7640.0,7700.0,7680.0,7720.0,22551009.0,173679293220.0,1438.0
2022-09-06,7700.0,7700.0,7530.0,7650.0,7540.0,7700.0,42489935.0,325087329660.0,1853.0
2022-09-07,7640.0,7670.0,7400.0,7600.0,7440.0,7650.0,41592014.0,316265137330.0,2512.0
2022-09-10,7400.0,7560.0,7310.0,7450.0,7340.0,7600.0,22691605.0,169100130590.0,1391.0
2022-09-11,7360.0,7450.0,7310.0,7380.0,7310.0,7450.0,20503314.0,151286917110.0,1112.0
2022-09-12,7310.0,7510.0,7220.0,7350.0,7380.0,7380.0,32865497.0,241483704190.0,1511.0
2022-09-13,7230.0,7410.0,7200.0,7300.0,7210.0,7350.0,26753074.0,195310940890.0,1922.0
2022-09-14,7200.0,7300.0,7090.0,7160.0,7110.0,7300.0,14689770.0,105019810940.0,1413.0
2022-09-18,7040.0,7250.0,7000.0,7120.0,7000.0,7160.0,19258196.0,137056294020.0,1520.0
2022-09-19,7010.0,7130.0,7010.0,7100.0,7090.0,7120.0,33318776.0,236431287160.0,1685.0
2022-09-20,7090.0,7110.0,6950.0,7050.0,6960.0,7100.0,28578901.0,201538862770.0,1281.0
2022-09-21,6940.0,7070.0,6820.0,6950.0,6860.0,7050.0,14553412.0,101000628130.0,1055.0
2022-09-24,6870.0,6940.0,6720.0,6800.0,6740.0,6950.0,15953999.0,108231780440.0,1065.0
2022-09-26,6830.0,6900.0,6730.0,6850.0,6870.0,6800.0,14499239.0,99404301650.0,1153.0
2022-09-28,6980.0,7000.0,6810.0,6860.0,6830.0,6850.0,11044821.0,75860852600.0,1037.0
2022-10-01,6990.0,7010.0,6850.0,6950.0,6900.0,6860.0,29489558.0,204983276500.0,1863.0
2022-10-02,6950.0,6970.0,6820.0,6910.0,6880.0,6950.0,30523551.0,211003942280.0,1271.0
2022-10-03,6910.0,6930.0,6850.0,6910.0,6870.0,6910.0,26590156.0,183636606850.0,1221.0
2022-10-04,6920.0,6930.0,6830.0,6900.0,6850.0,6910.0,17217222.0,118874549900.0,1081.0
2022-10-08,6870.0,6930.0,6800.0,6890.0,6900.0,6900.0,13442226.0,92648272830.0,1006.0
2022-10-09,6900.0,6910.0,6840.0,6880.0,6850.0,6890.0,12974497.0,89296267550.0,703.0
2022-10-10,6890.0,6910.0,6840.0,6880.0,6890.0,6880.0,18588702.0,127874375740.0,922.0
2022-10-11,6880.0,6950.0,6870.0,6890.0,6890.0,6880.0,8618136.0,59451640700.0,663.0
2022-10-12,6950.0,7050.0,6880.0,6930.0,6910.0,6890.0,11276274.0,78324100760.0,1016.0
2022-10-15,7020.0,7020.0,6850.0,6930.0,6940.0,6930.0,10386021.0,71898595080.0,908.0
2022-10-16,6990.0,6990.0,6830.0,6930.0,6930.0,6930.0,15228679.0,105502096950.0,976.0
2022-10-17,6930.0,7000.0,6850.0,6960.0,7000.0,6930.0,20533318.0,142821786630.0,1191.0
2022-10-23,6160.0,6330.0,6140.0,6180.0,6230.0,6460.0,23654495.0,146221811510.0,893.0
2022-10-24,6240.0,6240.0,6040.0,6110.0,6070.0,6180.0,19159538.0,117036683720.0,1313.0
2022-10-25,6110.0,6190.0,6050.0,6100.0,6110.0,6110.0,15415170.0,93953453810.0,1146.0
2022-10-26,6100.0,6110.0,5860.0,6050.0,5880.0,6100.0,12781013.0,77095638250.0,1048.0
2022-10-29,6110.0,6120.0,6060.0,6080.0,6110.0,6050.0,37682404.0,229261134000.0,1415.0
2022-10-30,6180.0,6260.0,6110.0,6170.0,6260.0,6080.0,22850883.0,140891860580.0,1163.0
2022-10-31,6460.0,6470.0,6300.0,6460.0,6470.0,6170.0,55751148.0,360118951120.0,1970.0
2022-11-01,6650.0,6650.0,6490.0,6570.0,6580.0,6460.0,43114396.0,283106898140.0,3005.0
2022-11-02,6590.0,6650.0,6500.0,6590.0,6600.0,6570.0,21925718.0,144501766340.0,1749.0
2022-11-05,6590.0,6910.0,6590.0,6780.0,6820.0,6590.0,31026711.0,210349305680.0,2271.0
2022-11-06,6850.0,6880.0,6780.0,6810.0,6820.0,6780.0,13549029.0,92399410980.0,1154.0
2022-11-07,6830.0,7140.0,6740.0,6970.0,7130.0,6810.0,27511719.0,191833246050.0,2675.0
2022-11-08,7190.0,7190.0,6960.0,7010.0,6970.0,6970.0,21550717.0,151134608170.0,1757.0
2022-11-09,7020.0,7050.0,6820.0,7000.0,7050.0,7010.0,20821408.0,145694546130.0,1403.0
2022-11-12,7050.0,7120.0,6990.0,7020.0,7020.0,7000.0,23310043.0,163716760560.0,1416.0
2022-11-13,6970.0,7050.0,6970.0,7000.0,7000.0,7020.0,25858533.0,181091200860.0,1092.0
2022-11-14,7000.0,7050.0,6830.0,6990.0,6990.0,7000.0,25191375.0,175983161650.0,988.0
2022-11-15,6990.0,7060.0,6990.0,7010.0,7020.0,6990.0,15762806.0,110593871870.0,789.0
2022-11-16,7030.0,7090.0,7010.0,7020.0,7030.0,7010.0,6528463.0,45859027010.0,616.0
2022-11-19,7020.0,7060.0,6980.0,7020.0,7020.0,7020.0,32870478.0,230764489000.0,1025.0
2022-11-20,7020.0,7100.0,7010.0,7030.0,7080.0,7020.0,10718308.0,75461794790.0,657.0
2022-11-21,7040.0,7100.0,7020.0,7040.0,7030.0,7030.0,19346106.0,136139538090.0,754.0
2022-11-22,7040.0,7080.0,7040.0,7040.0,7040.0,7040.0,12977732.0,91381299630.0,559.0
2022-11-23,7040.0,7060.0,7040.0,7040.0,7040.0,7040.0,18816936.0,132557365050.0,950.0
2022-11-26,7040.0,7080.0,7040.0,7040.0,7040.0,7040.0,10218645.0,71964214990.0,554.0
2022-11-27,7050.0,7090.0,7040.0,7050.0,7070.0,7040.0,8578823.0,60514833060.0,629.0
2022-11-28,7060.0,7100.0,7050.0,7050.0,7090.0,7050.0,7983853.0,56362021790.0,590.0
2022-12-03,7100.0,7100.0,7060.0,7080.0,7100.0,7050.0,24923929.0,176420590660.0,945.0
2022-12-04,7110.0,7230.0,7080.0,7140.0,7150.0,7080.0,23171902.0,165369532440.0,1203.0
2022-12-05,7150.0,7230.0,7150.0,7170.0,7170.0,7140.0,12648520.0,90839796100.0,739.0
2022-12-06,7180.0,7310.0,7170.0,7210.0,7260.0,7170.0,8323561.0,60440453160.0,988.0
2022-12-07,7230.0,7400.0,7230.0,7320.0,7340.0,7210.0,16351941.0,119758067960.0,1207.0
2022-12-11,7350.0,7450.0,7340.0,7340.0,7440.0,7320.0,7180829.0,52929159860.0,697.0
2022-12-12,7400.0,7460.0,7350.0,7390.0,7460.0,7340.0,9521258.0,70713531140.0,878.0
2022-12-13,7470.0,7750.0,7470.0,7740.0,7750.0,7390.0,62356392.0,482934784490.0,1838.0
2022-12-14,8120.0,8120.0,7910.0,8060.0,8030.0,7740.0,67885536.0,547295530270.0,2784.0
2022-12-17,8080.0,8200.0,8060.0,8100.0,8160.0,8060.0,25532562.0,206746400980.0,1771.0
2022-12-18,8140.0,8500.0,8140.0,8470.0,8500.0,8100.0,112185518.0,950322286330.0,3406.0
2022-12-19,8600.0,8890.0,8500.0,8800.0,8680.0,8470.0,146231918.0,1286217912760.0,5996.0
2022-12-20,8890.0,8900.0,8760.0,8800.0,8820.0,8800.0,96963694.0,853587319310.0,3062.0
2022-12-21,8820.0,8840.0,8800.0,8810.0,8820.0,8800.0,45440680.0,400178034380.0,1862.0
2022-12-24,9210.0,9210.0,8890.0,9060.0,9060.0,8810.0,29067342.0,263265668790.0,2486.0
2022-12-25,9200.0,9250.0,9060.0,9090.0,9090.0,9060.0,38298020.0,348261799810.0,2805.0
2022-12-26,9100.0,9140.0,9090.0,9100.0,9110.0,9090.0,47684531.0,433828441170.0,2216.0
2022-12-28,9240.0,9550.0,9220.0,9520.0,9550.0,9100.0,76029770.0,723512608590.0,4381.0
2022-12-31,9110.0,9550.0,9110.0,9310.0,9210.0,9520.0,68275127.0,635692583980.0,3755.0
2023-01-01,8980.0,9400.0,8850.0,8950.0,9000.0,9310.0,105746809.0,946423243650.0,4358.0
2023-01-02,9000.0,9220.0,8960.0,9090.0,9030.0,8950.0,48987560.0,445344364480.0,2370.0
2023-01-03,9090.0,9200.0,9050.0,9110.0,9130.0,9090.0,43112632.0,392680602000.0,2947.0
2023-01-04,9170.0,9200.0,8860.0,9080.0,9110.0,9110.0,31050661.0,282086572670.0,1622.0
2023-01-07,9060.0,9200.0,9000.0,9090.0,9090.0,9080.0,49883916.0,453455478770.0,2119.0
2023-01-08,9200.0,9340.0,9160.0,9220.0,9200.0,9090.0,18275348.0,168410984220.0,1657.0
2023-01-09,9220.0,9390.0,9220.0,9310.0,9330.0,9220.0,22310015.0,207606141090.0,1610.0
2023-01-10,9400.0,9500.0,9300.0,9330.0,9350.0,9310.0,34302358.0,320125627370.0,1926.0
2023-01-11,9340.0,9350.0,9270.0,9320.0,9330.0,9330.0,77264916.0,720491656740.0,2060.0
2023-01-14,9240.0,9360.0,8960.0,9240.0,9350.0,9320.0,21957271.0,202871392500.0,1518.0
2023-01-16,9370.0,9450.0,9250.0,9350.0,9430.0,9240.0,31010129.0,290054975470.0,1948.0
2023-01-17,9490.0,9490.0,9300.0,9360.0,9300.0,9350.0,26972252.0,252391869470.0,1687.0
2023-01-18,9200.0,9430.0,9100.0,9350.0,9430.0,9360.0,65274901.0,610039165730.0,2090.0
2023-01-21,9220.0,9420.0,9090.0,9310.0,9420.0,9350.0,46080253.0,428852633320.0,2308.0
2023-01-22,9220.0,9500.0,9220.0,9360.0,9400.0,9310.0,21591941.0,202170746810.0,1506.0
2023-01-23,9380.0,9420.0,9360.0,9390.0,9410.0,9360.0,29230289.0,274464259860.0,1477.0
2023-01-24,9420.0,9440.0,9310.0,9390.0,9420.0,9390.0,13597141.0,127737968290.0,1078.0
2023-01-25,9390.0,9430.0,9290.0,9340.0,9420.0,9390.0,53336167.0,498111756340.0,1929.0
2023-01-28,9310.0,9400.0,9260.0,9350.0,9380.0,9340.0,29161027.0,272544282780.0,1506.0
2023-01-29,9350.0,9350.0,9150.0,9230.0,9270.0,9350.0,51700573.0,476957356860.0,2449.0
2023-01-30,9120.0,9510.0,9120.0,9280.0,9380.0,9230.0,48549701.0,450583088250.0,3895.0
2023-01-31,9400.0,9400.0,9250.0,9300.0,9270.0,9280.0,25535820.0,237535165670.0,1218.0
2023-02-01,9300.0,9450.0,9240.0,9290.0,9300.0,9300.0,19289158.0,179279625800.0,1556.0
2023-02-06,9300.0,9300.0,9200.0,9270.0,9220.0,9290.0,4642533.0,42918748080.0,502.0
2023-02-07,9180.0,9410.0,9140.0,9230.0,9190.0,9270.0,27662757.0,255460830820.0,2433.0
2023-02-08,9250.0,9330.0,9020.0,9140.0,9030.0,9230.0,20729334.0,189492749770.0,2067.0
2023-02-12,8910.0,9210.0,8810.0,9010.0,9010.0,9140.0,54635149.0,492404067430.0,2890.0
2023-02-13,9010.0,9150.0,8860.0,8990.0,9010.0,9010.0,25992232.0,233585610260.0,1707.0
2023-02-14,8850.0,9000.0,8770.0,8840.0,8820.0,8990.0,19226237.0,169893755300.0,1387.0
2023-02-15,8750.0,9000.0,8640.0,8750.0,8770.0,8840.0,21284828.0,186235130000.0,2002.0
2023-02-19,8750.0,8780.0,8660.0,8730.0,8660.0,8750.0,10625147.0,92638935930.0,960.0
2023-02-20,8730.0,9160.0,8730.0,9100.0,9160.0,8730.0,34174930.0,310931394420.0,1711.0
2023-02-21,9460.0,9550.0,9310.0,9530.0,9510.0,9100.0,48939231.0,466516883740.0,2687.0
2023-02-22,9600.0,9600.0,9220.0,9400.0,9440.0,9530.0,35279233.0,331448724330.0,2750.0
2023-02-25,9680.0,9870.0,9610.0,9870.0,9870.0,9400.0,72772268.0,718009570890.0,2138.0
2023-02-26,10360.0,10360.0,10200.0,10360.0,10360.0,9870.0,196844363.0,2038611073860.0,5166.0
2023-02-27,10360.0,10870.0,10100.0,10610.0,10600.0,10360.0,39836509.0,422576391590.0,3659.0
2023-02-28,10750.0,10930.0,10330.0,10760.0,10840.0,10610.0,26467318.0,284770613790.0,2621.0
2023-03-01,10950.0,10950.0,10550.0,10690.0,10620.0,10760.0,80100539.0,856365703840.0,4300.0
2023-03-04,10620.0,10690.0,10360.0,10490.0,10360.0,10690.0,34740644.0,364554729080.0,2426.0
2023-03-05,10370.0,10530.0,10330.0,10420.0,10360.0,10490.0,42741352.0,445414557980.0,2637.0
2023-03-06,10360.0,10460.0,10250.0,10390.0,10450.0,10420.0,27033566.0,281004626720.0,1316.0
2023-03-07,10450.0,10540.0,10350.0,10460.0,10520.0,10390.0,28046954.0,293252150180.0,1828.0
2023-03-11,10510.0,10600.0,10300.0,10400.0,10340.0,10460.0,32782889.0,341026290280.0,2260.0
2023-03-12,10170.0,10320.0,9890.0,10230.0,10180.0,10400.0,37582181.0,384590124430.0,1863.0
2023-03-13,10180.0,10250.0,10180.0,10230.0,10230.0,10230.0,64497633.0,659734339200.0,1903.0
2023-03-14,10230.0,10250.0,10130.0,10190.0,10130.0,10230.0,62604233.0,638031639940.0,3179.0
2023-03-15,10180.0,10540.0,10140.0,10260.0,10540.0,10190.0,72663599.0,745520854750.0,2826.0
2023-03-18,10400.0,10770.0,10400.0,10750.0,10770.0,10260.0,74638616.0,802686959490.0,2219.0
2023-03-19,11100.0,11280.0,10770.0,11000.0,10880.0,10750.0,35725348.0,393046461610.0,2311.0
2023-03-25,11280.0,11550.0,10910.0,11380.0,11550.0,11000.0,22653276.0,257758603050.0,2246.0
2023-03-26,11890.0,11940.0,11420.0,11800.0,11750.0,11380.0,24695428.0,291291127290.0,3116.0
2023-03-29,12390.0,12390.0,12390.0,12390.0,12390.0,11800.0,144867438.0,1794907556820.0,4482.0
2023-04-03,12450.0,13000.0,12000.0,12840.0,13000.0,12390.0,91712345.0,1177170701840.0,5802.0
2023-04-04,13400.0,13480.0,13190.0,13470.0,13470.0,12840.0,103657607.0,1396063380430.0,6810.0
2023-04-05,13890.0,13900.0,13200.0,13760.0,13630.0,13470.0,38062207.0,523879881730.0,4294.0
2023-04-08,13730.0,13950.0,13410.0,13710.0,13480.0,13760.0,99215353.0,1360063855020.0,11281.0
2023-04-09,13680.0,13710.0,13200.0,13410.0,13290.0,13710.0,49873300.0,668848484370.0,8082.0
2023-04-10,13370.0,13410.0,12960.0,13140.0,13100.0,13410.0,71595691.0,940802909840.0,6968.0
2023-04-11,13000.0,13140.0,12790.0,12930.0,13020.0,13140.0,62821526.0,812509948730.0,5585.0
2023-04-15,13100.0,13400.0,13020.0,13160.0,13110.0,12930.0,48112326.0,633235030460.0,4198.0
2023-04-16,13250.0,13340.0,13040.0,13100.0,13090.0,13160.0,23294320.0,305241266340.0,3298.0
2023-04-17,13100.0,13110.0,12800.0,13000.0,13010.0,13100.0,44211254.0,574880279510.0,3972.0
2023-04-18,13150.0,13310.0,12920.0,13050.0,13020.0,13000.0,41748918.0,544788902820.0,3711.0
2023-04-19,13100.0,13100.0,12930.0,12970.0,12970.0,13050.0,27709219.0,359518005150.0,2864.0
2023-04-24,12960.0,13020.0,12680.0,12880.0,12830.0,12970.0,17155549.0,220941588130.0,2812.0
2023-04-25,12970.0,13270.0,12860.0,13090.0,13010.0,12880.0,24849559.0,325285271470.0,2945.0
2023-04-26,13010.0,13130.0,12930.0,13080.0,13090.0,13090.0,18213108.0,238143308890.0,2094.0
2023-04-29,13150.0,13730.0,13150.0,13700.0,13730.0,13080.0,75992364.0,1040979030940.0,4085.0
2023-05-01,14010.0,14010.0,13740.0,13860.0,13880.0,13700.0,39845385.0,552123897520.0,3550.0
2023-05-02,13990.0,14300.0,13900.0,14110.0,14190.0,13860.0,46035363.0,649389035240.0,4204.0
2023-05-03,14400.0,14400.0,13860.0,13970.0,13990.0,14110.0,42984524.0,600424637650.0,3806.0
2023-05-06,14090.0,14110.0,13920.0,14030.0,14110.0,13970.0,59071012.0,828723094960.0,3665.0
2023-05-07,14010.0,14010.0,13410.0,13710.0,13410.0,14030.0,110744280.0,1518717620330.0,5926.0
2023-05-08,13300.0,13330.0,13030.0,13080.0,13030.0,13710.0,53684588.0,702408931280.0,3465.0
2023-05-09,12700.0,13500.0,12680.0,13120.0,13370.0,13080.0,21959265.0,288014427910.0,2864.0
2023-05-10,13300.0,13650.0,13090.0,13170.0,13180.0,13120.0,29929325.0,394235879450.0,2604.0
2023-05-13,13170.0,13400.0,12950.0,13090.0,13230.0,13170.0,29441108.0,385275955620.0,3144.0
2023-05-14,13070.0,13690.0,13070.0,13450.0,13670.0,13090.0,12228465.0,164530246220.0,2072.0
2023-05-15,13690.0,13700.0,13350.0,13440.0,13440.0,13450.0,20674725.0,277891147550.0,2128.0
2023-05-17,13440.0,13620.0,13300.0,13400.0,13600.0,13440.0,22834043.0,305949944370.0,2502.0
2023-05-20,13650.0,13650.0,13320.0,13390.0,13400.0,13400.0,14907179.0,199617097550.0,1564.0
2023-05-21,13390.0,13610.0,13070.0,13450.0,13550.0,13390.0,17953829.0,241404962570.0,1815.0
2023-05-22,13750.0,13750.0,13390.0,13430.0,13390.0,13450.0,12457721.0,167318417150.0,1265.0
2023-05-23,13200.0,13500.0,13200.0,13380.0,13450.0,13430.0,19685657.0,263428912100.0,1964.0
2023-05-24,13650.0,13790.0,13360.0,13440.0,13380.0,13380.0,10682840.0,143539448410.0,1327.0
2023-05-27,13440.0,13550.0,13300.0,13380.0,13300.0,13440.0,26208911.0,350584025060.0,1607.0
2023-05-28,13380.0,13930.0,13260.0,13450.0,13700.0,13380.0,31251792.0,420378325480.0,2227.0
2023-05-29,13700.0,14020.0,13410.0,13830.0,13900.0,13450.0,14804584.0,204732240720.0,1756.0
2023-05-30,13890.0,14190.0,13820.0,13970.0,14030.0,13830.0,24743058.0,345776745950.0,1980.0
2023-05-31,13960.0,14170.0,13930.0,14040.0,14050.0,13970.0,19060298.0,267629766620.0,1802.0
2023-06-03,14050.0,14120.0,14030.0,14060.0,14060.0,14040.0,11550197.0,162390745830.0,1090.0
2023-06-06,14070.0,14180.0,14040.0,14060.0,14060.0,14060.0,13809042.0,194087534250.0,1143.0
2023-06-07,14110.0,14110.0,13970.0,14030.0,13980.0,14060.0,6189764.0,86780838920.0,481.0
2023-06-10,13940.0,13950.0,13700.0,13810.0,13900.0,14030.0,27289969.0,376997909370.0,1680.0
2023-06-11,13810.0,14080.0,13800.0,13980.0,14020.0,13810.0,28454358.0,397746718380.0,2010.0
2023-06-12,14000.0,14000.0,13750.0,13880.0,13750.0,13980.0,53261659.0,739205791910.0,2432.0
2023-06-13,13880.0,14010.0,13830.0,13940.0,13930.0,13880.0,33207293.0,462757043880.0,1554.0
2023-06-14,13590.0,13990.0,13590.0,13940.0,13940.0,13940.0,7970205.0,111070425030.0,974.0
2023-06-17,13610.0,14020.0,13610.0,13960.0,14000.0,13940.0,15054016.0,210121109700.0,1429.0
2023-06-18,14000.0,14000.0,13880.0,13930.0,13880.0,13960.0,27924431.0,388956504280.0,1396.0
2023-06-19,14000.0,14040.0,13870.0,13940.0,13960.0,13930.0,14858218.0,207055197360.0,948.0
2023-06-20,13920.0,14030.0,13910.0,13960.0,13940.0,13940.0,15054062.0,210085684440.0,957.0
2023-06-21,14000.0,14000.0,13780.0,13880.0,13960.0,13960.0,11215996.0,155718272690.0,1093.0
2023-06-24,13730.0,13950.0,13670.0,13760.0,13880.0,13880.0,10332189.0,142131172280.0,1022.0
2023-06-25,13960.0,13960.0,13770.0,13780.0,13780.0,13760.0,6825893.0,94113186150.0,778.0
2023-06-26,13680.0,13790.0,13620.0,13720.0,13790.0,13780.0,7187136.0,98539871410.0,842.0
2023-06-27,13770.0,13770.0,13330.0,13520.0,13340.0,13720.0,18760583.0,253720592450.0,1231.0
2023-06-28,13160.0,13560.0,13160.0,13440.0,13430.0,13520.0,27310164.0,366964033420.0,1218.0
2023-07-01,13310.0,13510.0,13190.0,13430.0,13450.0,13440.0,27117159.0,364074181740.0,1297.0
2023-07-02,13360.0,13500.0,13360.0,13420.0,13400.0,13430.0,14927878.0,200398831120.0,934.0
2023-07-03,13540.0,13830.0,13500.0,13640.0,13650.0,13420.0,9765958.0,133200818520.0,905.0
2023-07-04,13640.0,13720.0,13590.0,13650.0,13720.0,13640.0,14888795.0,203214915370.0,1089.0
2023-07-05,13650.0,13700.0,13630.0,13650.0,13660.0,13650.0,6280066.0,85709512780.0,615.0
2023-07-08,13660.0,13790.0,13270.0,13480.0,13700.0,13650.0,17434199.0,235041945140.0,1206.0
2023-07-09,13460.0,13460.0,13100.0,13280.0,13300.0,13480.0,79154259.0,1050938880590.0,3648.0
2023-07-10,13000.0,13330.0,13000.0,13270.0,13290.0,13280.0,49121400.0,651665648210.0,2036.0
2023-07-11,13250.0,13410.0,13100.0,13240.0,13130.0,13270.0,48400478.0,640847969990.0,2202.0
2023-07-12,13000.0,13250.0,12720.0,12940.0,12740.0,13240.0,47579409.0,615544203580.0,2488.0
2023-07-15,12740.0,13050.0,12600.0,12840.0,12820.0,12940.0,50382353.0,647160004180.0,3091.0
2023-07-16,12890.0,12890.0,12340.0,12510.0,12510.0,12840.0,41044172.0,513391583410.0,1873.0
2023-07-17,12510.0,12580.0,11890.0,12000.0,12000.0,12510.0,40018256.0,480133756150.0,2303.0
2023-07-18,11900.0,12140.0,11900.0,12020.0,12050.0,12000.0,21791592.0,261931639430.0,2121.0
2023-07-19,12080.0,12280.0,11820.0,12050.0,12140.0,12020.0,28499660.0,343442432710.0,2374.0
2023-07-22,12090.0,12120.0,11610.0,11860.0,11730.0,12050.0,15881184.0,188396810130.0,1310.0
2023-07-23,11750.0,11850.0,11610.0,11710.0,11720.0,11860.0,7753247.0,90484246580.0,751.0
2023-07-24,11570.0,11990.0,11570.0,11770.0,11800.0,11710.0,10373573.0,122133875650.0,1141.0
2023-07-25,11700.0,11960.0,11700.0,11890.0,11900.0,11770.0,7998693.0,95343817440.0,971.0
2023-07-26,11890.0,12030.0,11710.0,11880.0,11750.0,11890.0,8237910.0,97800079750.0,1036.0
2023-07-29,12000.0,12010.0,11730.0,11890.0,11750.0,11880.0,7867695.0,93584493030.0,849.0
2023-07-30,11750.0,12010.0,11580.0,11760.0,11600.0,11890.0,15251981.0,179402084530.0,1516.0
2023-07-31,11800.0,11900.0,11680.0,11780.0,11710.0,11760.0,8372505.0,98655603790.0,1076.0
2023-08-01,11790.0,11880.0,11720.0,11800.0,11800.0,11780.0,6507140.0,76867478050.0,895.0
2023-08-05,11890.0,11990.0,11790.0,11840.0,11850.0,11800.0,8205980.0,97199025340.0,1111.0
2023-08-06,11950.0,12000.0,11760.0,11890.0,11960.0,11840.0,12954661.0,154021604860.0,872.0
2023-08-07,12000.0,12100.0,11780.0,11980.0,12070.0,11890.0,12118482.0,145123387280.0,924.0
2023-08-08,12050.0,12420.0,11820.0,11940.0,11830.0,11980.0,8695620.0,103775448490.0,797.0
2023-08-09,12000.0,12520.0,11890.0,12120.0,12180.0,11940.0,9961793.0,120728202030.0,991.0
2023-08-12,11920.0,12100.0,11820.0,11870.0,11830.0,12120.0,11697275.0,138902362360.0,899.0
2023-08-13,11800.0,11920.0,11730.0,11850.0,11900.0,11870.0,9084357.0,107610086370.0,662.0
2023-08-14,11900.0,11940.0,11800.0,11850.0,11880.0,11850.0,4361610.0,51702994020.0,608.0
2023-08-15,11800.0,11880.0,11720.0,11820.0,11850.0,11850.0,6006946.0,70894925910.0,487.0
2023-08-16,11730.0,11850.0,11720.0,11820.0,11820.0,11820.0,5036338.0,59536983890.0,467.0
2023-08-19,11970.0,11970.0,11680.0,11810.0,11780.0,11820.0,9549982.0,112744296620.0,647.0
2023-08-20,11770.0,11810.0,11650.0,11770.0,11800.0,11810.0,5244995.0,61569679900.0,598.0
2023-08-21,11660.0,11800.0,11660.0,11760.0,11770.0,11770.0,6831621.0,80314467700.0,541.0
2023-08-22,11700.0,11780.0,11510.0,11700.0,11700.0,11760.0,22309937.0,261106084180.0,1110.0
2023-08-23,11420.0,11640.0,11390.0,11520.0,11480.0,11700.0,8549216.0,98190259340.0,1252.0
2023-08-26,11460.0,11760.0,11410.0,11580.0,11640.0,11520.0,8429129.0,97754703340.0,1350.0
2023-08-27,11770.0,12000.0,11630.0,11770.0,11860.0,11580.0,8644847.0,102042865060.0,1266.0
2023-08-28,11940.0,12350.0,11710.0,12080.0,11970.0,11770.0,24180034.0,292060416020.0,2098.0
2023-08-29,12080.0,12300.0,11880.0,12000.0,11900.0,12080.0,12548670.0,150556422150.0,1288.0
2023-08-30,11900.0,12240.0,11900.0,12050.0,11960.0,12000.0,24293983.0,292778599580.0,1479.0
2023-09-02,12130.0,12280.0,11940.0,12050.0,11970.0,12050.0,16386882.0,197448624250.0,1318.0
2023-09-03,11980.0,11980.0,11850.0,11920.0,11890.0,12050.0,12062800.0,143732218820.0,1134.0
2023-09-04,11890.0,12000.0,11890.0,11940.0,11900.0,11920.0,13116325.0,156624735800.0,1140.0
2023-09-05,12120.0,12130.0,11930.0,12010.0,11950.0,11940.0,16368962.0,196570226740.0,1352.0
2023-09-09,11950.0,12000.0,11830.0,11910.0,11900.0,12010.0,9992816.0,119062177280.0,833.0
2023-09-10,11830.0,11920.0,11830.0,11890.0,11840.0,11910.0,11355209.0,134962113480.0,763.0
2023-09-11,11820.0,12000.0,11810.0,11890.0,11840.0,11890.0,15855808.0,188474593850.0,1023.0
2023-09-12,11980.0,12000.0,11800.0,11880.0,11810.0,11890.0,11499841.0,136623797890.0,724.0
2023-09-13,11820.0,12000.0,11770.0,11840.0,11790.0,11880.0,12765862.0,151157669600.0,923.0
2023-09-17,11900.0,11950.0,11690.0,11750.0,11840.0,11840.0,16518728.0,194100004860.0,1702.0
2023-09-20,11550.0,11900.0,11550.0,11790.0,11800.0,11750.0,24884738.0,293470172340.0,808.0
2023-09-23,11800.0,11820.0,11650.0,11740.0,11770.0,11790.0,12429388.0,145925861490.0,944.0
2023-09-25,0.0,11770.0,11620.0,11690.0,11700.0,11740.0,22106064.0,258334488440.0,981.0
2023-09-26,11690.0,11740.0,11680.0,11690.0,11680.0,11690.0,4976542.0,58170721960.0,500.0
2023-09-27,11640.0,11780.0,11610.0,11670.0,11650.0,11690.0,9260126.0,108036503420.0,741.0
2023-09-30,11640.0,11800.0,11550.0,11720.0,11710.0,11670.0,13491824.0,158060830330.0,1023.0
2023-10-01,11800.0,11800.0,11680.0,11700.0,11710.0,11720.0,8338838.0,97574541320.0,683.0
2023-10-02,11580.0,11730.0,11520.0,11670.0,11680.0,11700.0,14626113.0,170746521620.0,859.0
2023-10-04,11680.0,11740.0,11630.0,11660.0,11630.0,11670.0,13496619.0,157382086740.0,757.0
2023-10-07,11660.0,11700.0,11580.0,11620.0,11580.0,11660.0,10643384.0,123720997420.0,675.0
2023-10-08,11550.0,11600.0,11300.0,11440.0,11330.0,11620.0,7953419.0,90593874040.0,967.0
2023-10-09,11290.0,11950.0,11180.0,11530.0,11590.0,11440.0,10963248.0,126420730470.0,883.0
2023-10-10,11380.0,11680.0,11310.0,11500.0,11470.0,11530.0,5968320.0,68509101300.0,719.0
2023-10-11,11590.0,11610.0,11450.0,11490.0,11610.0,11500.0,7230693.0,83057421540.0,789.0
2023-10-14,11800.0,11800.0,11300.0,11470.0,11480.0,11490.0,13039903.0,149527847650.0,908.0
2023-10-15,11570.0,11580.0,11400.0,11490.0,11500.0,11470.0,11104056.0,127567515490.0,821.0
2023-10-16,11490.0,11610.0,11450.0,11500.0,11520.0,11490.0,10532283.0,121141807280.0,940.0
2023-10-17,11500.0,11740.0,11480.0,11530.0,11520.0,11500.0,9229305.0,106466953230.0,806.0
2023-10-18,11500.0,11590.0,11480.0,11520.0,11540.0,11530.0,9962030.0,114777873110.0,815.0
2023-10-25,10870.0,10900.0,10820.0,10830.0,10830.0,10820.0,2605467.0,28274798680.0,293.0
2023-10-28,10820.0,10830.0,10600.0,10660.0,10600.0,10830.0,14487789.0,154399194070.0,1087.0
2023-10-29,10650.0,10690.0,10620.0,10660.0,10670.0,10660.0,6175759.0,65843806780.0,635.0
2023-10-30,10670.0,10740.0,10630.0,10660.0,10680.0,10660.0,7103794.0,75751729860.0,674.0
2023-10-31,10690.0,10750.0,10660.0,10660.0,10670.0,10660.0,4626194.0,49360157520.0,430.0
2023-11-01,10660.0,10690.0,10330.0,10640.0,10690.0,10660.0,6706728.0,71237262520.0,702.0
2023-11-04,10690.0,10920.0,10620.0,10650.0,10680.0,10640.0,6154330.0,65596653280.0,681.0
2023-11-05,10660.0,10850.0,10620.0,10700.0,10760.0,10650.0,8359288.0,89624913240.0,719.0
2023-11-06,10760.0,10850.0,10670.0,10710.0,10720.0,10700.0,9579965.0,102600087100.0,723.0
2023-11-07,10720.0,10840.0,10650.0,10750.0,10770.0,10710.0,7196908.0,77484389200.0,774.0
2023-11-08,10780.0,10860.0,10660.0,10730.0,10760.0,10750.0,10148339.0,108870543420.0,789.0
2023-11-11,10800.0,10800.0,10620.0,10710.0,10740.0,10730.0,5390872.0,57567045100.0,650.0
2023-11-12,10630.0,10750.0,10620.0,10700.0,10630.0,10710.0,4509474.0,48145982820.0,555.0
2023-11-13,10630.0,10800.0,10570.0,10700.0,10690.0,10700.0,7086428.0,75835518940.0,726.0
2023-11-14,10690.0,10700.0,10600.0,10680.0,10630.0,10700.0,5581467.0,59442291560.0,400.0
2023-11-15,10650.0,10690.0,10490.0,10590.0,10570.0,10680.0,8073635.0,85264769340.0,900.0
2023-11-18,10580.0,10650.0,10380.0,10500.0,10380.0,10590.0,8438884.0,88402486380.0,973.0
2023-11-19,10390.0,10490.0,10320.0,10410.0,10350.0,10500.0,10078929.0,104767286860.0,1054.0
2023-11-20,10430.0,10480.0,10200.0,10330.0,10210.0,10410.0,10714640.0,110669232780.0,1488.0
2023-11-21,10320.0,10450.0,10270.0,10330.0,10370.0,10330.0,13262327.0,136958803210.0,1432.0
2023-11-22,10450.0,10500.0,10300.0,10350.0,10400.0,10330.0,4535048.0,47026267960.0,647.0
2023-11-25,10350.0,10460.0,10300.0,10340.0,10380.0,10350.0,7863155.0,81316973770.0,693.0
2023-11-26,10430.0,10430.0,10300.0,10340.0,10350.0,10340.0,8675909.0,89757183810.0,1072.0
2023-11-27,10420.0,10430.0,10300.0,10340.0,10370.0,10340.0,8242447.0,85252150460.0,938.0
2023-11-28,10280.0,10530.0,10220.0,10400.0,10440.0,10340.0,9456555.0,98433359740.0,1154.0
2023-11-29,10560.0,10600.0,10370.0,10420.0,10580.0,10400.0,8398866.0,87602701260.0,920.0
2023-12-02,10590.0,10590.0,10460.0,10480.0,10480.0,10420.0,6995027.0,73574612930.0,983.0
2023-12-03,10460.0,10800.0,10370.0,10540.0,10800.0,10480.0,10993383.0,115844467030.0,1117.0
2023-12-04,10840.0,10990.0,10590.0,10860.0,10890.0,10540.0,36867856.0,400542506300.0,1853.0
2023-12-05,10820.0,11250.0,10820.0,11040.0,11060.0,10860.0,13037815.0,143887447410.0,1413.0
2023-12-06,11200.0,11200.0,10870.0,11070.0,11070.0,11040.0,14000167.0,154957328010.0,963.0
2023-12-09,11050.0,11120.0,10950.0,11030.0,10960.0,11070.0,12567142.0,138615777680.0,866.0
2023-12-10,10860.0,11140.0,10860.0,11030.0,11050.0,11030.0,8998315.0,99256842890.0,745.0
2023-12-11,10930.0,11150.0,10930.0,11060.0,11040.0,11030.0,17048780.0,188538670790.0,920.0
2023-12-12,10960.0,11160.0,10930.0,11040.0,11030.0,11060.0,13573548.0,149903539230.0,843.0
2023-12-13,10940.0,11090.0,10930.0,11040.0,11070.0,11040.0,6512862.0,71892203430.0,511.0
2023-12-16,10900.0,11180.0,10900.0,11130.0,11180.0,11040.0,11077386.0,123258604220.0,838.0
2023-12-18,11070.0,11430.0,11010.0,11320.0,11410.0,11130.0,19730990.0,223262996010.0,1319.0
2023-12-19,11440.0,11460.0,11240.0,11350.0,11270.0,11320.0,24626777.0,279512917840.0,1160.0
2023-12-20,11400.0,11610.0,11100.0,11390.0,11310.0,11350.0,11887978.0,135349841820.0,767.0
2023-12-23,11310.0,11440.0,11230.0,11410.0,11390.0,11390.0,14604897.0,166607585340.0,820.0
2023-12-24,11450.0,11450.0,11270.0,11340.0,11280.0,11410.0,17969995.0,203852069150.0,1223.0
2023-12-25,11130.0,11400.0,11130.0,11310.0,11240.0,11340.0,12919308.0,146064309380.0,759.0
2023-12-26,11240.0,11400.0,11200.0,11250.0,11210.0,11310.0,13907384.0,156466802390.0,715.0
2023-12-27,11080.0,11450.0,11080.0,11240.0,11300.0,11250.0,19262392.0,216460883350.0,1312.0
2023-12-30,11300.0,11310.0,11200.0,11250.0,11230.0,11240.0,14930537.0,167925361040.0,883.0
2023-12-31,11200.0,11260.0,11180.0,11230.0,11220.0,11250.0,8016834.0,90001841990.0,772.0
2024-01-01,11250.0,11250.0,11120.0,11200.0,11170.0,11230.0,7485192.0,83696527000.0,766.0
2024-01-02,11190.0,11230.0,11030.0,11150.0,11130.0,11200.0,11438663.0,127508772490.0,729.0
2024-01-03,11140.0,11250.0,11000.0,11130.0,11150.0,11150.0,16511431.0,183792262960.0,943.0
2024-01-06,11140.0,11150.0,11040.0,11120.0,11130.0,11130.0,8596742.0,95558832520.0,736.0
2024-01-07,11110.0,11180.0,11010.0,11110.0,11100.0,11120.0,11825301.0,131366713680.0,835.0
2024-01-08,11230.0,11230.0,11020.0,11110.0,11080.0,11110.0,4647832.0,51602435640.0,381.0
2024-01-09,11020.0,11180.0,11000.0,11110.0,11130.0,11110.0,9287665.0,103187391830.0,846.0
2024-01-10,11050.0,11330.0,11050.0,11130.0,11160.0,11110.0,13849433.0,154169021600.0,1203.0
2024-01-13,11130.0,11250.0,11000.0,11160.0,11170.0,11130.0,9703716.0,108332956550.0,1055.0
2024-01-14,11040.0,11330.0,11040.0,11270.0,11310.0,11160.0,17877409.0,201484753670.0,1025.0
2024-01-15,11300.0,11300.0,11170.0,11250.0,11250.0,11270.0,15331277.0,172508395080.0,747.0
2024-01-16,11250.0,11280.0,11060.0,11250.0,11280.0,11250.0,12202682.0,137312396050.0,733.0
2024-01-17,11300.0,11300.0,11230.0,11260.0,11270.0,11250.0,12005013.0,135140306180.0,607.0
2024-01-20,11220.0,11300.0,11210.0,11240.0,11250.0,11260.0,14477870.0,162790167430.0,808.0
2024-01-21,11190.0,11280.0,11110.0,11240.0,11250.0,11240.0,8354183.0,93938449790.0,659.0
2024-01-22,11250.0,11250.0,11140.0,11230.0,11240.0,11240.0,11566054.0,129857490320.0,672.0
2024-01-23,11190.0,11240.0,11190.0,11210.0,11210.0,11230.0,20604191.0,230933689460.0,910.0
2024-01-24,11210.0,11240.0,11190.0,11210.0,11230.0,11210.0,8449425.0,94704414000.0,743.0
2024-01-27,11220.0,11270.0,11200.0,11220.0,11220.0,11210.0,12544947.0,140736461180.0,669.0
2024-01-28,11150.0,11230.0,11100.0,11210.0,11230.0,11220.0,15223050.0,170621877100.0,861.0
2024-01-29,11250.0,11250.0,11170.0,11210.0,11210.0,11210.0,9444335.0,105868889580.0,535.0
2024-01-30,11200.0,11220.0,11180.0,11200.0,11220.0,11210.0,12072152.0,135202244390.0,783.0
2024-01-31,11170.0,11270.0,11160.0,11180.0,11200.0,11200.0,15096829.0,168827211440.0,864.0
2024-02-03,11060.0,11280.0,11060.0,11180.0,11200.0,11180.0,15041168.0,168164420000.0,1037.0
2024-02-04,11100.0,11280.0,11100.0,11160.0,11190.0,11180.0,33722987.0,376247552650.0,1181.0
2024-02-05,11070.0,11200.0,11070.0,11130.0,11180.0,11160.0,14087431.0,156772132670.0,748.0
2024-02-06,11190.0,11190.0,11130.0,11140.0,11150.0,11130.0,17326791.0,192983036870.0,732.0
2024-02-07,11140.0,11210.0,11070.0,11170.0,11170.0,11140.0,10845083.0,121134343290.0,681.0
2024-02-10,11250.0,11250.0,11150.0,11170.0,11180.0,11170.0,7920309.0,88445841130.0,634.0
2024-02-12,11080.0,11190.0,11080.0,11160.0,11170.0,11170.0,5952203.0,66418918690.0,594.0
2024-02-13,11350.0,11350.0,11240.0,11290.0,11240.0,11160.0,15141753.0,170894577240.0,961.0
2024-02-14,11240.0,11330.0,11190.0,11260.0,11290.0,11290.0,9066920.0,102068768740.0,772.0
2024-02-17,11300.0,11300.0,11070.0,11190.0,11180.0,11260.0,7853600.0,87643136640.0,851.0
2024-02-18,11190.0,11260.0,11130.0,11200.0,11200.0,11190.0,6160585.0,69065994770.0,533.0
2024-02-19,11210.0,11300.0,11120.0,11200.0,11210.0,11200.0,11547809.0,129380803740.0,1136.0
2024-02-20,11120.0,11280.0,11120.0,11200.0,11200.0,11200.0,3919290.0,43927150970.0,798.0
2024-02-21,11200.0,11270.0,11130.0,11190.0,11220.0,11200.0,5291772.0,59193421580.0,727.0
2024-02-24,11240.0,11280.0,11100.0,11190.0,11190.0,11190.0,5745648.0,64264949090.0,551.0
2024-02-26,11090.0,11220.0,11090.0,11170.0,11200.0,11190.0,6351977.0,70896278980.0,702.0
2024-02-27,11140.0,11200.0,11110.0,11160.0,11200.0,11170.0,13241933.0,147794947810.0,851.0
2024-02-28,11150.0,11270.0,11100.0,11170.0,11160.0,11160.0,9833780.0,109801904870.0,678.0
2024-03-02,11200.0,11290.0,11080.0,11190.0,11270.0,11170.0,12388360.0,138644809710.0,1010.0
2024-03-03,11290.0,11590.0,11210.0,11330.0,11300.0,11190.0,8510487.0,96747154000.0,887.0
2024-03-04,11290.0,11400.0,11130.0,11310.0,11280.0,11330.0,7897295.0,89227154870.0,647.0
2024-03-05,11280.0,11490.0,11280.0,11390.0,11430.0,11310.0,9420458.0,107353721230.0,795.0
2024-03-06,11180.0,11470.0,11180.0,11390.0,11370.0,11390.0,6151779.0,70031368400.0,501.0
2024-03-09,11360.0,11410.0,11300.0,11380.0,11390.0,11390.0,7936752.0,90339224180.0,917.0
2024-03-10,11120.0,11410.0,11120.0,11330.0,11280.0,11380.0,8868598.0,100347716230.0,699.0
2024-03-11,11330.0,11400.0,11200.0,11310.0,11340.0,11330.0,6481622.0,73250366300.0,680.0
2024-03-12,11320.0,11350.0,11170.0,11290.0,11310.0,11310.0,4815537.0,54260735260.0,892.0
2024-03-13,11180.0,11290.0,11090.0,11230.0,11270.0,11290.0,5141587.0,57453316000.0,901.0
2024-03-27,7690.0,7690.0,7560.0,7630.0,7590.0,7330.0,16665320.0,127077766530.0,1864.0
2024-03-30,7630.0,7770.0,7570.0,7620.0,7630.0,7630.0,7677160.0,58485516740.0,1218.0
2024-04-02,7560.0,7690.0,7450.0,7620.0,7650.0,7620.0,15005061.0,114402630670.0,1283.0
2024-04-03,7530.0,7690.0,7530.0,7630.0,7630.0,7620.0,12325805.0,94126727450.0,831.0
2024-04-06,7740.0,7740.0,7600.0,7630.0,7640.0,7630.0,7182969.0,54858027590.0,898.0
2024-04-07,7740.0,8000.0,7650.0,7700.0,7940.0,7630.0,5684328.0,44439876760.0,1083.0
2024-04-08,7980.0,8080.0,7880.0,7860.0,7900.0,7700.0,9571535.0,76203950280.0,1135.0
2024-04-09,7930.0,8030.0,7920.0,7890.0,8000.0,7860.0,4885003.0,38895014940.0,723.0
2024-04-13,7900.0,7990.0,7610.0,7870.0,7910.0,7890.0,14517016.0,114254499080.0,1549.0
2024-04-14,7800.0,7820.0,7800.0,7800.0,7800.0,7870.0,16600265.0,129485061440.0,881.0
2024-04-15,7760.0,7870.0,7760.0,7840.0,7870.0,7800.0,8281010.0,65136410300.0,625.0
2024-04-16,7870.0,7870.0,7770.0,7820.0,7820.0,7840.0,4748575.0,36999282360.0,759.0
2024-04-17,7880.0,7890.0,7820.0,7850.0,7890.0,7820.0,7135399.0,56263825670.0,860.0
2024-04-20,7850.0,8230.0,7840.0,8000.0,8130.0,7850.0,8790843.0,71299202100.0,1169.0
2024-04-21,8150.0,8200.0,7900.0,8020.0,7990.0,8000.0,7444426.0,59929110050.0,1141.0
2024-04-22,8000.0,8200.0,7850.0,8040.0,7970.0,8020.0,9023800.0,72706951380.0,1530.0
2024-04-23,7970.0,8170.0,7970.0,8050.0,7970.0,8040.0,5319810.0,42870603180.0,1501.0
2024-04-24,7990.0,8150.0,7960.0,8050.0,8050.0,8050.0,6965230.0,56087801670.0,1853.0
2024-04-27,8070.0,8070.0,7990.0,8040.0,8000.0,8050.0,3118359.0,25001812300.0,568.0
2024-04-28,7910.0,8050.0,7900.0,8020.0,7990.0,8040.0,4996973.0,39822427900.0,826.0
2024-04-29,7940.0,8050.0,7940.0,8010.0,7950.0,8020.0,4461245.0,35611606720.0,852.0
2024-04-30,8010.0,8040.0,7920.0,7990.0,7950.0,8010.0,7069666.0,56300712630.0,786.0
2024-05-01,7950.0,8010.0,7910.0,7970.0,7940.0,7990.0,6090774.0,48353929970.0,665.0
2024-05-05,7910.0,8000.0,7740.0,7910.0,7780.0,7970.0,7336835.0,57628097810.0,867.0
2024-05-06,7710.0,7880.0,7640.0,7840.0,7670.0,7910.0,5220409.0,40294350880.0,860.0
2024-05-07,7780.0,7780.0,7640.0,7780.0,7670.0,7840.0,6314049.0,48591214220.0,837.0
2024-05-08,7640.0,7780.0,7640.0,7770.0,7650.0,7780.0,4220217.0,32634162870.0,262.0
2024-05-11,7580.0,7790.0,7410.0,7710.0,7600.0,7770.0,4859264.0,36781890050.0,664.0
2024-05-12,7600.0,7690.0,7450.0,7580.0,7460.0,7710.0,9742520.0,73034747720.0,1072.0
2024-05-13,7540.0,7540.0,7220.0,7500.0,7400.0,7580.0,5514060.0,40485611710.0,1011.0
2024-05-14,7470.0,7480.0,7170.0,7390.0,7250.0,7500.0,7564193.0,54996135960.0,948.0
2024-05-15,7300.0,7400.0,7180.0,7350.0,7380.0,7390.0,7851549.0,57475832530.0,814.0
2024-05-18,7540.0,7540.0,7170.0,7320.0,7270.0,7350.0,6044898.0,43881848150.0,988.0
2024-05-19,7320.0,7320.0,6960.0,7100.0,6970.0,7320.0,10606825.0,74128543950.0,1276.0
2024-05-21,7100.0,7100.0,6990.0,7070.0,6990.0,7100.0,7145532.0,50253957200.0,664.0
2024-05-25,6930.0,7050.0,6930.0,7040.0,6950.0,7070.0,5245814.0,36547202790.0,661.0
2024-05-26,6900.0,7000.0,6900.0,6960.0,6900.0,7040.0,11384466.0,78702991680.0,579.0
2024-05-27,6830.0,6890.0,6830.0,6880.0,6830.0,6960.0,11181408.0,76411885910.0,654.0
2024-05-28,6770.0,7010.0,6750.0,6910.0,7010.0,6880.0,6534697.0,45437544650.0,689.0
2024-05-29,7040.0,7040.0,6900.0,6920.0,6980.0,6910.0,3308711.0,23116672750.0,451.0
2024-06-01,7040.0,7050.0,6830.0,6940.0,7040.0,6920.0,6860649.0,47900371020.0,844.0
2024-06-02,7000.0,7040.0,6920.0,6950.0,7000.0,6940.0,3837971.0,26845497450.0,527.0
2024-06-05,7050.0,7050.0,6910.0,6950.0,6950.0,6950.0,3625816.0,25261801770.0,842.0
2024-06-08,6830.0,7000.0,6820.0,6920.0,6830.0,6950.0,5278561.0,36237328200.0,1000.0
2024-06-09,6810.0,6980.0,6810.0,6900.0,6930.0,6920.0,7580117.0,52100581840.0,1241.0
2024-06-10,6980.0,6980.0,6800.0,6910.0,6930.0,6900.0,6795807.0,47023447750.0,936.0
2024-06-11,6980.0,7000.0,6820.0,6900.0,6880.0,6910.0,4020536.0,27690732320.0,764.0
2024-06-12,6820.0,6950.0,6770.0,6880.0,6940.0,6900.0,8808933.0,60476098110.0,1536.0
2024-06-15,6950.0,6960.0,6750.0,6840.0,6840.0,6880.0,6451356.0,43737463420.0,931.0
2024-06-16,6780.0,6840.0,6710.0,6790.0,6740.0,6840.0,7182276.0,48263251990.0,693.0
2024-06-18,6680.0,6800.0,6660.0,6760.0,6690.0,6790.0,4318590.0,28837392800.0,686.0
2024-06-19,6750.0,6800.0,6660.0,6760.0,6740.0,6760.0,4090872.0,27586202300.0,558.0
2024-06-22,6760.0,6810.0,6670.0,6760.0,6760.0,6760.0,3384967.0,22812038100.0,601.0
2024-06-23,6780.0,6820.0,6700.0,6770.0,6770.0,6760.0,5669813.0,38427911760.0,745.0
2024-06-24,6870.0,6870.0,6740.0,6780.0,6830.0,6770.0,4916854.0,33411080230.0,569.0
2024-06-26,6760.0,6910.0,6760.0,6810.0,6910.0,6780.0,4962120.0,34231259550.0,602.0
2024-06-29,6950.0,6950.0,6750.0,6810.0,6830.0,6810.0,2844395.0,19449487530.0,499.0
2024-06-30,6780.0,6900.0,6630.0,6800.0,6780.0,6810.0,5229431.0,35409425610.0,704.0
2024-07-01,6830.0,6900.0,6660.0,6800.0,6840.0,6800.0,4449992.0,30267215620.0,516.0
2024-07-02,6900.0,6900.0,6750.0,6800.0,6800.0,6800.0,2606308.0,17723068410.0,378.0
2024-07-03,6850.0,6850.0,6710.0,6790.0,6820.0,6800.0,4742295.0,32111816200.0,634.0
2024-07-06,7100.0,7190.0,7100.0,7190.0,7190.0,6790.0,17864760.0,128375597160.0,628.0
2024-07-07,7490.0,7500.0,7310.0,7400.0,7490.0,7190.0,15808358.0,117353862310.0,1129.0
2024-07-08,7500.0,7560.0,7360.0,7440.0,7520.0,7400.0,16235756.0,120919461770.0,936.0
2024-07-09,7450.0,7710.0,7440.0,7570.0,7540.0,7440.0,15636926.0,118687661220.0,1116.0
2024-07-10,7670.0,7670.0,7500.0,7540.0,7570.0,7570.0,12153139.0,91543934060.0,1041.0
2024-07-13,7470.0,7600.0,7400.0,7510.0,7440.0,7540.0,9566846.0,71680508450.0,2615.0
2024-07-14,7560.0,7560.0,7440.0,7500.0,7490.0,7510.0,7702087.0,57746841150.0,497.0
2024-07-17,7510.0,7530.0,7450.0,7500.0,7510.0,7500.0,8708970.0,65352055970.0,526.0
2024-07-20,7650.0,7650.0,7380.0,7490.0,7500.0,7500.0,6242250.0,46650594600.0,731.0
2024-07-21,7510.0,7520.0,7360.0,7460.0,7490.0,7490.0,7384793.0,54864890110.0,529.0
2024-07-22,7470.0,7490.0,7380.0,7450.0,7470.0,7460.0,9547625.0,71039037250.0,483.0
2024-07-23,7460.0,7520.0,7370.0,7450.0,7380.0,7450.0,5857905.0,43573412620.0,509.0
2024-07-24,7410.0,7500.0,7370.0,7440.0,7460.0,7450.0,10033191.0,74580222750.0,926.0
2024-07-27,7460.0,7460.0,7330.0,7410.0,7350.0,7440.0,7022421.0,51781315310.0,729.0
2024-07-29,7390.0,7390.0,7150.0,7270.0,7290.0,7410.0,12856315.0,93045539410.0,1913.0
2024-07-30,7280.0,7280.0,7100.0,7210.0,7240.0,7270.0,10583411.0,75989791490.0,2104.0
2024-07-31,7190.0,7220.0,7010.0,7110.0,7100.0,7210.0,14419458.0,102286862350.0,1075.0
2024-08-03,7100.0,7100.0,6710.0,6850.0,6720.0,7110.0,14409282.0,98006320740.0,1798.0
2024-08-04,6790.0,6870.0,6790.0,6850.0,6860.0,6850.0,3381506.0,23079158620.0,627.0
2024-08-05,6860.0,6900.0,6800.0,6850.0,6860.0,6850.0,6213879.0,42604262510.0,1475.0
2024-08-06,6860.0,6880.0,6840.0,6850.0,6850.0,6850.0,4475103.0,30674355300.0,814.0
2024-08-10,6850.0,6870.0,6790.0,6840.0,6840.0,6850.0,4869839.0,33209470550.0,572.0
2024-08-11,6870.0,6880.0,6820.0,6840.0,6840.0,6840.0,4965399.0,33932908450.0,383.0
2024-08-12,6850.0,6850.0,6800.0,6830.0,6820.0,6840.0,6380086.0,43468098070.0,575.0
2024-08-13,6830.0,6830.0,6770.0,6810.0,6770.0,6830.0,8665057.0,58771587280.0,728.0
2024-08-14,6800.0,6850.0,6780.0,6810.0,6830.0,6810.0,5023783.0,34241988430.0,1048.0
2024-08-17,6820.0,6900.0,6800.0,6820.0,6840.0,6810.0,4918882.0,33659527510.0,784.0
2024-08-18,6830.0,6950.0,6830.0,6890.0,6950.0,6820.0,10923084.0,75685582600.0,718.0
2024-08-19,7000.0,7000.0,6770.0,6870.0,6860.0,6890.0,7331145.0,50106293440.0,1166.0
2024-08-20,6890.0,6890.0,6750.0,6860.0,6850.0,6870.0,3640214.0,24859936480.0,918.0
2024-08-21,6900.0,6990.0,6780.0,6860.0,6870.0,6860.0,8148598.0,55824595250.0,1524.0
2024-08-24,6910.0,6960.0,6850.0,6870.0,6950.0,6860.0,5874211.0,40483756120.0,778.0
2024-08-26,6910.0,7000.0,6870.0,6900.0,6900.0,6870.0,6495275.0,45136904200.0,945.0
2024-08-27,7000.0,7000.0,6880.0,6910.0,6880.0,6900.0,5285727.0,36637861960.0,1302.0
2024-08-28,6990.0,6990.0,6800.0,6900.0,6910.0,6910.0,6817429.0,46951503440.0,1551.0
2024-08-31,6980.0,7030.0,6920.0,6960.0,7030.0,6900.0,9470843.0,66368685640.0,664.0
2024-09-01,7090.0,7090.0,6970.0,6980.0,6980.0,6960.0,5481777.0,38521992310.0,971.0
2024-09-03,7060.0,7090.0,6900.0,6980.0,7000.0,6980.0,5221523.0,36408076780.0,1355.0
2024-09-07,7030.0,7030.0,6840.0,6970.0,6900.0,6980.0,3382987.0,23434997520.0,783.0
2024-09-08,6980.0,6980.0,6770.0,6930.0,6970.0,6970.0,7164190.0,49229905950.0,1780.0
2024-09-09,6990.0,6990.0,6830.0,6910.0,6850.0,6930.0,8608599.0,59257335740.0,891.0
2024-09-10,6910.0,6910.0,6710.0,6780.0,6800.0,6910.0,16178129.0,109625845360.0,1990.0
2024-09-11,6840.0,6840.0,6580.0,6670.0,6660.0,6780.0,15455840.0,102953902450.0,2328.0
2024-09-14,6670.0,6700.0,6560.0,6650.0,6650.0,6670.0,8202041.0,54278671330.0,1285.0
2024-09-15,6670.0,6690.0,6570.0,6650.0,6590.0,6650.0,11086767.0,73696243820.0,1228.0
2024-09-16,6650.0,6680.0,6590.0,6650.0,6660.0,6650.0,9388542.0,62414895670.0,1666.0
2024-09-17,6750.0,6750.0,6620.0,6660.0,6650.0,6650.0,11842932.0,78927932890.0,1158.0
2024-09-18,6680.0,6700.0,6620.0,6650.0,6680.0,6660.0,10415140.0,69254362170.0,868.0
2024-09-22,6650.0,6720.0,6550.0,6620.0,6590.0,6650.0,10845551.0,71647839490.0,1604.0
2024-09-23,6660.0,6730.0,6620.0,6670.0,6720.0,6620.0,13735021.0,91800726830.0,1237.0
2024-09-24,6700.0,6870.0,6700.0,6780.0,6870.0,6670.0,12555203.0,85763415960.0,834.0
2024-09-25,6980.0,6980.0,6720.0,6790.0,6780.0,6780.0,19328177.0,131247898580.0,1379.0
2024-09-28,6730.0,6730.0,6730.0,6780.0,6730.0,6790.0,2379673.0,16015199290.0,227.0
2024-09-29,6720.0,6720.0,6720.0,6770.0,6720.0,6780.0,2525923.0,16974202560.0,202.0
2024-09-30,6710.0,6770.0,6710.0,6740.0,6710.0,6770.0,10529070.0,70712727410.0,641.0
2024-10-01,6710.0,6710.0,6680.0,6710.0,6680.0,6740.0,9661887.0,64559856090.0,463.0
2024-10-02,6650.0,6720.0,6650.0,6670.0,6680.0,6710.0,13063633.0,86879313560.0,583.0
2024-10-05,6610.0,6610.0,6610.0,6640.0,6610.0,6670.0,9312991.0,61558870510.0,406.0
2024-10-06,6580.0,6580.0,6580.0,6630.0,6580.0,6640.0,2231502.0,14683283160.0,168.0
2024-10-07,6570.0,6650.0,6570.0,6580.0,6590.0,6630.0,18654416.0,122695468450.0,1042.0
2024-10-08,6600.0,6640.0,6590.0,6620.0,6640.0,6580.0,12227940.0,81146533940.0,544.0
2024-10-09,6680.0,6680.0,6640.0,6640.0,6680.0,6620.0,8354176.0,55745401560.0,569.0
2024-10-12,6750.0,6830.0,6630.0,6700.0,6650.0,6640.0,14992402.0,100614271350.0,941.0
2024-10-13,6750.0,6840.0,6530.0,6650.0,6790.0,6700.0,17652128.0,117422180040.0,2499.0
2024-10-14,6660.0,6790.0,6500.0,6610.0,6520.0,6650.0,8022112.0,52661988620.0,802.0
2024-10-15,6590.0,6700.0,6430.0,6560.0,6560.0,6610.0,7850144.0,51033311930.0,1957.0
2024-10-16,6600.0,6620.0,6520.0,6560.0,6560.0,6560.0,5678740.0,37279317730.0,697.0
2024-10-19,6600.0,6600.0,6380.0,6480.0,6430.0,6560.0,11120655.0,71549917960.0,1552.0
2024-10-28,6110.0,6110.0,6110.0,6050.0,6110.0,5940.0,12624677.0,77136776470.0,254.0
2024-10-29,6230.0,6230.0,6100.0,6220.0,6160.0,6050.0,57326978.0,356711553480.0,1650.0
2024-10-30,6180.0,6340.0,6150.0,6260.0,6310.0,6220.0,21469614.0,134456554840.0,981.0
2024-11-02,6290.0,6300.0,6170.0,6240.0,6180.0,6260.0,10020815.0,62430150260.0,848.0
2024-11-03,6200.0,6200.0,6060.0,6160.0,6060.0,6240.0,9514082.0,57786393160.0,855.0
2024-11-04,6120.0,6220.0,6000.0,6120.0,6190.0,6160.0,8244816.0,50058631910.0,1112.0
2024-11-05,6210.0,6210.0,6080.0,6120.0,6090.0,6120.0,4858377.0,29687753600.0,479.0
2024-11-06,6120.0,6210.0,5940.0,6080.0,6130.0,6120.0,13183450.0,80007378370.0,1270.0
2024-11-09,6200.0,6260.0,6110.0,6240.0,6260.0,6080.0,19397568.0,121180377180.0,771.0
2024-11-10,6340.0,6420.0,6340.0,6330.0,6420.0,6240.0,10390137.0,66697843540.0,372.0
2024-11-11,6510.0,6510.0,6310.0,6460.0,6440.0,6330.0,18156762.0,117532549300.0,925.0
2024-11-12,6460.0,6570.0,6390.0,6450.0,6440.0,6460.0,17716892.0,114241009750.0,986.0
2024-11-13,6440.0,6620.0,6390.0,6510.0,6620.0,6450.0,21921598.0,142817020300.0,1074.0
2024-11-16,6650.0,6700.0,6600.0,6700.0,6700.0,6510.0,20613542.0,138045619190.0,635.0
2024-11-17,6900.0,6900.0,6870.0,6900.0,6900.0,6700.0,54872462.0,378602500670.0,2123.0
2024-11-18,7050.0,7100.0,6980.0,7090.0,7100.0,6900.0,61751930.0,438068627830.0,1631.0
2024-11-19,7300.0,7300.0,7210.0,7290.0,7300.0,7090.0,55101889.0,401896831120.0,2294.0
2024-11-20,7450.0,7490.0,7200.0,7370.0,7470.0,7290.0,29801818.0,219519181700.0,2311.0
2024-11-23,7550.0,7590.0,7350.0,7550.0,7590.0,7370.0,33143815.0,250312089660.0,2028.0
2024-11-24,7770.0,7770.0,7620.0,7770.0,7770.0,7550.0,34984591.0,271759773220.0,1329.0
2024-11-25,8000.0,8000.0,8000.0,8000.0,8000.0,7770.0,47023781.0,376190248000.0,1345.0
2024-11-26,8240.0,8240.0,8010.0,8200.0,8110.0,8000.0,99128417.0,812825038540.0,4529.0
2024-11-27,8380.0,8380.0,8070.0,8210.0,8240.0,8200.0,36878853.0,302715139090.0,3073.0
2024-11-30,8250.0,8270.0,7970.0,8010.0,7970.0,8210.0,74928554.0,600452693060.0,3664.0
2024-12-01,7810.0,7950.0,7770.0,7770.0,7770.0,8010.0,87755037.0,682230279580.0,2808.0
2024-12-02,7780.0,8000.0,7780.0,8000.0,8000.0,7770.0,65289094.0,522006834700.0,2345.0
2024-12-03,8240.0,8240.0,7810.0,8020.0,7970.0,8000.0,51128753.0,409870787130.0,3654.0
2024-12-04,7990.0,8040.0,7860.0,7950.0,7900.0,8020.0,34121354.0,271417142240.0,3223.0
2024-12-07,7900.0,7970.0,7720.0,7780.0,7830.0,7950.0,65857676.0,512414220400.0,4606.0
2024-12-08,7700.0,7920.0,7560.0,7690.0,7850.0,7780.0,16748784.0,128879603570.0,1663.0
2024-12-09,7890.0,7920.0,7800.0,7920.0,7920.0,7690.0,56636264.0,448502025840.0,1591.0
2024-12-10,8120.0,8140.0,7830.0,7990.0,7880.0,7920.0,33400401.0,266917472170.0,1978.0
2024-12-11,7990.0,8220.0,7980.0,8120.0,8210.0,7990.0,98840062.0,802130292220.0,4319.0
2024-12-14,8360.0,8360.0,8360.0,8310.0,8360.0,8120.0,11736290.0,98115384400.0,510.0
2024-12-15,8550.0,8550.0,8550.0,8550.0,8550.0,8310.0,20987012.0,179438952600.0,594.0
2024-12-16,8800.0,8800.0,8800.0,8800.0,8800.0,8550.0,141147682.0,1242099601600.0,2719.0
2024-12-17,8850.0,9060.0,8540.0,8890.0,8630.0,8800.0,186507371.0,1658228393370.0,7078.0
2024-12-18,8720.0,9150.0,8690.0,9090.0,9150.0,8890.0,170320141.0,1548725051550.0,5129.0
2024-12-21,9360.0,9360.0,9360.0,9360.0,9360.0,9090.0,46192844.0,432365019840.0,1015.0
2024-12-22,9640.0,9640.0,9640.0,9640.0,9640.0,9360.0,65576828.0,632160621920.0,1519.0
2024-12-23,9610.0,9920.0,9610.0,9900.0,9920.0,9640.0,72680176.0,719729977400.0,1967.0
2024-12-24,10190.0,10190.0,10190.0,10190.0,10190.0,9900.0,69599024.0,709214054560.0,1142.0
2024-12-25,10490.0,10490.0,10460.0,10490.0,10490.0,10190.0,321093396.0,3368258831320.0,5898.0
2024-12-28,10800.0,10800.0,10180.0,10410.0,10250.0,10490.0,245667381.0,2557668638850.0,8782.0
2024-12-29,10100.0,10240.0,10100.0,10100.0,10100.0,10410.0,65813513.0,664773090770.0,2304.0
2024-12-30,9900.0,10170.0,9800.0,9830.0,9830.0,10100.0,127658542.0,1255073947820.0,4925.0
2024-12-31,9750.0,10120.0,9750.0,10110.0,10120.0,9830.0,75707567.0,765221916040.0,2673.0
2025-01-01,10410.0,10410.0,10410.0,10410.0,10410.0,10110.0,35380431.0,368310286710.0,1567.0
2025-01-04,10720.0,10720.0,10720.0,10720.0,10720.0,10410.0,87390153.0,936822440160.0,1298.0
2025-01-05,11040.0,11040.0,10900.0,11040.0,11040.0,10720.0,173139043.0,1910653624440.0,4959.0
2025-01-06,11170.0,11370.0,10810.0,11320.0,11370.0,11040.0,181745029.0,2056917433670.0,6474.0
2025-01-07,11580.0,11650.0,11510.0,11640.0,11650.0,11320.0,120253059.0,1400031180060.0,4132.0
2025-01-08,11900.0,11980.0,11420.0,11760.0,11630.0,11640.0,98713100.0,1161126457040.0,6787.0
2025-01-11,11670.0,11750.0,11410.0,11430.0,11410.0,11760.0,62635782.0,715878857750.0,3607.0
2025-01-12,11090.0,11240.0,11090.0,11090.0,11090.0,11430.0,216688167.0,2403948413850.0,6320.0
2025-01-13,11030.0,11240.0,10890.0,11100.0,11100.0,11090.0,47486919.0,526961978420.0,4614.0
2025-01-15,11290.0,11290.0,10880.0,11010.0,10890.0,11100.0,36814936.0,405369130020.0,4289.0
2025-01-18,10950.0,11090.0,10680.0,10750.0,10680.0,11010.0,63429716.0,681660072170.0,3579.0
2025-01-19,10710.0,10780.0,10600.0,10700.0,10610.0,10750.0,37099509.0,396955825870.0,3747.0
2025-01-20,10710.0,10950.0,10380.0,10420.0,10380.0,10700.0,78414036.0,817400465780.0,4254.0
2025-01-21,10440.0,10730.0,10260.0,10480.0,10730.0,10420.0,41293666.0,432557157540.0,3400.0
2025-01-22,10790.0,10790.0,10790.0,10790.0,10790.0,10480.0,20727325.0,223647836750.0,663.0
2025-01-25,11110.0,11110.0,11010.0,11110.0,11110.0,10790.0,88340004.0,981453739650.0,2992.0
2025-01-26,11250.0,11330.0,10960.0,11140.0,10980.0,11110.0,42033588.0,468205840180.0,3530.0
2025-01-27,11070.0,11470.0,10870.0,11430.0,11390.0,11140.0,92224997.0,1053792121110.0,4827.0
2025-01-29,11760.0,11770.0,11530.0,11730.0,11770.0,11430.0,81737402.0,958897115020.0,5785.0
2025-02-01,11900.0,11900.0,11380.0,11420.0,11600.0,11730.0,142462923.0,1627105007890.0,6562.0
2025-02-02,11720.0,11720.0,11190.0,11370.0,11420.0,11420.0,80470959.0,914875810400.0,6572.0
2025-02-03,11460.0,11490.0,11230.0,11330.0,11410.0,11370.0,36013909.0,408174072590.0,2934.0
2025-02-04,11430.0,11430.0,11220.0,11290.0,11220.0,11330.0,27237013.0,307553546780.0,3275.0
2025-02-05,11230.0,11500.0,10960.0,11150.0,11370.0,11290.0,64164344.0,715657708890.0,6695.0
2025-02-09,10880.0,11200.0,10820.0,11010.0,10880.0,11150.0,58063313.0,639489512300.0,6495.0
2025-02-11,11000.0,11070.0,10680.0,10750.0,10680.0,11010.0,69325899.0,745285712630.0,5854.0
2025-02-15,10590.0,10750.0,10430.0,10440.0,10430.0,10750.0,70385293.0,735008973290.0,3267.0
2025-02-16,10180.0,10290.0,10130.0,10150.0,10270.0,10440.0,60700383.0,615825756320.0,3690.0
2025-02-17,10200.0,10410.0,10080.0,10180.0,10100.0,10150.0,21699457.0,220819926720.0,2435.0
2025-02-18,10180.0,10280.0,10110.0,10170.0,10150.0,10180.0,13290409.0,135165051860.0,2697.0
2025-02-19,10270.0,10270.0,10010.0,10140.0,10190.0,10170.0,24698066.0,250381640990.0,3511.0
2025-02-22,10200.0,10200.0,9970.0,10060.0,10000.0,10140.0,30994855.0,311958796470.0,3371.0
2025-02-23,10010.0,10150.0,9990.0,10030.0,10050.0,10060.0,27420580.0,274962853150.0,2689.0
2025-02-24,10140.0,10330.0,10060.0,10330.0,10330.0,10030.0,105570660.0,1090102115980.0,2938.0
2025-02-25,10580.0,10630.0,10270.0,10560.0,10420.0,10330.0,80270260.0,847261455670.0,4624.0
2025-02-26,10500.0,10570.0,10260.0,10460.0,10510.0,10560.0,48340917.0,505741295410.0,3554.0
2025-03-01,10540.0,10770.0,10370.0,10570.0,10460.0,10460.0,32785749.0,346597782680.0,2741.0
2025-03-02,10520.0,10630.0,10390.0,10520.0,10580.0,10570.0,31137569.0,327477125090.0,3079.0
2025-03-03,10210.0,10240.0,10210.0,10210.0,10210.0,10520.0,52480540.0,535831069690.0,2607.0
2025-03-04,10160.0,10350.0,10000.0,10090.0,10070.0,10210.0,39729426.0,400955843170.0,3538.0
2025-03-05,10080.0,10270.0,9890.0,9990.0,9970.0,10090.0,25048242.0,250331392780.0,2672.0
2025-03-08,9980.0,10000.0,9720.0,9850.0,9790.0,9990.0,26295915.0,259025984430.0,2838.0
2025-03-09,9820.0,9870.0,9560.0,9690.0,9830.0,9850.0,43560467.0,422189234910.0,3425.0
2025-03-10,9840.0,9840.0,9420.0,9570.0,9640.0,9690.0,22650240.0,216716113070.0,1774.0
2025-03-11,9570.0,9640.0,9290.0,9360.0,9310.0,9570.0,26903035.0,251806855880.0,2915.0
2025-03-12,9340.0,9640.0,9300.0,9580.0,9630.0,9360.0,63798423.0,611079503960.0,3946.0
2025-03-26,7400.0,7400.0,7400.0,7400.0,7400.0,7190.0,52279641.0,386869343400.0,1857.0
2025-03-29,7490.0,7500.0,7200.0,7390.0,7410.0,7400.0,15222063.0,112524039960.0,2385.0
2025-03-30,7480.0,7580.0,7370.0,7470.0,7500.0,7390.0,19991493.0,149336487270.0,1919.0
2025-04-05,7250.0,7510.0,7250.0,7360.0,7500.0,7470.0,36615742.0,269469685820.0,2590.0
2025-04-06,7410.0,7500.0,7360.0,7420.0,7400.0,7360.0,15662837.0,116162355960.0,1065.0
2025-04-07,7490.0,7550.0,7370.0,7440.0,7510.0,7420.0,15229489.0,113354389110.0,1131.0
2025-04-08,7660.0,7660.0,7660.0,7660.0,7660.0,7440.0,29982100.0,229662886000.0,527.0
2025-04-09,7880.0,7880.0,7660.0,7850.0,7820.0,7660.0,51629903.0,405201242100.0,2203.0
2025-04-12,8050.0,8080.0,7850.0,8020.0,8040.0,7850.0,21730835.0,174294097000.0,1588.0
2025-04-14,8330.0,8570.0,8330.0,8530.0,8570.0,8020.0,84096611.0,717463436010.0,3569.0
2025-04-15,8780.0,8780.0,8290.0,8520.0,8350.0,8530.0,47992587.0,408738259710.0,3515.0
2025-04-16,8450.0,8680.0,8340.0,8560.0,8500.0,8520.0,27622284.0,236340456030.0,2216.0
2025-04-19,8800.0,8810.0,8700.0,8810.0,8810.0,8560.0,61172194.0,538621425420.0,2756.0
2025-04-20,9070.0,9070.0,9070.0,9070.0,9070.0,8810.0,31406950.0,284861036500.0,736.0
2025-04-21,9340.0,9340.0,8920.0,9310.0,9140.0,9070.0,148597107.0,1383408127320.0,4489.0
2025-04-22,9310.0,9340.0,9040.0,9150.0,9180.0,9310.0,59983712.0,549136632630.0,3589.0
2025-04-23,9180.0,9310.0,8910.0,9110.0,9210.0,9150.0,43591092.0,397229128570.0,3029.0
2025-04-26,9360.0,9360.0,8870.0,9140.0,9250.0,9110.0,49784189.0,454813371690.0,3336.0
2025-04-27,8870.0,9010.0,8870.0,8910.0,8960.0,9140.0,38461066.0,342767482080.0,2706.0
2025-04-28,9010.0,9130.0,8760.0,8830.0,8770.0,8910.0,20562548.0,181577358040.0,2214.0
2025-04-29,8820.0,8830.0,8620.0,8750.0,8750.0,8830.0,21936784.0,191922309610.0,2074.0
2025-04-30,8870.0,9010.0,8710.0,8890.0,8900.0,8750.0,32632944.0,290025228020.0,2639.0
2025-05-03,8630.0,8750.0,8630.0,8630.0,8630.0,8890.0,55484137.0,478828281340.0,1646.0
2025-05-04,8380.0,8540.0,8380.0,8390.0,8480.0,8630.0,75121082.0,630201650100.0,3941.0
2025-05-05,8500.0,8500.0,8140.0,8210.0,8200.0,8390.0,43530085.0,357582453970.0,3276.0
2025-05-06,8290.0,8450.0,8060.0,8280.0,8400.0,8210.0,38573622.0,319275387470.0,2398.0
2025-05-07,8450.0,8520.0,8450.0,8520.0,8520.0,8280.0,36798474.0,313477082880.0,1899.0
2025-05-10,8630.0,8630.0,8280.0,8350.0,8310.0,8520.0,31715206.0,264872612680.0,2137.0
2025-05-11,8300.0,8470.0,8170.0,8290.0,8340.0,8350.0,16781952.0,139200082490.0,1531.0
2025-05-12,8530.0,8530.0,8530.0,8530.0,8530.0,8290.0,15165697.0,129363395410.0,838.0
2025-05-13,8770.0,8780.0,8610.0,8760.0,8780.0,8530.0,49119447.0,430117550970.0,2436.0
2025-05-14,8940.0,9020.0,8850.0,9010.0,9020.0,8760.0,74112949.0,667823785740.0,2292.0
2025-05-17,9170.0,9280.0,9060.0,9260.0,9280.0,9010.0,114313900.0,1058776511680.0,3976.0
2025-05-18,9440.0,9440.0,9010.0,9190.0,9190.0,9260.0,46888610.0,430975291800.0,3229.0
2025-05-19,9200.0,9200.0,8920.0,9020.0,8950.0,9190.0,33240416.0,299695528290.0,2616.0
2025-05-20,8750.0,8970.0,8750.0,8780.0,8750.0,9020.0,70937129.0,622848016600.0,3932.0
2025-05-21,8520.0,8750.0,8520.0,8520.0,8700.0,8780.0,72421988.0,617357466330.0,3123.0
2025-05-24,8770.0,8770.0,8420.0,8650.0,8640.0,8520.0,17280834.0,149536904550.0,1493.0
2025-05-25,8500.0,8650.0,8430.0,8530.0,8580.0,8650.0,17610972.0,150285087840.0,1499.0
2025-05-26,8640.0,8640.0,8330.0,8420.0,8500.0,8530.0,17241727.0,145251681220.0,1391.0
2025-05-27,8620.0,8620.0,8360.0,8450.0,8440.0,8420.0,10172374.0,86014318240.0,1086.0
2025-05-28,8440.0,8500.0,8360.0,8400.0,8390.0,8450.0,14542431.0,122209709270.0,1129.0
2025-05-31,8440.0,8650.0,8390.0,8630.0,8640.0,8400.0,43467791.0,375327351460.0,2058.0
2025-06-01,8650.0,8750.0,8380.0,8480.0,8570.0,8630.0,21855678.0,185403143980.0,1871.0
2025-06-02,8480.0,8630.0,8480.0,8540.0,8600.0,8480.0,19713388.0,168446480050.0,916.0
2025-06-03,8550.0,8600.0,8480.0,8520.0,8510.0,8550.0,11701561.0,99689899050.0,870.0
2025-06-07,8450.0,8510.0,8270.0,8320.0,8290.0,8520.0,71138333.0,591827301680.0,2762.0
2025-06-08,8290.0,8450.0,8180.0,8230.0,8210.0,8320.0,19441521.0,159961032260.0,1552.0
2025-06-09,8230.0,8360.0,7990.0,8050.0,8020.0,8230.0,52115067.0,419436293370.0,2825.0
2025-06-10,8050.0,8170.0,7970.0,8040.0,8080.0,8050.0,19173237.0,154076460950.0,1147.0
2025-06-11,8100.0,8140.0,7990.0,8020.0,8040.0,8040.0,26564448.0,212982918920.0,1228.0
2025-06-28,7780.0,7780.0,7780.0,7780.0,7780.0,8020.0,23219226.0,180645578280.0,489.0
2025-06-29,7550.0,7550.0,7550.0,7550.0,7550.0,7780.0,16961715.0,128060948250.0,343.0
2025-06-30,7330.0,7330.0,7330.0,7470.0,7330.0,7550.0,5726945.0,41978506850.0,242.0
2025-07-01,7250.0,7250.0,7250.0,7250.0,7250.0,7470.0,314398789.0,2279391220250.0,5082.0
2025-07-02,7040.0,7450.0,7040.0,7110.0,7410.0,7250.0,176699023.0,1256443947870.0,4111.0
2025-07-07,7280.0,7280.0,7030.0,7130.0,7120.0,7110.0,20840773.0,148635116510.0,1380.0
2025-07-08,7050.0,7090.0,6920.0,6930.0,6920.0,7130.0,69901247.0,484441872460.0,1647.0
2025-07-09,6750.0,6990.0,6740.0,6860.0,6970.0,6930.0,35269519.0,241900820420.0,1445.0
2025-07-12,6900.0,7060.0,6890.0,6940.0,6930.0,6860.0,29347310.0,203593871610.0,1043.0
2025-07-13,7070.0,7140.0,7010.0,7050.0,7140.0,6940.0,31624689.0,222948577480.0,943.0
2025-07-14,7250.0,7250.0,7170.0,7190.0,7200.0,7050.0,36180342.0,260167875500.0,979.0
2025-07-15,7330.0,7400.0,7310.0,7340.0,7400.0,7190.0,25564210.0,187539599190.0,986.0
2025-07-16,7420.0,7550.0,7380.0,7440.0,7420.0,7340.0,26069150.0,194074252290.0,942.0
2025-07-19,7480.0,7560.0,7450.0,7460.0,7450.0,7440.0,18372386.0,137135799290.0,689.0
2025-07-20,7530.0,7640.0,7520.0,7560.0,7580.0,7460.0,25883033.0,195767693160.0,856.0
2025-07-21,7600.0,7730.0,7590.0,7630.0,7590.0,7560.0,20433215.0,155857221160.0,872.0
2025-07-22,7650.0,7680.0,7580.0,7620.0,7580.0,7630.0,59659487.0,454527400770.0,1610.0
2025-07-23,7620.0,7630.0,7540.0,7580.0,7540.0,7620.0,96065199.0,728422934830.0,2093.0
2025-07-26,7600.0,7600.0,7540.0,7570.0,7540.0,7580.0,37921732.0,286894716990.0,966.0
2025-07-27,7530.0,7670.0,7530.0,7600.0,7560.0,7570.0,45275855.0,343983889690.0,1011.0
2025-07-28,7600.0,7600.0,7380.0,7460.0,7380.0,7600.0,42667904.0,318093673630.0,1300.0
2025-07-29,7240.0,7240.0,7240.0,7240.0,7240.0,7460.0,36169563.0,261867636120.0,944.0
2025-07-30,7030.0,7050.0,7030.0,7030.0,7030.0,7240.0,46833898.0,329252318960.0,1181.0
2025-08-02,7040.0,7110.0,6970.0,7010.0,6980.0,7030.0,66695023.0,467219955650.0,1413.0
2025-08-03,7070.0,7120.0,6970.0,7030.0,6980.0,7010.0,32349915.0,227344227520.0,1272.0
2025-08-04,6900.0,7190.0,6900.0,7070.0,7140.0,7030.0,21164145.0,149529329240.0,849.0
2025-08-05,7090.0,7230.0,6970.0,7030.0,7000.0,7070.0,27515701.0,193518300400.0,826.0
2025-08-06,7170.0,7170.0,6880.0,6970.0,6940.0,7030.0,24335428.0,169653260610.0,990.0
2025-08-09,6970.0,7140.0,6970.0,7080.0,7100.0,6970.0,28143320.0,199151549710.0,793.0
2025-08-10,7150.0,7170.0,7040.0,7070.0,7070.0,7080.0,10238619.0,72337395430.0,616.0
2025-08-11,7000.0,7090.0,6910.0,6990.0,6930.0,7070.0,14734667.0,102767049150.0,753.0
2025-08-12,6970.0,6990.0,6850.0,6920.0,6870.0,6990.0,25332443.0,175196074790.0,792.0
2025-08-13,6820.0,6820.0,6720.0,6720.0,6720.0,6920.0,17558367.0,118024259840.0,859.0
2025-08-16,6690.0,6800.0,6660.0,6700.0,6780.0,6720.0,16609397.0,111329715090.0,997.0
2025-08-17,6890.0,6900.0,6720.0,6900.0,6900.0,6700.0,21506343.0,148299018530.0,658.0
2025-08-18,7090.0,7090.0,6720.0,6880.0,6880.0,6900.0,13791777.0,94818506310.0,1282.0
2025-08-19,6730.0,6890.0,6730.0,6830.0,6880.0,6880.0,14983502.0,102251266050.0,654.0
2025-08-20,6750.0,6870.0,6740.0,6800.0,6770.0,6830.0,9090103.0,61565778250.0,478.0
2025-08-23,6790.0,6820.0,6750.0,6790.0,6760.0,6800.0,7770961.0,52663853350.0,663.0
2025-08-25,6700.0,6710.0,6590.0,6650.0,6590.0,6790.0,13043855.0,86174996050.0,1341.0
2025-08-26,6480.0,6670.0,6460.0,6600.0,6590.0,6650.0,16234769.0,107057988320.0,831.0
2025-08-27,6480.0,6700.0,6480.0,6610.0,6510.0,6600.0,8456752.0,55982227070.0,673.0
2025-08-30,6420.0,6500.0,6420.0,6420.0,6460.0,6610.0,26678833.0,171408108780.0,1376.0
2025-08-31,6300.0,6610.0,6300.0,6540.0,6610.0,6420.0,14850637.0,97561532250.0,724.0
2025-09-02,6730.0,6730.0,6670.0,6730.0,6730.0,6540.0,19291288.0,129746968340.0,700.0
2025-09-03,6800.0,6930.0,6800.0,6900.0,6930.0,6730.0,23910996.0,164883675120.0,992.0
2025-09-06,7050.0,7050.0,6790.0,6910.0,6880.0,6900.0,15393695.0,106374824040.0,991.0
2025-09-07,6810.0,7110.0,6750.0,7020.0,7070.0,6910.0,12320442.0,87001293400.0,718.0
2025-09-08,7210.0,7230.0,7210.0,7230.0,7230.0,7020.0,19839768.0,143422750150.0,622.0
2025-09-09,7440.0,7440.0,7120.0,7320.0,7310.0,7230.0,23207536.0,169902576330.0,874.0
2025-09-13,7390.0,7490.0,7280.0,7320.0,7340.0,7320.0,8526349.0,62438315040.0,592.0
2025-09-14,7400.0,7520.0,7320.0,7450.0,7490.0,7320.0,11962596.0,89626211850.0,698.0
2025-09-15,7570.0,7570.0,7310.0,7400.0,7350.0,7450.0,19159123.0,141701069070.0,971.0
2025-09-16,7240.0,7280.0,7180.0,7230.0,7180.0,7400.0,13041327.0,93712198830.0,817.0
2025-09-17,7030.0,7120.0,7020.0,7070.0,7020.0,7230.0,12743331.0,89583195580.0,822.0
2025-09-20,6860.0,6860.0,6860.0,6860.0,6860.0,7070.0,17539808.0,120323082880.0,549.0
2025-09-21,6660.0,6970.0,6660.0,6750.0,6960.0,6860.0,14686324.0,98850786020.0,904.0
2025-09-22,6940.0,6950.0,6840.0,6840.0,6940.0,6750.0,8621776.0,59801491830.0,543.0
2025-09-23,6860.0,7040.0,6860.0,6900.0,6890.0,6840.0,7692826.0,53653963710.0,504.0
2025-09-24,6800.0,7010.0,6770.0,6930.0,7010.0,6900.0,9475436.0,65933723280.0,545.0
2025-09-27,6780.0,7130.0,6780.0,7120.0,7130.0,6930.0,27642892.0,196820907130.0,661.0
2025-09-28,7330.0,7330.0,7330.0,7330.0,7330.0,7120.0,23685366.0,173613732780.0,439.0
2025-09-29,7540.0,7540.0,7540.0,7540.0,7540.0,7330.0,100501969.0,757784846260.0,1294.0
2025-09-30,7760.0,7760.0,7520.0,7730.0,7670.0,7540.0,191643745.0,1480811799810.0,3462.0
2025-10-01,7570.0,7910.0,7500.0,7750.0,7650.0,7730.0,62724718.0,486272297050.0,2164.0
2025-10-04,7980.0,7980.0,7980.0,7980.0,7980.0,7750.0,52759474.0,421020602520.0,754.0
2025-10-05,8210.0,8210.0,8210.0,8210.0,8210.0,7980.0,95347677.0,782804428170.0,1344.0
2025-10-06,8440.0,8450.0,8330.0,8440.0,8440.0,8210.0,134169558.0,1132350567810.0,3052.0
2025-10-07,8440.0,8690.0,8440.0,8660.0,8690.0,8440.0,52702134.0,456598643340.0,1931.0
2025-10-08,8670.0,8760.0,8410.0,8480.0,8420.0,8660.0,61346746.0,520280174790.0,2346.0
2025-10-11,8590.0,8730.0,8350.0,8460.0,8470.0,8480.0,30222650.0,255785042220.0,2336.0
2025-10-12,8550.0,8710.0,8420.0,8700.0,8710.0,8460.0,64618726.0,562111955700.0,1250.0
2025-10-13,8950.0,8950.0,8650.0,8840.0,8700.0,8700.0,62633446.0,553619205030.0,2141.0
2025-10-14,8700.0,8820.0,8580.0,8670.0,8600.0,8840.0,77584788.0,672516979370.0,3068.0
2025-10-15,8560.0,8560.0,8410.0,8450.0,8470.0,8670.0,31398972.0,265406281430.0,1754.0
2025-10-18,8700.0,8700.0,8690.0,8700.0,8700.0,8450.0,65447407.0,569392345490.0,942.0
2025-10-19,8960.0,8960.0,8830.0,8950.0,8840.0,8700.0,136319529.0,1220204889630.0,3187.0
2025-10-20,9060.0,9060.0,8690.0,8750.0,8770.0,8950.0,71170487.0,623091255410.0,3497.0
2025-10-27,8480.0,8480.0,8480.0,8480.0,8480.0,8240.0,140427093.0,1190821748640.0,1817.0
2025-10-28,8730.0,8730.0,8730.0,8730.0,8730.0,8480.0,168101519.0,1467526260870.0,2158.0
2025-10-29,8990.0,8990.0,8840.0,8990.0,8990.0,8730.0,391878328.0,3521350479340.0,6202.0
2025-11-01,9110.0,9110.0,8800.0,8930.0,8850.0,8990.0,100125628.0,894033246200.0,3735.0
2025-11-02,8850.0,9190.0,8780.0,9050.0,9190.0,8930.0,156990915.0,1420351206130.0,4067.0
2025-11-03,9320.0,9320.0,9210.0,9320.0,9310.0,9050.0,234236046.0,2182985027640.0,3825.0
2025-11-04,9250.0,9420.0,9050.0,9230.0,9090.0,9320.0,116795274.0,1077519697930.0,3910.0
2025-11-05,9090.0,9370.0,9020.0,9160.0,9350.0,9230.0,110429203.0,1012048324180.0,3313.0
2025-11-08,9410.0,9430.0,9050.0,9290.0,9100.0,9160.0,58507716.0,543647349480.0,2261.0
2025-11-09,9200.0,9200.0,9020.0,9020.0,9020.0,9290.0,196514678.0,1772588974710.0,2787.0
2025-11-10,8770.0,9020.0,8750.0,8780.0,8750.0,9020.0,90428281.0,794153286900.0,3097.0
2025-11-11,8760.0,8930.0,8520.0,8640.0,8590.0,8780.0,69605714.0,601603258700.0,3788.0
2025-11-12,8640.0,8770.0,8520.0,8620.0,8680.0,8640.0,43639609.0,376302390950.0,1776.0
2025-11-15,8700.0,8820.0,8560.0,8620.0,8580.0,8620.0,22992847.0,198144810340.0,1249.0
2025-11-16,8600.0,8870.0,8510.0,8770.0,8870.0,8620.0,106182566.0,931735980510.0,2406.0
2025-11-17,8910.0,9010.0,8730.0,8860.0,8730.0,8770.0,63575386.0,563585585270.0,1729.0
2025-11-18,8650.0,8880.0,8650.0,8770.0,8750.0,8860.0,33681883.0,295550000260.0,1004.0
2025-11-19,8890.0,8940.0,8660.0,8780.0,8890.0,8770.0,31506547.0,276576785130.0,1210.0
2025-11-22,8890.0,8960.0,8810.0,8890.0,8850.0,8780.0,22366128.0,198770724960.0,892.0
2025-11-23,8940.0,9150.0,8800.0,9120.0,9150.0,8890.0,63994348.0,583773672130.0,2226.0
2025-11-25,9270.0,9390.0,8900.0,9330.0,9390.0,9120.0,109926208.0,1026107625520.0,3383.0
2025-11-26,9520.0,9580.0,9060.0,9220.0,9300.0,9330.0,111502289.0,1027561673070.0,3606.0
2025-11-29,9140.0,9490.0,9140.0,9460.0,9380.0,9220.0,117550085.0,1111697084060.0,3624.0
2025-11-30,9380.0,9550.0,9250.0,9460.0,9520.0,9460.0,70084195.0,662782030220.0,2790.0
2025-12-01,9640.0,9700.0,9460.0,9600.0,9640.0,9460.0,32577422.0,312634851260.0,1950.0
2025-12-02,9700.0,9700.0,9500.0,9570.0,9550.0,9600.0,45322685.0,433663624580.0,2219.0
2025-12-03,9640.0,9700.0,9540.0,9630.0,9660.0,9570.0,40914976.0,393859347450.0,1634.0
2025-12-06,9700.0,9910.0,9660.0,9880.0,9900.0,9630.0,72475992.0,715801013280.0,2422.0
2025-12-07,10000.0,10000.0,9640.0,9720.0,9640.0,9880.0,91973371.0,894174376960.0,3294.0
2025-12-08,9710.0,9900.0,9670.0,9780.0,9850.0,9720.0,40760079.0,398534863470.0,2087.0
2025-12-09,9920.0,10010.0,9600.0,9880.0,9900.0,9780.0,40965446.0,404724733110.0,1834.0
2025-12-10,10100.0,10170.0,9960.0,10160.0,10170.0,9880.0,148057255.0,1503835891570.0,2408.0
2025-12-13,10340.0,10460.0,10220.0,10430.0,10220.0,10160.0,291180401.0,3037907056750.0,9017.0
2025-12-14,10250.0,10380.0,10120.0,10240.0,10230.0,10430.0,80853978.0,827549853860.0,4649.0
2025-12-15,10400.0,10480.0,10240.0,10360.0,10430.0,10240.0,79466846.0,823248782430.0,3931.0
2025-12-16,10500.0,10600.0,10050.0,10290.0,10050.0,10360.0,88052457.0,905764483960.0,5129.0
2025-12-17,10200.0,10300.0,10070.0,10160.0,10120.0,10290.0,85555151.0,869190374740.0,3905.0
2025-12-20,10400.0,10460.0,10300.0,10440.0,10460.0,10160.0,98350063.0,1026414680030.0,4456.0
2025-12-21,10560.0,10740.0,10240.0,10500.0,10430.0,10440.0,53881532.0,565531420390.0,3544.0
2025-12-22,10600.0,10800.0,10380.0,10530.0,10450.0,10500.0,57627448.0,606981603760.0,3370.0
2025-12-23,10580.0,10650.0,10480.0,10540.0,10550.0,10530.0,38806242.0,408841941110.0,3017.0
2025-12-24,10750.0,10850.0,10680.0,10820.0,10850.0,10540.0,121953585.0,1319456679920.0,5307.0
2025-12-27,11100.0,11130.0,10700.0,10930.0,10900.0,10820.0,80717854.0,882501614780.0,5003.0
2025-12-28,10990.0,11250.0,10820.0,11160.0,11250.0,10930.0,92135372.0,1028569865450.0,4412.0
2025-12-29,11400.0,11400.0,10830.0,10880.0,10830.0,11160.0,72683099.0,790818002650.0,4158.0
2025-12-30,10560.0,10660.0,10560.0,10560.0,10560.0,10880.0,185090640.0,1954608890110.0,5548.0
2025-12-31,10530.0,10870.0,10510.0,10800.0,10870.0,10560.0,50618699.0,546834375160.0,2532.0
2026-01-04,10740.0,11120.0,10480.0,10810.0,11120.0,10800.0,111490432.0,1205464160800.0,4982.0
2026-01-05,11130.0,11130.0,11130.0,11130.0,11130.0,10810.0,156207527.0,1738589775510.0,3574.0
2026-01-06,11460.0,11460.0,11460.0,11460.0,11460.0,11130.0,199881814.0,2290645588440.0,3955.0
2026-01-07,11800.0,11800.0,11800.0,11800.0,11800.0,11460.0,376263751.0,4439912261800.0,9203.0
2026-01-10,11450.0,12110.0,11450.0,11710.0,11560.0,11800.0,223753225.0,2620981096870.0,8093.0
2026-01-11,11700.0,12060.0,11700.0,12060.0,12060.0,11710.0,126202271.0,1521397617810.0,4016.0
2026-01-12,12420.0,12420.0,12420.0,12420.0,12420.0,12060.0,173975628.0,2160777299760.0,4085.0
2026-01-13,12790.0,12790.0,12490.0,12740.0,12760.0,12420.0,201128915.0,2563002384360.0,7997.0
2026-01-14,12700.0,12710.0,12360.0,12460.0,12520.0,12740.0,172892879.0,2154172296650.0,6821.0
2026-01-18,12830.0,12830.0,12830.0,12830.0,12830.0,12460.0,49546094.0,635676386020.0,1421.0
2026-01-19,13210.0,13210.0,13210.0,13210.0,13210.0,12830.0,446673938.0,5900562720980.0,10332.0
2026-01-20,13590.0,13600.0,12910.0,13550.0,13390.0,13210.0,264057833.0,3579210993890.0,9378.0
2026-01-21,13510.0,13730.0,13240.0,13450.0,13520.0,13550.0,184156032.0,2476458773780.0,7259.0
2026-01-24,13060.0,13150.0,13050.0,13050.0,13050.0,13450.0,382782081.0,4995497343550.0,10151.0
2026-01-25,12660.0,12830.0,12660.0,12660.0,12660.0,13050.0,310135025.0,3926360900280.0,7811.0
2026-01-26,12290.0,12290.0,12290.0,12290.0,12290.0,12660.0,111110769.0,1365551351010.0,2955.0
2026-01-27,11930.0,12150.0,11930.0,11940.0,11930.0,12290.0,66470766.0,793379543430.0,3237.0
2026-01-28,11750.0,12290.0,11630.0,11960.0,12180.0,11940.0,115982097.0,1386870733800.0,6031.0
2026-01-31,12000.0,12300.0,11610.0,11720.0,11610.0,11960.0,68477542.0,802559651870.0,2906.0
2026-02-01,11720.0,12070.0,11580.0,11940.0,12070.0,11720.0,70932282.0,846882041420.0,3473.0
2026-02-02,12290.0,12290.0,12160.0,12290.0,12290.0,11940.0,63518122.0,780597708700.0,2135.0
2026-02-03,12650.0,12650.0,12050.0,12360.0,12360.0,12290.0,40836770.0,504570269790.0,2763.0
2026-02-07,12730.0,12730.0,12730.0,12730.0,12730.0,12360.0,106415298.0,1354666743540.0,2707.0
2026-02-08,12990.0,13040.0,12350.0,12730.0,12400.0,12730.0,79711622.0,1015081641030.0,4093.0
2026-02-09,12360.0,12490.0,12350.0,12350.0,12350.0,12730.0,73843601.0,912100611920.0,2873.0
2026-02-10,11990.0,12350.0,11980.0,12120.0,12140.0,12350.0,40282592.0,488371021900.0,2079.0
2026-02-14,12350.0,12350.0,11760.0,11900.0,11760.0,12120.0,25851276.0,307602267680.0,1671.0
2026-02-15,11550.0,11550.0,11550.0,11550.0,11550.0,11900.0,25590009.0,295564603950.0,922.0
2026-02-16,11210.0,11380.0,11210.0,11220.0,11250.0,11550.0,36121955.0,405297739670.0,2608.0
2026-02-17,11290.0,11290.0,11000.0,11130.0,11150.0,11220.0,22254135.0,247728967890.0,1684.0
2026-02-18,11180.0,11310.0,10800.0,10850.0,10800.0,11130.0,30968920.0,335889361240.0,1913.0
2026-02-21,10530.0,10690.0,10530.0,10530.0,10530.0,10850.0,38516598.0,405580600460.0,1955.0
2026-02-22,10220.0,10500.0,10220.0,10240.0,10350.0,10530.0,60158188.0,616244043790.0,2951.0
2026-02-23,10270.0,10540.0,10270.0,10380.0,10470.0,10240.0,16828531.0,174741038370.0,1359.0
2026-02-24,10470.0,10470.0,10070.0,10250.0,10380.0,10380.0,38270403.0,392370485090.0,2532.0
2026-02-25,10130.0,10540.0,10130.0,10420.0,10500.0,10250.0,19360080.0,201677206340.0,1265.0
2026-06-16,11500.0,11830.0,11350.0,11550.0,11620.0,10420.0,637815300.0,7367486093590.0,15267.0
2026-06-17,11890.0,11890.0,11550.0,11850.0,11890.0,11550.0,384933124.0,4560840225190.0,11490.0
2026-06-20,12200.0,12200.0,12180.0,12200.0,12200.0,11850.0,496294307.0,6054788155010.0,12173.0
2026-06-21,12560.0,12560.0,11840.0,12450.0,12560.0,12200.0,855649723.0,10649507341800.0,26374.0
2026-06-22,12820.0,12820.0,12560.0,12810.0,12820.0,12450.0,959073914.0,12288177247470.0,23923.0
2026-06-23,13190.0,13190.0,13190.0,13190.0,13190.0,12810.0,167154886.0,2204772946340.0,4042.0
2026-06-27,13580.0,13580.0,13220.0,13560.0,13450.0,13190.0,952792799.0,12917144732900.0,27284.0
2026-06-28,13160.0,13340.0,13160.0,13160.0,13160.0,13560.0,512615456.0,6747874455460.0,13173.0
2026-06-29,12770.0,13160.0,12770.0,12830.0,12890.0,13160.0,569039011.0,7299864407540.0,18087.0
2026-06-30,12960.0,13150.0,12490.0,12700.0,12560.0,12830.0,257484181.0,3271126987290.0,12015.0
2026-07-01,12380.0,13080.0,12320.0,12780.0,12880.0,12700.0,212077522.0,2709593656690.0,9174.0
2026-07-07,13100.0,13160.0,12940.0,13160.0,13160.0,12780.0,139441693.0,1834519913650.0,4069.0
2026-07-08,12770.0,13050.0,12770.0,12820.0,12770.0,13160.0,325635102.0,4175507242610.0,10251.0
2026-07-11,12440.0,12470.0,12440.0,12440.0,12440.0,12820.0,154178532.0,1917988323500.0,3822.0
2026-07-12,12070.0,12070.0,12070.0,12070.0,12070.0,12440.0,92601983.0,1117705934810.0,2152.0
2026-07-13,11710.0,11710.0,11710.0,11710.0,11710.0,12070.0,121565955.0,1423537333050.0,2889.0
2026-07-14,11360.0,11390.0,11360.0,11360.0,11360.0,11710.0,192947321.0,2191881596560.0,5616.0
2026-07-15,11020.0,11100.0,11020.0,11020.0,11020.0,11360.0,152590636.0,1681673521750.0,4787.0
2026-07-18,10690.0,10790.0,10690.0,10690.0,10690.0,11020.0,290371726.0,3104171112090.0,7557.0
2026-07-19,10370.0,10660.0,10370.0,10390.0,10370.0,10690.0,54280436.0,563807261210.0,3160.0
2026-07-20,10670.0,10690.0,10170.0,10420.0,10470.0,10390.0,85690068.0,892892052130.0,4113.0
2026-07-21,10620.0,10730.0,10530.0,10720.0,10730.0,10420.0,90541302.0,970384653730.0,3012.0
2026-07-22,10700.0,10700.0,10400.0,10410.0,10400.0,10720.0,102568633.0,1067686670150.0,4588.0
2026-07-25,10230.0,10720.0,10110.0,10320.0,10310.0,10410.0,46375037.0,478397153400.0,3588.0
2026-08-18,9580.0,9750.0,9300.0,9490.0,9300.0,8260.0,841303812.0,7982102003610.0,10871.0
2026-08-19,9300.0,9520.0,9210.0,9320.0,9270.0,9490.0,288561710.0,2689920698240.0,7278.0
2026-08-22,9590.0,9590.0,9590.0,9590.0,9590.0,9320.0,88667066.0,850317162940.0,1131.0
2026-08-23,9870.0,9870.0,9870.0,9870.0,9870.0,9590.0,173878595.0,1716181732650.0,1843.0
2026-08-24,10160.0,10160.0,9950.0,10150.0,10160.0,9870.0,415698127.0,4220361892260.0,4600.0
2026-08-25,10370.0,10450.0,10200.0,10430.0,10450.0,10150.0,284377227.0,2964867720200.0,4908.0
2026-08-26,10740.0,10740.0,10740.0,10740.0,10740.0,10430.0,72645523.0,780212917020.0,972.0
2026-08-29,11060.0,11060.0,11060.0,11060.0,11060.0,10740.0,110636452.0,1223639159120.0,2721.0
2026-08-31,11390.0,11390.0,11090.0,11380.0,11390.0,11060.0,587684249.0,6690633774270.0,14346.0
2026-09-01,11720.0,11720.0,11050.0,11620.0,11300.0,11380.0,504183434.0,5860150006540.0,15273.0
2026-09-06,11960.0,11960.0,11960.0,11960.0,11960.0,11620.0,88290644.0,1055956102240.0,2049.0
2026-09-07,12310.0,12310.0,12310.0,12310.0,12310.0,11960.0,80157059.0,986733396290.0,2245.0
2026-09-08,12670.0,12670.0,12670.0,12670.0,12670.0,12310.0,241953707.0,3065553467690.0,5712.0
2026-09-09,12450.0,12820.0,12290.0,12430.0,12350.0,12670.0,637736774.0,7927460672260.0,24995.0
2026-09-12,12800.0,12800.0,12500.0,12780.0,12800.0,12430.0,228602627.0,2920943065120.0,7171.0
2026-09-13,13160.0,13160.0,12870.0,13140.0,13130.0,12780.0,431366949.0,5667597076140.0,14864.0
