date,open,high,low,close,last,yesterday,volume,value,trades
2009-02-18,1050.0,1050.0,1050.0,1050.0,1050.0,1000.0,330851245.0,347393807250.0,800.0
2009-02-21,1051.0,1076.0,1042.0,1050.0,1057.0,1050.0,335334212.0,352194689892.0,6457.0
2009-02-22,1065.0,1074.0,1055.0,1065.0,1055.0,1050.0,8435464.0,8981292784.0,603.0
2009-02-23,1066.0,1067.0,1059.0,1061.0,1060.0,1065.0,8570222.0,9090532333.0,937.0
2009-02-25,1061.0,1064.0,1050.0,1058.0,1060.0,1061.0,7434309.0,7863032258.0,616.0
2009-02-28,1059.0,1060.0,1050.0,1055.0,1051.0,1058.0,3924844.0,4135976082.0,341.0
2009-03-01,1054.0,1055.0,1027.0,1050.0,1042.0,1055.0,23696125.0,24877673335.0,1097.0
2009-03-02,1050.0,1065.0,1027.0,1050.0,1058.0,1050.0,10528791.0,11053165184.0,612.0
2009-03-03,1055.0,1059.0,1054.0,1053.0,1055.0,1050.0,2650575.0,2797050794.0,182.0
2009-03-04,1056.0,1060.0,1056.0,1055.0,1056.0,1053.0,2304953.0,2436021996.0,187.0
2009-03-07,1061.0,1061.0,1059.0,1058.0,1059.0,1055.0,3667884.0,3885084432.0,213.0
2009-03-08,1060.0,1060.0,1054.0,1058.0,1059.0,1058.0,5236516.0,5541590793.0,330.0
2009-03-09,1060.0,1063.0,1055.0,1059.0,1058.0,1058.0,4797840.0,5081985875.0,297.0
2009-03-10,1060.0,1061.0,1050.0,1060.0,1060.0,1059.0,3438096.0,3643801356.0,205.0
2009-03-11,1061.0,1063.0,1060.0,1060.0,1060.0,1060.0,2111176.0,2240352741.0,149.0
2009-03-14,1061.0,1062.0,1061.0,1061.0,1061.0,1060.0,4000145.0,4244184581.0,232.0
2009-03-16,1062.0,1063.0,1058.0,1061.0,1058.0,1061.0,3937907.0,4179711793.0,226.0
2009-03-17,1062.0,1062.0,1061.0,1061.0,1061.0,1061.0,3998308.0,4242529688.0,218.0
2009-03-18,1061.0,1064.0,1061.0,1061.0,1063.0,1061.0,2191144.0,2325864856.0,143.0
2009-03-25,1063.0,1080.0,1063.0,1065.0,1080.0,1061.0,1916886.0,2053259183.0,111.0
2009-03-28,1078.0,1096.0,1076.0,1079.0,1096.0,1065.0,2749128.0,3001934288.0,146.0
2009-03-29,1111.0,1111.0,1111.0,1080.0,1111.0,1079.0,91020.0,101123220.0,5.0
2009-03-30,1112.0,1112.0,1112.0,1086.0,1112.0,1080.0,936159.0,1041008808.0,68.0
2009-03-31,1118.0,1118.0,1086.0,1105.0,1087.0,1086.0,7348064.0,8117487932.0,426.0
2009-04-04,1108.0,1133.0,1099.0,1110.0,1105.0,1105.0,6876866.0,7632804156.0,454.0
2009-04-05,1115.0,1123.0,1091.0,1110.0,1095.0,1110.0,3553767.0,3942619347.0,217.0
2009-04-06,1110.0,1119.0,1078.0,1099.0,1100.0,1110.0,4831781.0,5305791798.0,289.0
2009-04-07,1090.0,1106.0,1081.0,1098.0,1099.0,1099.0,4456751.0,4893066892.0,325.0
2009-04-08,1085.0,1096.0,1078.0,1096.0,1082.0,1098.0,877368.0,950562965.0,102.0
2009-04-11,1093.0,1099.0,1070.0,1091.0,1081.0,1096.0,2748606.0,2987936180.0,208.0
2009-04-12,1079.0,1083.0,1063.0,1083.0,1063.0,1091.0,2243981.0,2406949045.0,176.0
2009-04-13,1071.0,1106.0,1071.0,1090.0,1073.0,1083.0,3952220.0,4316073392.0,254.0
2009-04-14,1086.0,1099.0,1075.0,1093.0,1098.0,1090.0,4852993.0,5304292247.0,257.0
2009-04-15,1090.0,1110.0,1090.0,1097.0,1107.0,1093.0,2314256.0,2549351346.0,174.0
2009-04-18,1109.0,1110.0,1103.0,1101.0,1105.0,1097.0,2126749.0,2352794700.0,140.0
2009-04-19,1110.0,1134.0,1100.0,1114.0,1100.0,1101.0,8852608.0,9862474346.0,577.0
2009-04-20,1129.0,1147.0,1125.0,1143.0,1147.0,1114.0,11066992.0,12650184833.0,606.0
2009-04-21,1177.0,1177.0,1177.0,1150.0,1177.0,1143.0,1033815.0,1216800255.0,46.0
2009-04-22,1163.0,1172.0,1129.0,1150.0,1129.0,1150.0,2300464.0,2647262911.0,220.0
2009-04-25,1141.0,1141.0,1117.0,1129.0,1128.0,1150.0,5274735.0,5955435253.0,357.0
2009-04-26,1127.0,1139.0,1100.0,1126.0,1100.0,1129.0,1213875.0,1355389359.0,144.0
2009-04-27,1120.0,1129.0,1102.0,1123.0,1119.0,1126.0,2173117.0,2433173409.0,173.0
2009-04-28,1122.0,1149.0,1102.0,1124.0,1106.0,1123.0,2105602.0,2372441425.0,263.0
2009-04-29,1130.0,1130.0,1106.0,1122.0,1108.0,1124.0,858625.0,953839280.0,116.0
2009-05-02,1110.0,1129.0,1103.0,1118.0,1103.0,1122.0,1675253.0,1860613473.0,171.0
2009-05-03,1128.0,1128.0,1097.0,1112.0,1100.0,1118.0,2994367.0,3317704163.0,323.0
2009-05-04,1103.0,1125.0,1085.0,1106.0,1100.0,1112.0,4194127.0,4632577926.0,329.0
2009-05-05,1086.0,1120.0,1086.0,1110.0,1120.0,1106.0,2260882.0,2519958040.0,189.0
2009-05-06,1120.0,1143.0,1120.0,1135.0,1143.0,1110.0,4329696.0,4936149594.0,333.0
2009-05-09,1169.0,1169.0,1169.0,1158.0,1169.0,1135.0,3478293.0,4066124517.0,205.0
2009-05-10,1192.0,1192.0,1192.0,1168.0,1192.0,1158.0,1617941.0,1928585672.0,86.0
2009-05-11,1203.0,1203.0,1150.0,1192.0,1174.0,1168.0,15625032.0,18631262406.0,933.0
2009-05-12,1168.0,1168.0,1157.0,1190.0,1157.0,1192.0,328293.0,379894351.0,36.0
2009-05-13,1155.0,1170.0,1155.0,1170.0,1155.0,1190.0,3128384.0,3615458165.0,228.0
2009-05-16,1135.0,1170.0,1135.0,1162.0,1138.0,1170.0,2440878.0,2812423694.0,179.0
2009-05-17,1158.0,1178.0,1132.0,1156.0,1134.0,1162.0,2708887.0,3118042151.0,210.0
2009-05-18,1160.0,1190.0,1157.0,1177.0,1160.0,1156.0,7099935.0,8359191940.0,549.0
2009-05-19,1160.0,1200.0,1160.0,1183.0,1162.0,1177.0,4375902.0,5184474275.0,286.0
2009-05-20,1160.0,1199.0,1160.0,1183.0,1176.0,1183.0,4466305.0,5285797744.0,272.0
2009-05-26,1199.0,1199.0,1160.0,1180.0,1170.0,1183.0,10583943.0,12490357437.0,546.0
2009-05-27,1178.0,1198.0,1169.0,1186.0,1180.0,1180.0,6492368.0,7699536673.0,352.0
2009-05-30,1189.0,1190.0,1171.0,1188.0,1171.0,1186.0,4545235.0,5401274957.0,232.0
2009-05-31,1178.0,1192.0,1170.0,1187.0,1180.0,1188.0,5788385.0,6873299391.0,311.0
2009-06-01,1186.0,1186.0,1165.0,1184.0,1166.0,1187.0,869709.0,1018436757.0,75.0
2009-06-02,1165.0,1173.0,1160.0,1181.0,1169.0,1184.0,880495.0,1025441979.0,92.0
2009-06-03,1169.0,1184.0,1169.0,1180.0,1171.0,1181.0,1368031.0,1612090378.0,96.0
2009-06-06,1153.0,1170.0,1153.0,1175.0,1170.0,1180.0,1466006.0,1705828478.0,88.0
2009-06-07,1155.0,1182.0,1155.0,1174.0,1179.0,1175.0,2788842.0,3274153888.0,186.0
2009-06-08,1175.0,1180.0,1169.0,1174.0,1178.0,1174.0,4109486.0,4823629479.0,92.0
2009-06-09,1160.0,1180.0,1160.0,1174.0,1177.0,1174.0,2430908.0,2853253723.0,136.0
2009-06-10,1151.0,1187.0,1151.0,1175.0,1180.0,1174.0,2687050.0,3158049415.0,157.0
2009-06-13,1170.0,1170.0,1152.0,1170.0,1153.0,1175.0,2142402.0,2489168874.0,111.0
2009-06-14,1150.0,1169.0,1135.0,1139.0,1135.0,1170.0,9021000.0,10277338184.0,442.0
2009-06-15,1133.0,1173.0,1107.0,1136.0,1121.0,1139.0,2248475.0,2545353771.0,168.0
2009-06-16,1110.0,1150.0,1110.0,1143.0,1144.0,1136.0,8532558.0,9755646356.0,388.0
2009-06-17,1150.0,1154.0,1144.0,1148.0,1147.0,1143.0,8557645.0,9821461023.0,283.0
2009-06-20,1150.0,1175.0,1150.0,1151.0,1156.0,1148.0,1019090.0,1187869771.0,62.0
2009-06-21,1160.0,1170.0,1151.0,1152.0,1154.0,1151.0,942720.0,1091266003.0,62.0
2009-06-22,1156.0,1170.0,1156.0,1157.0,1170.0,1152.0,1929794.0,2248178095.0,60.0
2009-06-23,1179.0,1184.0,1170.0,1166.0,1175.0,1157.0,2514050.0,2957779701.0,122.0
2009-06-24,1183.0,1190.0,1175.0,1185.0,1181.0,1166.0,5070421.0,6013717365.0,223.0
2009-06-27,1190.0,1200.0,1184.0,1189.0,1185.0,1185.0,2565071.0,3058253531.0,144.0
2009-06-28,1190.0,1191.0,1155.0,1183.0,1180.0,1189.0,3197891.0,3771035754.0,179.0
2009-06-29,1189.0,1190.0,1185.0,1185.0,1190.0,1183.0,2789903.0,3312300137.0,139.0
2009-06-30,1190.0,1190.0,1176.0,1185.0,1187.0,1185.0,1509920.0,1790473706.0,100.0
2009-07-01,1188.0,1189.0,1187.0,1186.0,1189.0,1185.0,1294974.0,1537847241.0,105.0
2009-07-04,1190.0,1190.0,1188.0,1187.0,1188.0,1186.0,1860281.0,2211324733.0,89.0
2009-07-05,1189.0,1198.0,1189.0,1188.0,1189.0,1187.0,1404219.0,1671434152.0,76.0
2009-07-07,1190.0,1191.0,1190.0,1189.0,1190.0,1188.0,1343394.0,1598639460.0,56.0
2009-07-11,1191.0,1198.0,1191.0,1190.0,1194.0,1189.0,3595861.0,4282871859.0,162.0
2009-07-12,1192.0,1194.0,1192.0,1191.0,1192.0,1190.0,2356696.0,2809310381.0,106.0
2009-07-13,1193.0,1195.0,1191.0,1193.0,1193.0,1191.0,11666856.0,13919468958.0,508.0
2009-07-14,1196.0,1210.0,1195.0,1196.0,1210.0,1193.0,5387872.0,6446282089.0,259.0
2009-07-15,1200.0,1231.0,1180.0,1197.0,1197.0,1196.0,28334944.0,33912791595.0,1245.0
2009-07-26,1100.0,1100.0,1050.0,1058.0,1052.0,1027.0,3870930.0,4096541730.0,250.0
2009-07-27,1060.0,1060.0,1041.0,1050.0,1041.0,1058.0,6514549.0,6840299548.0,329.0
2009-07-28,1050.0,1059.0,1050.0,1050.0,1050.0,1050.0,4726366.0,4963095323.0,292.0
2009-07-29,1050.0,1051.0,1050.0,1050.0,1050.0,1050.0,101684640.0,106769127551.0,241.0
2009-08-01,1050.0,1058.0,1045.0,1051.0,1045.0,1050.0,5729065.0,6020384537.0,250.0
2009-08-02,1052.0,1057.0,1052.0,1051.0,1055.0,1051.0,1913039.0,2012941870.0,107.0
2009-08-03,1052.0,1053.0,1051.0,1051.0,1053.0,1051.0,1977788.0,2080731986.0,101.0
2009-08-04,1052.0,1053.0,1051.0,1051.0,1052.0,1051.0,2000695.0,2104728223.0,103.0
2009-08-05,1052.0,1053.0,1050.0,1052.0,1052.0,1051.0,8926666.0,9390050100.0,359.0
2009-08-08,1054.0,1054.0,1052.0,1053.0,1052.0,1052.0,9230221.0,9718649062.0,383.0
2009-08-09,1054.0,1054.0,1036.0,1051.0,1050.0,1053.0,11189999.0,11760617063.0,489.0
2009-08-10,1051.0,1053.0,1040.0,1051.0,1050.0,1051.0,5016000.0,5271216018.0,219.0
2009-08-11,1051.0,1053.0,1030.0,1049.0,1051.0,1051.0,7452724.0,7820316513.0,316.0
2009-08-12,1051.0,1052.0,1032.0,1050.0,1050.0,1049.0,9766705.0,10255418458.0,331.0
2009-08-15,1051.0,1052.0,1049.0,1051.0,1050.0,1050.0,8343521.0,8766802017.0,453.0
2009-08-16,1050.0,1051.0,1040.0,1050.0,1051.0,1051.0,15866999.0,16659629025.0,658.0
2009-08-17,1050.0,1052.0,1048.0,1050.0,1050.0,1050.0,10883442.0,11429987565.0,425.0
2009-08-18,1050.0,1053.0,1048.0,1050.0,1050.0,1050.0,21237549.0,22300116168.0,464.0
2009-08-19,1053.0,1058.0,1050.0,1050.0,1052.0,1050.0,447172.0,470558250.0,27.0
2009-08-22,1050.0,1068.0,1050.0,1051.0,1060.0,1050.0,1025310.0,1083677932.0,57.0
2009-08-23,1050.0,1059.0,1050.0,1051.0,1050.0,1051.0,2126311.0,2233291894.0,103.0
2009-08-24,1050.0,1060.0,1050.0,1051.0,1050.0,1051.0,616093.0,647464256.0,39.0
2009-08-25,1050.0,1061.0,1048.0,1052.0,1050.0,1051.0,1276461.0,1347351007.0,66.0
2009-08-26,1050.0,1052.0,1050.0,1051.0,1050.0,1052.0,2584143.0,2713354208.0,200.0
2009-08-29,1051.0,1060.0,1050.0,1051.0,1050.0,1051.0,841043.0,883609785.0,47.0
2009-08-30,1050.0,1055.0,1050.0,1051.0,1055.0,1051.0,501297.0,526489278.0,40.0
2009-08-31,1059.0,1059.0,1049.0,1050.0,1050.0,1051.0,7287684.0,7652493863.0,295.0
2009-09-01,1050.0,1050.0,1040.0,1050.0,1040.0,1050.0,265660.0,276680544.0,22.0
2009-09-02,1050.0,1051.0,1035.0,1049.0,1050.0,1050.0,761056.0,795827976.0,45.0
2009-09-05,1045.0,1050.0,1036.0,1049.0,1040.0,1049.0,191485.0,199471728.0,27.0
2009-09-06,1045.0,1048.0,1039.0,1049.0,1039.0,1049.0,127948.0,133431127.0,25.0
2009-09-07,1038.0,1050.0,1035.0,1049.0,1038.0,1049.0,333772.0,349541114.0,20.0
2009-09-08,1042.0,1050.0,1042.0,1049.0,1050.0,1049.0,1087018.0,1141130028.0,55.0
2009-09-09,1050.0,1060.0,1050.0,1049.0,1060.0,1049.0,82190.0,86486328.0,22.0
2009-09-13,1049.0,1070.0,1045.0,1050.0,1050.0,1049.0,599131.0,632230169.0,73.0
2009-09-14,1045.0,1069.0,1036.0,1050.0,1041.0,1050.0,185954.0,194654758.0,27.0
2009-09-15,1050.0,1059.0,1044.0,1050.0,1059.0,1050.0,278427.0,292353475.0,26.0
2009-09-16,1059.0,1062.0,1059.0,1050.0,1062.0,1050.0,56727.0,60096659.0,11.0
2009-09-19,1051.0,1060.0,1050.0,1050.0,1050.0,1050.0,195047.0,204889220.0,39.0
2009-09-21,1060.0,1065.0,1050.0,1050.0,1050.0,1050.0,664969.0,698506593.0,116.0
2009-09-22,1062.0,1062.0,1050.0,1050.0,1051.0,1050.0,1516318.0,1592252677.0,55.0
2009-09-23,1054.0,1081.0,1054.0,1056.0,1081.0,1050.0,1057145.0,1139286979.0,54.0
2009-09-26,1087.0,1087.0,1061.0,1070.0,1087.0,1056.0,2460109.0,2673837874.0,93.0
2009-09-27,1096.0,1102.0,1079.0,1100.0,1079.0,1070.0,5250094.0,5773990739.0,253.0
2009-09-28,1100.0,1133.0,1091.0,1131.0,1100.0,1100.0,5525082.0,6247833245.0,48.0
2009-09-29,1150.0,1162.0,1129.0,1158.0,1131.0,1131.0,5878902.0,6806482509.0,257.0
2009-09-30,1142.0,1142.0,1124.0,1156.0,1124.0,1158.0,381433.0,429519513.0,47.0
2009-10-03,1122.0,1147.0,1122.0,1152.0,1132.0,1156.0,698304.0,788125660.0,85.0
2009-10-04,1140.0,1148.0,1121.0,1151.0,1148.0,1152.0,472500.0,538320846.0,46.0
2009-10-05,1143.0,1153.0,1136.0,1151.0,1150.0,1151.0,703529.0,807212799.0,64.0
2009-10-06,1158.0,1185.0,1145.0,1159.0,1170.0,1151.0,6122213.0,7093329548.0,413.0
2009-10-07,1180.0,1180.0,1161.0,1165.0,1180.0,1159.0,2391315.0,2802286681.0,271.0
2009-10-10,1185.0,1199.0,1162.0,1179.0,1199.0,1165.0,2340490.0,2798019059.0,205.0
2009-10-11,1181.0,1189.0,1160.0,1179.0,1167.0,1179.0,591796.0,695166345.0,56.0
2009-10-12,1167.0,1167.0,1144.0,1163.0,1144.0,1179.0,2485286.0,2844876260.0,197.0
2009-10-13,1163.0,1189.0,1163.0,1165.0,1170.0,1163.0,3017538.0,3522039972.0,189.0
2009-10-17,1183.0,1189.0,1165.0,1167.0,1180.0,1165.0,1635360.0,1914666330.0,82.0
2009-10-18,1171.0,1179.0,1168.0,1168.0,1168.0,1167.0,2818457.0,3293709906.0,127.0
2009-10-19,1170.0,1190.0,1170.0,1175.0,1185.0,1168.0,631051535.0,741627375955.0,63.0
2009-10-20,1188.0,1210.0,1188.0,1191.0,1200.0,1175.0,83173825.0,99091001140.0,149.0
2009-10-21,1194.0,1226.0,1194.0,1194.0,1211.0,1191.0,656810.0,799689368.0,76.0
2009-10-24,1200.0,1229.0,1200.0,1198.0,1220.0,1194.0,667827.0,817354278.0,43.0
2009-10-25,1233.0,1233.0,1230.0,1232.0,1233.0,1198.0,5290000.0,6516345000.0,167.0
2009-10-26,1268.0,1268.0,1267.0,1268.0,1268.0,1232.0,9451040.0,11983716848.0,461.0
2009-10-27,1296.0,1306.0,1268.0,1289.0,1302.0,1268.0,3370328.0,4381375284.0,244.0
2009-10-28,1300.0,1327.0,1299.0,1326.0,1327.0,1289.0,12790439.0,16965723629.0,585.0
2009-10-31,1365.0,1365.0,1330.0,1365.0,1365.0,1326.0,13086460.0,17862642900.0,717.0
2009-11-01,1402.0,1405.0,1378.0,1404.0,1405.0,1365.0,17959177.0,25209755708.0,917.0
2009-11-02,1428.0,1439.0,1362.0,1398.0,1362.0,1404.0,1535913.0,2125850812.0,164.0
2009-11-03,1357.0,1357.0,1357.0,1397.0,1357.0,1398.0,109319.0,148345883.0,5.0
2009-11-04,1356.0,1356.0,1356.0,1396.0,1356.0,1397.0,162880.0,220865280.0,8.0
2009-11-07,1348.0,1357.0,1348.0,1348.0,1348.0,1396.0,6547238.0,8827270200.0,275.0
2009-11-08,1348.0,1365.0,1314.0,1348.0,1348.0,1348.0,17123780.0,23080383123.0,557.0
2009-11-09,1340.0,1340.0,1301.0,1346.0,1301.0,1348.0,247058.0,326963225.0,52.0
2009-11-10,1299.0,1299.0,1299.0,1346.0,1299.0,1346.0,34369.0,44645331.0,5.0
2009-11-11,1299.0,1299.0,1299.0,1345.0,1299.0,1346.0,66662.0,86593938.0,5.0
2009-11-14,1298.0,1298.0,1298.0,1345.0,1298.0,1345.0,23355.0,30314790.0,3.0
2009-11-16,1298.0,1298.0,1298.0,1345.0,1298.0,1345.0,2678.0,3476044.0,2.0
2009-11-18,1298.0,1298.0,1298.0,1345.0,1298.0,1345.0,5440.0,7061120.0,4.0
2009-11-22,1298.0,1298.0,1298.0,1326.0,1298.0,1345.0,1605420.0,2083835160.0,96.0
2009-11-23,1280.0,1280.0,1280.0,1323.0,1280.0,1326.0,250000.0,320000000.0,22.0
2009-11-24,1277.0,1277.0,1277.0,1322.0,1277.0,1323.0,108393.0,138417861.0,9.0
2009-11-25,1276.0,1276.0,1276.0,1321.0,1276.0,1322.0,81000.0,103356000.0,4.0
2009-11-29,1275.0,1275.0,1275.0,1320.0,1275.0,1321.0,65740.0,83818500.0,14.0
2009-11-30,1274.0,1274.0,1274.0,1319.0,1274.0,1320.0,50000.0,63700000.0,1.0
2009-12-01,1273.0,1273.0,1273.0,1317.0,1273.0,1319.0,205460.0,261550580.0,6.0
2009-12-02,1271.0,1271.0,1271.0,1315.0,1271.0,1317.0,178144.0,226421024.0,7.0
2009-12-05,1269.0,1269.0,1269.0,1313.0,1269.0,1315.0,201960.0,256287240.0,13.0
2009-12-07,1268.0,1268.0,1268.0,1312.0,1268.0,1313.0,50392.0,63897056.0,2.0
2009-12-08,1267.0,1267.0,1267.0,1302.0,1267.0,1312.0,856607.0,1085321069.0,40.0
2009-12-09,1257.0,1257.0,1257.0,1299.0,1257.0,1302.0,251000.0,315507000.0,10.0
2009-12-12,1254.0,1254.0,1254.0,1297.0,1254.0,1299.0,200000.0,250800000.0,8.0
2009-12-13,1252.0,1252.0,1252.0,1296.0,1252.0,1297.0,100000.0,125200000.0,2.0
2009-12-14,1251.0,1251.0,1251.0,1294.0,1251.0,1296.0,150795.0,188644545.0,4.0
2009-12-15,1249.0,1249.0,1249.0,1292.0,1249.0,1294.0,208380.0,260266620.0,8.0
2009-12-16,1247.0,1247.0,1247.0,1283.0,1247.0,1292.0,800000.0,997600000.0,29.0
2009-12-19,1239.0,1239.0,1239.0,1270.0,1239.0,1283.0,1151510.0,1426720890.0,37.0
2009-12-20,1226.0,1226.0,1226.0,1269.0,1226.0,1270.0,130000.0,159380000.0,5.0
2009-12-21,1225.0,1225.0,1225.0,1266.0,1225.0,1269.0,300000.0,367500000.0,19.0
2009-12-22,1222.0,1222.0,1222.0,1263.0,1222.0,1266.0,300000.0,366600000.0,7.0
2009-12-23,1219.0,1219.0,1219.0,1262.0,1219.0,1263.0,100000.0,121900000.0,2.0
2009-12-28,1218.0,1218.0,1218.0,1261.0,1218.0,1262.0,100000.0,121800000.0,2.0
2009-12-29,1217.0,1217.0,1217.0,1256.0,1217.0,1261.0,404900.0,492763300.0,10.0
2009-12-30,1213.0,1213.0,1213.0,1251.0,1213.0,1256.0,429105.0,520504365.0,28.0
2010-01-02,1208.0,1208.0,1208.0,1244.0,1208.0,1251.0,631520.0,762876160.0,22.0
2010-01-03,1201.0,1201.0,1201.0,1233.0,1201.0,1244.0,1000000.0,1201000000.0,92.0
2010-01-04,1190.0,1190.0,1190.0,1219.0,1190.0,1233.0,1262842.0,1502781980.0,75.0
2010-01-05,1177.0,1183.0,1177.0,1200.0,1177.0,1219.0,1820893.0,2143314551.0,141.0
2010-01-06,1159.0,1208.0,1159.0,1200.0,1181.0,1200.0,1439306.0,1725716650.0,41.0
2010-01-09,1200.0,1242.0,1200.0,1200.0,1205.0,1200.0,343787272.0,412549838640.0,53.0
2010-01-10,1211.0,1225.0,1200.0,1201.0,1220.0,1200.0,249929.0,301996826.0,31.0
2010-01-11,1191.0,1220.0,1191.0,1202.0,1205.0,1201.0,395581.0,477492394.0,94.0
2010-01-12,1210.0,1210.0,1196.0,1202.0,1196.0,1202.0,388651.0,466877895.0,40.0
2010-01-13,1194.0,1203.0,1180.0,1201.0,1203.0,1202.0,454295.0,543740383.0,35.0
2010-01-16,1201.0,1212.0,1201.0,1202.0,1203.0,1201.0,662634.0,798181090.0,28.0
2010-01-17,1230.0,1244.0,1219.0,1206.0,1220.0,1202.0,422116.0,521326677.0,29.0
2010-01-18,1230.0,1240.0,1203.0,1210.0,1206.0,1206.0,1318877.0,1606988022.0,60.0
2010-01-19,1205.0,1219.0,1200.0,1210.0,1212.0,1210.0,220000.0,266214688.0,17.0
2010-01-20,1212.0,1238.0,1212.0,1211.0,1235.0,1210.0,170120.0,209781500.0,20.0
2010-01-23,1230.0,1253.0,1230.0,1218.0,1237.0,1211.0,827061.0,1030278668.0,59.0
2010-01-24,1236.0,1260.0,1236.0,1228.0,1259.0,1218.0,991070.0,1248235370.0,60.0
2010-01-25,1250.0,1270.0,1248.0,1260.0,1258.0,1228.0,378641945.0,477086488864.0,72.0
2010-01-26,1269.0,1270.0,1222.0,1244.0,1240.0,1260.0,12839390.0,15969481555.0,205.0
2010-01-27,1208.0,1240.0,1208.0,1243.0,1220.0,1244.0,164516.0,200478432.0,24.0
2010-01-30,1219.0,1228.0,1214.0,1242.0,1214.0,1243.0,136746.0,166253267.0,18.0
2010-01-31,1215.0,1268.0,1209.0,1268.0,1216.0,1242.0,140696326.0,178393905662.0,77.0
2010-02-01,1226.0,1259.0,1226.0,1266.0,1239.0,1268.0,328791.0,407716157.0,41.0
2010-02-02,1222.0,1238.0,1222.0,1266.0,1238.0,1266.0,48077.0,58944347.0,12.0
2010-02-03,1248.0,1248.0,1232.0,1264.0,1234.0,1266.0,207209.0,255817191.0,21.0
2010-02-06,1245.0,1245.0,1235.0,1257.0,1238.0,1264.0,1016105.0,1257540583.0,51.0
2010-02-07,1232.0,1239.0,1223.0,1256.0,1223.0,1257.0,135586.0,166222422.0,22.0
2010-02-08,1215.0,1220.0,1214.0,1255.0,1215.0,1256.0,95789.0,116392997.0,17.0
2010-02-09,1214.0,1240.0,1214.0,1254.0,1240.0,1255.0,155241.0,191287098.0,17.0
2010-02-10,1215.0,1250.0,1215.0,1253.0,1250.0,1254.0,384066.0,477262354.0,24.0
2010-02-14,1241.0,1270.0,1241.0,1253.0,1270.0,1253.0,42207.0,53154482.0,12.0
2010-02-16,1265.0,1280.0,1260.0,1265.0,1270.0,1253.0,1803779.0,2306064501.0,64.0
2010-02-17,1265.0,1265.0,1260.0,1265.0,1260.0,1265.0,66095.0,83510175.0,4.0
2010-02-21,1280.0,1300.0,1270.0,1281.0,1285.0,1265.0,1294100.0,1657617130.0,66.0
2010-02-22,1292.0,1320.0,1287.0,1283.0,1303.0,1281.0,422357.0,547470696.0,49.0
2010-02-23,1296.0,1327.0,1295.0,1296.0,1327.0,1283.0,1282803.0,1696582361.0,78.0
2010-02-24,1300.0,1341.0,1296.0,1297.0,1340.0,1296.0,12212353.0,15843203604.0,52.0
2010-02-27,1325.0,1342.0,1310.0,1303.0,1332.0,1297.0,631999.0,843812295.0,67.0
2010-02-28,1342.0,1342.0,1322.0,1304.0,1340.0,1303.0,175509.0,234460855.0,29.0
2010-03-01,1316.0,1349.0,1316.0,1349.0,1349.0,1304.0,5058632.0,6822471197.0,158.0
2010-03-02,1395.0,1395.0,1384.0,1358.0,1390.0,1349.0,798038.0,1111774868.0,72.0
2010-03-03,1390.0,1396.0,1367.0,1361.0,1389.0,1358.0,423786.0,589092225.0,39.0
2010-03-06,1356.0,1407.0,1356.0,1381.0,1380.0,1361.0,2382557.0,3322845522.0,98.0
2010-03-07,1380.0,1382.0,1362.0,1381.0,1368.0,1381.0,124748.0,170649489.0,26.0
2010-03-08,1380.0,1380.0,1333.0,1379.0,1339.0,1381.0,196000.0,263907087.0,27.0
2010-03-09,1367.0,1367.0,1331.0,1377.0,1335.0,1379.0,177077.0,236818123.0,32.0
2010-03-10,1340.0,1367.0,1335.0,1371.0,1355.0,1377.0,771082.0,1037882601.0,74.0
2010-03-13,1360.0,1360.0,1340.0,1369.0,1344.0,1371.0,323779.0,436674059.0,32.0
2010-03-14,1340.0,1350.0,1333.0,1367.0,1340.0,1369.0,249324.0,334138068.0,26.0
2010-03-15,1350.0,1370.0,1330.0,1366.0,1331.0,1367.0,476932.0,648830128.0,52.0
2010-03-16,1330.0,1345.0,1330.0,1365.0,1340.0,1366.0,143227.0,191967495.0,27.0
2010-03-17,1365.0,1380.0,1360.0,1365.0,1380.0,1365.0,961631.0,1312875960.0,8.0
2010-03-28,1399.0,1399.0,1370.0,1366.0,1389.0,1365.0,118245.0,163973129.0,8.0
2010-03-29,1390.0,1390.0,1370.0,1368.0,1390.0,1366.0,325236.0,450544702.0,34.0
2010-03-30,1390.0,1399.0,1387.0,1373.0,1395.0,1368.0,769099.0,1071058061.0,87.0
2010-03-31,1380.0,1400.0,1380.0,1374.0,1392.0,1373.0,200995.0,280204843.0,16.0
2010-04-03,1412.0,1422.0,1400.0,1380.0,1405.0,1374.0,522006.0,740991762.0,38.0
2010-04-04,1422.0,1428.0,1405.0,1427.0,1415.0,1380.0,6061098.0,8649576458.0,123.0
2010-04-05,1415.0,1475.0,1403.0,1426.0,1440.0,1427.0,629413.0,895345725.0,37.0
2010-04-06,1468.0,1475.0,1427.0,1440.0,1475.0,1426.0,1509627.0,2207390857.0,93.0
2010-04-07,1470.0,1490.0,1470.0,1486.0,1490.0,1440.0,3587970.0,5345975300.0,115.0
2010-04-10,1538.0,1538.0,1500.0,1535.0,1538.0,1486.0,18052817.0,27711886846.0,516.0
2010-04-11,1588.0,1588.0,1581.0,1588.0,1588.0,1535.0,9029198.0,14336727060.0,272.0
2010-04-12,1619.0,1619.0,1533.0,1544.0,1533.0,1588.0,3913676.0,6041442634.0,265.0
2010-04-13,1535.0,1589.0,1490.0,1525.0,1490.0,1544.0,1911907.0,2876981008.0,83.0
2010-04-14,1472.0,1490.0,1472.0,1497.0,1473.0,1525.0,2152398.0,3172242159.0,99.0
2010-04-17,1445.0,1445.0,1445.0,1491.0,1445.0,1497.0,483678.0,698914710.0,28.0
2010-04-18,1445.0,1488.0,1439.0,1475.0,1488.0,1491.0,1544244.0,2241347206.0,63.0
2010-04-19,1480.0,1526.0,1480.0,1490.0,1526.0,1475.0,1239563.0,1888450033.0,79.0
2010-04-20,1520.0,1530.0,1440.0,1487.0,1444.0,1490.0,487675.0,716120351.0,44.0
2010-04-21,1442.0,1537.0,1442.0,1485.0,1460.0,1487.0,396522.0,582722727.0,26.0
2010-04-24,1447.0,1477.0,1434.0,1451.0,1434.0,1485.0,2754318.0,3955903336.0,99.0
2010-04-25,1420.0,1480.0,1403.0,1454.0,1450.0,1451.0,1470213.0,2143753822.0,24.0
2010-04-26,1408.0,1454.0,1408.0,1453.0,1454.0,1454.0,223358.0,321456904.0,20.0
2010-04-27,1430.0,1503.0,1430.0,1498.0,1503.0,1453.0,5158903.0,7725496913.0,151.0
2010-04-28,1530.0,1550.0,1502.0,1549.0,1540.0,1498.0,7352806.0,11386752178.0,355.0
2010-05-01,1550.0,1560.0,1495.0,1548.0,1550.0,1549.0,880084.0,1359419055.0,66.0
2010-05-02,1553.0,1553.0,1495.0,1546.0,1530.0,1548.0,411998.0,628436030.0,33.0
2010-05-03,1539.0,1600.0,1503.0,1552.0,1553.0,1546.0,847965.0,1332723096.0,78.0
2010-05-04,1520.0,1570.0,1520.0,1555.0,1550.0,1552.0,1805735.0,2814711794.0,84.0
2010-05-05,1584.0,1600.0,1540.0,1561.0,1571.0,1555.0,1972761.0,3089482272.0,93.0
2010-05-08,1565.0,1615.0,1531.0,1570.0,1585.0,1561.0,1060966.0,1691039392.0,77.0
2010-05-09,1599.0,1624.0,1599.0,1620.0,1624.0,1570.0,12417983.0,20119997284.0,330.0
2010-05-10,1620.0,1676.0,1620.0,1635.0,1660.0,1620.0,1469229.0,2440455335.0,131.0
2010-05-11,1679.0,1689.0,1630.0,1662.0,1640.0,1635.0,3201800.0,5341939464.0,98.0
2010-05-12,1604.0,1658.0,1604.0,1649.0,1617.0,1662.0,1662793.0,2714172247.0,48.0
2010-05-23,1780.0,1780.0,1718.0,1730.0,1718.0,1649.0,2774546.0,4798970028.0,66.0
2010-05-24,1670.0,1719.0,1670.0,1672.0,1670.0,1730.0,9772025.0,16342061139.0,307.0
2010-05-25,1626.0,1700.0,1626.0,1671.0,1653.0,1672.0,513361.0,853643516.0,54.0
2010-05-26,1617.0,1690.0,1617.0,1659.0,1650.0,1671.0,2704103.0,4472370256.0,127.0
2010-05-29,1659.0,1660.0,1601.0,1619.0,1614.0,1659.0,3312330.0,5339674170.0,118.0
2010-05-30,1619.0,1649.0,1571.0,1618.0,1582.0,1619.0,3649959.0,5906832326.0,51.0
2010-05-31,1573.0,1630.0,1573.0,1600.0,1598.0,1618.0,4064750.0,6502830400.0,70.0
2010-06-01,1617.0,1625.0,1601.0,1608.0,1625.0,1600.0,1652868.0,2675732116.0,49.0
2010-06-02,1630.0,1635.0,1608.0,1609.0,1608.0,1608.0,10026894.0,16133618898.0,117.0
2010-06-06,1563.0,1630.0,1563.0,1610.0,1627.0,1609.0,244519.0,395621341.0,31.0
2010-06-07,1620.0,1630.0,1590.0,1610.0,1609.0,1610.0,485859.0,781056917.0,35.0
2010-06-08,1610.0,1628.0,1579.0,1610.0,1588.0,1610.0,165352.0,264959546.0,21.0
2010-06-09,1600.0,1600.0,1554.0,1600.0,1555.0,1610.0,1290320.0,2036280995.0,47.0
2010-06-12,1545.0,1600.0,1545.0,1599.0,1550.0,1600.0,77518.0,121293698.0,19.0
2010-06-13,1600.0,1608.0,1600.0,1599.0,1605.0,1599.0,248657.0,398458998.0,30.0
2010-06-14,1610.0,1620.0,1587.0,1599.0,1600.0,1599.0,1254496.0,2006825407.0,86.0
2010-06-15,1600.0,1609.0,1586.0,1599.0,1600.0,1599.0,892777.0,1427210642.0,77.0
2010-06-16,1604.0,1610.0,1580.0,1598.0,1580.0,1599.0,488842.0,779619245.0,37.0
2010-06-19,1600.0,1600.0,1543.0,1544.0,1559.0,1598.0,115354338.0,178094786800.0,267.0
2010-06-20,1581.0,1598.0,1581.0,1556.0,1598.0,1544.0,909724.0,1453554435.0,41.0
2010-06-21,1610.0,1610.0,1580.0,1585.0,1590.0,1556.0,2392294.0,3838163829.0,115.0
2010-06-22,1639.0,1640.0,1600.0,1614.0,1600.0,1585.0,2886546.0,4688225831.0,113.0
2010-06-23,1630.0,1669.0,1630.0,1633.0,1630.0,1614.0,2312169.0,3804598819.0,70.0
2010-06-27,1626.0,1650.0,1620.0,1633.0,1649.0,1633.0,224511.0,368201393.0,25.0
2010-06-28,1645.0,1645.0,1620.0,1622.0,1620.0,1633.0,5270725.0,8551353257.0,80.0
2010-06-29,1654.0,1670.0,1600.0,1618.0,1629.0,1622.0,1306207.0,2101769755.0,33.0
2010-06-30,1651.0,1652.0,1606.0,1620.0,1618.0,1618.0,372788.0,610310907.0,39.0
2010-07-03,1670.0,1680.0,1645.0,1623.0,1653.0,1620.0,268517.0,446689376.0,24.0
2010-07-04,1650.0,1650.0,1600.0,1624.0,1620.0,1623.0,906919.0,1476237180.0,61.0
2010-07-05,1650.0,1650.0,1630.0,1625.0,1648.0,1624.0,177765.0,291994968.0,27.0
2010-07-06,1630.0,1649.0,1626.0,1629.0,1649.0,1625.0,838985.0,1377194375.0,83.0
2010-07-07,1659.0,1687.0,1650.0,1663.0,1658.0,1629.0,9581483.0,15932286773.0,379.0
2010-07-28,1401.0,1457.0,1401.0,1427.0,1457.0,1345.0,5236577.0,7474392707.0,109.0
2010-07-31,1470.0,1484.0,1442.0,1477.0,1463.0,1427.0,6813490.0,10061809397.0,423.0
2010-08-01,1460.0,1497.0,1421.0,1461.0,1423.0,1477.0,3148070.0,4587340673.0,181.0
2010-08-02,1470.0,1498.0,1430.0,1457.0,1437.0,1461.0,4047054.0,5898033098.0,131.0
2010-08-03,1460.0,1480.0,1440.0,1456.0,1477.0,1457.0,4785787.0,6965784972.0,324.0
2010-08-04,1469.0,1480.0,1450.0,1460.0,1459.0,1456.0,3757484.0,5487011008.0,192.0
2010-08-07,1476.0,1476.0,1450.0,1460.0,1460.0,1460.0,2088140.0,3050107096.0,159.0
2010-08-08,1479.0,1490.0,1465.0,1466.0,1470.0,1460.0,1671951.0,2462719507.0,84.0
2010-08-09,1481.0,1495.0,1470.0,1470.0,1478.0,1466.0,1042905.0,1545011460.0,68.0
2010-08-10,1495.0,1510.0,1484.0,1480.0,1502.0,1470.0,1464540.0,2194004821.0,125.0
2010-08-11,1539.0,1539.0,1538.0,1539.0,1539.0,1480.0,29148703.0,44859603917.0,898.0
2010-08-14,1580.0,1595.0,1545.0,1582.0,1550.0,1539.0,47236400.0,74716065404.0,428.0
2010-08-15,1578.0,1580.0,1540.0,1569.0,1575.0,1582.0,3385202.0,5304875232.0,328.0
2010-08-16,1564.0,1589.0,1564.0,1573.0,1570.0,1569.0,4863184.0,7649895257.0,217.0
2010-08-17,1590.0,1629.0,1572.0,1594.0,1590.0,1573.0,6613357.0,10540003402.0,351.0
2010-08-18,1602.0,1657.0,1602.0,1654.0,1657.0,1594.0,6402598.0,10592970927.0,489.0
2010-08-21,1720.0,1720.0,1600.0,1683.0,1655.0,1654.0,8669566.0,14591124859.0,453.0
2010-08-22,1675.0,1675.0,1616.0,1657.0,1650.0,1683.0,2083353.0,3404347229.0,173.0
2010-08-23,1679.0,1699.0,1633.0,1664.0,1650.0,1657.0,1445497.0,2422067908.0,144.0
2010-08-24,1666.0,1677.0,1620.0,1647.0,1620.0,1664.0,2041627.0,3329289318.0,122.0
2010-08-25,1646.0,1669.0,1626.0,1643.0,1640.0,1647.0,3091412.0,5075534668.0,164.0
2010-08-28,1640.0,1677.0,1640.0,1658.0,1675.0,1643.0,2946859.0,4900387878.0,187.0
2010-08-29,1656.0,1724.0,1656.0,1700.0,1693.0,1658.0,3442882.0,5871632551.0,246.0
2010-08-30,1730.0,1760.0,1710.0,1722.0,1718.0,1700.0,2398683.0,4163362342.0,156.0
2010-08-31,1710.0,1750.0,1690.0,1711.0,1695.0,1722.0,1969740.0,3350456421.0,172.0
2010-09-04,1717.0,1775.0,1686.0,1746.0,1759.0,1711.0,3946315.0,6891602816.0,218.0
2010-09-05,1758.0,1766.0,1710.0,1742.0,1740.0,1746.0,2376768.0,4133026177.0,199.0
2010-09-06,1715.0,1745.0,1709.0,1726.0,1710.0,1742.0,3404786.0,5869557080.0,209.0
2010-09-07,1710.0,1715.0,1677.0,1715.0,1690.0,1726.0,1413618.0,2395022581.0,91.0
2010-09-08,1730.0,1730.0,1676.0,1711.0,1683.0,1715.0,1063401.0,1806463369.0,81.0
2010-09-12,1699.0,1720.0,1681.0,1708.0,1720.0,1711.0,1284338.0,2186294578.0,111.0
2010-09-13,1720.0,1729.0,1691.0,1707.0,1699.0,1708.0,1836637.0,3131328330.0,120.0
2010-09-14,1690.0,1739.0,1681.0,1713.0,1739.0,1707.0,1764839.0,3035413629.0,131.0
2010-09-15,1741.0,1775.0,1740.0,1733.0,1740.0,1713.0,1771100.0,3111739043.0,155.0
2010-09-18,1740.0,1756.0,1715.0,1734.0,1738.0,1733.0,987983.0,1717238679.0,117.0
2010-09-19,1730.0,1730.0,1681.0,1696.0,1681.0,1734.0,3388718.0,5726588247.0,173.0
2010-09-20,1680.0,1680.0,1636.0,1682.0,1645.0,1696.0,1275398.0,2107857828.0,74.0
2010-09-21,1617.0,1729.0,1616.0,1678.0,1705.0,1682.0,1432217.0,2394909194.0,99.0
2010-09-22,1720.0,1730.0,1670.0,1681.0,1700.0,1678.0,673302.0,1142947112.0,64.0
2010-09-25,1709.0,1710.0,1697.0,1684.0,1701.0,1681.0,632695.0,1076273988.0,65.0
2010-09-26,1730.0,1730.0,1685.0,1693.0,1705.0,1684.0,2361053.0,4009483335.0,105.0
2010-09-27,1720.0,1730.0,1699.0,1702.0,1730.0,1693.0,7506338.0,12772135003.0,107.0
2010-09-28,1710.0,1750.0,1710.0,1707.0,1748.0,1702.0,721437.0,1248200172.0,77.0
2010-09-29,1725.0,1775.0,1713.0,1740.0,1775.0,1707.0,2191163.0,3869004201.0,179.0
2010-10-02,1779.0,1809.0,1770.0,1797.0,1809.0,1740.0,3435274.0,6201281803.0,156.0
2010-10-03,1868.0,1868.0,1867.0,1868.0,1868.0,1797.0,29487342.0,55082203855.0,932.0
2010-10-05,1872.0,1920.0,1868.0,1885.0,1907.0,1868.0,16676101.0,31440310445.0,424.0
2010-10-06,1886.0,1960.0,1886.0,1952.0,1920.0,1885.0,12353989.0,24120094046.0,618.0
2010-10-09,1980.0,1980.0,1887.0,1921.0,1910.0,1952.0,4430741.0,8513219701.0,286.0
2010-10-10,1900.0,1903.0,1845.0,1852.0,1860.0,1921.0,5480520.0,10151156300.0,295.0
2010-10-11,1806.0,1911.0,1806.0,1887.0,1886.0,1852.0,4072393.0,7683775451.0,313.0
2010-10-12,1886.0,1901.0,1812.0,1833.0,1812.0,1887.0,3547076.0,6482459338.0,219.0
2010-10-13,1828.0,1828.0,1760.0,1781.0,1764.0,1833.0,3094766.0,5467759989.0,214.0
2010-10-16,1776.0,1852.0,1776.0,1845.0,1850.0,1781.0,4317242.0,7964999832.0,297.0
2010-10-17,1870.0,1879.0,1851.0,1855.0,1860.0,1845.0,1776789.0,3316063341.0,143.0
2010-10-18,1877.0,1918.0,1870.0,1888.0,1883.0,1855.0,3246300.0,6152317314.0,198.0
2010-10-19,1900.0,1900.0,1840.0,1844.0,1841.0,1888.0,3911035.0,7211540471.0,140.0
2010-10-20,1855.0,1879.0,1811.0,1842.0,1820.0,1844.0,862077.0,1581829786.0,87.0
2010-10-23,1840.0,1880.0,1810.0,1840.0,1820.0,1842.0,892208.0,1635186882.0,75.0
2010-10-24,1855.0,1855.0,1767.0,1822.0,1767.0,1840.0,1172785.0,2086600042.0,111.0
2010-10-25,1751.0,1789.0,1750.0,1799.0,1756.0,1822.0,1403823.0,2469007387.0,110.0
2010-10-26,1780.0,1820.0,1740.0,1793.0,1752.0,1799.0,1262161.0,2247498647.0,91.0
2010-10-27,1761.0,1810.0,1761.0,1792.0,1797.0,1793.0,392179.0,700120322.0,41.0
2010-10-30,1790.0,1830.0,1773.0,1791.0,1779.0,1792.0,722529.0,1292764881.0,89.0
2010-10-31,1810.0,1815.0,1740.0,1786.0,1745.0,1791.0,805140.0,1424018365.0,79.0
2010-11-01,1787.0,1790.0,1749.0,1781.0,1760.0,1786.0,841593.0,1482216427.0,67.0
2010-11-02,1760.0,1799.0,1750.0,1780.0,1790.0,1781.0,514619.0,911354510.0,59.0
2010-11-03,1753.0,1795.0,1753.0,1782.0,1782.0,1780.0,1082334.0,1932923616.0,71.0
2010-11-06,1783.0,1825.0,1783.0,1791.0,1802.0,1782.0,1643196.0,2964646424.0,107.0
2010-11-07,1800.0,1805.0,1780.0,1794.0,1800.0,1791.0,1360229.0,2447757348.0,96.0
2010-11-08,1794.0,1810.0,1786.0,1797.0,1803.0,1794.0,2011495.0,3619907368.0,120.0
2010-11-09,1801.0,1819.0,1780.0,1797.0,1800.0,1797.0,386745.0,695519547.0,38.0
2010-11-10,1811.0,1811.0,1780.0,1795.0,1800.0,1797.0,2147107.0,3850414280.0,117.0
2010-11-13,1790.0,1800.0,1786.0,1796.0,1791.0,1795.0,1203905.0,2166050261.0,73.0
2010-11-14,1791.0,1800.0,1780.0,1796.0,1780.0,1796.0,863179.0,1550271098.0,70.0
2010-11-15,1795.0,1799.0,1771.0,1792.0,1780.0,1796.0,1143304.0,2036838991.0,87.0
2010-11-16,1772.0,1795.0,1770.0,1789.0,1795.0,1792.0,830059.0,1477079256.0,71.0
2010-11-20,1790.0,1795.0,1780.0,1789.0,1790.0,1789.0,328941.0,588114011.0,45.0
2010-11-21,1790.0,1799.0,1760.0,1789.0,1790.0,1789.0,862052.0,1540532057.0,61.0
2010-11-22,1780.0,1840.0,1780.0,1800.0,1812.0,1789.0,2933002.0,5290413406.0,90.0
2010-11-23,1828.0,1830.0,1801.0,1804.0,1825.0,1800.0,611494.0,1116524844.0,68.0
2010-11-24,1791.0,1836.0,1791.0,1809.0,1824.0,1804.0,987367.0,1800299477.0,53.0
2010-11-27,1823.0,1859.0,1823.0,1818.0,1852.0,1809.0,853333.0,1580344025.0,64.0
2010-11-28,1850.0,1889.0,1846.0,1842.0,1889.0,1818.0,2093503.0,3901429142.0,106.0
2010-11-29,1855.0,1886.0,1855.0,1865.0,1870.0,1842.0,3417370.0,6385938970.0,71.0
2010-11-30,1880.0,1885.0,1860.0,1870.0,1870.0,1865.0,6180367.0,11558392469.0,196.0
2010-12-01,1863.0,1920.0,1863.0,1876.0,1920.0,1870.0,6486513.0,12169013512.0,153.0
2010-12-04,1922.0,1922.0,1876.0,1877.0,1882.0,1876.0,394082.0,742848234.0,44.0
2010-12-05,1879.0,1899.0,1870.0,1876.0,1870.0,1877.0,1380237.0,2585147644.0,82.0
2010-12-06,1880.0,1880.0,1863.0,1875.0,1878.0,1876.0,3319206.0,6220958804.0,112.0
2010-12-07,1874.0,1880.0,1866.0,1875.0,1876.0,1875.0,3127820.0,5864011436.0,87.0
2010-12-08,1876.0,1880.0,1870.0,1875.0,1870.0,1875.0,649660.0,1216852969.0,50.0
2010-12-11,1870.0,1890.0,1865.0,1876.0,1880.0,1875.0,830930.0,1563020852.0,55.0
2010-12-12,1871.0,1899.0,1871.0,1876.0,1877.0,1876.0,411072.0,773042305.0,51.0
2010-12-13,1889.0,1889.0,1861.0,1874.0,1870.0,1876.0,1308336.0,2447267740.0,64.0
2010-12-14,1875.0,1880.0,1870.0,1874.0,1874.0,1874.0,1788921.0,3351506565.0,72.0
2010-12-18,1874.0,1874.0,1851.0,1872.0,1851.0,1874.0,1889516.0,3531426819.0,104.0
2010-12-19,1851.0,1870.0,1801.0,1869.0,1803.0,1872.0,1369158.0,2550525650.0,116.0
2010-12-20,1845.0,1851.0,1830.0,1861.0,1837.0,1869.0,1198777.0,2209059857.0,50.0
2010-12-21,1840.0,1850.0,1801.0,1852.0,1820.0,1861.0,666406.0,1205430821.0,74.0
2010-12-22,1820.0,1849.0,1810.0,1849.0,1813.0,1852.0,440149.0,802356087.0,37.0
2010-12-25,1811.0,1849.0,1811.0,1847.0,1848.0,1849.0,2049883.0,3783257552.0,118.0
2010-12-26,1836.0,1850.0,1836.0,1845.0,1850.0,1847.0,3442509.0,6351613557.0,129.0
2010-12-27,1843.0,1843.0,1782.0,1827.0,1782.0,1845.0,2367633.0,4296082347.0,118.0
2010-12-28,1800.0,1835.0,1800.0,1827.0,1820.0,1827.0,731215.0,1335526676.0,43.0
2010-12-29,1809.0,1829.0,1799.0,1825.0,1805.0,1827.0,2042417.0,3723660986.0,69.0
2011-01-01,1801.0,1819.0,1791.0,1800.0,1800.0,1825.0,6569435.0,11826623233.0,140.0
2011-01-02,1790.0,1830.0,1790.0,1802.0,1830.0,1800.0,304326.0,553965533.0,33.0
2011-01-03,1830.0,1840.0,1816.0,1804.0,1826.0,1802.0,301815.0,551641271.0,31.0
2011-01-04,1836.0,1836.0,1822.0,1808.0,1830.0,1804.0,644372.0,1177558789.0,55.0
2011-01-05,1830.0,1848.0,1817.0,1822.0,1826.0,1808.0,2610788.0,4776967829.0,116.0
2011-01-08,1847.0,1875.0,1830.0,1830.0,1833.0,1822.0,1162702.0,2148333203.0,95.0
2011-01-09,1840.0,1847.0,1820.0,1834.0,1820.0,1830.0,2960028.0,5431394187.0,133.0
2011-01-10,1839.0,1869.0,1802.0,1830.0,1810.0,1834.0,2262720.0,4134103227.0,131.0
2011-01-11,1818.0,1830.0,1810.0,1825.0,1827.0,1830.0,2625421.0,4786657223.0,96.0
2011-01-12,1821.0,1830.0,1807.0,1824.0,1830.0,1825.0,363045.0,659157205.0,50.0
2011-01-15,1830.0,1835.0,1800.0,1808.0,1800.0,1824.0,4347776.0,7860595080.0,152.0
2011-01-16,1800.0,1849.0,1800.0,1822.0,1824.0,1808.0,4139384.0,7544018601.0,156.0
2011-01-17,1820.0,1832.0,1810.0,1816.0,1810.0,1822.0,3123358.0,5668566024.0,126.0
2011-01-18,1801.0,1833.0,1800.0,1810.0,1810.0,1816.0,2468462.0,4459778102.0,113.0
2011-01-19,1802.0,1882.0,1801.0,1876.0,1882.0,1810.0,8008106.0,15020702879.0,288.0
2011-01-22,1951.0,1951.0,1950.0,1951.0,1951.0,1876.0,11012186.0,21484724886.0,332.0
2011-01-23,2029.0,2029.0,1970.0,2023.0,1995.0,1951.0,37936990.0,76763365251.0,1406.0
2011-01-24,2001.0,2012.0,1970.0,1992.0,2000.0,2023.0,8961222.0,17848108251.0,501.0
2011-01-26,1992.0,2020.0,1945.0,1985.0,1975.0,1992.0,3844662.0,7632972396.0,315.0
2011-01-29,1999.0,2000.0,1986.0,1991.0,1990.0,1985.0,2872786.0,5726741047.0,202.0
2011-01-30,1998.0,2005.0,1987.0,1993.0,1990.0,1991.0,2591342.0,5169044145.0,168.0
2011-01-31,2000.0,2000.0,1980.0,1993.0,1991.0,1993.0,1712819.0,3415132838.0,143.0
2011-02-01,1999.0,2025.0,1991.0,2002.0,2025.0,1993.0,4427625.0,8864538284.0,285.0
2011-02-05,2012.0,2060.0,2012.0,2025.0,2040.0,2002.0,2576760.0,5248085424.0,161.0
2011-02-06,2050.0,2106.0,2003.0,2069.0,2106.0,2025.0,6539845.0,13527975813.0,296.0
2011-02-07,2151.0,2151.0,2110.0,2146.0,2135.0,2069.0,14659214.0,31462220868.0,685.0
2011-02-08,2109.0,2147.0,2080.0,2128.0,2117.0,2146.0,3560079.0,7568519242.0,234.0
2011-02-09,2120.0,2210.0,2120.0,2171.0,2170.0,2128.0,16906318.0,36711442162.0,525.0
2011-02-12,2200.0,2213.0,2150.0,2182.0,2150.0,2171.0,3749721.0,8185354750.0,204.0
2011-02-13,2170.0,2196.0,2160.0,2182.0,2190.0,2182.0,2425262.0,5293706017.0,175.0
2011-02-14,2169.0,2169.0,2100.0,2134.0,2136.0,2182.0,3800194.0,8102922878.0,207.0
2011-02-15,2120.0,2120.0,2055.0,2072.0,2080.0,2134.0,7231242.0,14984116087.0,389.0
2011-02-16,2050.0,2063.0,2005.0,2061.0,2060.0,2072.0,1423382.0,2905060575.0,116.0
2011-02-19,2050.0,2060.0,2020.0,2052.0,2040.0,2061.0,2410765.0,4932434679.0,135.0
2011-02-20,2017.0,2045.0,2005.0,2037.0,2040.0,2052.0,2412520.0,4891977105.0,139.0
2011-02-22,2037.0,2118.0,2006.0,2098.0,2100.0,2037.0,7110238.0,14915168958.0,337.0
2011-02-23,2145.0,2145.0,2052.0,2089.0,2065.0,2098.0,2086719.0,4342965286.0,157.0
2011-02-26,2060.0,2139.0,2051.0,2112.0,2062.0,2089.0,2664141.0,5653879691.0,144.0
2011-02-27,2119.0,2119.0,2075.0,2106.0,2110.0,2112.0,1185279.0,2479184564.0,95.0
2011-02-28,2060.0,2060.0,2026.0,2057.0,2040.0,2106.0,2681484.0,5454180639.0,246.0
2011-03-01,2030.0,2040.0,2004.0,2043.0,2030.0,2057.0,1737122.0,3517989903.0,114.0
2011-03-02,2029.0,2080.0,2029.0,2045.0,2053.0,2043.0,543020.0,1116121243.0,71.0
2011-03-05,2061.0,2109.0,2061.0,2061.0,2089.0,2045.0,1385613.0,2895270587.0,169.0
2011-03-06,2089.0,2096.0,2050.0,2064.0,2058.0,2061.0,1358227.0,2810240339.0,111.0
2011-03-07,2044.0,2064.0,2040.0,2061.0,2050.0,2064.0,784020.0,1605388397.0,69.0
2011-03-08,2059.0,2071.0,2011.0,2059.0,2070.0,2061.0,1307568.0,2688137832.0,127.0
2011-03-09,2070.0,2090.0,2040.0,2052.0,2041.0,2059.0,13917783.0,28556418944.0,108.0
2011-03-12,2041.0,2060.0,2001.0,2039.0,2049.0,2052.0,1928632.0,3905447285.0,121.0
2011-03-13,2047.0,2069.0,2030.0,2049.0,2055.0,2039.0,6337476.0,12983763012.0,214.0
2011-03-14,2087.0,2087.0,2040.0,2052.0,2050.0,2049.0,6200371.0,12723090263.0,133.0
2011-03-15,2051.0,2062.0,2000.0,2037.0,2030.0,2052.0,4086032.0,8322991670.0,253.0
2011-03-16,2045.0,2090.0,2037.0,2052.0,2065.0,2037.0,13425606.0,27548572767.0,298.0
2011-03-19,2090.0,2128.0,2053.0,2082.0,2119.0,2052.0,6829639.0,14222718542.0,205.0
2011-03-26,2130.0,2165.0,2120.0,2132.0,2165.0,2082.0,2878617.0,6189188203.0,184.0
2011-03-27,2200.0,2217.0,2200.0,2214.0,2217.0,2132.0,8645404.0,19142443750.0,736.0
2011-03-28,2221.0,2300.0,2200.0,2228.0,2200.0,2214.0,6365256.0,14181923894.0,423.0
2011-03-29,2241.0,2257.0,2186.0,2206.0,2199.0,2228.0,4554651.0,10041569701.0,265.0
2011-03-30,2190.0,2241.0,2155.0,2191.0,2156.0,2206.0,3757020.0,8214447852.0,254.0
2011-04-03,2179.0,2179.0,2132.0,2176.0,2160.0,2191.0,2223853.0,4802644412.0,190.0
2011-04-04,2169.0,2185.0,2140.0,2170.0,2141.0,2176.0,3043195.0,6591758314.0,259.0
2011-04-05,2160.0,2171.0,2140.0,2150.0,2149.0,2170.0,5206183.0,11191802522.0,412.0
2011-04-06,2160.0,2200.0,2160.0,2181.0,2170.0,2150.0,5259592.0,11470556560.0,387.0
2011-04-09,2190.0,2220.0,2145.0,2179.0,2145.0,2181.0,5740414.0,12508287401.0,291.0
2011-04-10,2175.0,2175.0,2120.0,2137.0,2120.0,2179.0,4922394.0,10517696985.0,297.0
2011-04-11,2122.0,2190.0,2100.0,2134.0,2122.0,2137.0,2678824.0,5709415247.0,203.0
2011-04-12,2157.0,2219.0,2138.0,2205.0,2219.0,2134.0,18729024.0,41302207390.0,520.0
2011-04-13,2293.0,2293.0,2293.0,2293.0,2293.0,2205.0,5000010.0,11465022930.0,120.0
2011-04-16,2384.0,2384.0,2295.0,2375.0,2320.0,2293.0,55955215.0,132879499592.0,1780.0
2011-04-17,2299.0,2299.0,2280.0,2316.0,2280.0,2375.0,3048926.0,6957840576.0,207.0
2011-04-18,2251.0,2265.0,2224.0,2230.0,2225.0,2316.0,10338435.0,23049855574.0,768.0
2011-04-19,2250.0,2250.0,2161.0,2202.0,2170.0,2230.0,2532860.0,5514988369.0,194.0
2011-04-20,2213.0,2290.0,2170.0,2229.0,2288.0,2202.0,7936665.0,17692445078.0,490.0
2011-04-23,2251.0,2299.0,2220.0,2246.0,2250.0,2229.0,4202420.0,9450009249.0,246.0
2011-04-24,2240.0,2250.0,2201.0,2232.0,2230.0,2246.0,7413238.0,16544953173.0,273.0
2011-04-25,2225.0,2259.0,2180.0,2224.0,2202.0,2232.0,1511468.0,3335345347.0,138.0
2011-04-26,2205.0,2220.0,2172.0,2218.0,2172.0,2224.0,1491189.0,3286415881.0,136.0
2011-04-27,2192.0,2214.0,2150.0,2197.0,2170.0,2218.0,2767645.0,6038830580.0,227.0
2011-04-30,2110.0,2130.0,2110.0,2110.0,2110.0,2197.0,34090217.0,71931637552.0,1052.0
2011-05-01,2031.0,2187.0,2031.0,2102.0,2110.0,2110.0,5958602.0,12527431800.0,306.0
2011-05-02,2178.0,2186.0,2162.0,2185.0,2186.0,2102.0,6982399.0,15254767718.0,384.0
2011-05-03,2259.0,2259.0,2160.0,2185.0,2169.0,2185.0,1899792.0,4150538100.0,193.0
2011-05-04,2212.0,2234.0,2175.0,2200.0,2234.0,2185.0,6840108.0,15047401778.0,235.0
2011-05-08,2200.0,2200.0,2135.0,2168.0,2152.0,2200.0,4669751.0,10118626248.0,280.0
2011-05-09,2187.0,2228.0,2180.0,2200.0,2220.0,2168.0,6553654.0,14421293879.0,263.0
2011-05-10,2212.0,2288.0,2211.0,2270.0,2288.0,2200.0,12301703.0,27924832589.0,662.0
2011-05-11,2270.0,2340.0,2255.0,2297.0,2320.0,2270.0,9107422.0,20922413252.0,526.0
2011-05-14,2309.0,2370.0,2308.0,2354.0,2360.0,2297.0,4555386.0,10738924944.0,202.0
2011-05-15,2370.0,2370.0,2290.0,2342.0,2291.0,2354.0,11928287.0,27941293813.0,612.0
2011-05-16,2310.0,2329.0,2270.0,2307.0,2309.0,2342.0,3288613.0,7532547291.0,213.0
2011-05-17,2250.0,2324.0,2250.0,2300.0,2320.0,2307.0,5881549.0,13526436763.0,271.0
2011-05-18,2329.0,2329.0,2287.0,2297.0,2300.0,2300.0,3261304.0,7486947583.0,162.0
2011-05-21,2298.0,2298.0,2270.0,2287.0,2279.0,2297.0,3321021.0,7580942491.0,182.0
2011-05-22,2279.0,2287.0,2256.0,2270.0,2280.0,2287.0,3977532.0,9013493010.0,174.0
2011-05-23,2271.0,2275.0,2261.0,2270.0,2274.0,2270.0,4587309.0,10414992266.0,188.0
2011-05-24,2259.0,2268.0,2202.0,2259.0,2202.0,2270.0,1604372.0,3591358346.0,118.0
2011-05-25,2200.0,2217.0,2180.0,2215.0,2217.0,2259.0,3126943.0,6850955011.0,219.0
2011-05-28,2200.0,2216.0,2162.0,2194.0,2166.0,2215.0,2478531.0,5390739523.0,120.0
2011-05-29,2146.0,2150.0,2107.0,2123.0,2107.0,2194.0,4331856.0,9162325496.0,228.0
2011-05-30,2100.0,2207.0,2100.0,2187.0,2207.0,2123.0,6579017.0,14391116078.0,286.0
2011-05-31,2265.0,2265.0,2150.0,2178.0,2171.0,2187.0,3802166.0,8270802858.0,209.0
2011-06-01,2199.0,2199.0,2125.0,2174.0,2178.0,2178.0,2796550.0,6071520042.0,111.0
2011-06-06,2170.0,2210.0,2160.0,2191.0,2190.0,2174.0,5172950.0,11331428296.0,177.0
2011-06-07,2200.0,2200.0,2162.0,2190.0,2170.0,2191.0,365190.0,795100519.0,57.0
2011-06-08,2166.0,2215.0,2166.0,2193.0,2200.0,2190.0,2680722.0,5884193558.0,146.0
2011-06-11,2218.0,2218.0,2157.0,2185.0,2160.0,2193.0,1278991.0,2768393265.0,88.0
2011-06-12,2155.0,2190.0,2153.0,2183.0,2156.0,2185.0,810597.0,1759278700.0,80.0
2011-06-13,2170.0,2180.0,2150.0,2169.0,2160.0,2183.0,3166452.0,6846755902.0,144.0
2011-06-14,2160.0,2189.0,2126.0,2165.0,2154.0,2169.0,1695589.0,3657371783.0,96.0
2011-06-15,2164.0,2170.0,2147.0,2161.0,2160.0,2165.0,2223640.0,4797060605.0,146.0
2011-06-18,2150.0,2240.0,2150.0,2189.0,2180.0,2161.0,6358640.0,13919605150.0,318.0
2011-06-19,2200.0,2200.0,2149.0,2178.0,2149.0,2189.0,4436947.0,9657928821.0,244.0
2011-06-20,2180.0,2265.0,2170.0,2241.0,2265.0,2178.0,32757797.0,73417900079.0,1702.0
2011-06-21,2270.0,2296.0,2231.0,2266.0,2260.0,2241.0,38839282.0,88026763479.0,655.0
2011-06-22,2250.0,2290.0,2246.0,2260.0,2260.0,2266.0,11699997.0,26439687012.0,579.0
2011-06-25,2226.0,2289.0,2201.0,2235.0,2201.0,2260.0,5304317.0,11853268259.0,239.0
2011-06-26,2210.0,2210.0,2171.0,2201.0,2180.0,2235.0,3292143.0,7193833993.0,224.0
2011-06-27,2168.0,2170.0,2113.0,2121.0,2113.0,2201.0,19669430.0,41714329465.0,741.0
2011-06-28,2115.0,2174.0,2115.0,2148.0,2152.0,2121.0,5229445.0,11233713623.0,326.0
2011-06-29,2172.0,2219.0,2160.0,2185.0,2180.0,2148.0,4016652.0,8803745645.0,274.0
2011-07-02,2191.0,2238.0,2191.0,2205.0,2201.0,2185.0,4779093.0,10537914920.0,161.0
2011-07-03,2227.0,2227.0,2151.0,2187.0,2156.0,2205.0,4221129.0,9222597313.0,167.0
2011-07-04,2150.0,2190.0,2150.0,2178.0,2180.0,2187.0,4014147.0,8734498979.0,135.0
2011-07-05,2190.0,2190.0,2160.0,2175.0,2165.0,2178.0,3540548.0,7695718873.0,118.0
2011-07-06,2161.0,2199.0,2151.0,2178.0,2199.0,2175.0,4896570.0,10666902634.0,195.0
2011-07-09,2178.0,2199.0,2164.0,2177.0,2199.0,2178.0,4776654.0,10399282359.0,154.0
2011-07-10,2177.0,2190.0,2152.0,2170.0,2175.0,2177.0,3963111.0,8595251835.0,168.0
2011-07-11,2170.0,2176.0,2163.0,2171.0,2164.0,2170.0,2856806.0,6203615412.0,132.0
2011-07-12,2170.0,2170.0,2160.0,2166.0,2166.0,2171.0,3575426.0,7736593977.0,170.0
2011-07-13,2190.0,2230.0,2170.0,2195.0,2230.0,2166.0,7397267.0,16238544980.0,291.0
2011-07-16,2240.0,2250.0,2200.0,2226.0,2240.0,2195.0,16754511.0,37298916573.0,1008.0
2011-07-18,2243.0,2297.0,2227.0,2247.0,2270.0,2226.0,9754849.0,21917319041.0,513.0
2011-07-19,2270.0,2277.0,2251.0,2266.0,2255.0,2247.0,14376980.0,32572113079.0,915.0
2011-07-24,2179.0,2179.0,2179.0,2179.0,2179.0,2266.0,35640.0,77659560.0,8.0
2011-07-25,2191.0,2191.0,2125.0,2166.0,2125.0,2179.0,2231619.0,4800465114.0,232.0
2011-07-26,2140.0,2151.0,2114.0,2152.0,2135.0,2166.0,2031719.0,4334551573.0,177.0
2011-07-27,2136.0,2180.0,2135.0,2153.0,2150.0,2152.0,1744735.0,3759756929.0,185.0
2011-07-30,2150.0,2150.0,2115.0,2146.0,2115.0,2153.0,1142016.0,2424614544.0,130.0
2011-07-31,2121.0,2149.0,2119.0,2142.0,2120.0,2146.0,1502205.0,3202234905.0,130.0
2011-08-01,2115.0,2145.0,2115.0,2139.0,2130.0,2142.0,1324192.0,2820542042.0,110.0
2011-08-02,2140.0,2140.0,2126.0,2134.0,2130.0,2139.0,2450984.0,5220677698.0,136.0
2011-08-03,2129.0,2168.0,2129.0,2150.0,2147.0,2134.0,3844396.0,8280592230.0,313.0
2011-08-06,2150.0,2150.0,2135.0,2148.0,2150.0,2150.0,3327386.0,7143792347.0,209.0
2011-08-07,2149.0,2149.0,2140.0,2147.0,2143.0,2148.0,3032019.0,6506892307.0,159.0
2011-08-08,2149.0,2200.0,2147.0,2172.0,2173.0,2147.0,4891478.0,10624262935.0,306.0
2011-08-09,2167.0,2167.0,2130.0,2147.0,2130.0,2172.0,3661461.0,7833120798.0,371.0
2011-08-10,2141.0,2157.0,2130.0,2141.0,2130.0,2147.0,2631998.0,5622458925.0,236.0
2011-08-13,2140.0,2226.0,2140.0,2219.0,2226.0,2141.0,10469172.0,23226892725.0,727.0
2011-08-14,2279.0,2300.0,2190.0,2265.0,2200.0,2219.0,8172849.0,18513190891.0,575.0
2011-08-15,2239.0,2239.0,2190.0,2226.0,2211.0,2265.0,2902001.0,6385463497.0,347.0
2011-08-16,2200.0,2228.0,2190.0,2208.0,2212.0,2226.0,3251860.0,7153696365.0,296.0
2011-08-17,2223.0,2280.0,2200.0,2244.0,2250.0,2208.0,9823556.0,22045290802.0,400.0
2011-08-20,2258.0,2258.0,2196.0,2231.0,2235.0,2244.0,1787123.0,3947509751.0,181.0
2011-08-21,2203.0,2233.0,2200.0,2220.0,2233.0,2231.0,2792672.0,6177228760.0,215.0
2011-08-23,2205.0,2250.0,2205.0,2227.0,2240.0,2220.0,2705155.0,6040168225.0,203.0
2011-08-24,2240.0,2250.0,2200.0,2222.0,2221.0,2227.0,3113363.0,6907670837.0,199.0
2011-08-27,2210.0,2220.0,2204.0,2217.0,2220.0,2222.0,1760500.0,3889490101.0,173.0
2011-08-28,2211.0,2219.0,2201.0,2211.0,2206.0,2217.0,2754250.0,6078026021.0,233.0
2011-08-29,2210.0,2239.0,2204.0,2213.0,2223.0,2211.0,2180702.0,4829247564.0,203.0
2011-08-30,2222.0,2286.0,2222.0,2249.0,2270.0,2213.0,8078706.0,18167825554.0,454.0
2011-09-03,2253.0,2338.0,2253.0,2333.0,2338.0,2249.0,17010341.0,39689769086.0,869.0
2011-09-04,2370.0,2379.0,2320.0,2349.0,2345.0,2333.0,10240351.0,24059699110.0,594.0
2011-09-05,2358.0,2398.0,2341.0,2356.0,2398.0,2349.0,40165338.0,94631105705.0,372.0
2011-09-06,2381.0,2450.0,2381.0,2443.0,2450.0,2356.0,11113158.0,27154761477.0,580.0
2011-09-07,2540.0,2540.0,2473.0,2508.0,2479.0,2443.0,32926921.0,82578515394.0,785.0
2011-09-10,2473.0,2498.0,2420.0,2454.0,2450.0,2508.0,5987492.0,14693359040.0,539.0
2011-09-11,2456.0,2479.0,2428.0,2451.0,2435.0,2454.0,4187785.0,10263258765.0,310.0
2011-09-12,2410.0,2415.0,2381.0,2395.0,2415.0,2451.0,5637399.0,13502153106.0,448.0
2011-09-13,2391.0,2400.0,2375.0,2382.0,2380.0,2395.0,12710053.0,30272790744.0,229.0
2011-09-14,2381.0,2397.0,2357.0,2372.0,2360.0,2382.0,3223591.0,7629946175.0,252.0
2011-09-17,2359.0,2380.0,2330.0,2351.0,2345.0,2372.0,13375610.0,31451227782.0,233.0
2011-09-18,2351.0,2370.0,2346.0,2361.0,2355.0,2351.0,5389113.0,12721276032.0,286.0
2011-09-19,2349.0,2370.0,2345.0,2357.0,2370.0,2361.0,6169239.0,14542229904.0,250.0
2011-09-20,2390.0,2393.0,2360.0,2363.0,2370.0,2357.0,8957405.0,21166560812.0,215.0
2011-09-21,2363.0,2435.0,2363.0,2393.0,2430.0,2363.0,4516877.0,10817171485.0,358.0
2011-09-25,2412.0,2443.0,2390.0,2407.0,2415.0,2393.0,3696758.0,8914732277.0,249.0
2011-09-26,2439.0,2439.0,2388.0,2405.0,2388.0,2407.0,7240717.0,17412313486.0,260.0
2011-09-27,2400.0,2419.0,2399.0,2405.0,2410.0,2405.0,1577342.0,3795442556.0,162.0
2011-09-28,2400.0,2405.0,2380.0,2392.0,2400.0,2405.0,4847882.0,11598346621.0,261.0
2011-10-01,2380.0,2390.0,2360.0,2382.0,2380.0,2392.0,1642761.0,3882401588.0,209.0
2011-10-02,2360.0,2370.0,2357.0,2377.0,2370.0,2382.0,1238244.0,2923995358.0,144.0
2011-10-03,2353.0,2370.0,2350.0,2368.0,2358.0,2377.0,2032095.0,4788495291.0,186.0
2011-10-04,2350.0,2380.0,2350.0,2367.0,2378.0,2368.0,1732727.0,4099250823.0,158.0
2011-10-05,2367.0,2405.0,2363.0,2377.0,2400.0,2367.0,2158508.0,5154873675.0,206.0
2011-10-08,2400.0,2450.0,2400.0,2402.0,2429.0,2377.0,2958593.0,7151156661.0,239.0
2011-10-09,2400.0,2440.0,2380.0,2404.0,2396.0,2402.0,1565063.0,3766812566.0,179.0
2011-10-10,2400.0,2430.0,2370.0,2396.0,2370.0,2404.0,4742021.0,11359844801.0,345.0
2011-10-11,2396.0,2410.0,2387.0,2396.0,2391.0,2396.0,3354714.0,8038885154.0,178.0
2011-10-12,2392.0,2392.0,2371.0,2385.0,2371.0,2396.0,3005283.0,7146406902.0,269.0
2011-10-15,2367.0,2380.0,2290.0,2370.0,2331.0,2385.0,1508712.0,3525408670.0,202.0
2011-10-16,2330.0,2330.0,2276.0,2318.0,2290.0,2370.0,2884268.0,6585304791.0,292.0
2011-10-17,2298.0,2298.0,2260.0,2307.0,2275.0,2318.0,1306035.0,2974380637.0,145.0
2011-10-18,2284.0,2348.0,2265.0,2274.0,2333.0,2307.0,6685676.0,15206248686.0,208.0
2011-10-19,2330.0,2358.0,2277.0,2291.0,2293.0,2274.0,11712684.0,26835336824.0,436.0
2011-10-22,2293.0,2350.0,2286.0,2303.0,2300.0,2291.0,4634498.0,10675744823.0,276.0
2011-10-23,2320.0,2320.0,2281.0,2300.0,2281.0,2303.0,1242015.0,2844596941.0,168.0
2011-10-24,2279.0,2279.0,2227.0,2268.0,2249.0,2300.0,2593110.0,5812252912.0,344.0
2011-10-25,2248.0,2258.0,2240.0,2261.0,2250.0,2268.0,1707566.0,3838076633.0,206.0
2011-10-26,2250.0,2250.0,2210.0,2252.0,2230.0,2261.0,2362600.0,5297662161.0,302.0
2011-10-29,2230.0,2244.0,2212.0,2248.0,2238.0,2252.0,897050.0,2002968313.0,117.0
2011-10-30,2223.0,2238.0,2210.0,2237.0,2220.0,2248.0,2002403.0,4449897091.0,292.0
2011-10-31,2220.0,2229.0,2208.0,2230.0,2220.0,2237.0,1622976.0,3595842244.0,227.0
2011-11-01,2209.0,2249.0,2209.0,2228.0,2246.0,2230.0,1729236.0,3846991735.0,213.0
2011-11-02,2246.0,2297.0,2245.0,2247.0,2245.0,2228.0,2132749.0,4840571014.0,240.0
2011-11-05,2272.0,2272.0,2213.0,2243.0,2225.0,2247.0,720565.0,1600534626.0,96.0
2011-11-06,2211.0,2211.0,2171.0,2198.0,2182.0,2243.0,3945511.0,8634144548.0,399.0
2011-11-08,2112.0,2140.0,2111.0,2128.0,2135.0,2198.0,4181857.0,8853372174.0,263.0
2011-11-09,2101.0,2190.0,2101.0,2138.0,2180.0,2128.0,2125473.0,4571189559.0,163.0
2011-11-12,2184.0,2184.0,2130.0,2152.0,2155.0,2138.0,2122572.0,4603665610.0,190.0
2011-11-13,2149.0,2165.0,2110.0,2140.0,2138.0,2152.0,2545077.0,5417082337.0,166.0
2011-11-14,2139.0,2180.0,2121.0,2150.0,2159.0,2140.0,2875282.0,6201540395.0,153.0
2011-11-16,2150.0,2150.0,2128.0,2147.0,2129.0,2150.0,961077.0,2053057378.0,91.0
2011-11-19,2124.0,2173.0,2124.0,2152.0,2173.0,2147.0,24470905.0,52672195906.0,203.0
2011-11-20,2152.0,2169.0,2130.0,2150.0,2144.0,2152.0,1820024.0,3906111011.0,159.0
2011-11-21,2133.0,2156.0,2126.0,2146.0,2132.0,2150.0,4363621.0,9361587910.0,252.0
2011-11-22,2140.0,2140.0,2061.0,2086.0,2080.0,2146.0,5356607.0,11171844710.0,628.0
2011-11-23,2061.0,2070.0,2030.0,2050.0,2059.0,2086.0,5249421.0,10763048296.0,311.0
2011-11-26,2050.0,2079.0,2044.0,2051.0,2050.0,2050.0,6566811.0,13467190065.0,455.0
2011-11-27,2049.0,2049.0,1969.0,1985.0,1969.0,2051.0,13135118.0,26074408758.0,628.0
2011-11-28,1990.0,2014.0,1935.0,1991.0,2013.0,1985.0,6980584.0,13901753475.0,608.0
2011-11-29,2018.0,2050.0,2000.0,2013.0,2010.0,1991.0,3483867.0,7043658822.0,256.0
2011-11-30,1998.0,2039.0,1970.0,2011.0,1991.0,2013.0,2758852.0,5542504627.0,234.0
2011-12-03,2011.0,2030.0,2000.0,2014.0,2024.0,2011.0,1621514.0,3276722929.0,178.0
2011-12-04,2015.0,2092.0,2015.0,2039.0,2085.0,2014.0,2214946.0,4582759393.0,216.0
2011-12-07,2110.0,2120.0,2080.0,2079.0,2120.0,2039.0,2612211.0,5517964515.0,149.0
2011-12-10,2105.0,2130.0,2050.0,2087.0,2090.0,2079.0,2416929.0,5063701354.0,232.0
2011-12-11,2100.0,2100.0,2031.0,2079.0,2041.0,2087.0,832593.0,1697637375.0,104.0
2011-12-12,2040.0,2098.0,2039.0,2078.0,2080.0,2079.0,1099381.0,2282976828.0,156.0
2011-12-13,2108.0,2108.0,2070.0,2079.0,2076.0,2078.0,1572623.0,3273855870.0,161.0
2011-12-14,2079.0,2079.0,2051.0,2076.0,2065.0,2079.0,732817.0,1508851239.0,92.0
2011-12-17,2070.0,2076.0,2030.0,2070.0,2030.0,2076.0,1075628.0,2203662099.0,178.0
2011-12-18,2060.0,2062.0,2030.0,2061.0,2049.0,2070.0,2133228.0,4371291080.0,331.0
2011-12-19,2055.0,2069.0,2030.0,2056.0,2050.0,2061.0,2159761.0,4429498665.0,285.0
2011-12-20,2015.0,2047.0,2015.0,2049.0,2039.0,2056.0,1334777.0,2710444163.0,208.0
2011-12-21,2022.0,2070.0,2022.0,2052.0,2070.0,2049.0,3777351.0,7756290928.0,607.0
2011-12-24,2040.0,2079.0,2040.0,2051.0,2050.0,2052.0,769364.0,1573669229.0,219.0
2011-12-25,2060.0,2060.0,2039.0,2049.0,2040.0,2051.0,1278181.0,2613946502.0,244.0
2011-12-26,2039.0,2048.0,2030.0,2041.0,2033.0,2049.0,3189366.0,6497224246.0,303.0
2011-12-27,2048.0,2077.0,2038.0,2043.0,2045.0,2041.0,1345812.0,2756544220.0,268.0
2011-12-28,2073.0,2073.0,2040.0,2042.0,2040.0,2043.0,2407565.0,4915989139.0,395.0
2011-12-31,2049.0,2049.0,2038.0,2042.0,2043.0,2042.0,3013833.0,6152469540.0,469.0
2012-01-01,2050.0,2069.0,2039.0,2042.0,2048.0,2042.0,3136483.0,6404708753.0,418.0
2012-01-02,2050.0,2060.0,2040.0,2043.0,2050.0,2042.0,2317025.0,4736358278.0,328.0
2012-01-03,2060.0,2085.0,2060.0,2065.0,2085.0,2043.0,4049344.0,8378914418.0,327.0
2012-01-04,2080.0,2147.0,2080.0,2145.0,2147.0,2065.0,56396493.0,120965666843.0,1137.0
2012-01-07,2180.0,2218.0,2165.0,2181.0,2174.0,2145.0,14872430.0,32442186527.0,1006.0
2012-01-08,2150.0,2180.0,2140.0,2160.0,2168.0,2181.0,94188565.0,203463839952.0,396.0
2012-01-09,2155.0,2210.0,2155.0,2189.0,2190.0,2160.0,10303957.0,22551054256.0,893.0
2012-01-10,2190.0,2199.0,2175.0,2182.0,2175.0,2189.0,3606744.0,7861335150.0,368.0
2012-01-11,2269.0,2269.0,2268.0,2269.0,2269.0,2182.0,55444709.0,125803944721.0,1419.0
2012-01-15,2290.0,2295.0,2228.0,2232.0,2244.0,2269.0,167360039.0,373556275602.0,849.0
2012-01-16,2262.0,2280.0,2248.0,2263.0,2249.0,2232.0,38564863.0,87277164138.0,519.0
2012-01-17,2188.0,2219.0,2173.0,2178.0,2180.0,2263.0,7189348.0,15661642723.0,586.0
2012-01-18,2200.0,2259.0,2190.0,2225.0,2229.0,2178.0,5532753.0,12311326509.0,410.0
2012-01-21,2232.0,2290.0,2230.0,2259.0,2288.0,2225.0,6724449.0,15191666443.0,510.0
2012-01-23,2270.0,2270.0,2207.0,2234.0,2225.0,2259.0,3199704.0,7105784597.0,344.0
2012-01-25,2215.0,2289.0,2215.0,2242.0,2239.0,2234.0,15954141.0,35772399856.0,2018.0
2012-02-06,1748.0,1754.0,1710.0,1736.0,1715.0,1793.0,15187580.0,26367034778.0,737.0
2012-02-07,1713.0,1730.0,1700.0,1719.0,1720.0,1736.0,12967387.0,22291074179.0,846.0
2012-02-08,1700.0,1720.0,1660.0,1699.0,1680.0,1719.0,4743502.0,8032722520.0,385.0
2012-02-12,1697.0,1698.0,1670.0,1694.0,1682.0,1699.0,3047406.0,5145481690.0,228.0
2012-02-13,1715.0,1715.0,1636.0,1682.0,1670.0,1694.0,3515252.0,5883344197.0,259.0
2012-02-14,1670.0,1670.0,1615.0,1629.0,1630.0,1682.0,5433531.0,8820393095.0,610.0
2012-02-15,1634.0,1634.0,1580.0,1611.0,1601.0,1629.0,3901943.0,6249253486.0,283.0
2012-02-18,1650.0,1650.0,1581.0,1604.0,1600.0,1611.0,4201460.0,6724756577.0,223.0
2012-02-19,1604.0,1604.0,1575.0,1596.0,1586.0,1604.0,2712312.0,4305338733.0,209.0
2012-02-20,1591.0,1591.0,1558.0,1575.0,1571.0,1596.0,5095623.0,8006285777.0,346.0
2012-02-21,1579.0,1630.0,1560.0,1593.0,1605.0,1575.0,4460337.0,7134562153.0,363.0
2012-02-22,1618.0,1620.0,1600.0,1598.0,1611.0,1593.0,1861851.0,2997114115.0,174.0
2012-02-25,1634.0,1634.0,1595.0,1599.0,1599.0,1598.0,185989116.0,297397468827.0,198.0
2012-02-26,1622.0,1622.0,1570.0,1604.0,1581.0,1599.0,65822069.0,105606891286.0,265.0
2012-02-27,1600.0,1619.0,1580.0,1601.0,1590.0,1604.0,1063451.0,1687521821.0,134.0
2012-02-28,1590.0,1600.0,1570.0,1589.0,1586.0,1601.0,4241357.0,6717795724.0,281.0
2012-02-29,1580.0,1595.0,1560.0,1589.0,1595.0,1589.0,6970548.0,11074302072.0,286.0
2012-03-03,1600.0,1600.0,1567.0,1593.0,1590.0,1589.0,7462771.0,11886241013.0,381.0
2012-03-04,1599.0,1599.0,1577.0,1593.0,1584.0,1593.0,6333104.0,10088928496.0,324.0
2012-03-05,1597.0,1597.0,1568.0,1592.0,1572.0,1593.0,7296017.0,11614215046.0,200.0
2012-03-06,1587.0,1587.0,1550.0,1583.0,1550.0,1592.0,1725342.0,2691633837.0,148.0
2012-03-13,1600.0,1600.0,1544.0,1585.0,1565.0,1583.0,3584256.0,5681132116.0,133.0
2012-03-14,1581.0,1581.0,1530.0,1548.0,1530.0,1585.0,7398683.0,11456336361.0,569.0
2012-03-17,1531.0,1531.0,1503.0,1529.0,1527.0,1548.0,4239561.0,6450326697.0,327.0
2012-03-18,1546.0,1590.0,1545.0,1561.0,1550.0,1529.0,9341558.0,14585082316.0,505.0
2012-03-24,1575.0,1623.0,1551.0,1580.0,1599.0,1561.0,2068384.0,3344569033.0,214.0
2012-03-25,1637.0,1637.0,1543.0,1579.0,1566.0,1580.0,1852800.0,2923647357.0,191.0
2012-03-26,1597.0,1597.0,1549.0,1581.0,1561.0,1579.0,2386624.0,3777830789.0,189.0
2012-03-27,1561.0,1569.0,1544.0,1571.0,1560.0,1581.0,2267347.0,3525919957.0,242.0
2012-03-28,1579.0,1579.0,1545.0,1564.0,1550.0,1571.0,4216959.0,6580780685.0,246.0
2012-04-02,1542.0,1557.0,1525.0,1557.0,1525.0,1564.0,2128367.0,3288773698.0,163.0
2012-04-03,1549.0,1549.0,1495.0,1516.0,1495.0,1557.0,4760002.0,7164915054.0,418.0
2012-04-04,1490.0,1490.0,1479.0,1494.0,1480.0,1516.0,3731713.0,5525400012.0,202.0
2012-04-07,1494.0,1494.0,1440.0,1468.0,1450.0,1494.0,3694030.0,5360594761.0,305.0
2012-04-08,1470.0,1470.0,1435.0,1459.0,1440.0,1468.0,2795618.0,4051957545.0,244.0
2012-04-09,1458.0,1458.0,1413.0,1424.0,1420.0,1459.0,13702624.0,19506562112.0,936.0
2012-04-10,1440.0,1441.0,1413.0,1426.0,1420.0,1424.0,6811362.0,9712337221.0,460.0
2012-04-11,1440.0,1483.0,1440.0,1469.0,1483.0,1426.0,7597747.0,11162454617.0,387.0
2012-04-14,1515.0,1527.0,1500.0,1524.0,1527.0,1469.0,16023896.0,24413372926.0,936.0
2012-04-15,1584.0,1584.0,1584.0,1584.0,1584.0,1524.0,6249639.0,9899428176.0,188.0
2012-04-16,1647.0,1647.0,1580.0,1628.0,1620.0,1584.0,25683565.0,41824335513.0,1435.0
2012-04-17,1601.0,1615.0,1571.0,1601.0,1600.0,1628.0,4592771.0,7313257958.0,370.0
2012-04-18,1598.0,1624.0,1537.0,1565.0,1560.0,1601.0,9862990.0,15437571615.0,853.0
2012-04-21,1571.0,1587.0,1551.0,1568.0,1577.0,1565.0,3892772.0,6110030282.0,246.0
2012-04-22,1580.0,1600.0,1579.0,1579.0,1579.0,1568.0,3483098.0,5526531721.0,274.0
2012-04-23,1585.0,1585.0,1520.0,1563.0,1530.0,1579.0,2225485.0,3420909628.0,276.0
2012-04-24,1570.0,1573.0,1541.0,1561.0,1549.0,1563.0,2259691.0,3520843787.0,178.0
2012-04-28,1563.0,1563.0,1533.0,1554.0,1533.0,1561.0,3010117.0,4657129862.0,271.0
2012-04-29,1567.0,1567.0,1538.0,1559.0,1552.0,1554.0,10722253.0,16717246119.0,309.0
2012-04-30,1562.0,1562.0,1540.0,1555.0,1557.0,1559.0,1812395.0,2803751514.0,199.0
2012-05-01,1558.0,1560.0,1546.0,1551.0,1555.0,1555.0,5117878.0,7934154259.0,364.0
2012-05-02,1563.0,1584.0,1550.0,1561.0,1579.0,1551.0,3985120.0,6242673888.0,427.0
2012-05-05,1584.0,1623.0,1584.0,1617.0,1623.0,1561.0,12799523.0,20701918692.0,971.0
2012-05-06,1646.0,1646.0,1600.0,1616.0,1619.0,1617.0,5081529.0,8211608957.0,384.0
2012-05-07,1625.0,1665.0,1625.0,1633.0,1649.0,1616.0,3581585.0,5887512559.0,432.0
2012-05-08,1650.0,1650.0,1627.0,1632.0,1630.0,1633.0,3833161.0,6253748079.0,353.0
2012-05-09,1649.0,1649.0,1620.0,1633.0,1625.0,1632.0,4378380.0,7148823236.0,408.0
2012-05-12,1626.0,1638.0,1589.0,1621.0,1620.0,1633.0,3517190.0,5673023685.0,253.0
2012-05-13,1620.0,1624.0,1591.0,1617.0,1619.0,1621.0,2594852.0,4183649707.0,246.0
2012-05-14,1617.0,1617.0,1599.0,1614.0,1609.0,1617.0,1589789.0,2553748870.0,268.0
2012-05-15,1613.0,1613.0,1590.0,1600.0,1599.0,1614.0,4610067.0,7356703381.0,298.0
2012-05-16,1599.0,1610.0,1570.0,1598.0,1610.0,1600.0,2551213.0,4068739323.0,278.0
2012-05-19,1607.0,1628.0,1583.0,1601.0,1608.0,1598.0,2432717.0,3907328079.0,258.0
2012-05-20,1617.0,1650.0,1606.0,1628.0,1650.0,1601.0,7820429.0,12729675227.0,504.0
2012-05-21,1650.0,1693.0,1649.0,1687.0,1689.0,1628.0,13555153.0,22873874859.0,839.0
2012-05-22,1690.0,1720.0,1670.0,1692.0,1675.0,1687.0,4224589.0,7154969839.0,415.0
2012-05-23,1710.0,1730.0,1694.0,1710.0,1714.0,1692.0,6006900.0,10274446783.0,449.0
2012-05-26,1686.0,1729.0,1642.0,1684.0,1690.0,1710.0,9486212.0,15976199439.0,868.0
2012-05-27,1699.0,1707.0,1676.0,1688.0,1677.0,1684.0,3138557.0,5309638572.0,303.0
2012-05-28,1690.0,1700.0,1650.0,1686.0,1698.0,1688.0,4578997.0,7715780814.0,443.0
2012-05-29,1699.0,1699.0,1660.0,1685.0,1664.0,1686.0,1493774.0,2513644289.0,148.0
2012-05-30,1680.0,1680.0,1650.0,1678.0,1670.0,1685.0,1478177.0,2446734899.0,190.0
2012-06-02,1673.0,1673.0,1630.0,1665.0,1630.0,1678.0,2005536.0,3289504986.0,244.0
2012-06-05,1640.0,1645.0,1620.0,1656.0,1637.0,1665.0,1469552.0,2394344780.0,197.0
2012-06-06,1634.0,1640.0,1622.0,1648.0,1634.0,1656.0,2272589.0,3713312162.0,207.0
2012-06-09,1620.0,1624.0,1583.0,1589.0,1583.0,1648.0,8663307.0,13763981307.0,383.0
2012-06-10,1589.0,1599.0,1561.0,1587.0,1590.0,1589.0,2813675.0,4461537264.0,259.0
2012-06-11,1598.0,1609.0,1589.0,1590.0,1590.0,1587.0,2198707.0,3509259759.0,154.0
2012-06-12,1600.0,1609.0,1588.0,1591.0,1594.0,1590.0,1117332.0,1779639817.0,167.0
2012-06-13,1610.0,1610.0,1570.0,1588.0,1588.0,1591.0,2375865.0,3760086556.0,175.0
2012-06-16,1590.0,1592.0,1550.0,1575.0,1550.0,1588.0,2378881.0,3699579973.0,180.0
2012-06-17,1586.0,1586.0,1540.0,1569.0,1550.0,1575.0,1439862.0,2230796645.0,173.0
2012-06-19,1568.0,1590.0,1545.0,1570.0,1572.0,1569.0,2625947.0,4124253797.0,254.0
2012-06-20,1570.0,1590.0,1530.0,1565.0,1531.0,1570.0,1982304.0,3081655310.0,183.0
2012-06-23,1549.0,1549.0,1503.0,1550.0,1503.0,1565.0,1644755.0,2485590705.0,199.0
2012-06-24,1520.0,1523.0,1489.0,1531.0,1523.0,1550.0,2531757.0,3810573789.0,277.0
2012-06-25,1530.0,1530.0,1495.0,1522.0,1521.0,1531.0,2333550.0,3520819626.0,198.0
2012-06-26,1527.0,1530.0,1462.0,1503.0,1462.0,1522.0,2334569.0,3439001850.0,203.0
2012-06-27,1460.0,1510.0,1443.0,1484.0,1510.0,1503.0,3638173.0,5356128107.0,309.0
2012-06-30,1519.0,1543.0,1496.0,1497.0,1543.0,1484.0,1761858.0,2691970375.0,176.0
2012-07-01,1530.0,1556.0,1530.0,1555.0,1556.0,1497.0,8277824.0,12873743112.0,522.0
2012-07-02,1599.0,1617.0,1580.0,1613.0,1617.0,1555.0,9182123.0,14807732562.0,407.0
2012-07-03,1630.0,1630.0,1564.0,1601.0,1570.0,1613.0,3828582.0,6103617822.0,228.0
2012-07-04,1598.0,1625.0,1555.0,1597.0,1602.0,1601.0,3788112.0,6041010351.0,311.0
2012-07-07,1615.0,1615.0,1570.0,1591.0,1570.0,1597.0,1761575.0,2777534786.0,158.0
2012-07-08,1599.0,1599.0,1528.0,1583.0,1550.0,1591.0,1514915.0,2363966495.0,148.0
2012-07-09,1594.0,1594.0,1546.0,1580.0,1553.0,1583.0,620381.0,966237487.0,105.0
2012-07-10,1570.0,1570.0,1540.0,1576.0,1552.0,1580.0,917512.0,1426943645.0,162.0
2012-07-11,1580.0,1580.0,1545.0,1570.0,1551.0,1576.0,1814443.0,2820890361.0,202.0
2012-07-14,1580.0,1580.0,1551.0,1566.0,1555.0,1570.0,2404260.0,3751491630.0,168.0
2012-07-15,1560.0,1576.0,1540.0,1562.0,1557.0,1566.0,1703796.0,2645922239.0,226.0
2012-07-16,1570.0,1598.0,1552.0,1573.0,1563.0,1562.0,4129129.0,6515328018.0,438.0
2012-07-17,1586.0,1586.0,1525.0,1554.0,1525.0,1573.0,8204452.0,12747444145.0,680.0
2012-07-24,1340.0,1358.0,1311.0,1334.0,1316.0,1284.0,7818140.0,10427838453.0,593.0
2012-07-25,1345.0,1370.0,1316.0,1347.0,1339.0,1334.0,13598901.0,18313214140.0,765.0
2012-07-28,1349.0,1354.0,1320.0,1341.0,1320.0,1347.0,10254092.0,13747721132.0,789.0
2012-07-29,1339.0,1339.0,1288.0,1294.0,1289.0,1341.0,6480311.0,8385506464.0,628.0
2012-07-30,1299.0,1320.0,1290.0,1304.0,1305.0,1294.0,9234909.0,12043254663.0,618.0
2012-07-31,1307.0,1330.0,1290.0,1308.0,1319.0,1304.0,6356672.0,8311494862.0,443.0
2012-08-01,1339.0,1339.0,1300.0,1308.0,1301.0,1308.0,6690525.0,8750035062.0,462.0
2012-08-04,1307.0,1307.0,1256.0,1270.0,1275.0,1308.0,10239771.0,13002093182.0,746.0
2012-08-05,1285.0,1285.0,1250.0,1268.0,1258.0,1270.0,5671900.0,7190624339.0,424.0
2012-08-06,1259.0,1278.0,1249.0,1256.0,1249.0,1268.0,5345116.0,6707215404.0,365.0
2012-08-07,1280.0,1306.0,1260.0,1289.0,1261.0,1256.0,7420330.0,9567575640.0,382.0
2012-08-08,1306.0,1324.0,1287.0,1313.0,1309.0,1289.0,7591198.0,9967444207.0,401.0
2012-08-11,1319.0,1325.0,1300.0,1311.0,1316.0,1313.0,1785830.0,2333417553.0,205.0
2012-08-12,1316.0,1322.0,1299.0,1310.0,1300.0,1311.0,3108419.0,4066737512.0,310.0
2012-08-13,1318.0,1330.0,1290.0,1311.0,1300.0,1310.0,2908259.0,3816348088.0,253.0
2012-08-14,1317.0,1318.0,1295.0,1312.0,1315.0,1311.0,2877179.0,3775334831.0,320.0
2012-08-15,1315.0,1325.0,1308.0,1314.0,1313.0,1312.0,2377430.0,3131324112.0,268.0
2012-08-18,1320.0,1322.0,1311.0,1316.0,1313.0,1314.0,2023908.0,2668810227.0,312.0
2012-08-21,1320.0,1320.0,1305.0,1317.0,1318.0,1316.0,2590139.0,3413859396.0,294.0
2012-08-22,1315.0,1324.0,1304.0,1319.0,1323.0,1317.0,5283817.0,6970880536.0,218.0
2012-08-25,1327.0,1327.0,1309.0,1320.0,1320.0,1319.0,11443496.0,15103393541.0,356.0
2012-08-26,1320.0,1343.0,1315.0,1331.0,1340.0,1320.0,8096303.0,10772842659.0,367.0
2012-08-27,1344.0,1346.0,1330.0,1334.0,1342.0,1331.0,1958748.0,2625776141.0,151.0
2012-09-02,1350.0,1352.0,1340.0,1336.0,1346.0,1334.0,1164898.0,1564546697.0,106.0
2012-09-03,1346.0,1365.0,1340.0,1342.0,1363.0,1336.0,1951723.0,2645737159.0,192.0
2012-09-04,1369.0,1395.0,1355.0,1380.0,1395.0,1342.0,6664584.0,9200057577.0,304.0
2012-09-05,1435.0,1435.0,1410.0,1434.0,1435.0,1380.0,14507931.0,20798529824.0,543.0
2012-09-08,1468.0,1470.0,1432.0,1449.0,1440.0,1434.0,4433693.0,6446086037.0,294.0
2012-09-09,1449.0,1450.0,1392.0,1426.0,1392.0,1449.0,3174914.0,4460134170.0,215.0
2012-09-10,1383.0,1400.0,1380.0,1408.0,1398.0,1426.0,3467340.0,4838346845.0,240.0
2012-09-11,1390.0,1464.0,1390.0,1456.0,1464.0,1408.0,21561406.0,31389306088.0,888.0
2012-09-15,1514.0,1514.0,1514.0,1514.0,1514.0,1456.0,42658009.0,64584225626.0,1133.0
2012-09-16,1550.0,1557.0,1502.0,1529.0,1520.0,1514.0,9578338.0,14647800758.0,617.0
2012-09-17,1531.0,1588.0,1530.0,1564.0,1549.0,1529.0,25148631.0,39326187880.0,1363.0
2012-09-18,1564.0,1567.0,1502.0,1537.0,1502.0,1564.0,32644017.0,50182010805.0,1694.0
2012-09-19,1504.0,1540.0,1490.0,1533.0,1520.0,1537.0,100470354.0,153993773797.0,4424.0
2012-10-20,1022.0,1025.0,994.0,1010.0,1000.0,926.0,78699958.0,79526144365.0,3225.0
2012-10-21,1032.0,1032.0,986.0,1007.0,1000.0,1010.0,50037016.0,50367774495.0,3518.0
2012-10-22,1017.0,1037.0,1001.0,1026.0,1020.0,1007.0,33783943.0,34649069870.0,1699.0
2012-10-23,1025.0,1049.0,1018.0,1035.0,1032.0,1026.0,27131671.0,28090688581.0,1436.0
2012-10-24,1044.0,1045.0,1035.0,1039.0,1040.0,1035.0,21985184.0,22849945535.0,3094.0
2012-10-27,1050.0,1080.0,1050.0,1072.0,1075.0,1039.0,26373507.0,28277933828.0,2100.0
2012-10-28,1097.0,1099.0,1057.0,1078.0,1059.0,1072.0,14279991.0,15388346749.0,1206.0
2012-10-29,1072.0,1090.0,1050.0,1073.0,1050.0,1078.0,22327694.0,23947562685.0,1637.0
2012-10-30,1068.0,1077.0,1035.0,1059.0,1039.0,1073.0,22611278.0,23954331762.0,1189.0
2012-10-31,1059.0,1059.0,1026.0,1032.0,1029.0,1059.0,11419156.0,11786065125.0,961.0
2012-11-04,1039.0,1039.0,1007.0,1016.0,1023.0,1032.0,21602130.0,21953203706.0,1293.0
2012-11-05,1028.0,1028.0,1000.0,1014.0,1017.0,1016.0,27493938.0,27878152802.0,1757.0
2012-11-06,1020.0,1034.0,1010.0,1017.0,1015.0,1014.0,17145362.0,17439302791.0,1084.0
2012-11-07,1019.0,1020.0,1015.0,1017.0,1017.0,1017.0,17248059.0,17548380723.0,1302.0
2012-11-10,1020.0,1020.0,1016.0,1017.0,1017.0,1017.0,11299065.0,11496348890.0,1508.0
2012-11-11,1015.0,1019.0,1003.0,1014.0,1003.0,1017.0,8195273.0,8301686324.0,600.0
2012-11-12,1013.0,1015.0,1000.0,1010.0,1003.0,1014.0,5530958.0,5565050507.0,547.0
2012-11-13,1020.0,1020.0,1005.0,1012.0,1013.0,1010.0,9215689.0,9325860644.0,493.0
2012-11-14,1010.0,1017.0,1000.0,1007.0,1007.0,1012.0,9591180.0,9654057014.0,574.0
2012-11-17,1015.0,1015.0,1001.0,1010.0,1011.0,1007.0,10336385.0,10435219761.0,760.0
2012-11-18,1015.0,1025.0,1003.0,1016.0,1019.0,1010.0,14874180.0,15112744931.0,1353.0
2012-11-19,1030.0,1039.0,1011.0,1022.0,1020.0,1016.0,24344999.0,24871681792.0,968.0
2012-11-20,1025.0,1025.0,1003.0,1018.0,1010.0,1022.0,21982084.0,22367619987.0,1136.0
2012-11-21,1020.0,1022.0,1010.0,1018.0,1018.0,1018.0,8537313.0,8686903231.0,575.0
2012-11-26,1019.0,1020.0,1003.0,1016.0,1005.0,1018.0,4733128.0,4799819431.0,565.0
2012-11-27,1010.0,1020.0,1003.0,1013.0,1005.0,1016.0,16154020.0,16370012731.0,1436.0
2012-11-28,1013.0,1020.0,996.0,1010.0,1020.0,1013.0,26942866.0,27199813064.0,1438.0
2012-12-01,1017.0,1019.0,1001.0,1011.0,1015.0,1010.0,18723260.0,18931898710.0,812.0
2012-12-02,1003.0,1017.0,999.0,1012.0,1010.0,1011.0,14223856.0,14395441157.0,913.0
2012-12-03,1010.0,1015.0,1001.0,1011.0,1011.0,1012.0,10048944.0,10155251835.0,564.0
2012-12-04,1014.0,1014.0,1005.0,1012.0,1011.0,1011.0,17987363.0,18196099352.0,746.0
2012-12-05,1014.0,1016.0,1006.0,1012.0,1012.0,1012.0,11490665.0,11625468182.0,654.0
2012-12-08,1010.0,1018.0,990.0,1007.0,1006.0,1012.0,7892087.0,7938914187.0,599.0
2012-12-09,1013.0,1013.0,1000.0,1010.0,1009.0,1007.0,12142349.0,12258657927.0,798.0
2012-12-10,1010.0,1014.0,1004.0,1011.0,1013.0,1010.0,13803673.0,13961218772.0,913.0
2012-12-11,1014.0,1018.0,1011.0,1015.0,1015.0,1011.0,14806073.0,15033545616.0,1629.0
2012-12-12,1018.0,1040.0,1018.0,1026.0,1030.0,1015.0,10272055.0,10538884254.0,850.0
2012-12-15,1029.0,1030.0,1021.0,1026.0,1027.0,1026.0,4199319.0,4310209472.0,314.0
2012-12-16,1026.0,1030.0,1000.0,1021.0,1025.0,1026.0,20376512.0,20809013059.0,1381.0
2012-12-17,1020.0,1020.0,1002.0,1014.0,1004.0,1021.0,5770854.0,5818225944.0,459.0
2012-12-18,1006.0,1011.0,1001.0,1009.0,1001.0,1014.0,107887080.0,108828025454.0,572.0
2012-12-19,1008.0,1010.0,1000.0,1004.0,1004.0,1009.0,9586368.0,9618519410.0,749.0
2012-12-22,1009.0,1015.0,1001.0,1005.0,1006.0,1004.0,11308290.0,11370042607.0,471.0
2012-12-23,1010.0,1012.0,1000.0,1005.0,1007.0,1005.0,21370074.0,21474412872.0,1002.0
2012-12-24,1005.0,1010.0,1000.0,1005.0,1000.0,1005.0,13995391.0,14058999900.0,833.0
2012-12-25,1003.0,1009.0,997.0,1003.0,1006.0,1005.0,14390236.0,14435730950.0,762.0
2012-12-26,1000.0,1020.0,1000.0,1005.0,1005.0,1003.0,16207018.0,16288974936.0,914.0
2012-12-29,1004.0,1045.0,999.0,1031.0,1045.0,1005.0,36273079.0,37412136776.0,1606.0
2012-12-30,1072.0,1072.0,1045.0,1065.0,1058.0,1031.0,44939987.0,47881854193.0,3031.0
2012-12-31,1063.0,1065.0,1023.0,1037.0,1025.0,1065.0,17972027.0,18630964026.0,1148.0
2013-01-01,1026.0,1026.0,999.0,1005.0,1001.0,1037.0,13982959.0,14051196340.0,1095.0
2013-01-02,1000.0,1022.0,999.0,1006.0,1013.0,1005.0,5521021.0,5560817070.0,534.0
2013-01-06,1014.0,1020.0,1000.0,1008.0,1009.0,1006.0,6136764.0,6189729665.0,508.0
2013-01-07,1008.0,1013.0,1004.0,1010.0,1010.0,1008.0,7793459.0,7872151930.0,596.0
2013-01-08,1010.0,1018.0,1001.0,1013.0,1013.0,1010.0,9367116.0,9487868355.0,758.0
2013-01-09,1015.0,1019.0,1010.0,1014.0,1015.0,1013.0,7281277.0,7386432987.0,656.0
2013-01-13,1015.0,1020.0,1005.0,1015.0,1013.0,1014.0,9861242.0,10010042271.0,709.0
2013-01-14,1013.0,1018.0,1010.0,1015.0,1015.0,1015.0,13926094.0,14128503145.0,853.0
2013-01-15,1010.0,1017.0,1001.0,1013.0,1015.0,1015.0,14443131.0,14635719688.0,1140.0
2013-01-16,1015.0,1019.0,1010.0,1015.0,1015.0,1013.0,20949677.0,21261021597.0,1774.0
2013-01-19,1016.0,1020.0,1010.0,1015.0,1015.0,1015.0,10499212.0,10658059665.0,509.0
2013-01-20,1011.0,1017.0,1008.0,1015.0,1014.0,1015.0,8743479.0,8870417378.0,514.0
2013-01-21,1010.0,1018.0,999.0,1014.0,1000.0,1015.0,25616781.0,25964770442.0,1476.0
2013-01-22,1013.0,1019.0,1012.0,1015.0,1015.0,1014.0,35374036.0,35906570291.0,1381.0
2013-01-23,1017.0,1051.0,1016.0,1041.0,1038.0,1015.0,14970006.0,15581439278.0,988.0
2013-01-26,1029.0,1075.0,1020.0,1059.0,1053.0,1041.0,10311281.0,10920284306.0,881.0
2013-01-27,1070.0,1070.0,1050.0,1066.0,1065.0,1059.0,23540354.0,25092845765.0,1926.0
2013-01-28,1066.0,1085.0,1054.0,1073.0,1070.0,1066.0,14908045.0,15989755863.0,1238.0
2013-01-30,1079.0,1080.0,1070.0,1078.0,1078.0,1073.0,10860265.0,11704412258.0,632.0
2013-02-02,1099.0,1100.0,1085.0,1088.0,1090.0,1078.0,5496792.0,6020058194.0,453.0
2013-02-03,1088.0,1100.0,1060.0,1089.0,1091.0,1088.0,4389547.0,4781384715.0,347.0
2013-02-04,1088.0,1098.0,1070.0,1091.0,1091.0,1089.0,12773631.0,13938701573.0,1420.0
2013-02-05,1072.0,1099.0,1072.0,1093.0,1095.0,1091.0,6390614.0,6993203168.0,606.0
2013-02-06,1093.0,1098.0,1093.0,1095.0,1096.0,1093.0,6905916.0,7568976905.0,714.0
2013-02-09,1098.0,1120.0,1091.0,1110.0,1118.0,1095.0,7859994.0,8759442560.0,454.0
2013-02-11,1113.0,1130.0,1100.0,1119.0,1105.0,1110.0,7611963.0,8541060193.0,416.0
2013-02-12,1125.0,1128.0,1100.0,1119.0,1100.0,1119.0,4902337.0,5481700968.0,331.0
2013-02-13,1105.0,1120.0,1094.0,1110.0,1103.0,1119.0,6776021.0,7491971214.0,438.0
2013-02-16,1110.0,1130.0,1100.0,1119.0,1117.0,1110.0,11707870.0,13106790485.0,872.0
2013-02-17,1101.0,1135.0,1101.0,1126.0,1127.0,1119.0,8824368.0,9943399640.0,548.0
2013-02-18,1119.0,1171.0,1111.0,1139.0,1163.0,1126.0,5908078.0,6781464848.0,433.0
2013-02-19,1180.0,1183.0,1160.0,1154.0,1173.0,1139.0,4043835.0,4753790133.0,328.0
2013-02-20,1184.0,1198.0,1154.0,1158.0,1158.0,1154.0,4194676.0,4877443098.0,443.0
2013-02-23,1160.0,1170.0,1145.0,1160.0,1165.0,1158.0,8408738.0,9754723049.0,785.0
2013-02-24,1160.0,1179.0,1140.0,1158.0,1150.0,1160.0,19821591.0,22959688182.0,2443.0
2013-02-25,1140.0,1175.0,1140.0,1170.0,1170.0,1158.0,12898942.0,15085591863.0,1631.0
2013-02-26,1170.0,1188.0,1157.0,1171.0,1177.0,1170.0,1672071.0,1966672176.0,153.0
2013-02-27,1178.0,1180.0,1142.0,1171.0,1173.0,1171.0,6924041.0,8111223563.0,579.0
2013-03-02,1180.0,1180.0,1153.0,1171.0,1175.0,1171.0,2422061.0,2840716727.0,212.0
2013-03-03,1170.0,1178.0,1153.0,1172.0,1174.0,1171.0,5600784.0,6568555423.0,540.0
2013-03-04,1174.0,1218.0,1172.0,1213.0,1218.0,1172.0,22386003.0,27164545470.0,926.0
2013-03-05,1261.0,1261.0,1165.0,1225.0,1190.0,1213.0,19162226.0,23474462912.0,1000.0
2013-03-06,1190.0,1210.0,1176.0,1193.0,1190.0,1225.0,8739374.0,10385970584.0,1011.0
2013-03-09,1189.0,1195.0,1180.0,1190.0,1190.0,1193.0,10828074.0,12886190298.0,859.0
2013-03-10,1190.0,1200.0,1190.0,1190.0,1190.0,1190.0,9229645.0,10984969226.0,2010.0
2013-03-11,1190.0,1194.0,1185.0,1190.0,1190.0,1190.0,3979749.0,4735804820.0,449.0
2013-03-12,1186.0,1205.0,1180.0,1193.0,1195.0,1190.0,11913852.0,14218974191.0,1577.0
2013-03-13,1198.0,1199.0,1188.0,1193.0,1194.0,1193.0,3588693.0,4284653183.0,247.0
2013-03-16,1193.0,1211.0,1187.0,1194.0,1195.0,1193.0,38638265.0,46139851348.0,528.0
2013-03-17,1194.0,1197.0,1172.0,1189.0,1180.0,1194.0,69976618.0,83199368169.0,465.0
2013-03-18,1188.0,1198.0,1180.0,1194.0,1194.0,1189.0,12659327.0,15109616473.0,636.0
2013-03-25,1195.0,1233.0,1195.0,1197.0,1221.0,1194.0,1165544.0,1418260338.0,231.0
2013-03-26,1225.0,1230.0,1200.0,1198.0,1206.0,1197.0,806764.0,976501486.0,131.0
2013-03-27,1209.0,1209.0,1187.0,1198.0,1187.0,1198.0,2234307.0,2674032431.0,274.0
2013-03-30,1199.0,1200.0,1171.0,1193.0,1198.0,1198.0,10193094.0,12159374320.0,664.0
2013-03-31,1203.0,1219.0,1200.0,1194.0,1210.0,1193.0,1115822.0,1344796632.0,203.0
2013-04-03,1200.0,1241.0,1194.0,1233.0,1240.0,1194.0,32091809.0,39579912456.0,1051.0
2013-04-06,1242.0,1269.0,1230.0,1236.0,1239.0,1233.0,2786773.0,3467983472.0,255.0
2013-04-07,1234.0,1234.0,1195.0,1216.0,1220.0,1236.0,7203533.0,8701598005.0,408.0
2013-04-08,1229.0,1240.0,1223.0,1228.0,1232.0,1216.0,8033889.0,9886369995.0,392.0
2013-04-09,1232.0,1241.0,1229.0,1231.0,1238.0,1228.0,4774946.0,5891217984.0,287.0
2013-04-10,1238.0,1238.0,1229.0,1233.0,1237.0,1231.0,7595989.0,9372660484.0,444.0
2013-04-13,1235.0,1239.0,1230.0,1235.0,1235.0,1233.0,8911129.0,11007919147.0,418.0
2013-04-15,1238.0,1239.0,1234.0,1237.0,1237.0,1235.0,9766152.0,12080557798.0,490.0
2013-04-16,1237.0,1240.0,1230.0,1238.0,1239.0,1237.0,15025161.0,18595035082.0,1324.0
2013-04-17,1238.0,1240.0,1200.0,1234.0,1232.0,1238.0,12803157.0,15802846246.0,1343.0
2013-04-20,1229.0,1237.0,1225.0,1234.0,1230.0,1234.0,4878291.0,6019761047.0,475.0
2013-04-21,1230.0,1237.0,1229.0,1232.0,1230.0,1234.0,5981876.0,7359798381.0,399.0
2013-04-22,1232.0,1232.0,1229.0,1231.0,1230.0,1232.0,3182947.0,3915798404.0,274.0
2013-04-23,1230.0,1234.0,1229.0,1231.0,1232.0,1231.0,3345762.0,4117895793.0,225.0
2013-04-24,1230.0,1243.0,1230.0,1232.0,1231.0,1231.0,2618107.0,3231320812.0,206.0
2013-04-27,1234.0,1238.0,1200.0,1233.0,1238.0,1232.0,6096040.0,7516255634.0,314.0
2013-04-28,1235.0,1237.0,1227.0,1234.0,1234.0,1233.0,7466044.0,9213593174.0,342.0
2013-04-29,1234.0,1239.0,1234.0,1235.0,1237.0,1234.0,3956535.0,4889468010.0,280.0
2013-04-30,1235.0,1241.0,1232.0,1236.0,1236.0,1235.0,5012721.0,6202504525.0,299.0
2013-05-01,1238.0,1240.0,1237.0,1239.0,1240.0,1236.0,14608117.0,18104173470.0,4236.0
2013-05-04,1239.0,1280.0,1239.0,1244.0,1240.0,1239.0,5868617.0,7319908208.0,371.0
2013-05-05,1240.0,1255.0,1235.0,1245.0,1248.0,1244.0,5765241.0,7183149440.0,479.0
2013-05-06,1246.0,1250.0,1239.0,1247.0,1247.0,1245.0,13409648.0,16718840671.0,532.0
2013-05-07,1248.0,1255.0,1247.0,1248.0,1250.0,1247.0,4923923.0,6150690498.0,321.0
2013-05-08,1249.0,1255.0,1249.0,1249.0,1250.0,1248.0,3257734.0,4071430614.0,237.0
2013-05-11,1251.0,1270.0,1251.0,1257.0,1270.0,1249.0,7093937.0,8942740493.0,379.0
2013-05-12,1261.0,1307.0,1261.0,1268.0,1295.0,1257.0,3396089.0,4374611306.0,290.0
2013-05-13,1291.0,1316.0,1291.0,1280.0,1304.0,1268.0,3145546.0,4105369875.0,290.0
2013-05-14,1296.0,1329.0,1296.0,1287.0,1329.0,1280.0,2422796.0,3167837666.0,216.0
2013-05-15,1301.0,1338.0,1301.0,1323.0,1331.0,1287.0,7427392.0,9913072740.0,480.0
2013-05-18,1340.0,1375.0,1330.0,1336.0,1366.0,1323.0,3114571.0,4245307451.0,298.0
2013-05-19,1351.0,1374.0,1310.0,1338.0,1311.0,1336.0,4218366.0,5658896165.0,501.0
2013-05-20,1338.0,1350.0,1315.0,1335.0,1315.0,1338.0,3089654.0,4103891909.0,198.0
2013-05-21,1330.0,1343.0,1329.0,1334.0,1340.0,1335.0,2491719.0,3321274459.0,215.0
2013-05-22,1330.0,1334.0,1302.0,1322.0,1322.0,1334.0,14901156.0,19701150252.0,707.0
2013-05-25,1311.0,1338.0,1310.0,1322.0,1323.0,1322.0,1114233.0,1474395454.0,86.0
2013-05-26,1329.0,1339.0,1311.0,1324.0,1330.0,1322.0,3172458.0,4210506660.0,267.0
2013-05-27,1322.0,1330.0,1320.0,1325.0,1328.0,1324.0,3397944.0,4508444023.0,292.0
2013-05-28,1339.0,1339.0,1310.0,1324.0,1315.0,1325.0,3548523.0,4690758205.0,283.0
2013-05-29,1320.0,1330.0,1316.0,1324.0,1330.0,1324.0,3137436.0,4153299436.0,295.0
2013-06-01,1330.0,1333.0,1302.0,1324.0,1331.0,1324.0,3841366.0,5082996400.0,368.0
2013-06-02,1330.0,1333.0,1317.0,1324.0,1330.0,1324.0,1585711.0,2103235535.0,160.0
2013-06-03,1320.0,1340.0,1302.0,1326.0,1335.0,1324.0,2838416.0,3775250626.0,234.0
2013-06-08,1328.0,1332.0,1320.0,1325.0,1329.0,1326.0,10225598.0,13545300404.0,500.0
2013-06-09,1328.0,1328.0,1318.0,1324.0,1324.0,1325.0,3166302.0,4184287248.0,165.0
2013-06-10,1305.0,1330.0,1305.0,1323.0,1322.0,1324.0,2492554.0,3294685109.0,187.0
2013-06-11,1329.0,1329.0,1321.0,1323.0,1329.0,1323.0,1846012.0,2444239430.0,134.0
2013-06-12,1330.0,1330.0,1310.0,1321.0,1312.0,1323.0,2628423.0,3457481585.0,176.0
2013-06-15,1340.0,1373.0,1340.0,1373.0,1373.0,1321.0,29982200.0,41153468781.0,762.0
2013-06-16,1427.0,1427.0,1427.0,1427.0,1427.0,1373.0,21676369.0,30932178563.0,470.0
2013-06-17,1484.0,1484.0,1484.0,1484.0,1484.0,1427.0,69096991.0,102539934644.0,1666.0
2013-06-18,1543.0,1543.0,1538.0,1543.0,1543.0,1484.0,28937637.0,44644820641.0,662.0
2013-06-19,1604.0,1604.0,1551.0,1601.0,1604.0,1543.0,52027138.0,83278843743.0,2139.0
2013-06-22,1665.0,1665.0,1665.0,1665.0,1665.0,1601.0,30874410.0,51405892650.0,692.0
2013-06-23,1731.0,1731.0,1700.0,1730.0,1731.0,1665.0,182228452.0,315229822572.0,5966.0
2013-06-25,1737.0,1738.0,1662.0,1691.0,1666.0,1730.0,28465341.0,48145584508.0,2024.0
2013-06-26,1661.0,1722.0,1640.0,1682.0,1720.0,1691.0,26017140.0,43768596243.0,1813.0
2013-07-02,1730.0,1799.0,1704.0,1759.0,1799.0,1682.0,43674231.0,76814653680.0,2027.0
2013-07-03,1829.0,1829.0,1829.0,1829.0,1829.0,1759.0,9920000.0,18143680000.0,327.0
2013-07-06,1902.0,1902.0,1860.0,1900.0,1879.0,1829.0,68485389.0,130133951135.0,2141.0
2013-07-07,1920.0,1920.0,1824.0,1837.0,1845.0,1900.0,55669115.0,102246540147.0,2969.0
2013-07-08,1812.0,1910.0,1812.0,1906.0,1910.0,1837.0,82564997.0,157355658467.0,3497.0
2013-07-09,1940.0,1982.0,1910.0,1975.0,1982.0,1906.0,29478324.0,58222336634.0,1218.0
2013-07-10,2054.0,2054.0,2054.0,2045.0,2054.0,1975.0,8775648.0,18025180992.0,241.0
2013-07-28,1995.0,2035.0,1930.0,1995.0,2010.0,1885.0,57018039.0,113747509305.0,2523.0
2013-07-29,2021.0,2074.0,2021.0,2068.0,2074.0,1995.0,22171742.0,45859151304.0,801.0
2013-07-31,2150.0,2150.0,2150.0,2150.0,2150.0,2068.0,10271346.0,22083393900.0,295.0
2013-08-03,2236.0,2236.0,2170.0,2232.0,2236.0,2150.0,62273883.0,139005984328.0,2403.0
2013-08-04,2236.0,2321.0,2200.0,2288.0,2232.0,2232.0,41377485.0,94660737034.0,3129.0
2013-08-05,2322.0,2322.0,2201.0,2266.0,2280.0,2288.0,41779819.0,94680760253.0,2162.0
2013-08-06,2265.0,2340.0,2220.0,2297.0,2320.0,2266.0,30911044.0,71006509834.0,2410.0
2013-08-07,2301.0,2388.0,2301.0,2383.0,2385.0,2297.0,28870118.0,68807691050.0,2099.0
2013-08-11,2390.0,2478.0,2390.0,2466.0,2478.0,2383.0,27842293.0,68651711878.0,2210.0
2013-08-12,2564.0,2564.0,2526.0,2563.0,2564.0,2466.0,63150850.0,161834890883.0,2649.0
2013-08-13,2648.0,2665.0,2470.0,2603.0,2474.0,2563.0,38520100.0,100275555008.0,4008.0
2013-08-14,2499.0,2550.0,2499.0,2502.0,2519.0,2603.0,54591541.0,136597882584.0,2694.0
2013-08-17,2591.0,2600.0,2480.0,2531.0,2500.0,2502.0,53695030.0,135928059590.0,4927.0
2013-08-18,2570.0,2570.0,2430.0,2442.0,2450.0,2531.0,35392008.0,86433141588.0,1593.0
2013-08-19,2366.0,2538.0,2366.0,2487.0,2445.0,2442.0,33000852.0,82070519456.0,2344.0
2013-08-20,2444.0,2511.0,2388.0,2412.0,2388.0,2487.0,17381967.0,41916639970.0,899.0
2013-08-21,2316.0,2388.0,2316.0,2319.0,2316.0,2412.0,54752364.0,126949376483.0,2266.0
2013-08-24,2340.0,2400.0,2252.0,2354.0,2390.0,2319.0,14526914.0,34197439751.0,1251.0
2013-08-25,2360.0,2440.0,2350.0,2392.0,2353.0,2354.0,13384043.0,32007966264.0,1198.0
2013-08-26,2399.0,2472.0,2335.0,2387.0,2360.0,2392.0,9418375.0,22483619121.0,731.0
2013-08-27,2330.0,2450.0,2292.0,2323.0,2292.0,2387.0,12424676.0,28862089942.0,736.0
2013-08-28,2231.0,2231.0,2231.0,2321.0,2231.0,2323.0,244846.0,546251426.0,38.0
2013-08-31,2229.0,2229.0,2229.0,2320.0,2229.0,2321.0,72201.0,160936029.0,31.0
2013-09-01,2228.0,2228.0,2228.0,2318.0,2228.0,2320.0,206755.0,460650140.0,45.0
2013-09-03,2226.0,2226.0,2226.0,2226.0,2226.0,2318.0,10544205.0,23471400330.0,290.0
2013-09-04,2137.0,2137.0,2137.0,2225.0,2137.0,2226.0,143783.0,307264271.0,25.0
2013-09-07,2136.0,2136.0,2136.0,2136.0,2136.0,2225.0,10585984.0,22611661824.0,272.0
2013-09-08,2051.0,2100.0,2051.0,2052.0,2060.0,2136.0,44564991.0,91441257738.0,1917.0
2013-09-09,2099.0,2099.0,2000.0,2058.0,2060.0,2052.0,15795206.0,32505192137.0,752.0
2013-09-10,2101.0,2140.0,2101.0,2139.0,2140.0,2058.0,32130221.0,68718163418.0,1016.0
2013-09-11,2210.0,2219.0,2143.0,2185.0,2183.0,2139.0,8883256.0,19457544507.0,781.0
2013-09-14,2223.0,2260.0,2121.0,2197.0,2220.0,2185.0,10043055.0,22060049667.0,797.0
2013-09-15,2210.0,2284.0,2205.0,2259.0,2205.0,2197.0,14413282.0,32566003645.0,1485.0
2013-09-16,2200.0,2330.0,2191.0,2260.0,2279.0,2259.0,14166101.0,32022198447.0,862.0
2013-09-17,2265.0,2350.0,2265.0,2327.0,2285.0,2260.0,9389785.0,21888070014.0,716.0
2013-09-18,2350.0,2420.0,2330.0,2411.0,2420.0,2327.0,19181115.0,46239218323.0,1070.0
2013-09-21,2507.0,2507.0,2401.0,2495.0,2442.0,2411.0,28821203.0,71897341560.0,1415.0
2013-09-22,2440.0,2530.0,2396.0,2467.0,2449.0,2495.0,18592134.0,45860800806.0,1406.0
2013-09-23,2500.0,2560.0,2467.0,2532.0,2490.0,2467.0,16805050.0,42543108815.0,1610.0
2013-09-24,2535.0,2535.0,2431.0,2465.0,2450.0,2532.0,9331526.0,22964441063.0,779.0
2013-09-25,2400.0,2497.0,2370.0,2452.0,2470.0,2465.0,12054002.0,29554373579.0,935.0
2013-09-28,2549.0,2550.0,2480.0,2532.0,2538.0,2452.0,16105488.0,40781806452.0,1537.0
2013-09-29,2529.0,2540.0,2431.0,2468.0,2431.0,2532.0,21036742.0,51926699578.0,1366.0
2013-09-30,2380.0,2399.0,2370.0,2371.0,2390.0,2468.0,16489079.0,39100867392.0,1018.0
2013-10-01,2401.0,2465.0,2400.0,2437.0,2465.0,2371.0,9606804.0,23433458848.0,805.0
2013-10-02,2470.0,2522.0,2390.0,2464.0,2411.0,2437.0,10850242.0,26737620994.0,865.0
2013-10-05,2411.0,2411.0,2370.0,2427.0,2408.0,2464.0,4515988.0,10761573459.0,579.0
2013-10-06,2404.0,2404.0,2331.0,2398.0,2359.0,2427.0,5191454.0,12308190703.0,464.0
2013-10-07,2361.0,2480.0,2350.0,2397.0,2358.0,2398.0,6274772.0,15038103895.0,513.0
2013-10-08,2340.0,2400.0,2320.0,2368.0,2400.0,2397.0,5067655.0,11859928164.0,514.0
2013-10-09,2380.0,2410.0,2344.0,2387.0,2399.0,2368.0,8228257.0,19677701703.0,694.0
2013-10-12,2396.0,2396.0,2334.0,2375.0,2380.0,2387.0,8575619.0,20351261575.0,623.0
2013-10-13,2369.0,2399.0,2280.0,2350.0,2303.0,2375.0,11086605.0,26056012825.0,1012.0
2013-10-14,2358.0,2358.0,2276.0,2309.0,2280.0,2350.0,8235919.0,18943017477.0,722.0
2013-10-15,2300.0,2401.0,2272.0,2389.0,2401.0,2309.0,30911000.0,73843071157.0,1324.0
2013-10-19,2484.0,2484.0,2400.0,2480.0,2411.0,2389.0,16108185.0,39956020663.0,1078.0
2013-10-20,2419.0,2419.0,2381.0,2383.0,2381.0,2480.0,18895018.0,45017869644.0,1189.0
2013-10-21,2380.0,2420.0,2288.0,2362.0,2375.0,2383.0,7617875.0,17947951940.0,549.0
2013-10-22,2310.0,2370.0,2301.0,2344.0,2370.0,2362.0,10463714.0,24527970604.0,476.0
2013-10-23,2321.0,2437.0,2321.0,2418.0,2437.0,2344.0,17829919.0,43116023693.0,1081.0
2013-10-26,2509.0,2514.0,2490.0,2513.0,2514.0,2418.0,40284127.0,101237302486.0,1960.0
2013-10-27,2539.0,2539.0,2413.0,2455.0,2460.0,2513.0,10217561.0,25084223296.0,811.0
2013-10-28,2498.0,2553.0,2480.0,2537.0,2553.0,2455.0,32053899.0,81320783282.0,1915.0
2013-10-29,2638.0,2638.0,2581.0,2635.0,2613.0,2537.0,79402212.0,209208001090.0,3446.0
2013-10-30,2650.0,2650.0,2568.0,2610.0,2571.0,2635.0,17650874.0,46064392362.0,1647.0
2013-11-02,2630.0,2714.0,2580.0,2693.0,2714.0,2610.0,44014726.0,118511156422.0,2763.0
2013-11-03,2745.0,2800.0,2701.0,2784.0,2719.0,2693.0,44678899.0,124367163284.0,3459.0
2013-11-04,2730.0,2801.0,2681.0,2760.0,2736.0,2784.0,20243616.0,55881609401.0,1517.0
2013-11-05,2769.0,2780.0,2650.0,2696.0,2677.0,2760.0,23533222.0,63446957534.0,1678.0
2013-11-06,2615.0,2803.0,2602.0,2711.0,2720.0,2696.0,29712211.0,80551894802.0,2121.0
2013-11-09,2819.0,2819.0,2815.0,2819.0,2819.0,2711.0,152463734.0,429795042146.0,3904.0
2013-11-10,2780.0,2890.0,2731.0,2831.0,2782.0,2819.0,28096344.0,79536746253.0,2423.0
2013-11-11,2801.0,2868.0,2770.0,2815.0,2780.0,2831.0,23336596.0,65681933770.0,1815.0
2013-11-12,2798.0,2830.0,2726.0,2785.0,2830.0,2815.0,13151312.0,36620092783.0,1335.0
2013-11-16,2751.0,2780.0,2680.0,2717.0,2684.0,2785.0,21736275.0,59062600319.0,1765.0
2013-11-17,2655.0,2670.0,2609.0,2621.0,2610.0,2717.0,20908385.0,54796460866.0,1647.0
2013-11-18,2580.0,2725.0,2580.0,2681.0,2650.0,2621.0,14207619.0,38092460293.0,1270.0
2013-11-19,2710.0,2749.0,2661.0,2697.0,2700.0,2681.0,21270917.0,57375302507.0,1751.0
2013-11-20,2710.0,2799.0,2690.0,2736.0,2730.0,2697.0,19840929.0,54275682057.0,1566.0
2013-11-23,2815.0,2845.0,2740.0,2841.0,2845.0,2736.0,78081594.0,221806014511.0,2256.0
2013-11-24,2954.0,2954.0,2954.0,2954.0,2954.0,2841.0,148441856.0,438497242624.0,3549.0
2013-11-25,3072.0,3072.0,2932.0,3042.0,2965.0,2954.0,141026831.0,428980313840.0,8879.0
2013-11-26,2970.0,3110.0,2940.0,3001.0,2970.0,3042.0,34169200.0,102525891068.0,3050.0
2013-11-27,2950.0,3121.0,2950.0,3099.0,3120.0,3001.0,67576467.0,209434052777.0,3527.0
2013-11-30,3161.0,3187.0,3080.0,3130.0,3100.0,3099.0,65102726.0,203783385469.0,4882.0
2013-12-01,3089.0,3089.0,3005.0,3030.0,3005.0,3130.0,9171568.0,27717115692.0,1025.0
2013-12-02,2911.0,3088.0,2911.0,2975.0,2971.0,3030.0,43144230.0,128354996761.0,3262.0
2013-12-03,2997.0,3020.0,2861.0,2925.0,2910.0,2975.0,21568767.0,63090901003.0,2131.0
2013-12-04,2900.0,2959.0,2856.0,2890.0,2910.0,2925.0,15595775.0,45069963634.0,1577.0
2013-12-07,2940.0,2950.0,2880.0,2924.0,2890.0,2890.0,9359198.0,27381603885.0,1565.0
2013-12-08,2928.0,2960.0,2861.0,2909.0,2871.0,2924.0,18448370.0,53663810021.0,1895.0
2013-12-09,2900.0,2938.0,2864.0,2900.0,2888.0,2909.0,20930976.0,60697785794.0,2010.0
2013-12-10,2900.0,3016.0,2890.0,3001.0,3016.0,2900.0,43566533.0,130748767762.0,2220.0
2013-12-11,3080.0,3080.0,2960.0,3023.0,3030.0,3001.0,24004212.0,72557296701.0,2338.0
2013-12-14,2910.0,2997.0,2910.0,2942.0,2952.0,3023.0,23110825.0,67989934531.0,1571.0
2013-12-15,2970.0,3030.0,2970.0,3003.0,3002.0,2942.0,14036217.0,42157029638.0,1570.0
2013-12-16,3050.0,3097.0,2980.0,3040.0,3020.0,3003.0,16578671.0,50394311010.0,1471.0
2013-12-17,3005.0,3090.0,3001.0,3029.0,3021.0,3040.0,12230615.0,37044936623.0,1161.0
2013-12-18,3030.0,3150.0,3030.0,3098.0,3099.0,3029.0,54315623.0,168290488639.0,6146.0
2013-12-21,3150.0,3211.0,3120.0,3171.0,3147.0,3098.0,17583440.0,55753898380.0,2196.0
2013-12-22,3169.0,3169.0,3052.0,3069.0,3059.0,3171.0,53950032.0,165547518964.0,4215.0
2013-12-24,3063.0,3144.0,2998.0,3051.0,3006.0,3069.0,156111824.0,476292302361.0,12033.0
2013-12-25,3040.0,3040.0,2996.0,3003.0,3035.0,3051.0,51955762.0,155999254975.0,6525.0
2013-12-28,2981.0,3010.0,2940.0,2972.0,2942.0,3003.0,18071261.0,53707084322.0,1795.0
2013-12-29,2999.0,3010.0,2943.0,2993.0,2996.0,2972.0,28610303.0,85625575375.0,3472.0
2013-12-30,2998.0,3030.0,2891.0,2990.0,3000.0,2993.0,22461757.0,67153055524.0,1742.0
2014-01-01,3040.0,3040.0,2953.0,2990.0,2960.0,2990.0,13435640.0,40172656638.0,2359.0
2014-01-04,3005.0,3029.0,2881.0,2924.0,2900.0,2990.0,34615239.0,101199916010.0,2801.0
2014-01-05,2900.0,3000.0,2900.0,2951.0,2940.0,2924.0,57457789.0,169533910041.0,4592.0
2014-01-06,2970.0,2970.0,2885.0,2909.0,2900.0,2951.0,11443173.0,33290924825.0,1397.0
2014-01-07,2945.0,2945.0,2851.0,2882.0,2895.0,2909.0,12414816.0,35785141387.0,1357.0
2014-01-08,2909.0,2909.0,2767.0,2800.0,2820.0,2882.0,36681778.0,102702237386.0,2535.0
2014-01-11,2875.0,2875.0,2800.0,2832.0,2843.0,2800.0,14574960.0,41278243612.0,1303.0
2014-01-12,2810.0,2850.0,2719.0,2727.0,2788.0,2832.0,49587401.0,135210082356.0,2111.0
2014-01-13,2836.0,2836.0,2780.0,2836.0,2836.0,2727.0,68923330.0,195461516567.0,1930.0
2014-01-14,2900.0,2900.0,2801.0,2855.0,2820.0,2836.0,21217250.0,60569446802.0,3891.0
2014-01-15,2805.0,2840.0,2750.0,2782.0,2795.0,2855.0,10158994.0,28266712045.0,1077.0
2014-01-18,2829.0,2838.0,2750.0,2785.0,2780.0,2782.0,8295933.0,23106887290.0,956.0
2014-01-20,2800.0,2800.0,2674.0,2706.0,2688.0,2785.0,39273872.0,106291151909.0,2007.0
2014-01-21,2799.0,2814.0,2650.0,2765.0,2700.0,2706.0,10575195.0,29244134225.0,1417.0
2014-01-22,2749.0,2769.0,2660.0,2708.0,2710.0,2765.0,8213354.0,22147932562.0,874.0
2014-01-25,2770.0,2810.0,2705.0,2759.0,2725.0,2708.0,10689897.0,29493423292.0,1113.0
2014-01-26,2750.0,2790.0,2649.0,2659.0,2649.0,2759.0,27852787.0,74073064069.0,1570.0
2014-01-27,2690.0,2690.0,2553.0,2576.0,2609.0,2659.0,14802487.0,38133081631.0,1632.0
2014-01-28,2669.0,2679.0,2629.0,2678.0,2679.0,2576.0,30472954.0,81621066995.0,1444.0
2014-01-29,2749.0,2785.0,2710.0,2752.0,2785.0,2678.0,9304133.0,25654719182.0,1298.0
2014-02-01,2862.0,2862.0,2800.0,2851.0,2800.0,2752.0,37816831.0,107829628799.0,3488.0
2014-02-02,2835.0,2835.0,2737.0,2748.0,2742.0,2851.0,16896652.0,46431231859.0,1876.0
2014-02-03,2690.0,2800.0,2651.0,2748.0,2760.0,2748.0,63810786.0,175357226989.0,1217.0
2014-02-04,2780.0,2780.0,2684.0,2743.0,2730.0,2748.0,3345945.0,9145239757.0,581.0
2014-02-05,2690.0,2737.0,2634.0,2643.0,2737.0,2743.0,18210244.0,48127744436.0,1598.0
2014-02-08,2650.0,2710.0,2540.0,2609.0,2610.0,2643.0,23756742.0,61981921134.0,2039.0
2014-02-09,2600.0,2680.0,2586.0,2619.0,2620.0,2609.0,6894428.0,18084806030.0,1144.0
2014-02-10,2640.0,2645.0,2515.0,2543.0,2550.0,2619.0,23863835.0,60691595426.0,2517.0
2014-03-03,2100.0,2130.0,2070.0,2082.0,2087.0,2104.0,109007634.0,226906889768.0,4277.0
2014-03-04,2148.0,2165.0,2120.0,2161.0,2165.0,2082.0,21128285.0,45665147383.0,1094.0
2014-03-05,2247.0,2247.0,2204.0,2247.0,2247.0,2161.0,247070866.0,555119196139.0,5097.0
2014-03-08,2291.0,2336.0,2281.0,2324.0,2324.0,2247.0,61340558.0,142576529593.0,4338.0
2014-03-09,2309.0,2349.0,2249.0,2326.0,2326.0,2324.0,20690366.0,48123785495.0,2070.0
2014-03-10,2300.0,2409.0,2270.0,2376.0,2375.0,2326.0,48285908.0,114736005453.0,2927.0
2014-03-11,2400.0,2451.0,2321.0,2385.0,2385.0,2376.0,26043366.0,62119190015.0,1804.0
2014-03-12,2380.0,2480.0,2370.0,2450.0,2450.0,2385.0,210379167.0,515430191389.0,3912.0
2014-03-15,2498.0,2500.0,2427.0,2489.0,2469.0,2450.0,142598655.0,354982610543.0,3667.0
2014-03-16,2476.0,2539.0,2422.0,2490.0,2500.0,2489.0,339385643.0,844985475797.0,4224.0
2014-03-17,2510.0,2560.0,2500.0,2533.0,2530.0,2490.0,24342950.0,61649880153.0,2625.0
2014-03-18,2598.0,2599.0,2500.0,2552.0,2510.0,2533.0,42591592.0,108688985471.0,2099.0
2014-03-19,2520.0,2579.0,2490.0,2544.0,2520.0,2552.0,23907661.0,60810394459.0,2091.0
2014-03-25,2550.0,2558.0,2452.0,2516.0,2481.0,2544.0,9235741.0,23157606372.0,942.0
2014-03-26,2547.0,2547.0,2437.0,2498.0,2482.0,2516.0,7978168.0,19860637754.0,830.0
2014-03-29,2427.0,2510.0,2427.0,2488.0,2471.0,2498.0,7350013.0,18238796943.0,730.0
2014-03-30,2472.0,2517.0,2450.0,2506.0,2514.0,2488.0,10342449.0,25949973212.0,3445.0
2014-03-31,2520.0,2552.0,2510.0,2519.0,2531.0,2506.0,10620568.0,26771658194.0,1425.0
2014-04-05,2540.0,2540.0,2480.0,2507.0,2499.0,2519.0,8034576.0,20099009821.0,726.0
2014-04-06,2490.0,2490.0,2420.0,2452.0,2450.0,2507.0,20773675.0,50946844281.0,1412.0
2014-04-07,2420.0,2497.0,2420.0,2453.0,2497.0,2452.0,10702388.0,26256754603.0,1163.0
2014-04-08,2496.0,2496.0,2410.0,2458.0,2490.0,2453.0,11486605.0,28234706219.0,1042.0
2014-04-09,2495.0,2495.0,2409.0,2450.0,2450.0,2458.0,5704127.0,13919987664.0,590.0
2014-04-12,2443.0,2490.0,2371.0,2420.0,2387.0,2450.0,11628532.0,28130584021.0,1016.0
2014-04-13,2359.0,2359.0,2324.0,2325.0,2325.0,2420.0,22493563.0,52294147142.0,1901.0
2014-04-14,2270.0,2350.0,2260.0,2303.0,2340.0,2325.0,16171583.0,37248984040.0,1453.0
2014-04-15,2333.0,2375.0,2300.0,2320.0,2339.0,2303.0,5763292.0,13480733204.0,686.0
2014-04-16,2367.0,2380.0,2330.0,2333.0,2360.0,2320.0,3661468.0,8651038007.0,507.0
2014-04-19,2356.0,2356.0,2255.0,2312.0,2280.0,2333.0,4406513.0,10032732665.0,410.0
2014-04-20,2374.0,2375.0,2333.0,2328.0,2340.0,2312.0,4881915.0,11478962912.0,449.0
2014-04-21,2350.0,2382.0,2330.0,2344.0,2380.0,2328.0,10220880.0,23982903744.0,720.0
2014-04-22,2356.0,2410.0,2348.0,2357.0,2351.0,2344.0,11098878.0,26173649178.0,968.0
2014-04-23,2379.0,2387.0,2342.0,2359.0,2365.0,2357.0,7895316.0,18629802957.0,789.0
2014-04-26,2390.0,2453.0,2390.0,2447.0,2453.0,2359.0,20812535.0,50936709177.0,1141.0
2014-04-27,2490.0,2496.0,2400.0,2449.0,2400.0,2447.0,12130148.0,29702139058.0,1074.0
2014-04-28,2402.0,2411.0,2376.0,2418.0,2382.0,2449.0,6380067.0,15248624204.0,585.0
2014-04-29,2418.0,2418.0,2360.0,2388.0,2369.0,2418.0,8338035.0,19805815069.0,709.0
2014-04-30,2388.0,2430.0,2360.0,2390.0,2386.0,2388.0,5755218.0,13764190937.0,499.0
2014-05-03,2390.0,2420.0,2350.0,2385.0,2370.0,2390.0,5437047.0,12930451940.0,497.0
2014-05-04,2385.0,2385.0,2312.0,2365.0,2349.0,2385.0,6076128.0,14251291902.0,588.0
2014-05-05,2366.0,2400.0,2321.0,2364.0,2330.0,2365.0,11358620.0,26852729757.0,828.0
2014-05-06,2350.0,2400.0,2330.0,2359.0,2380.0,2364.0,26436527.0,62375403210.0,1238.0
2014-05-07,2365.0,2369.0,2350.0,2359.0,2365.0,2359.0,7957523.0,18767914649.0,565.0
2014-05-10,2370.0,2450.0,2361.0,2421.0,2414.0,2359.0,17764273.0,43008360264.0,1987.0
2014-05-11,2425.0,2440.0,2342.0,2395.0,2399.0,2421.0,9484771.0,22653026521.0,740.0
2014-05-12,2395.0,2396.0,2341.0,2380.0,2373.0,2395.0,6077004.0,14377340485.0,600.0
2014-05-14,2389.0,2410.0,2330.0,2377.0,2390.0,2380.0,16526152.0,39285024085.0,1648.0
2014-05-17,2313.0,2336.0,2296.0,2327.0,2300.0,2377.0,9076430.0,20970962199.0,941.0
2014-05-18,2305.0,2350.0,2280.0,2318.0,2296.0,2327.0,12830887.0,29747612574.0,1119.0
2014-05-19,2349.0,2371.0,2320.0,2343.0,2366.0,2318.0,10449761.0,24523790335.0,1098.0
2014-05-20,2370.0,2419.0,2369.0,2385.0,2405.0,2343.0,11823959.0,28211527505.0,943.0
2014-05-21,2430.0,2440.0,2400.0,2416.0,2420.0,2385.0,10020389.0,24266104207.0,1088.0
2014-05-24,2419.0,2429.0,2376.0,2406.0,2379.0,2416.0,7028241.0,16858238218.0,668.0
2014-05-25,2450.0,2450.0,2345.0,2377.0,2380.0,2406.0,17701272.0,42072487830.0,859.0
2014-05-26,2348.0,2350.0,2320.0,2362.0,2342.0,2377.0,4767278.0,11154236527.0,823.0
2014-05-28,2340.0,2345.0,2310.0,2345.0,2320.0,2362.0,5357481.0,12456230180.0,920.0
2014-05-31,2339.0,2339.0,2306.0,2326.0,2308.0,2345.0,7366689.0,17041338350.0,744.0
2014-06-01,2330.0,2330.0,2252.0,2292.0,2271.0,2326.0,8014792.0,18231612653.0,837.0
2014-06-02,2290.0,2307.0,2266.0,2294.0,2296.0,2292.0,9548671.0,21911576958.0,736.0
2014-06-03,2310.0,2337.0,2271.0,2293.0,2294.0,2294.0,13205890.0,30280763574.0,929.0
2014-06-07,2304.0,2325.0,2280.0,2297.0,2290.0,2293.0,6434560.0,14806717059.0,534.0
2014-06-08,2299.0,2388.0,2280.0,2355.0,2340.0,2297.0,12963225.0,30528055633.0,1006.0
2014-06-09,2370.0,2378.0,2310.0,2351.0,2360.0,2355.0,9607501.0,22574835028.0,652.0
2014-06-10,2349.0,2349.0,2291.0,2345.0,2311.0,2351.0,1847307.0,4266678993.0,303.0
2014-06-11,2292.0,2319.0,2285.0,2335.0,2285.0,2345.0,2547473.0,5852680320.0,326.0
2014-06-14,2297.0,2297.0,2242.0,2280.0,2244.0,2335.0,7670343.0,17247622645.0,680.0
2014-06-15,2240.0,2245.0,2200.0,2256.0,2235.0,2280.0,4331394.0,9590903505.0,460.0
2014-06-16,2240.0,2298.0,2239.0,2258.0,2255.0,2256.0,3733007.0,8442219639.0,306.0
2014-06-17,2240.0,2287.0,2232.0,2257.0,2260.0,2258.0,7714554.0,17404724765.0,531.0
2014-06-18,2270.0,2325.0,2250.0,2273.0,2300.0,2257.0,7317998.0,16703506160.0,836.0
2014-06-21,2300.0,2300.0,2260.0,2273.0,2273.0,2273.0,2826907.0,6425319249.0,369.0
2014-06-22,2282.0,2282.0,2231.0,2266.0,2250.0,2273.0,5898696.0,13318047768.0,365.0
2014-06-23,2259.0,2277.0,2198.0,2245.0,2212.0,2266.0,5007394.0,11100630612.0,372.0
2014-06-24,2230.0,2249.0,2200.0,2234.0,2244.0,2245.0,7078852.0,15754417243.0,514.0
2014-06-25,2243.0,2260.0,2200.0,2246.0,2243.0,2234.0,14690785.0,32993424142.0,597.0
2014-06-28,2202.0,2250.0,2179.0,2226.0,2200.0,2246.0,6771482.0,14963590339.0,584.0
2014-06-29,2180.0,2230.0,2137.0,2162.0,2140.0,2226.0,12873818.0,27832913001.0,844.0
2014-06-30,2152.0,2201.0,2091.0,2170.0,2119.0,2162.0,9118295.0,19809236088.0,745.0
2014-07-01,2130.0,2256.0,2130.0,2205.0,2256.0,2170.0,8304786.0,18443791715.0,793.0
2014-07-02,2279.0,2289.0,2256.0,2229.0,2262.0,2205.0,4303491.0,9773746527.0,410.0
2014-07-05,2270.0,2318.0,2250.0,2314.0,2318.0,2229.0,12115865.0,28037022535.0,737.0
2014-07-06,2332.0,2346.0,2250.0,2294.0,2280.0,2314.0,9711332.0,22227500422.0,841.0
2014-07-07,2280.0,2350.0,2279.0,2297.0,2320.0,2294.0,4680850.0,10779118933.0,580.0
2014-07-08,2320.0,2388.0,2303.0,2385.0,2388.0,2297.0,37253330.0,88835963265.0,1727.0
2014-07-09,2400.0,2400.0,2330.0,2376.0,2378.0,2385.0,9087910.0,21564676397.0,804.0
2014-07-12,2350.0,2397.0,2334.0,2377.0,2369.0,2376.0,4690405.0,11152611037.0,500.0
2014-07-13,2388.0,2390.0,2334.0,2369.0,2379.0,2377.0,5404234.0,12754692466.0,533.0
2014-07-14,2370.0,2400.0,2340.0,2374.0,2400.0,2369.0,7115553.0,16911840533.0,842.0
2014-07-15,2430.0,2460.0,2386.0,2431.0,2410.0,2374.0,22104663.0,53730935594.0,1683.0
2014-07-16,2429.0,2489.0,2410.0,2456.0,2450.0,2431.0,33559610.0,82430159638.0,2377.0
2014-07-23,2140.0,2175.0,2131.0,2143.0,2140.0,2126.0,8859534.0,18983536751.0,709.0
2014-07-26,2179.0,2179.0,2136.0,2150.0,2149.0,2143.0,6416916.0,13840015056.0,673.0
2014-07-27,2151.0,2151.0,2118.0,2143.0,2145.0,2150.0,9859131.0,21115812565.0,647.0
2014-07-28,2140.0,2143.0,2111.0,2135.0,2133.0,2143.0,6118896.0,13017109791.0,520.0
2014-08-02,2149.0,2149.0,2101.0,2127.0,2116.0,2135.0,8226781.0,17473958420.0,895.0
2014-08-03,2100.0,2120.0,2081.0,2113.0,2100.0,2127.0,6371547.0,13379823992.0,588.0
2014-08-04,2118.0,2129.0,2090.0,2110.0,2122.0,2113.0,15801674.0,33343478939.0,854.0
2014-08-05,2124.0,2148.0,2090.0,2114.0,2119.0,2110.0,8495366.0,17973136096.0,469.0
2014-08-06,2119.0,2150.0,2100.0,2123.0,2127.0,2114.0,5659753.0,12071886894.0,528.0
2014-08-09,2129.0,2129.0,2092.0,2111.0,2120.0,2123.0,11631749.0,24547712403.0,848.0
2014-08-10,2100.0,2115.0,2087.0,2100.0,2100.0,2111.0,17923650.0,37638258668.0,1541.0
2014-08-11,2100.0,2120.0,2090.0,2100.0,2102.0,2100.0,14980338.0,31454849363.0,704.0
2014-08-12,2120.0,2121.0,2100.0,2110.0,2100.0,2100.0,13057642.0,27556996408.0,617.0
2014-08-13,2101.0,2105.0,2096.0,2107.0,2100.0,2110.0,3263765.0,6854951507.0,376.0
2014-08-16,2090.0,2109.0,2060.0,2096.0,2061.0,2107.0,14455734.0,30298035230.0,714.0
2014-08-17,2060.0,2090.0,2051.0,2083.0,2070.0,2096.0,7006051.0,14529899334.0,497.0
2014-08-18,2060.0,2097.0,2060.0,2093.0,2086.0,2083.0,28824668.0,60331487310.0,522.0
2014-08-19,2060.0,2105.0,2060.0,2090.0,2060.0,2093.0,10383583.0,21692085976.0,546.0
2014-08-20,2070.0,2095.0,2050.0,2092.0,2060.0,2090.0,12029084.0,25165154121.0,192.0
2014-08-23,2080.0,2096.0,2055.0,2087.0,2070.0,2092.0,9546550.0,19910771075.0,533.0
2014-08-24,2068.0,2068.0,2031.0,2077.0,2041.0,2087.0,2814646.0,5752136161.0,417.0
2014-08-25,2050.0,2070.0,2040.0,2072.0,2042.0,2077.0,2211543.0,4530127833.0,343.0
2014-08-26,2060.0,2060.0,2040.0,2065.0,2050.0,2072.0,2905745.0,5942352319.0,393.0
2014-08-27,2032.0,2040.0,1991.0,2011.0,2011.0,2065.0,16099997.0,32374244356.0,600.0
2014-08-30,2012.0,2012.0,1951.0,2001.0,2000.0,2011.0,10564993.0,21130729395.0,969.0
2014-08-31,1985.0,1994.0,1960.0,1994.0,1970.0,2001.0,4574561.0,9072494862.0,682.0
2014-09-01,1964.0,1994.0,1964.0,1991.0,1971.0,1994.0,22943238.0,45670429139.0,500.0
2014-09-02,1989.0,1989.0,1950.0,1974.0,1960.0,1991.0,5572383.0,10896422405.0,1022.0
2014-09-03,1950.0,1959.0,1931.0,1956.0,1940.0,1974.0,8437038.0,16438779057.0,552.0
2014-09-06,1960.0,1980.0,1940.0,1958.0,1941.0,1956.0,11592390.0,22700707684.0,1203.0
2014-09-07,1950.0,1955.0,1918.0,1948.0,1929.0,1958.0,4288099.0,8274949517.0,436.0
2014-09-08,1930.0,1985.0,1915.0,1947.0,1950.0,1948.0,6942801.0,13518303151.0,697.0
2014-09-09,1969.0,1969.0,1930.0,1945.0,1932.0,1947.0,2806930.0,5436150798.0,414.0
2014-09-10,1940.0,1947.0,1910.0,1941.0,1925.0,1945.0,2583438.0,4976025582.0,333.0
2014-09-13,1925.0,1932.0,1910.0,1931.0,1911.0,1941.0,4776795.0,9156208328.0,774.0
2014-09-14,1923.0,1940.0,1883.0,1922.0,1913.0,1931.0,8801796.0,16891340574.0,1000.0
2014-09-15,1925.0,1925.0,1890.0,1920.0,1910.0,1922.0,4290854.0,8227514430.0,481.0
2014-09-16,1919.0,1919.0,1881.0,1913.0,1899.0,1920.0,2959792.0,5602780497.0,273.0
2014-09-17,1912.0,1913.0,1881.0,1909.0,1896.0,1913.0,2242489.0,4240833277.0,274.0
2014-09-20,1910.0,1913.0,1890.0,1909.0,1910.0,1909.0,1971586.0,3760475698.0,252.0
2014-09-21,1912.0,1915.0,1888.0,1909.0,1910.0,1909.0,2154863.0,4109110263.0,198.0
2014-09-22,1908.0,1919.0,1885.0,1908.0,1906.0,1909.0,1291984.0,2460148773.0,211.0
2014-09-23,1900.0,1909.0,1885.0,1907.0,1901.0,1908.0,1115186.0,2120266722.0,155.0
2014-09-24,1890.0,1899.0,1886.0,1905.0,1891.0,1907.0,1117328.0,2111738639.0,289.0
2014-09-27,1890.0,1898.0,1882.0,1902.0,1895.0,1905.0,2074744.0,3921947506.0,210.0
2014-09-28,1883.0,1916.0,1881.0,1902.0,1885.0,1902.0,5529159.0,10518743701.0,423.0
2014-09-29,1880.0,1935.0,1880.0,1909.0,1890.0,1902.0,6887993.0,13184882430.0,414.0
2014-09-30,1890.0,1949.0,1890.0,1917.0,1920.0,1909.0,6856542.0,13191037426.0,464.0
2014-10-01,1913.0,1970.0,1913.0,1929.0,1933.0,1917.0,6644075.0,12883034772.0,365.0
2014-10-04,1950.0,1997.0,1950.0,1936.0,1960.0,1929.0,2187651.0,4302478229.0,270.0
2014-10-06,1940.0,1980.0,1940.0,1952.0,1948.0,1936.0,25396818.0,49563409966.0,946.0
2014-10-21,2030.0,2030.0,2020.0,2030.0,2030.0,1952.0,211593492.0,429534701953.0,6667.0
2014-10-22,2089.0,2111.0,2065.0,2107.0,2111.0,2030.0,108395092.0,228369810836.0,5236.0
2014-10-25,2118.0,2147.0,2092.0,2109.0,2092.0,2107.0,24024551.0,50678371841.0,2124.0
2014-10-26,2109.0,2109.0,2075.0,2093.0,2080.0,2109.0,19162857.0,40116125166.0,1424.0
2014-10-27,2080.0,2103.0,2051.0,2080.0,2060.0,2093.0,22936154.0,47714536289.0,1601.0
2014-11-01,2163.0,2163.0,2163.0,2163.0,2163.0,2080.0,11980954.0,25914803502.0,252.0
2014-11-02,2249.0,2249.0,2247.0,2249.0,2249.0,2163.0,329391008.0,740799853694.0,7142.0
2014-11-05,2270.0,2338.0,2251.0,2325.0,2338.0,2249.0,101313763.0,235589905322.0,11140.0
2014-11-08,2355.0,2355.0,2244.0,2290.0,2271.0,2325.0,45640921.0,104517113739.0,2938.0
2014-11-09,2236.0,2350.0,2236.0,2301.0,2301.0,2290.0,39358599.0,90563577224.0,2569.0
2014-11-10,2281.0,2330.0,2271.0,2302.0,2302.0,2301.0,32039015.0,73757041369.0,1974.0
2014-11-11,2303.0,2339.0,2266.0,2308.0,2289.0,2302.0,36753568.0,84816843676.0,3383.0
2014-11-12,2300.0,2318.0,2275.0,2295.0,2285.0,2308.0,25322749.0,58114795308.0,1622.0
2014-11-15,2253.0,2255.0,2204.0,2217.0,2240.0,2295.0,42129169.0,93418447213.0,2571.0
2014-11-16,2256.0,2288.0,2225.0,2248.0,2250.0,2217.0,20475664.0,46033553334.0,1589.0
2014-11-17,2280.0,2292.0,2248.0,2275.0,2265.0,2248.0,18375699.0,41802182608.0,1205.0
2014-11-18,2270.0,2300.0,2244.0,2271.0,2260.0,2275.0,17029836.0,38670096061.0,1033.0
2014-11-19,2269.0,2279.0,2222.0,2259.0,2250.0,2271.0,11800464.0,26654653153.0,835.0
2014-11-22,2250.0,2298.0,2238.0,2270.0,2268.0,2259.0,11169345.0,25369442996.0,1171.0
2014-11-23,2275.0,2360.0,2275.0,2333.0,2300.0,2270.0,34275665.0,79952163272.0,2875.0
2014-11-24,2370.0,2426.0,2350.0,2413.0,2398.0,2333.0,71663029.0,172908381997.0,5920.0
2014-11-25,2317.0,2317.0,2317.0,2317.0,2317.0,2413.0,12527832.0,29026986744.0,262.0
2014-11-26,2225.0,2225.0,2225.0,2225.0,2225.0,2317.0,26175865.0,58241299625.0,703.0
2014-11-29,2220.0,2250.0,2136.0,2160.0,2136.0,2225.0,55856398.0,120633794503.0,3212.0
2014-11-30,2110.0,2169.0,2074.0,2079.0,2074.0,2160.0,43565379.0,90555738485.0,4784.0
2014-12-01,2050.0,2130.0,2008.0,2056.0,2089.0,2079.0,26301606.0,54084744555.0,3036.0
2014-12-02,2089.0,2135.0,2058.0,2072.0,2070.0,2056.0,6703031.0,13970519555.0,698.0
2014-12-03,2100.0,2100.0,2016.0,2057.0,2042.0,2072.0,13636414.0,28048413891.0,1055.0
2014-12-06,2012.0,2080.0,2012.0,2071.0,2060.0,2057.0,20941845.0,43361563572.0,1263.0
2014-12-07,2041.0,2071.0,2008.0,2042.0,2040.0,2071.0,8444122.0,17145068589.0,991.0
2014-12-08,2115.0,2123.0,2056.0,2113.0,2123.0,2042.0,19383029.0,40949862203.0,1107.0
2014-12-09,2135.0,2150.0,2100.0,2120.0,2120.0,2113.0,8310476.0,17639058207.0,1005.0
2014-12-10,2179.0,2185.0,2070.0,2121.0,2080.0,2120.0,5459934.0,11591532879.0,500.0
2014-12-14,2119.0,2119.0,2039.0,2083.0,2043.0,2121.0,6129775.0,12545463995.0,533.0
2014-12-15,2020.0,2050.0,2000.0,2001.0,2000.0,2083.0,45654476.0,91358424498.0,1841.0
2014-12-16,2001.0,2081.0,2001.0,2039.0,2030.0,2001.0,7490148.0,15449539300.0,694.0
2014-12-17,2104.0,2104.0,2041.0,2085.0,2089.0,2039.0,13147190.0,27416441080.0,898.0
2014-12-20,2098.0,2160.0,2089.0,2112.0,2090.0,2085.0,19238526.0,40638608366.0,1251.0
2014-12-22,2159.0,2174.0,2139.0,2154.0,2150.0,2112.0,27186650.0,58567629145.0,1396.0
2014-12-24,2150.0,2159.0,2103.0,2144.0,2114.0,2154.0,3150421.0,6668021488.0,415.0
2014-12-27,2120.0,2129.0,2071.0,2116.0,2123.0,2144.0,6994102.0,14660484898.0,448.0
2014-12-28,2110.0,2127.0,2110.0,2117.0,2116.0,2116.0,17698606.0,37460274150.0,679.0
2014-12-29,2100.0,2124.0,2071.0,2113.0,2124.0,2117.0,30548771.0,64544333013.0,1180.0
2014-12-30,2086.0,2125.0,2086.0,2106.0,2100.0,2113.0,11094807.0,23363780385.0,582.0
2014-12-31,2076.0,2110.0,2070.0,2099.0,2077.0,2106.0,2954190.0,6143102388.0,344.0
2015-01-03,2106.0,2120.0,2072.0,2095.0,2090.0,2099.0,3897064.0,8132079064.0,299.0
2015-01-04,2084.0,2136.0,2065.0,2090.0,2069.0,2095.0,5522211.0,11511731535.0,442.0
2015-01-05,2035.0,2099.0,2035.0,2079.0,2039.0,2090.0,6019614.0,12443523946.0,446.0
2015-01-06,2060.0,2100.0,2006.0,2042.0,2010.0,2079.0,16946910.0,34605630497.0,1027.0
2015-01-07,2010.0,2087.0,2010.0,2056.0,2010.0,2042.0,40673510.0,83605762108.0,1086.0
2015-01-10,2012.0,2060.0,1974.0,2005.0,1974.0,2056.0,15397783.0,30879975695.0,1600.0
2015-01-11,1999.0,2000.0,1925.0,1949.0,1986.0,2005.0,18804163.0,36658131416.0,1038.0
2015-01-12,2014.0,2026.0,1957.0,2020.0,2026.0,1949.0,19895200.0,40190918852.0,941.0
2015-01-13,2045.0,2046.0,1946.0,2012.0,1990.0,2020.0,32945557.0,66271585810.0,994.0
2015-01-14,1970.0,1990.0,1956.0,2000.0,1975.0,2012.0,3788944.0,7478726703.0,543.0
2015-01-17,2000.0,2035.0,1971.0,2004.0,2000.0,2000.0,7180181.0,14411570808.0,708.0
2015-01-18,1990.0,1997.0,1945.0,1986.0,1950.0,2004.0,5286975.0,10378276076.0,763.0
2015-01-19,1930.0,1950.0,1907.0,1944.0,1929.0,1986.0,7660091.0,14713563972.0,712.0
2015-01-20,1919.0,1950.0,1880.0,1919.0,1945.0,1944.0,10974286.0,21032418192.0,813.0
2015-01-21,1940.0,1940.0,1843.0,1893.0,1867.0,1919.0,10327765.0,19509919493.0,784.0
2015-01-24,1960.0,1964.0,1885.0,1933.0,1949.0,1893.0,14031611.0,27116220582.0,980.0
2015-01-25,1940.0,1976.0,1916.0,1940.0,1939.0,1933.0,4355819.0,8504137806.0,406.0
2015-01-26,1940.0,1950.0,1905.0,1937.0,1937.0,1940.0,4278941.0,8269839644.0,383.0
2015-01-27,1937.0,1995.0,1918.0,1979.0,1947.0,1937.0,18616639.0,36850549638.0,341.0
2015-01-28,1980.0,2049.0,1970.0,2005.0,2035.0,1979.0,9592742.0,19298254087.0,927.0
2015-01-31,2005.0,2076.0,2005.0,2033.0,2053.0,2005.0,6296879.0,12956584360.0,727.0
2015-02-01,2050.0,2080.0,2001.0,2040.0,2080.0,2033.0,11350063.0,23158561677.0,791.0
2015-02-02,2040.0,2078.0,2035.0,2044.0,2041.0,2040.0,5235889.0,10733016894.0,417.0
2015-02-03,2064.0,2064.0,2032.0,2044.0,2045.0,2044.0,38961581.0,79643253836.0,315.0
2015-02-04,2044.0,2070.0,2040.0,2049.0,2050.0,2044.0,4812166.0,9900178191.0,431.0
2015-02-07,2069.0,2070.0,2030.0,2049.0,2054.0,2049.0,8231477.0,16869743943.0,640.0
2015-02-08,2025.0,2026.0,1993.0,2032.0,2020.0,2049.0,4894848.0,9829672801.0,379.0
2015-02-09,2030.0,2031.0,1951.0,1989.0,1951.0,2032.0,8360575.0,16466994079.0,506.0
2015-02-10,1988.0,2028.0,1963.0,2014.0,1997.0,1989.0,14343490.0,28886172329.0,337.0
2015-02-14,2014.0,2038.0,1985.0,2018.0,1985.0,2014.0,7500085.0,15152414085.0,374.0
2015-02-15,1990.0,2039.0,1990.0,2023.0,2001.0,2018.0,8363767.0,16933673199.0,387.0
2015-02-16,1991.0,2028.0,1976.0,2015.0,2026.0,2023.0,3296994.0,6571792141.0,337.0
2015-02-17,1999.0,2020.0,1960.0,2004.0,1960.0,2015.0,4123121.0,8175102766.0,489.0
2015-02-18,1980.0,1980.0,1949.0,1994.0,1970.0,2004.0,2780534.0,5456132152.0,298.0
2015-02-21,2000.0,2042.0,2000.0,2026.0,2020.0,1994.0,11096847.0,22484529049.0,844.0
2015-02-22,2016.0,2017.0,1955.0,1982.0,1970.0,2026.0,5220766.0,10349557615.0,465.0
2015-02-23,1999.0,1999.0,1953.0,1978.0,1960.0,1982.0,2138711.0,4219207453.0,193.0
2015-02-24,1976.0,2017.0,1950.0,2004.0,1951.0,1978.0,13638431.0,27332637526.0,322.0
2015-02-25,1955.0,1965.0,1945.0,1968.0,1965.0,2004.0,3654107.0,7140591610.0,422.0
2015-02-28,1945.0,1970.0,1930.0,1955.0,1939.0,1968.0,2876903.0,5597403877.0,273.0
2015-03-01,1965.0,1965.0,1919.0,1939.0,1941.0,1955.0,4782397.0,9266975985.0,357.0
2015-03-02,1947.0,1980.0,1930.0,1954.0,1930.0,1939.0,5058167.0,9882616810.0,411.0
2015-03-03,1950.0,1960.0,1930.0,1953.0,1959.0,1954.0,26186314.0,51142117696.0,425.0
2015-03-04,1969.0,1969.0,1932.0,1949.0,1953.0,1953.0,6879277.0,13407058798.0,512.0
2015-03-07,1953.0,1990.0,1933.0,1988.0,1960.0,1949.0,98111436.0,195030031960.0,354.0
2015-03-08,1975.0,1975.0,1939.0,1963.0,1960.0,1988.0,3550106.0,6931425611.0,354.0
2015-03-09,1940.0,1979.0,1940.0,1966.0,1964.0,1963.0,9776094.0,19216815719.0,342.0
2015-03-10,1968.0,1985.0,1941.0,1975.0,1985.0,1966.0,15077908.0,29772683947.0,387.0
2015-03-11,1965.0,1998.0,1955.0,1977.0,1980.0,1975.0,15582298.0,30806075146.0,539.0
2015-03-14,1975.0,2056.0,1975.0,2049.0,2056.0,1977.0,44527666.0,91243861078.0,2143.0
2015-03-15,2130.0,2130.0,2110.0,2129.0,2130.0,2049.0,45753133.0,97405585499.0,2776.0
2015-03-16,2169.0,2169.0,2090.0,2129.0,2130.0,2129.0,24421057.0,51990084325.0,1839.0
2015-03-17,2080.0,2090.0,2044.0,2059.0,2080.0,2129.0,13020907.0,26815969356.0,1044.0
2015-03-18,2093.0,2141.0,2081.0,2137.0,2140.0,2059.0,47631062.0,101775678181.0,6514.0
2015-03-25,2159.0,2168.0,2132.0,2154.0,2149.0,2137.0,7331674.0,15789283269.0,556.0
2015-03-28,2169.0,2240.0,2145.0,2192.0,2239.0,2154.0,31449320.0,68928050224.0,2218.0
2015-03-29,2250.0,2279.0,2223.0,2277.0,2279.0,2192.0,67528221.0,153789358349.0,2734.0
2015-03-30,2269.0,2297.0,2186.0,2234.0,2229.0,2277.0,24696004.0,55177437270.0,1984.0
2015-03-31,2176.0,2294.0,2176.0,2255.0,2270.0,2234.0,22018160.0,49647674220.0,1618.0
2015-04-04,2345.0,2345.0,2345.0,2341.0,2345.0,2255.0,4242043.0,9947590835.0,122.0
2015-04-05,2434.0,2434.0,2434.0,2434.0,2434.0,2341.0,6019000.0,14650246000.0,153.0
2015-04-06,2531.0,2531.0,2486.0,2528.0,2531.0,2434.0,274739159.0,694485643703.0,9274.0
2015-04-07,2550.0,2600.0,2503.0,2561.0,2570.0,2528.0,62378483.0,159774983166.0,4364.0
2015-04-08,2530.0,2663.0,2530.0,2654.0,2663.0,2561.0,75830040.0,201275251304.0,4041.0
2015-04-11,2650.0,2729.0,2600.0,2664.0,2650.0,2654.0,64975610.0,173100090677.0,4730.0
2015-04-12,2606.0,2645.0,2558.0,2564.0,2558.0,2664.0,49427585.0,126743134508.0,2790.0
2015-04-13,2564.0,2600.0,2463.0,2502.0,2500.0,2564.0,48368626.0,121011523699.0,3520.0
2015-04-14,2514.0,2540.0,2492.0,2511.0,2517.0,2502.0,18285316.0,45921440961.0,3079.0
2015-04-15,2500.0,2520.0,2421.0,2467.0,2459.0,2511.0,23203027.0,57245900861.0,2318.0
2015-04-18,2460.0,2489.0,2369.0,2409.0,2390.0,2467.0,24774320.0,59691104644.0,1796.0
2015-04-19,2400.0,2474.0,2380.0,2430.0,2420.0,2409.0,16531092.0,40178259255.0,1499.0
2015-04-20,2440.0,2450.0,2356.0,2378.0,2356.0,2430.0,8491842.0,20193610040.0,942.0
2015-04-21,2361.0,2410.0,2335.0,2377.0,2399.0,2378.0,18360049.0,43636728467.0,1301.0
2015-04-22,2400.0,2430.0,2390.0,2411.0,2413.0,2377.0,8049182.0,19409663150.0,697.0
2015-04-25,2416.0,2453.0,2416.0,2439.0,2423.0,2411.0,8224371.0,20057029510.0,763.0
2015-04-26,2449.0,2470.0,2395.0,2433.0,2424.0,2439.0,5089429.0,12381399432.0,504.0
2015-04-27,2390.0,2430.0,2350.0,2382.0,2383.0,2433.0,9043221.0,21541473639.0,659.0
2015-04-28,2381.0,2428.0,2371.0,2398.0,2394.0,2382.0,5922652.0,14203253388.0,825.0
2015-04-29,2420.0,2437.0,2380.0,2400.0,2388.0,2398.0,4086696.0,9806623472.0,492.0
2015-05-03,2383.0,2389.0,2304.0,2330.0,2304.0,2400.0,12167057.0,28351758417.0,816.0
2015-05-04,2283.0,2339.0,2237.0,2268.0,2238.0,2330.0,11347536.0,25738356867.0,922.0
2015-05-05,2269.0,2320.0,2269.0,2292.0,2278.0,2268.0,9224351.0,21142997071.0,731.0
2015-05-06,2294.0,2380.0,2272.0,2304.0,2290.0,2292.0,6911272.0,15920463894.0,609.0
2015-05-09,2265.0,2299.0,2212.0,2237.0,2220.0,2304.0,9775764.0,21871373181.0,949.0
2015-05-10,2270.0,2280.0,2161.0,2238.0,2230.0,2237.0,9688004.0,21683182205.0,1019.0
2015-05-11,2230.0,2301.0,2230.0,2278.0,2275.0,2238.0,8659846.0,19723488364.0,740.0
2015-05-12,2320.0,2369.0,2290.0,2332.0,2300.0,2278.0,15326788.0,35737254327.0,1152.0
2015-05-13,2329.0,2370.0,2290.0,2327.0,2340.0,2332.0,5694060.0,13252183665.0,438.0
2015-05-17,2348.0,2348.0,2244.0,2294.0,2280.0,2327.0,6780042.0,15553616486.0,868.0
2015-05-18,2338.0,2338.0,2280.0,2311.0,2315.0,2294.0,6169564.0,14257363059.0,491.0
2015-05-19,2300.0,2330.0,2290.0,2308.0,2314.0,2311.0,6164410.0,14228162004.0,989.0
2015-05-20,2320.0,2320.0,2280.0,2302.0,2281.0,2308.0,3502672.0,8058748363.0,342.0
2015-05-23,2310.0,2310.0,2210.0,2248.0,2210.0,2302.0,8718305.0,19595364353.0,825.0
2015-05-24,2230.0,2270.0,2211.0,2250.0,2255.0,2248.0,7183701.0,16160337195.0,745.0
2015-05-25,2255.0,2276.0,2225.0,2253.0,2250.0,2250.0,7355695.0,16574481908.0,1298.0
2015-05-26,2221.0,2268.0,2200.0,2241.0,2201.0,2253.0,10363263.0,23225193382.0,1760.0
2015-05-27,2205.0,2240.0,2205.0,2229.0,2220.0,2241.0,8339282.0,18584377586.0,1127.0
2015-05-30,2203.0,2235.0,2202.0,2227.0,2210.0,2229.0,6784008.0,15104603997.0,718.0
2015-05-31,2210.0,2223.0,2188.0,2199.0,2215.0,2227.0,5532390.0,12163383426.0,579.0
2015-06-01,2189.0,2205.0,2186.0,2198.0,2200.0,2199.0,5450103.0,11981266695.0,593.0
2015-06-02,2198.0,2198.0,2178.0,2184.0,2179.0,2198.0,9434044.0,20602201418.0,763.0
2015-06-06,2190.0,2190.0,2112.0,2165.0,2112.0,2184.0,3552595.0,7671234783.0,546.0
2015-06-07,2158.0,2158.0,2121.0,2136.0,2126.0,2165.0,3665734.0,7805538342.0,453.0
2015-06-08,2139.0,2139.0,2051.0,2090.0,2067.0,2136.0,5955587.0,12447647870.0,614.0
2015-06-09,2075.0,2092.0,2021.0,2061.0,2075.0,2090.0,7951848.0,16386110258.0,663.0
2015-06-10,2080.0,2164.0,2075.0,2130.0,2164.0,2061.0,7199742.0,15336303381.0,844.0
2015-06-13,2160.0,2236.0,2160.0,2212.0,2229.0,2130.0,13937429.0,30823478098.0,1062.0
2015-06-14,2217.0,2280.0,2170.0,2230.0,2171.0,2212.0,7655371.0,17074282603.0,727.0
2015-06-15,2200.0,2244.0,2177.0,2203.0,2199.0,2230.0,5757371.0,12684354207.0,503.0
2015-06-16,2255.0,2289.0,2180.0,2243.0,2289.0,2203.0,7677442.0,17218800328.0,667.0
2015-06-17,2300.0,2355.0,2300.0,2347.0,2355.0,2243.0,36892042.0,86583472554.0,2684.0
2015-06-20,2399.0,2399.0,2294.0,2336.0,2309.0,2347.0,13189283.0,30810975173.0,1100.0
2015-06-21,2300.0,2360.0,2294.0,2332.0,2317.0,2336.0,5781028.0,13480162854.0,553.0
2015-06-22,2300.0,2402.0,2299.0,2375.0,2378.0,2332.0,13488220.0,32035359452.0,1178.0
2015-06-23,2420.0,2450.0,2386.0,2412.0,2402.0,2375.0,22078116.0,53263397120.0,1261.0
2015-06-24,2400.0,2411.0,2350.0,2390.0,2395.0,2412.0,11593591.0,27704121220.0,1079.0
2015-06-27,2400.0,2430.0,2360.0,2407.0,2394.0,2390.0,7645519.0,18402036652.0,609.0
2015-06-28,2371.0,2440.0,2338.0,2364.0,2350.0,2407.0,4396715.0,10393173770.0,482.0
2015-06-29,2322.0,2395.0,2322.0,2366.0,2364.0,2364.0,8848030.0,20933065234.0,651.0
2015-06-30,2430.0,2440.0,2387.0,2412.0,2417.0,2366.0,26192262.0,63164596302.0,1945.0
2015-07-01,2436.0,2450.0,2382.0,2403.0,2385.0,2412.0,21650649.0,52036371887.0,1906.0
2015-07-04,2419.0,2523.0,2411.0,2491.0,2493.0,2403.0,50854780.0,126692673755.0,4396.0
2015-07-05,2492.0,2496.0,2431.0,2465.0,2440.0,2491.0,41255987.0,101691245728.0,3240.0
2015-07-06,2450.0,2498.0,2434.0,2466.0,2470.0,2465.0,35226045.0,86881119773.0,3739.0
2015-07-07,2480.0,2529.0,2471.0,2497.0,2520.0,2466.0,77113352.0,192587792871.0,8596.0
2015-07-11,2460.0,2520.0,2401.0,2480.0,2520.0,2497.0,18963518.0,47022921359.0,1727.0
2015-07-12,2530.0,2545.0,2493.0,2513.0,2510.0,2480.0,22969074.0,57731233717.0,1728.0
2015-07-13,2550.0,2630.0,2542.0,2593.0,2579.0,2513.0,79075092.0,205010199422.0,6173.0
2015-07-14,2650.0,2650.0,2480.0,2539.0,2524.0,2593.0,61971244.0,157319257854.0,3664.0
2015-07-15,2520.0,2520.0,2413.0,2427.0,2413.0,2539.0,47617846.0,115585563261.0,2411.0
2015-07-20,2359.0,2420.0,2333.0,2382.0,2415.0,2427.0,37393639.0,89064087252.0,1824.0
2015-08-10,2150.0,2150.0,2100.0,2122.0,2119.0,2292.0,33751745.0,71627263849.0,1301.0
2015-08-12,2110.0,2125.0,2055.0,2081.0,2078.0,2122.0,24633417.0,51271664448.0,1590.0
2015-08-15,2072.0,2095.0,2041.0,2071.0,2041.0,2081.0,13616861.0,28199344673.0,1006.0
2015-08-16,2069.0,2090.0,2046.0,2060.0,2058.0,2071.0,10274736.0,21170865361.0,861.0
2015-08-17,2061.0,2070.0,2042.0,2055.0,2044.0,2060.0,7643066.0,15702920974.0,631.0
2015-08-18,2048.0,2055.0,2000.0,2024.0,2010.0,2055.0,50026777.0,101237841072.0,1851.0
2015-08-19,2009.0,2020.0,1996.0,2004.0,2010.0,2024.0,32204827.0,64531907945.0,1893.0
2015-08-22,2012.0,2025.0,2000.0,2008.0,2009.0,2004.0,12167980.0,24429466206.0,933.0
2015-08-23,2006.0,2025.0,2000.0,2010.0,2009.0,2008.0,11415002.0,22944470993.0,652.0
2015-08-24,2020.0,2020.0,1980.0,1998.0,1985.0,2010.0,9444748.0,18872608090.0,802.0
2015-08-25,1981.0,1997.0,1940.0,1960.0,1950.0,1998.0,19880192.0,38963375585.0,1277.0
2015-08-26,1970.0,1991.0,1959.0,1975.0,1989.0,1960.0,9318635.0,18405148597.0,664.0
2015-08-29,1994.0,2028.0,1983.0,2007.0,2006.0,1975.0,24255720.0,48673809229.0,1123.0
2015-08-30,2018.0,2028.0,1990.0,2003.0,1990.0,2007.0,7173579.0,14368577124.0,633.0
2015-08-31,1997.0,1997.0,1970.0,1981.0,1970.0,2003.0,3863814.0,7630223440.0,470.0
2015-09-01,1985.0,2010.0,1980.0,1997.0,1982.0,1981.0,10161063.0,20291914615.0,722.0
2015-09-02,1998.0,2020.0,1988.0,2000.0,2001.0,1997.0,21501146.0,42998789161.0,797.0
2015-09-05,2000.0,2051.0,2000.0,2030.0,2047.0,2000.0,19315914.0,39202231283.0,1104.0
2015-09-06,2050.0,2070.0,2021.0,2035.0,2030.0,2030.0,9369572.0,19071541293.0,645.0
2015-09-07,2037.0,2051.0,2022.0,2044.0,2036.0,2035.0,29445874.0,60190214699.0,583.0
2015-09-08,2050.0,2051.0,2017.0,2029.0,2026.0,2044.0,6127441.0,12432822567.0,422.0
2015-09-09,2015.0,2049.0,2011.0,2024.0,2030.0,2029.0,10906842.0,22070027665.0,711.0
2015-09-12,2044.0,2059.0,2015.0,2036.0,2017.0,2024.0,7498626.0,15270908865.0,525.0
2015-09-13,2015.0,2019.0,1956.0,1973.0,1963.0,2036.0,9739576.0,19212196714.0,857.0
2015-09-14,1992.0,1992.0,1925.0,1954.0,1948.0,1973.0,10557054.0,20630196621.0,966.0
2015-09-15,1945.0,1978.0,1890.0,1911.0,1914.0,1954.0,17240963.0,32943911634.0,1140.0
2015-09-16,1911.0,1938.0,1911.0,1921.0,1930.0,1911.0,11139932.0,21396392427.0,738.0
2015-09-19,1930.0,1959.0,1919.0,1933.0,1921.0,1921.0,8369150.0,16173925587.0,621.0
2015-09-20,1940.0,1948.0,1859.0,1880.0,1862.0,1933.0,15165454.0,28505624253.0,920.0
2015-09-21,1888.0,1900.0,1827.0,1859.0,1880.0,1880.0,16938410.0,31492476764.0,922.0
2015-09-22,1880.0,1919.0,1855.0,1884.0,1901.0,1859.0,14793734.0,27877684511.0,1041.0
2015-09-23,1919.0,1930.0,1905.0,1910.0,1915.0,1884.0,3928270.0,7538380686.0,411.0
2015-09-26,1920.0,1924.0,1880.0,1892.0,1885.0,1910.0,6448912.0,12199349434.0,474.0
2015-09-27,1890.0,1915.0,1870.0,1899.0,1899.0,1892.0,6830979.0,12974335196.0,513.0
2015-09-28,1885.0,1925.0,1885.0,1899.0,1901.0,1899.0,5207016.0,9890097254.0,324.0
2015-09-29,1901.0,1915.0,1889.0,1898.0,1897.0,1899.0,3982643.0,7558962704.0,301.0
2015-09-30,1866.0,1898.0,1866.0,1882.0,1875.0,1898.0,5053997.0,9509158428.0,358.0
2015-10-03,1870.0,1884.0,1816.0,1845.0,1856.0,1882.0,13433636.0,24779022257.0,894.0
2015-10-04,1855.0,1862.0,1826.0,1851.0,1862.0,1845.0,16210133.0,29999343690.0,1065.0
2015-10-05,1870.0,1870.0,1846.0,1859.0,1859.0,1851.0,9042597.0,16807712607.0,573.0
2015-10-06,1859.0,1870.0,1847.0,1859.0,1858.0,1859.0,13234507.0,24597853057.0,758.0
2015-10-07,1860.0,1869.0,1857.0,1862.0,1859.0,1859.0,6222467.0,11588591476.0,469.0
2015-10-10,1858.0,1890.0,1853.0,1871.0,1865.0,1862.0,7584138.0,14190167008.0,571.0
2015-10-11,1860.0,1889.0,1850.0,1868.0,1860.0,1871.0,10446869.0,19517754399.0,737.0
2015-10-12,1870.0,1944.0,1868.0,1896.0,1868.0,1868.0,10032786.0,19026525957.0,580.0
2015-10-13,1879.0,1938.0,1870.0,1904.0,1899.0,1896.0,10960747.0,20872485479.0,595.0
2015-10-14,1944.0,1985.0,1930.0,1954.0,1930.0,1904.0,17794246.0,34768780868.0,1084.0
2015-10-17,1901.0,2051.0,1901.0,2026.0,2051.0,1954.0,40304404.0,81658423530.0,2263.0
2015-10-18,2075.0,2097.0,1990.0,2039.0,2001.0,2026.0,32542494.0,66353131321.0,2271.0
2015-10-19,2030.0,2050.0,1977.0,2021.0,1986.0,2039.0,19931989.0,40274690812.0,1436.0
2015-10-20,2019.0,2038.0,1985.0,2012.0,1985.0,2021.0,14902910.0,29986512791.0,934.0
2015-10-21,2003.0,2025.0,1970.0,1992.0,1975.0,2012.0,19045164.0,37942563555.0,943.0
2015-10-25,1997.0,1999.0,1903.0,1940.0,1906.0,1992.0,23294681.0,45192051328.0,1462.0
2015-10-26,1932.0,2010.0,1910.0,1964.0,1968.0,1940.0,23937852.0,47012419712.0,1216.0
2015-10-27,1970.0,2018.0,1961.0,1989.0,1965.0,1964.0,15394018.0,30623901415.0,1014.0
2015-10-28,1999.0,2010.0,1966.0,1991.0,1982.0,1989.0,9898445.0,19711403420.0,600.0
2015-10-31,1984.0,2010.0,1976.0,1996.0,1986.0,1991.0,10622156.0,21200171385.0,676.0
2015-11-01,1999.0,2005.0,1975.0,1992.0,1980.0,1996.0,9249842.0,18423425290.0,497.0
2015-11-02,1999.0,1999.0,1977.0,1992.0,1988.0,1992.0,7439352.0,14818080321.0,453.0
2015-11-03,1990.0,2000.0,1954.0,1981.0,1966.0,1992.0,9324160.0,18470628006.0,573.0
2015-11-04,1970.0,1999.0,1960.0,1990.0,1980.0,1981.0,9661164.0,19223800429.0,515.0
2015-11-07,1986.0,1999.0,1966.0,1990.0,1972.0,1990.0,16221716.0,32276309333.0,388.0
2015-11-08,1962.0,1996.0,1955.0,1985.0,1970.0,1990.0,16708872.0,33173554492.0,424.0
2015-11-09,1985.0,1997.0,1951.0,1987.0,1962.0,1985.0,11771870.0,23387071873.0,620.0
2015-11-10,1988.0,1992.0,1957.0,1974.0,1957.0,1987.0,13585637.0,26813723555.0,587.0
2015-11-11,1980.0,1989.0,1950.0,1972.0,1951.0,1974.0,16787502.0,33101598838.0,854.0
2015-11-14,1973.0,1980.0,1945.0,1969.0,1950.0,1972.0,21060181.0,41476613074.0,547.0
2015-11-15,1950.0,1978.0,1935.0,1969.0,1941.0,1969.0,26644984.0,52453999399.0,460.0
2015-11-16,1959.0,1976.0,1938.0,1962.0,1940.0,1969.0,35537974.0,69722867562.0,686.0
2015-11-17,1950.0,1967.0,1936.0,1960.0,1941.0,1962.0,27284435.0,53469771122.0,578.0
2015-11-18,1949.0,1949.0,1927.0,1935.0,1927.0,1960.0,4383909.0,8463766749.0,347.0
2015-11-21,1925.0,1947.0,1920.0,1939.0,1929.0,1935.0,23480858.0,45522695442.0,605.0
2015-11-22,1925.0,1972.0,1920.0,1961.0,1940.0,1939.0,28343181.0,55589075300.0,435.0
2015-11-23,1940.0,1940.0,1925.0,1941.0,1928.0,1961.0,3500686.0,6761970575.0,279.0
2015-11-24,1926.0,1959.0,1925.0,1949.0,1934.0,1941.0,29373672.0,57247865211.0,342.0
2015-11-25,1930.0,1958.0,1918.0,1950.0,1924.0,1949.0,26416399.0,51499010907.0,412.0
2015-11-28,1942.0,1958.0,1909.0,1948.0,1928.0,1950.0,27948737.0,54434719141.0,511.0
2015-11-29,1939.0,1949.0,1890.0,1934.0,1900.0,1948.0,31655555.0,61206400789.0,791.0
2015-11-30,1908.0,1947.0,1891.0,1939.0,1916.0,1934.0,37071938.0,71880697075.0,516.0
2015-12-01,1920.0,1943.0,1902.0,1939.0,1925.0,1939.0,35643307.0,69111914677.0,394.0
2015-12-05,1938.0,1938.0,1907.0,1924.0,1908.0,1939.0,5097494.0,9804783466.0,446.0
2015-12-06,1901.0,1958.0,1901.0,1946.0,1909.0,1924.0,28796418.0,56024745380.0,537.0
2015-12-07,1931.0,1951.0,1908.0,1941.0,1910.0,1946.0,39113566.0,75931575353.0,648.0
2015-12-08,1911.0,1911.0,1890.0,1900.0,1890.0,1941.0,8005525.0,15211686506.0,578.0
2015-12-09,1892.0,1937.0,1892.0,1929.0,1910.0,1900.0,33205633.0,64068526454.0,369.0
2015-12-13,1910.0,1938.0,1892.0,1931.0,1908.0,1929.0,31908295.0,61616105495.0,463.0
2015-12-14,1902.0,1937.0,1902.0,1932.0,1925.0,1931.0,37297625.0,72063007920.0,472.0
2015-12-15,1923.0,1949.0,1915.0,1940.0,1931.0,1932.0,44285085.0,85925739890.0,895.0
2015-12-16,1940.0,1951.0,1925.0,1944.0,1930.0,1940.0,34549541.0,67180496596.0,938.0
2015-12-19,1942.0,1945.0,1880.0,1923.0,1882.0,1944.0,14950077.0,28747507064.0,827.0
2015-12-20,1910.0,1936.0,1886.0,1928.0,1900.0,1923.0,36456544.0,70303432474.0,502.0
2015-12-21,1900.0,1930.0,1894.0,1925.0,1898.0,1928.0,34773729.0,66927908719.0,422.0
2015-12-22,1908.0,1944.0,1899.0,1933.0,1910.0,1925.0,50355032.0,97322278630.0,665.0
2015-12-23,1927.0,1948.0,1900.0,1937.0,1911.0,1933.0,44436017.0,86066932881.0,771.0
2015-12-26,1904.0,1939.0,1903.0,1936.0,1905.0,1937.0,37827220.0,73222318475.0,463.0
2015-12-27,1928.0,1955.0,1906.0,1937.0,1910.0,1936.0,63955400.0,123866664057.0,1376.0
2015-12-28,1914.0,1951.0,1910.0,1943.0,1911.0,1937.0,54401503.0,105690312383.0,804.0
2015-12-30,1930.0,1955.0,1916.0,1943.0,1950.0,1943.0,43670732.0,84860356196.0,2550.0
2016-01-02,1950.0,1957.0,1931.0,1939.0,1938.0,1943.0,11547404.0,22386419939.0,680.0
2016-01-03,1920.0,1928.0,1913.0,1917.0,1914.0,1939.0,6326788.0,12128755845.0,530.0
2016-01-04,1911.0,1927.0,1897.0,1909.0,1904.0,1917.0,10810451.0,20633874312.0,935.0
2016-01-05,1906.0,1927.0,1898.0,1914.0,1921.0,1909.0,22160161.0,42411426090.0,1400.0
2016-01-06,1930.0,1985.0,1910.0,1954.0,1967.0,1914.0,63388732.0,123862273367.0,3596.0
2016-01-09,1983.0,1983.0,1930.0,1950.0,1933.0,1954.0,22193288.0,43267834819.0,1442.0
2016-01-10,1933.0,1942.0,1911.0,1924.0,1921.0,1950.0,18215619.0,35049232335.0,1200.0
2016-01-11,1935.0,1955.0,1922.0,1940.0,1935.0,1924.0,29633545.0,57495670876.0,1911.0
2016-01-12,1953.0,2032.0,1945.0,1998.0,2020.0,1940.0,59826947.0,119531401424.0,3471.0
2016-01-13,2035.0,2095.0,2020.0,2078.0,2088.0,1998.0,83690735.0,173910533090.0,4659.0
2016-01-16,2163.0,2169.0,2101.0,2135.0,2134.0,2078.0,82409172.0,175948591862.0,5059.0
2016-01-17,2150.0,2170.0,2029.0,2065.0,2030.0,2135.0,99481493.0,205465519509.0,5582.0
2016-01-18,2035.0,2074.0,1971.0,2026.0,2060.0,2065.0,38700278.0,78413223185.0,2512.0
2016-01-19,2079.0,2099.0,2058.0,2080.0,2088.0,2026.0,34197167.0,71126640283.0,2333.0
2016-01-20,2083.0,2093.0,2065.0,2081.0,2070.0,2080.0,36247550.0,75420859949.0,2301.0
2016-01-23,2120.0,2185.0,2103.0,2173.0,2185.0,2081.0,138537472.0,300994360780.0,5711.0
2016-01-24,2229.0,2273.0,2181.0,2230.0,2210.0,2173.0,64716733.0,144334528811.0,4325.0
2016-01-25,2200.0,2229.0,2145.0,2189.0,2219.0,2230.0,58874712.0,128867344746.0,3791.0
2016-01-26,2190.0,2280.0,2190.0,2231.0,2220.0,2189.0,70931526.0,158229926549.0,4092.0
2016-01-27,2260.0,2295.0,2219.0,2251.0,2240.0,2231.0,59750694.0,134503728799.0,3823.0
2016-01-30,2250.0,2310.0,2230.0,2273.0,2237.0,2251.0,57603006.0,130933675067.0,3458.0
2016-01-31,2233.0,2235.0,2165.0,2185.0,2195.0,2273.0,34536481.0,75456983096.0,2333.0
2016-02-01,2228.0,2250.0,2196.0,2227.0,2229.0,2185.0,37487570.0,83496783660.0,2478.0
2016-02-02,2250.0,2259.0,2166.0,2211.0,2178.0,2227.0,34249533.0,75731006271.0,2631.0
2016-02-03,2188.0,2188.0,2150.0,2167.0,2185.0,2211.0,24434385.0,52938008363.0,2008.0
2016-02-06,2192.0,2193.0,2155.0,2172.0,2169.0,2167.0,27970570.0,60762966647.0,2054.0
2016-02-07,2180.0,2257.0,2180.0,2228.0,2225.0,2172.0,75333238.0,167845753576.0,4173.0
2016-02-08,2270.0,2322.0,2251.0,2304.0,2317.0,2228.0,95756964.0,220630951144.0,5697.0
2016-02-09,2375.0,2419.0,2270.0,2400.0,2290.0,2304.0,224886837.0,539699160554.0,10590.0
2016-02-10,2284.0,2370.0,2280.0,2300.0,2280.0,2400.0,90686024.0,208557367691.0,4758.0
2016-02-13,2328.0,2328.0,2187.0,2236.0,2206.0,2300.0,44087993.0,98589303912.0,2890.0
2016-02-14,2250.0,2281.0,2211.0,2241.0,2225.0,2236.0,36275127.0,81287927017.0,2218.0
2016-02-15,2240.0,2350.0,2230.0,2304.0,2285.0,2241.0,52668877.0,121367763518.0,3279.0
2016-02-16,2300.0,2304.0,2210.0,2245.0,2220.0,2304.0,37046265.0,83173969431.0,2406.0
2016-02-17,2220.0,2352.0,2200.0,2303.0,2345.0,2245.0,69308734.0,159644247220.0,4592.0
2016-02-20,2418.0,2418.0,2401.0,2418.0,2418.0,2303.0,491308898.0,1187933077999.0,13455.0
2016-02-21,2427.0,2428.0,2324.0,2358.0,2333.0,2418.0,79246984.0,186860901515.0,4665.0
2016-02-22,2363.0,2457.0,2363.0,2422.0,2410.0,2358.0,84010968.0,203459117275.0,4546.0
2016-02-23,2424.0,2425.0,2350.0,2377.0,2382.0,2422.0,41412339.0,98435811864.0,2357.0
2016-02-24,2390.0,2410.0,2360.0,2388.0,2380.0,2377.0,38752041.0,92546695275.0,2349.0
2016-02-27,2390.0,2419.0,2371.0,2389.0,2388.0,2388.0,30610597.0,73119727478.0,2051.0
2016-02-28,2394.0,2398.0,2322.0,2351.0,2330.0,2389.0,38647180.0,90857152274.0,2566.0
2016-02-29,2330.0,2348.0,2265.0,2317.0,2319.0,2351.0,36821805.0,85320930512.0,2481.0
2016-03-01,2389.0,2400.0,2327.0,2354.0,2340.0,2317.0,30247598.0,71208915143.0,2298.0
2016-03-02,2342.0,2357.0,2320.0,2339.0,2329.0,2354.0,29926645.0,69986173155.0,1701.0
2016-03-05,2330.0,2340.0,2282.0,2302.0,2289.0,2339.0,35943327.0,82727572324.0,2665.0
2016-03-06,2290.0,2349.0,2255.0,2312.0,2348.0,2302.0,65430395.0,151286775265.0,3267.0
2016-03-07,2332.0,2427.0,2302.0,2408.0,2399.0,2312.0,104951984.0,252759807441.0,5393.0
2016-03-08,2429.0,2430.0,2326.0,2366.0,2350.0,2408.0,45983662.0,108818687264.0,2689.0
2016-03-09,2340.0,2387.0,2310.0,2365.0,2375.0,2366.0,51283195.0,121268559967.0,2434.0
2016-03-12,2378.0,2453.0,2357.0,2415.0,2410.0,2365.0,46219034.0,111620218982.0,2992.0
2016-03-14,2440.0,2445.0,2390.0,2412.0,2391.0,2415.0,35339204.0,85226507441.0,2679.0
2016-03-15,2410.0,2419.0,2350.0,2377.0,2361.0,2412.0,32769727.0,77894325075.0,2050.0
2016-03-16,2380.0,2398.0,2310.0,2338.0,2355.0,2377.0,40228832.0,94072239298.0,2744.0
2016-03-26,2390.0,2454.0,2360.0,2440.0,2454.0,2338.0,14755815.0,35996878530.0,845.0
2016-03-27,2501.0,2556.0,2451.0,2498.0,2470.0,2440.0,44216051.0,110441224664.0,2822.0
2016-03-28,2499.0,2534.0,2450.0,2508.0,2513.0,2498.0,38105647.0,95558777087.0,2349.0
2016-03-29,2504.0,2520.0,2491.0,2510.0,2514.0,2508.0,25419978.0,63799311592.0,1795.0
2016-03-30,2510.0,2609.0,2510.0,2563.0,2550.0,2510.0,37220601.0,95390185797.0,2585.0
2016-04-02,2601.0,2615.0,2540.0,2572.0,2558.0,2563.0,32683221.0,84049740393.0,2111.0
2016-04-03,2580.0,2580.0,2491.0,2533.0,2540.0,2572.0,38211143.0,96802982913.0,2622.0
2016-04-09,2597.0,2597.0,2500.0,2547.0,2544.0,2533.0,46587708.0,118660655935.0,2483.0
2016-04-10,2540.0,2560.0,2455.0,2525.0,2470.0,2547.0,49762285.0,125627508434.0,1720.0
2016-04-11,2600.0,2600.0,2490.0,2549.0,2520.0,2525.0,28799903.0,73423679729.0,1549.0
2016-04-12,2484.0,2548.0,2450.0,2496.0,2458.0,2549.0,35595688.0,88845687651.0,1679.0
2016-04-13,2458.0,2496.0,2400.0,2490.0,2400.0,2496.0,440951575.0,1098163526401.0,1918.0
2016-04-16,2410.0,2430.0,2366.0,2371.0,2366.0,2490.0,23658017.0,56088466209.0,1232.0
2016-04-17,2281.0,2390.0,2260.0,2354.0,2380.0,2371.0,41090213.0,96724340490.0,1605.0
2016-04-18,2430.0,2440.0,2378.0,2406.0,2381.0,2354.0,10829233.0,26053845203.0,919.0
2016-04-19,2390.0,2406.0,2340.0,2400.0,2370.0,2406.0,101641225.0,243975647287.0,944.0
2016-04-20,2400.0,2400.0,2323.0,2350.0,2337.0,2400.0,13240085.0,31113112957.0,1096.0
2016-04-23,2330.0,2370.0,2310.0,2326.0,2320.0,2350.0,9365179.0,21781385621.0,774.0
2016-04-24,2331.0,2388.0,2328.0,2358.0,2370.0,2326.0,12397512.0,29232761915.0,925.0
2016-04-25,2380.0,2429.0,2361.0,2398.0,2400.0,2358.0,12434394.0,29819744172.0,1071.0
2016-04-26,2400.0,2400.0,2338.0,2361.0,2348.0,2398.0,8994088.0,21235989511.0,847.0
2016-04-27,2349.0,2380.0,2315.0,2334.0,2321.0,2361.0,9428421.0,22008934299.0,929.0
2016-04-30,2310.0,2320.0,2273.0,2288.0,2273.0,2334.0,14575816.0,33347921429.0,1332.0
2016-05-01,2290.0,2315.0,2262.0,2277.0,2270.0,2288.0,12078484.0,27499986363.0,1032.0
2016-05-02,2270.0,2287.0,2241.0,2258.0,2243.0,2277.0,17983799.0,40607996667.0,1381.0
2016-05-03,2275.0,2320.0,2220.0,2309.0,2266.0,2258.0,120083997.0,277329476747.0,1306.0
2016-05-04,2290.0,2290.0,2250.0,2262.0,2268.0,2309.0,11068669.0,25041979314.0,775.0
2016-05-07,2259.0,2273.0,2175.0,2204.0,2195.0,2262.0,19277568.0,42483180887.0,1665.0
2016-05-08,2190.0,2209.0,2172.0,2197.0,2180.0,2204.0,27826529.0,61138216779.0,1142.0
2016-05-09,2260.0,2263.0,2179.0,2225.0,2180.0,2197.0,24297749.0,54074465673.0,1346.0
2016-05-10,2215.0,2257.0,2175.0,2224.0,2195.0,2225.0,29248144.0,65047364828.0,1005.0
2016-05-11,2230.0,2230.0,2179.0,2197.0,2215.0,2224.0,8995688.0,19766498153.0,724.0
2016-05-14,2190.0,2248.0,2175.0,2217.0,2222.0,2197.0,11198767.0,24825955231.0,864.0
2016-05-15,2220.0,2240.0,2190.0,2219.0,2218.0,2217.0,20271327.0,44977970494.0,1327.0
2016-05-16,2328.0,2328.0,2212.0,2268.0,2226.0,2219.0,13343041.0,30259734431.0,1055.0
2016-05-17,2320.0,2320.0,2237.0,2283.0,2257.0,2268.0,10594737.0,24190206255.0,703.0
2016-05-18,2293.0,2293.0,2242.0,2265.0,2250.0,2283.0,7638012.0,17298473638.0,702.0
2016-05-21,2265.0,2290.0,2252.0,2270.0,2256.0,2265.0,7474389.0,16969588847.0,560.0
2016-05-23,2290.0,2315.0,2271.0,2292.0,2271.0,2270.0,15220012.0,34885700729.0,1101.0
2016-05-24,2298.0,2359.0,2285.0,2324.0,2316.0,2292.0,21024352.0,48853712981.0,1127.0
2016-05-25,2324.0,2333.0,2320.0,2326.0,2325.0,2324.0,13414303.0,31207150024.0,1001.0
2016-05-28,2325.0,2335.0,2320.0,2328.0,2327.0,2326.0,19860070.0,46228332437.0,1220.0
2016-05-29,2324.0,2324.0,2252.0,2276.0,2260.0,2328.0,6832718.0,15549484839.0,614.0
2016-05-30,2260.0,2288.0,2255.0,2271.0,2260.0,2276.0,6598086.0,14984833445.0,525.0
2016-05-31,2324.0,2324.0,2260.0,2289.0,2270.0,2271.0,13395400.0,30662560045.0,675.0
2016-06-01,2315.0,2315.0,2265.0,2293.0,2269.0,2289.0,10211684.0,23416442413.0,600.0
2016-06-05,2272.0,2280.0,2238.0,2250.0,2240.0,2293.0,10574478.0,23793344369.0,846.0
2016-06-06,2299.0,2299.0,2240.0,2270.0,2245.0,2250.0,11234186.0,25505883408.0,675.0
2016-06-07,2250.0,2267.0,2217.0,2234.0,2220.0,2270.0,4580863.0,10234143591.0,537.0
2016-06-08,2234.0,2260.0,2216.0,2232.0,2218.0,2234.0,13194588.0,29447878246.0,746.0
2016-06-11,2230.0,2244.0,2150.0,2184.0,2165.0,2232.0,12063984.0,26350503103.0,924.0
2016-06-12,2200.0,2227.0,2151.0,2208.0,2191.0,2184.0,21709161.0,47938547941.0,714.0
2016-06-13,2192.0,2199.0,2160.0,2175.0,2170.0,2208.0,5372694.0,11683069164.0,578.0
2016-06-14,2180.0,2189.0,2127.0,2152.0,2142.0,2175.0,5741554.0,12353310615.0,615.0
2016-06-15,2163.0,2195.0,2143.0,2177.0,2165.0,2152.0,18657818.0,40622779995.0,573.0
2016-06-18,2171.0,2190.0,2160.0,2176.0,2160.0,2177.0,13607913.0,29608488794.0,375.0
2016-06-19,2151.0,2176.0,2130.0,2147.0,2160.0,2176.0,3927554.0,8412358172.0,459.0
2016-06-20,2162.0,2196.0,2140.0,2171.0,2160.0,2147.0,9354057.0,20303584184.0,580.0
2016-06-21,2175.0,2279.0,2162.0,2264.0,2279.0,2171.0,85796097.0,194220873445.0,3078.0
2016-06-22,2302.0,2313.0,2277.0,2296.0,2294.0,2264.0,24128445.0,55388637560.0,1412.0
2016-06-25,2410.0,2410.0,2289.0,2368.0,2308.0,2296.0,28708830.0,67988304308.0,1685.0
2016-06-26,2308.0,2350.0,2291.0,2318.0,2316.0,2368.0,10684117.0,24761049550.0,788.0
2016-06-28,2319.0,2332.0,2310.0,2320.0,2320.0,2318.0,23098631.0,53579577538.0,1259.0
2016-06-29,2327.0,2332.0,2315.0,2323.0,2330.0,2320.0,16162675.0,37541690171.0,1253.0
2016-07-02,2326.0,2347.0,2310.0,2330.0,2310.0,2323.0,22802659.0,53127272758.0,1396.0
2016-07-03,2330.0,2355.0,2312.0,2331.0,2326.0,2330.0,17619484.0,41073501148.0,1157.0
2016-07-04,2336.0,2345.0,2290.0,2312.0,2300.0,2331.0,11874022.0,27449542725.0,989.0
2016-07-05,2315.0,2360.0,2294.0,2320.0,2360.0,2312.0,20772703.0,48194978085.0,1142.0
2016-07-09,2329.0,2357.0,2320.0,2340.0,2329.0,2320.0,17445153.0,40818051796.0,1495.0
2016-07-10,2340.0,2356.0,2339.0,2343.0,2350.0,2340.0,38837502.0,91011779205.0,1997.0
2016-07-11,2375.0,2400.0,2360.0,2385.0,2400.0,2343.0,53785129.0,128269249070.0,2549.0
2016-07-12,2430.0,2435.0,2390.0,2413.0,2400.0,2385.0,60002141.0,144790106164.0,2899.0
2016-07-13,2424.0,2424.0,2374.0,2404.0,2380.0,2413.0,26873925.0,64600993311.0,1380.0
2016-07-16,2380.0,2385.0,2369.0,2376.0,2373.0,2404.0,26949529.0,64028780102.0,1847.0
2016-07-17,2430.0,2430.0,2360.0,2413.0,2370.0,2376.0,54364655.0,131168244710.0,1637.0
2017-01-24,1199.0,1244.0,1170.0,1206.0,1242.0,1930.0,131185822.0,158206653123.0,4802.0
2017-01-25,1230.0,1251.0,1190.0,1211.0,1199.0,1206.0,150759356.0,182606294678.0,7308.0
2017-01-28,1190.0,1190.0,1151.0,1158.0,1164.0,1211.0,124087014.0,143740656547.0,4915.0
2017-01-29,1141.0,1163.0,1121.0,1143.0,1136.0,1158.0,24875670.0,28441669833.0,1754.0
2017-01-30,1150.0,1160.0,1136.0,1145.0,1143.0,1143.0,15728635.0,18011597677.0,1229.0
2017-01-31,1150.0,1200.0,1148.0,1176.0,1160.0,1145.0,29074518.0,34179899652.0,1914.0
2017-02-01,1166.0,1179.0,1146.0,1161.0,1179.0,1176.0,12985955.0,15075349202.0,922.0
2017-02-04,1150.0,1179.0,1145.0,1163.0,1179.0,1161.0,16001664.0,18608684739.0,1172.0
2017-02-05,1172.0,1193.0,1159.0,1177.0,1185.0,1163.0,21637455.0,25477612252.0,1563.0
2017-02-06,1180.0,1220.0,1176.0,1198.0,1219.0,1177.0,27890361.0,33416442158.0,1513.0
2017-02-07,1220.0,1249.0,1210.0,1229.0,1221.0,1198.0,16819641.0,20664596504.0,1305.0
2017-02-08,1225.0,1238.0,1195.0,1219.0,1200.0,1229.0,21951580.0,26753177004.0,1162.0
2017-02-11,1220.0,1220.0,1194.0,1207.0,1210.0,1219.0,22934152.0,27681455217.0,984.0
2017-02-12,1211.0,1218.0,1191.0,1204.0,1200.0,1207.0,12655730.0,15242811084.0,753.0
2017-02-13,1209.0,1210.0,1190.0,1201.0,1200.0,1204.0,10133299.0,12165313924.0,769.0
2017-02-14,1200.0,1208.0,1177.0,1187.0,1195.0,1201.0,9335906.0,11079755718.0,646.0
2017-02-15,1190.0,1195.0,1173.0,1186.0,1193.0,1187.0,19875584.0,23564432494.0,845.0
2017-02-18,1182.0,1182.0,1150.0,1168.0,1160.0,1186.0,14020906.0,16370509591.0,956.0
2017-02-19,1175.0,1175.0,1123.0,1135.0,1155.0,1168.0,40125257.0,45522667626.0,2267.0
2017-02-20,1140.0,1145.0,1126.0,1138.0,1144.0,1135.0,18504128.0,21051542327.0,836.0
2017-02-21,1144.0,1145.0,1127.0,1137.0,1138.0,1138.0,11126436.0,12653531523.0,658.0
2017-02-22,1129.0,1131.0,1098.0,1109.0,1108.0,1137.0,22309880.0,24738573371.0,1594.0
2017-02-25,1100.0,1110.0,1080.0,1099.0,1110.0,1109.0,25809693.0,28354423132.0,1356.0
2017-02-26,1103.0,1140.0,1100.0,1112.0,1106.0,1099.0,12515955.0,13919199113.0,690.0
2017-02-27,1113.0,1117.0,1111.0,1113.0,1115.0,1112.0,10019874.0,11156517478.0,506.0
2017-02-28,1120.0,1123.0,1115.0,1117.0,1119.0,1113.0,23421979.0,26157768681.0,724.0
2017-03-01,1120.0,1130.0,1119.0,1121.0,1122.0,1117.0,9710264.0,10886721950.0,463.0
2017-03-04,1125.0,1130.0,1121.0,1126.0,1129.0,1121.0,10361532.0,11668184074.0,484.0
2017-03-05,1129.0,1150.0,1110.0,1132.0,1127.0,1126.0,26091805.0,29540884673.0,970.0
2017-03-06,1127.0,1142.0,1103.0,1129.0,1123.0,1132.0,19024195.0,21478560145.0,946.0
2017-03-07,1130.0,1130.0,1073.0,1095.0,1073.0,1129.0,19459561.0,21306853370.0,1214.0
2017-03-08,1063.0,1067.0,1041.0,1044.0,1057.0,1095.0,61362532.0,64038671145.0,2545.0
2017-03-11,1026.0,1080.0,1025.0,1061.0,1048.0,1044.0,11975897.0,12707298701.0,723.0
2017-03-12,1058.0,1079.0,1046.0,1063.0,1046.0,1061.0,11808563.0,12558402421.0,630.0
2017-03-13,1048.0,1081.0,1038.0,1064.0,1070.0,1063.0,23619997.0,25132638254.0,1061.0
2017-03-14,1060.0,1110.0,1049.0,1079.0,1082.0,1064.0,28207263.0,30430684749.0,1192.0
2017-03-15,1100.0,1108.0,1079.0,1089.0,1080.0,1079.0,8121427.0,8854887151.0,463.0
2017-03-18,1100.0,1119.0,1072.0,1105.0,1103.0,1089.0,8458997.0,9357512606.0,418.0
2017-03-25,1083.0,1118.0,1083.0,1105.0,1091.0,1105.0,1637335.0,1806394311.0,181.0
2017-03-26,1099.0,1117.0,1070.0,1088.0,1080.0,1105.0,8301063.0,9016726234.0,502.0
2017-03-27,1090.0,1103.0,1078.0,1098.0,1089.0,1088.0,10538055.0,11566866412.0,605.0
2017-03-28,1090.0,1109.0,1085.0,1102.0,1105.0,1098.0,9855132.0,10856962266.0,509.0
2017-03-29,1089.0,1110.0,1087.0,1103.0,1098.0,1102.0,7768459.0,8566429853.0,429.0
2017-04-03,1105.0,1105.0,1086.0,1100.0,1087.0,1103.0,4132734.0,4530797607.0,318.0
2017-04-04,1102.0,1106.0,1085.0,1098.0,1103.0,1100.0,10473077.0,11504558819.0,521.0
2017-04-05,1090.0,1100.0,1081.0,1093.0,1082.0,1098.0,6681546.0,7294291993.0,405.0
2017-04-08,1099.0,1100.0,1059.0,1074.0,1060.0,1093.0,20863948.0,22401083283.0,1131.0
2017-04-09,1077.0,1089.0,1035.0,1049.0,1050.0,1074.0,16896063.0,17729748123.0,1168.0
2017-04-10,1050.0,1056.0,1029.0,1042.0,1029.0,1049.0,38284111.0,39887513057.0,1753.0
2017-04-12,1039.0,1046.0,1025.0,1032.0,1029.0,1042.0,13231760.0,13659412171.0,859.0
2017-04-15,1031.0,1038.0,1019.0,1026.0,1020.0,1032.0,31163300.0,31974634451.0,1705.0
2017-04-16,1026.0,1028.0,1008.0,1015.0,1028.0,1026.0,31574133.0,32050375699.0,1469.0
2017-04-17,1015.0,1030.0,1015.0,1022.0,1022.0,1015.0,10133964.0,10354769650.0,578.0
2017-04-18,1024.0,1033.0,1015.0,1021.0,1022.0,1022.0,11047224.0,11281106731.0,601.0
2017-04-19,1021.0,1039.0,1012.0,1021.0,1025.0,1021.0,7844586.0,8005191688.0,565.0
2017-04-22,1020.0,1039.0,1007.0,1016.0,1007.0,1021.0,16407103.0,16671560042.0,881.0
2017-04-23,1016.0,1020.0,1000.0,1010.0,1016.0,1016.0,19309830.0,19494153311.0,1087.0
2017-04-24,1010.0,1014.0,1001.0,1008.0,1007.0,1010.0,10500321.0,10580289993.0,495.0
2017-04-26,1011.0,1025.0,1001.0,1012.0,1025.0,1008.0,19341726.0,19575052376.0,837.0
2017-04-29,1020.0,1030.0,1010.0,1022.0,1022.0,1012.0,9568091.0,9778727253.0,503.0
2017-04-30,1014.0,1073.0,1014.0,1058.0,1073.0,1022.0,16116153.0,17057266793.0,868.0
2017-05-01,1097.0,1110.0,1077.0,1099.0,1091.0,1058.0,33915975.0,37265229028.0,1875.0
2017-05-02,1087.0,1090.0,1055.0,1080.0,1060.0,1099.0,5838240.0,6230407627.0,536.0
2017-05-03,1060.0,1085.0,1031.0,1051.0,1079.0,1080.0,17226633.0,18108057539.0,930.0
2017-05-06,1065.0,1070.0,1034.0,1044.0,1037.0,1051.0,8824817.0,9208105846.0,451.0
2017-05-07,1039.0,1079.0,1031.0,1058.0,1046.0,1044.0,15825275.0,16747649224.0,823.0
2017-05-08,1058.0,1059.0,1034.0,1050.0,1037.0,1058.0,3792361.0,3936552508.0,302.0
2017-05-09,1040.0,1061.0,1032.0,1049.0,1041.0,1050.0,7320409.0,7672194090.0,474.0
2017-05-10,1054.0,1054.0,1034.0,1043.0,1041.0,1049.0,5300551.0,5507793143.0,321.0
2017-05-13,1035.0,1048.0,1031.0,1038.0,1032.0,1043.0,5605990.0,5801629002.0,352.0
2017-05-14,1039.0,1040.0,1021.0,1031.0,1025.0,1038.0,6760831.0,6953322287.0,435.0
2017-05-15,1021.0,1063.0,1020.0,1040.0,1057.0,1031.0,6523734.0,6812383832.0,400.0
2017-05-16,1040.0,1062.0,1038.0,1047.0,1060.0,1040.0,5566595.0,5854141142.0,325.0
2017-05-17,1059.0,1068.0,1045.0,1055.0,1055.0,1047.0,8793145.0,9281215627.0,396.0
2017-05-20,1066.0,1078.0,1045.0,1057.0,1051.0,1055.0,5441949.0,5761676374.0,353.0
2017-05-21,1059.0,1075.0,1035.0,1053.0,1035.0,1057.0,10232578.0,10776177375.0,480.0
2017-05-22,1042.0,1070.0,1041.0,1056.0,1050.0,1053.0,5687890.0,6019790972.0,291.0
2017-05-23,1050.0,1070.0,1043.0,1060.0,1050.0,1056.0,8783744.0,9311122924.0,378.0
2017-05-24,1052.0,1062.0,1036.0,1049.0,1040.0,1060.0,6104069.0,6369085170.0,349.0
2017-05-27,1038.0,1050.0,1021.0,1041.0,1040.0,1049.0,4106946.0,4229911392.0,406.0
2017-05-28,1022.0,1035.0,1018.0,1034.0,1030.0,1041.0,4460989.0,4572607085.0,327.0
2017-05-29,1020.0,1029.0,1013.0,1027.0,1015.0,1034.0,4300634.0,4376939493.0,286.0
2017-05-30,1025.0,1049.0,1009.0,1021.0,1033.0,1027.0,10626357.0,10844638275.0,513.0
2017-05-31,1031.0,1040.0,1015.0,1027.0,1021.0,1021.0,11216125.0,11519959031.0,567.0
2017-06-03,1017.0,1038.0,1015.0,1025.0,1030.0,1027.0,4492887.0,4590888236.0,251.0
2017-06-06,1029.0,1030.0,1009.0,1021.0,1023.0,1025.0,5842993.0,5954063731.0,303.0
2017-06-07,1025.0,1036.0,998.0,1008.0,1018.0,1021.0,34289477.0,34564018053.0,1279.0
2017-06-10,1012.0,1019.0,1001.0,1010.0,1013.0,1008.0,7492455.0,7577015304.0,383.0
2017-06-11,1014.0,1024.0,1003.0,1012.0,1016.0,1010.0,8533955.0,8640560709.0,399.0
2017-06-12,1010.0,1017.0,1000.0,1003.0,1000.0,1012.0,11698425.0,11728398551.0,481.0
2017-06-13,1001.0,1005.0,996.0,1001.0,1001.0,1003.0,18713964.0,18729429306.0,715.0
2017-06-14,1000.0,1010.0,994.0,1001.0,1004.0,1001.0,12398997.0,12414152906.0,662.0
2017-06-17,996.0,1003.0,989.0,999.0,1000.0,1001.0,21720279.0,21691437168.0,927.0
2017-06-18,992.0,1000.0,980.0,998.0,999.0,999.0,36840295.0,36759295383.0,1336.0
2017-06-19,983.0,998.0,983.0,991.0,983.0,998.0,5969461.0,5886609268.0,312.0
2017-06-20,980.0,986.0,970.0,980.0,971.0,991.0,9396076.0,9201898877.0,473.0
2017-06-21,970.0,971.0,959.0,968.0,959.0,980.0,6411282.0,6165108633.0,359.0
2017-06-24,973.0,973.0,922.0,934.0,938.0,968.0,24290951.0,22683735928.0,1255.0
2017-06-25,926.0,950.0,922.0,934.0,931.0,934.0,2695614.0,2521701386.0,251.0
2017-06-28,935.0,957.0,925.0,936.0,936.0,934.0,4089114.0,3840489105.0,279.0
2017-07-01,940.0,941.0,924.0,934.0,925.0,936.0,2690402.0,2499407369.0,197.0
2017-07-02,925.0,950.0,921.0,932.0,940.0,934.0,4254725.0,3954765569.0,271.0
2017-07-03,922.0,934.0,910.0,924.0,932.0,932.0,6417144.0,5890791274.0,399.0
2017-07-04,915.0,940.0,905.0,920.0,920.0,924.0,4653338.0,4262289740.0,348.0
2017-07-05,911.0,940.0,906.0,922.0,931.0,920.0,8842585.0,8161070308.0,527.0
2017-07-08,912.0,932.0,909.0,918.0,930.0,922.0,7338367.0,6727018988.0,432.0
2017-07-09,925.0,932.0,913.0,920.0,929.0,918.0,3815595.0,3524563436.0,257.0
2017-07-10,931.0,941.0,920.0,926.0,941.0,920.0,5005221.0,4665472496.0,309.0
2017-07-11,940.0,955.0,921.0,939.0,940.0,926.0,8473812.0,7992218247.0,484.0
2017-07-12,941.0,969.0,937.0,946.0,954.0,939.0,8059934.0,7643788741.0,435.0
2017-07-15,955.0,993.0,951.0,991.0,993.0,946.0,22866401.0,22667845099.0,1012.0
2017-07-16,999.0,1030.0,992.0,1004.0,1010.0,991.0,16216610.0,16276390134.0,817.0
2017-07-17,1039.0,1039.0,1001.0,1016.0,1029.0,1004.0,14311335.0,14535980963.0,702.0
2017-07-18,1029.0,1035.0,1010.0,1025.0,1034.0,1016.0,16721775.0,17141205824.0,921.0
2017-08-20,1033.0,1033.0,1020.0,1030.0,1030.0,1025.0,15725470.0,16202323425.0,428.0
2017-08-21,1020.0,1021.0,979.0,998.0,1010.0,1030.0,37424828.0,37339411714.0,1536.0
2017-08-22,1003.0,1007.0,974.0,994.0,1007.0,998.0,20978513.0,20859474325.0,949.0
2017-08-23,1003.0,1012.0,991.0,1001.0,999.0,994.0,8376725.0,8390512913.0,356.0
2017-08-26,998.0,998.0,967.0,982.0,970.0,1001.0,7901354.0,7717240099.0,436.0
2017-08-27,970.0,970.0,960.0,974.0,962.0,982.0,3703672.0,3560457532.0,279.0
2017-08-28,964.0,967.0,950.0,965.0,955.0,974.0,6896658.0,6624050353.0,429.0
2017-08-29,954.0,980.0,940.0,950.0,980.0,965.0,15514560.0,14732071054.0,837.0
2017-08-30,960.0,970.0,948.0,952.0,951.0,950.0,5667513.0,5406805342.0,332.0
2017-09-02,952.0,960.0,945.0,952.0,955.0,952.0,4569573.0,4349981931.0,229.0
2017-09-03,953.0,956.0,948.0,952.0,949.0,952.0,3406731.0,3238478093.0,228.0
2017-09-04,951.0,964.0,948.0,953.0,962.0,952.0,6867257.0,6549466733.0,322.0
2017-09-05,963.0,979.0,953.0,962.0,976.0,953.0,5811009.0,5633327041.0,369.0
2017-09-06,978.0,1008.0,966.0,994.0,1000.0,962.0,15168987.0,15072224958.0,848.0
2017-09-10,994.0,1013.0,994.0,1000.0,996.0,994.0,5892456.0,5916159339.0,368.0
2017-09-11,1000.0,1000.0,981.0,994.0,993.0,1000.0,6817371.0,6752050926.0,338.0
2017-09-12,955.0,1000.0,955.0,988.0,989.0,994.0,6035255.0,5938880942.0,390.0
2017-09-13,980.0,986.0,950.0,969.0,984.0,988.0,8279876.0,7993084570.0,466.0
2017-09-16,960.0,990.0,950.0,968.0,980.0,969.0,5483767.0,5304695481.0,361.0
2017-09-17,960.0,985.0,953.0,969.0,983.0,968.0,6095769.0,5908103603.0,301.0
2017-09-18,975.0,980.0,960.0,966.0,980.0,969.0,8151229.0,7871717502.0,367.0
2017-09-19,975.0,976.0,960.0,966.0,969.0,966.0,4662176.0,4503117345.0,225.0
2017-09-20,965.0,979.0,960.0,967.0,976.0,966.0,3482554.0,3376544810.0,186.0
2017-09-23,971.0,989.0,970.0,971.0,978.0,967.0,4730814.0,4617792257.0,259.0
2017-09-24,970.0,997.0,970.0,980.0,980.0,971.0,7514410.0,7386871042.0,367.0
2017-09-25,990.0,993.0,981.0,982.0,983.0,980.0,3745228.0,3691086938.0,198.0
2017-09-26,986.0,992.0,984.0,984.0,992.0,982.0,4444879.0,4387133798.0,224.0
2017-09-27,988.0,995.0,986.0,986.0,990.0,984.0,4832442.0,4779235855.0,258.0
2017-10-02,993.0,995.0,981.0,987.0,988.0,986.0,6393748.0,6310939481.0,263.0
2017-10-03,994.0,994.0,985.0,987.0,990.0,987.0,3679641.0,3634027800.0,217.0
2017-10-04,993.0,993.0,987.0,988.0,988.0,987.0,3407653.0,3370260132.0,163.0
2017-10-07,988.0,988.0,965.0,979.0,966.0,988.0,6839425.0,6668736172.0,347.0
2017-10-08,960.0,971.0,945.0,965.0,969.0,979.0,6832415.0,6547420238.0,304.0
2017-10-09,968.0,970.0,950.0,962.0,962.0,965.0,3088770.0,2949740899.0,195.0
2017-10-10,961.0,980.0,953.0,964.0,970.0,962.0,3300142.0,3197848612.0,171.0
2017-10-11,970.0,979.0,955.0,965.0,965.0,964.0,6038549.0,5827708152.0,227.0
2017-10-14,952.0,979.0,950.0,966.0,975.0,965.0,4048267.0,3920885626.0,160.0
2017-10-15,954.0,974.0,953.0,966.0,967.0,966.0,2647264.0,2559199554.0,154.0
2017-10-16,969.0,970.0,955.0,964.0,955.0,966.0,7194177.0,6927723796.0,291.0
2017-10-17,960.0,970.0,945.0,956.0,965.0,964.0,7426913.0,7075809086.0,335.0
2017-10-18,950.0,955.0,943.0,952.0,950.0,956.0,5303023.0,5032477172.0,321.0
2017-10-21,950.0,956.0,940.0,948.0,945.0,952.0,7105360.0,6726441491.0,285.0
2017-10-22,950.0,953.0,941.0,948.0,945.0,948.0,4199838.0,3978015110.0,204.0
2017-10-23,945.0,947.0,933.0,943.0,935.0,948.0,5675230.0,5328472816.0,267.0
2017-10-24,936.0,940.0,930.0,937.0,939.0,943.0,7263057.0,6789798754.0,282.0
2017-10-25,930.0,938.0,930.0,936.0,934.0,937.0,3686352.0,3443798708.0,173.0
2017-10-28,933.0,940.0,929.0,933.0,931.0,936.0,7744666.0,7215685503.0,344.0
2017-10-29,930.0,938.0,918.0,926.0,926.0,933.0,13808907.0,12792773423.0,514.0
2017-10-30,925.0,930.0,915.0,920.0,927.0,926.0,12007234.0,11049891774.0,384.0
2017-10-31,930.0,937.0,920.0,928.0,931.0,920.0,8226458.0,7650521642.0,294.0
2017-11-01,932.0,969.0,932.0,951.0,968.0,928.0,15151868.0,14412328810.0,717.0
2017-11-04,969.0,986.0,960.0,967.0,986.0,951.0,6849833.0,6684089078.0,454.0
2017-11-05,978.0,999.0,978.0,980.0,992.0,967.0,5509847.0,5464984378.0,349.0
2017-11-06,982.0,1029.0,982.0,1016.0,1010.0,980.0,17207997.0,17477011144.0,1075.0
2017-11-07,1001.0,1021.0,996.0,1010.0,1008.0,1016.0,11873545.0,11989790068.0,517.0
2017-11-08,1008.0,1010.0,999.0,1004.0,1001.0,1010.0,10242320.0,10283033438.0,399.0
2017-11-11,999.0,1000.0,990.0,997.0,994.0,1004.0,7551716.0,7510693200.0,313.0
2017-11-12,987.0,996.0,978.0,987.0,990.0,997.0,6172061.0,6055400902.0,274.0
2017-11-13,980.0,990.0,977.0,986.0,988.0,987.0,3534898.0,3474848285.0,176.0
2017-11-14,975.0,980.0,972.0,980.0,976.0,986.0,7125812.0,6969815312.0,258.0
2017-11-15,970.0,990.0,965.0,977.0,990.0,980.0,4589412.0,4468108288.0,246.0
2017-11-18,980.0,993.0,971.0,980.0,993.0,977.0,4098125.0,4031286550.0,231.0
2017-11-20,980.0,998.0,977.0,987.0,995.0,980.0,16989198.0,16769739065.0,354.0
2017-11-21,996.0,1005.0,996.0,994.0,1001.0,987.0,5635088.0,5635425785.0,353.0
2017-11-22,1005.0,1005.0,990.0,997.0,1000.0,994.0,5575007.0,5567350003.0,244.0
2017-11-25,988.0,998.0,976.0,993.0,995.0,997.0,5709457.0,5655850555.0,297.0
2017-11-26,995.0,1000.0,987.0,995.0,994.0,993.0,7824264.0,7788229380.0,369.0
2017-11-28,991.0,1005.0,988.0,998.0,1002.0,995.0,7035547.0,7031441098.0,356.0
2017-11-29,1000.0,1015.0,1000.0,1007.0,1009.0,998.0,23642957.0,23814731829.0,1245.0
2017-12-02,1008.0,1013.0,1003.0,1007.0,1007.0,1007.0,6152055.0,6197185310.0,263.0
2017-12-03,992.0,1008.0,992.0,1006.0,1007.0,1007.0,3278353.0,3293848271.0,168.0
2017-12-04,1000.0,1007.0,1000.0,1005.0,1002.0,1006.0,4710080.0,4723600434.0,217.0
2017-12-05,1001.0,1007.0,1001.0,1004.0,1003.0,1005.0,5999666.0,6018511846.0,241.0
2017-12-09,1003.0,1007.0,1000.0,1003.0,1004.0,1004.0,4476582.0,4487741568.0,202.0
2017-12-10,1000.0,1002.0,993.0,1001.0,1000.0,1003.0,5143379.0,5135738922.0,202.0
2017-12-11,995.0,1006.0,988.0,998.0,1006.0,1001.0,13293719.0,13270567459.0,478.0
2017-12-12,1009.0,1018.0,999.0,1004.0,1016.0,998.0,5175966.0,5220948007.0,305.0
2017-12-13,1005.0,1054.0,1005.0,1039.0,1053.0,1004.0,16034381.0,16667093848.0,995.0
2017-12-16,1049.0,1090.0,1040.0,1081.0,1070.0,1039.0,17447434.0,18858641165.0,910.0
2017-12-17,1071.0,1097.0,1071.0,1084.0,1092.0,1081.0,11616578.0,12596785478.0,595.0
2017-12-18,1097.0,1138.0,1090.0,1133.0,1138.0,1084.0,43963527.0,49807485367.0,1591.0
2017-12-19,1133.0,1165.0,1133.0,1143.0,1139.0,1133.0,7091064.0,8131249852.0,458.0
2017-12-20,1122.0,1148.0,1100.0,1118.0,1128.0,1143.0,8944573.0,9986348051.0,504.0
2017-12-23,1117.0,1133.0,1100.0,1111.0,1110.0,1118.0,14476946.0,16082820268.0,703.0
2017-12-24,1111.0,1128.0,1110.0,1119.0,1110.0,1111.0,11859218.0,13265651443.0,438.0
2017-12-25,1119.0,1119.0,1105.0,1110.0,1105.0,1119.0,7892425.0,8748799827.0,364.0
2017-12-26,1110.0,1115.0,1100.0,1106.0,1107.0,1110.0,7218299.0,7976445452.0,303.0
2017-12-27,1106.0,1109.0,1100.0,1104.0,1100.0,1106.0,5785859.0,6379415457.0,279.0
2017-12-30,1105.0,1105.0,1080.0,1098.0,1103.0,1104.0,17464846.0,19178073800.0,648.0
2017-12-31,1080.0,1100.0,1046.0,1068.0,1080.0,1098.0,24147257.0,25796998813.0,917.0
2018-01-01,1080.0,1090.0,1070.0,1072.0,1074.0,1068.0,4552207.0,4894835116.0,269.0
2018-01-02,1065.0,1104.0,1053.0,1086.0,1100.0,1072.0,6640428.0,7242061367.0,337.0
2018-01-03,1086.0,1093.0,1080.0,1086.0,1087.0,1086.0,3969661.0,4310565364.0,251.0
2018-01-06,1086.0,1096.0,1081.0,1086.0,1088.0,1086.0,1863697.0,2027051420.0,143.0
2018-01-07,1087.0,1139.0,1087.0,1112.0,1130.0,1086.0,12059244.0,13413903374.0,579.0
2018-01-08,1105.0,1143.0,1105.0,1135.0,1143.0,1112.0,8332118.0,9480811204.0,443.0
2018-01-09,1145.0,1152.0,1130.0,1140.0,1141.0,1135.0,4971876.0,5693448543.0,259.0
2018-01-10,1141.0,1158.0,1127.0,1147.0,1150.0,1140.0,7807856.0,8965581530.0,359.0
2018-01-13,1149.0,1175.0,1144.0,1152.0,1160.0,1147.0,4623999.0,5346815434.0,259.0
2018-01-14,1152.0,1195.0,1152.0,1173.0,1170.0,1152.0,29186598.0,34231873299.0,1161.0
2018-01-15,1171.0,1179.0,1150.0,1163.0,1170.0,1173.0,10196841.0,11858793743.0,487.0
2018-01-16,1163.0,1173.0,1155.0,1162.0,1155.0,1163.0,2428099.0,2815828250.0,208.0
2018-01-17,1162.0,1170.0,1150.0,1163.0,1168.0,1162.0,9165352.0,10657997943.0,460.0
2018-01-20,1160.0,1170.0,1150.0,1162.0,1170.0,1163.0,8182918.0,9505102440.0,373.0
2018-01-21,1151.0,1160.0,1104.0,1109.0,1104.0,1162.0,20432442.0,22665754993.0,737.0
2018-01-22,1109.0,1109.0,1061.0,1084.0,1078.0,1109.0,7019698.0,7573731870.0,372.0
2018-01-23,1078.0,1078.0,1031.0,1058.0,1050.0,1084.0,7141019.0,7515003215.0,434.0
2018-01-24,1050.0,1059.0,1016.0,1035.0,1033.0,1058.0,7614284.0,7862029809.0,437.0
2018-01-27,1022.0,1040.0,1022.0,1036.0,1039.0,1035.0,4346206.0,4505231359.0,251.0
2018-01-28,1028.0,1049.0,1028.0,1036.0,1035.0,1036.0,2787175.0,2887825251.0,197.0
2018-01-29,1032.0,1038.0,1021.0,1035.0,1030.0,1036.0,2083771.0,2144434976.0,156.0
2018-01-30,1025.0,1048.0,1021.0,1033.0,1030.0,1035.0,3362531.0,3463841122.0,173.0
2018-01-31,1024.0,1030.0,1021.0,1030.0,1028.0,1033.0,4475526.0,4597698552.0,262.0
2018-02-03,1035.0,1050.0,1018.0,1032.0,1048.0,1030.0,6350364.0,6561761997.0,350.0
2018-02-04,1038.0,1053.0,1038.0,1036.0,1052.0,1032.0,2969246.0,3101760432.0,214.0
2018-02-05,1050.0,1054.0,1036.0,1039.0,1040.0,1036.0,4354533.0,4543884411.0,260.0
2018-02-06,1050.0,1068.0,1026.0,1040.0,1056.0,1039.0,5514356.0,5739555374.0,287.0
2018-02-07,1050.0,1059.0,1034.0,1045.0,1054.0,1040.0,4792519.0,5030833631.0,280.0
2018-02-10,1030.0,1050.0,1030.0,1045.0,1046.0,1045.0,1482074.0,1545642219.0,93.0
2018-02-12,1045.0,1045.0,1030.0,1040.0,1035.0,1045.0,4691751.0,4856091164.0,217.0
2018-02-13,1030.0,1034.0,1025.0,1034.0,1031.0,1040.0,4798335.0,4936737169.0,236.0
2018-02-14,1030.0,1038.0,1020.0,1031.0,1030.0,1034.0,3725856.0,3821963124.0,275.0
2018-02-17,1025.0,1029.0,990.0,1008.0,1010.0,1031.0,78688105.0,79333482794.0,2232.0
2018-02-18,1011.0,1011.0,978.0,986.0,980.0,1008.0,13914343.0,13716372983.0,666.0
2018-02-19,976.0,987.0,967.0,978.0,983.0,986.0,6432080.0,6261921494.0,320.0
2018-02-21,997.0,998.0,979.0,986.0,990.0,978.0,6558465.0,6489253418.0,286.0
2018-02-24,985.0,989.0,975.0,984.0,980.0,986.0,3980494.0,3901490431.0,243.0
2018-02-25,980.0,981.0,970.0,981.0,981.0,984.0,3578835.0,3486078560.0,215.0
2018-02-26,966.0,990.0,966.0,982.0,974.0,981.0,5542997.0,5445944279.0,241.0
2018-02-27,987.0,1006.0,971.0,988.0,1004.0,982.0,5520394.0,5478713220.0,244.0
2018-02-28,999.0,1010.0,982.0,995.0,999.0,988.0,4935780.0,4947625140.0,248.0
2018-03-03,1000.0,1000.0,979.0,993.0,987.0,995.0,2058619.0,2030845703.0,145.0
2018-03-04,979.0,995.0,965.0,988.0,990.0,993.0,5075531.0,4986979293.0,317.0
2018-03-05,988.0,994.0,976.0,987.0,994.0,988.0,4808596.0,4743231833.0,195.0
2018-03-06,980.0,990.0,978.0,987.0,990.0,987.0,5046017.0,4981166874.0,211.0
2018-03-07,976.0,984.0,968.0,984.0,983.0,987.0,2520582.0,2459574537.0,131.0
2018-03-10,971.0,990.0,970.0,984.0,979.0,984.0,1906090.0,1875253963.0,108.0
2018-03-11,978.0,984.0,960.0,983.0,980.0,984.0,2826181.0,2767597611.0,155.0
2018-03-12,963.0,976.0,963.0,978.0,973.0,983.0,6041810.0,5885355210.0,257.0
2018-03-13,973.0,978.0,967.0,976.0,971.0,978.0,4839913.0,4716185588.0,201.0
2018-03-14,970.0,974.0,928.0,947.0,940.0,976.0,35682806.0,33774608218.0,1249.0
2018-03-17,965.0,991.0,955.0,979.0,980.0,947.0,9541409.0,9375419229.0,413.0
2018-03-18,991.0,1009.0,991.0,1001.0,998.0,979.0,11190966.0,11203778872.0,463.0
2018-03-19,1000.0,1014.0,982.0,1003.0,1014.0,1001.0,14041470.0,14085066348.0,583.0
2018-03-25,974.0,1010.0,974.0,1003.0,1010.0,1003.0,636573.0,634163677.0,69.0
2018-03-26,1007.0,1007.0,977.0,1000.0,1002.0,1003.0,5040802.0,5029024639.0,229.0
2018-03-27,978.0,1000.0,978.0,999.0,999.0,1000.0,2090814.0,2079501927.0,113.0
2018-03-28,983.0,1000.0,969.0,994.0,1000.0,999.0,3491187.0,3437408015.0,253.0
2018-04-03,974.0,998.0,974.0,994.0,996.0,994.0,1354399.0,1343896569.0,68.0
2018-04-04,990.0,992.0,969.0,989.0,992.0,994.0,4522617.0,4440883100.0,199.0
2018-04-07,971.0,989.0,968.0,987.0,985.0,989.0,1633395.0,1595669555.0,96.0
2018-04-08,971.0,971.0,956.0,981.0,970.0,987.0,2857786.0,2756494573.0,172.0
2018-04-09,970.0,970.0,934.0,950.0,960.0,981.0,9854861.0,9356631384.0,417.0
2018-04-10,960.0,969.0,945.0,952.0,952.0,950.0,3837364.0,3667007769.0,218.0
2018-04-11,955.0,955.0,935.0,949.0,949.0,952.0,3901996.0,3685333405.0,238.0
2018-04-15,948.0,955.0,934.0,947.0,949.0,949.0,3057068.0,2876511384.0,195.0
2018-04-16,950.0,955.0,943.0,947.0,950.0,947.0,2487853.0,2360531500.0,116.0
2018-04-17,948.0,950.0,947.0,948.0,950.0,947.0,4309026.0,4087283361.0,171.0
2018-04-18,950.0,952.0,942.0,948.0,947.0,948.0,2526952.0,2392020482.0,123.0
2018-04-21,948.0,948.0,940.0,947.0,946.0,948.0,2467015.0,2330056557.0,118.0
2018-04-22,946.0,946.0,929.0,945.0,943.0,947.0,2085104.0,1957333985.0,113.0
2018-04-23,940.0,942.0,930.0,943.0,942.0,945.0,2478301.0,2317788877.0,115.0
2018-04-24,939.0,940.0,928.0,939.0,939.0,943.0,3786280.0,3531975190.0,141.0
2018-04-25,933.0,940.0,927.0,935.0,935.0,939.0,6339537.0,5913145236.0,236.0
2018-04-28,930.0,930.0,922.0,933.0,929.0,935.0,1941823.0,1798450487.0,111.0
2018-04-29,930.0,930.0,912.0,927.0,925.0,933.0,5095320.0,4685782391.0,191.0
2018-04-30,924.0,925.0,910.0,923.0,925.0,927.0,5456219.0,5016531458.0,223.0
2018-05-01,925.0,925.0,912.0,920.0,920.0,923.0,4858591.0,4456554649.0,251.0
2018-05-05,920.0,920.0,900.0,911.0,906.0,920.0,14807919.0,13491857377.0,545.0
2018-05-06,910.0,910.0,900.0,907.0,910.0,911.0,9072624.0,8217718011.0,383.0
2018-05-07,907.0,915.0,904.0,907.0,906.0,907.0,4883807.0,4430550347.0,230.0
2018-05-08,920.0,920.0,904.0,907.0,910.0,907.0,5356151.0,4860315948.0,252.0
2018-05-09,902.0,930.0,880.0,914.0,920.0,907.0,21942007.0,20050068084.0,741.0
2018-05-12,910.0,918.0,909.0,914.0,909.0,914.0,1890792.0,1723395284.0,120.0
2018-05-13,910.0,917.0,905.0,911.0,912.0,914.0,6625663.0,6026765035.0,296.0
2018-05-14,915.0,915.0,909.0,913.0,914.0,911.0,12390503.0,11313976311.0,370.0
2018-05-15,914.0,914.0,909.0,912.0,909.0,913.0,3742533.0,3409554769.0,180.0
2018-05-16,909.0,910.0,905.0,911.0,910.0,912.0,2881942.0,2614320175.0,142.0
2018-05-19,910.0,911.0,901.0,908.0,909.0,911.0,5475515.0,4958106302.0,276.0
2018-05-20,908.0,909.0,900.0,905.0,906.0,908.0,6844712.0,6187211538.0,322.0
2018-05-21,905.0,907.0,896.0,902.0,903.0,905.0,9692142.0,8736036644.0,374.0
2018-05-22,903.0,912.0,897.0,904.0,910.0,902.0,17263890.0,15603993839.0,516.0
2018-05-23,906.0,910.0,899.0,903.0,910.0,904.0,8998374.0,8123303224.0,362.0
2018-05-26,905.0,910.0,900.0,903.0,907.0,903.0,4250807.0,3840326188.0,218.0
2018-05-27,905.0,918.0,901.0,906.0,906.0,903.0,9936900.0,9005122674.0,475.0
2018-06-02,999.0,999.0,950.0,971.0,960.0,906.0,42948939.0,41714846955.0,1284.0
2018-06-03,960.0,960.0,937.0,959.0,940.0,971.0,4969450.0,4703303526.0,271.0
2018-06-09,950.0,950.0,930.0,945.0,930.0,959.0,7073089.0,6636982979.0,335.0
2018-06-10,935.0,950.0,933.0,943.0,939.0,945.0,4090973.0,3843738545.0,199.0
2018-06-11,940.0,943.0,923.0,935.0,935.0,943.0,6577822.0,6117535820.0,295.0
2018-06-12,935.0,940.0,925.0,933.0,930.0,935.0,4472556.0,4161307763.0,203.0
2018-06-13,935.0,945.0,932.0,937.0,940.0,933.0,12722889.0,11916643227.0,662.0
2018-06-17,946.0,978.0,936.0,947.0,969.0,937.0,32391452.0,30675966175.0,1295.0
2018-06-18,970.0,986.0,947.0,969.0,969.0,947.0,15414248.0,14935234021.0,699.0
2018-06-19,951.0,985.0,950.0,970.0,972.0,969.0,13427178.0,13023431318.0,850.0
2018-06-20,951.0,977.0,930.0,948.0,950.0,970.0,55307247.0,52435400505.0,2210.0
2018-06-23,950.0,956.0,930.0,938.0,949.0,948.0,29469104.0,27644238447.0,1038.0
2018-06-24,949.0,960.0,929.0,935.0,935.0,938.0,21484842.0,20083448622.0,838.0
2018-06-25,948.0,954.0,915.0,929.0,921.0,935.0,20073970.0,18651453334.0,990.0
2018-06-26,924.0,955.0,919.0,934.0,927.0,929.0,14586168.0,13628473311.0,566.0
2018-06-27,926.0,950.0,918.0,933.0,933.0,934.0,10323161.0,9628448298.0,423.0
2018-06-30,930.0,950.0,925.0,936.0,933.0,933.0,9087911.0,8511704648.0,377.0
2018-07-01,926.0,942.0,920.0,931.0,939.0,936.0,27036558.0,25158747032.0,1159.0
2018-07-02,930.0,948.0,928.0,937.0,930.0,931.0,10281376.0,9635779197.0,455.0
2018-07-03,930.0,932.0,920.0,927.0,920.0,937.0,8020735.0,7408427141.0,366.0
2018-07-04,930.0,940.0,919.0,925.0,922.0,927.0,5595244.0,5166711880.0,303.0
2018-07-07,927.0,948.0,927.0,942.0,933.0,925.0,11295058.0,10643395940.0,482.0
2018-07-08,940.0,940.0,914.0,919.0,914.0,942.0,14818518.0,13624783736.0,596.0
2018-07-10,929.0,929.0,908.0,917.0,910.0,919.0,5566609.0,5090523263.0,288.0
2018-07-11,915.0,917.0,903.0,910.0,906.0,917.0,9012659.0,8184661287.0,502.0
2018-07-14,908.0,944.0,905.0,914.0,910.0,910.0,10344538.0,9452222534.0,462.0
2018-07-15,915.0,920.0,896.0,908.0,900.0,914.0,18914560.0,17171693348.0,577.0
2018-07-16,908.0,920.0,897.0,909.0,920.0,908.0,12921772.0,11748564380.0,554.0
2018-07-17,915.0,922.0,908.0,910.0,918.0,909.0,3531814.0,3220750352.0,139.0
2018-07-18,919.0,940.0,900.0,921.0,940.0,910.0,54316358.0,50037923761.0,1698.0
2018-07-30,912.0,921.0,890.0,902.0,910.0,921.0,82735736.0,74619969358.0,3199.0
2018-07-31,910.0,920.0,887.0,897.0,917.0,902.0,68685848.0,61590998148.0,3124.0
2018-08-01,900.0,922.0,892.0,904.0,920.0,897.0,25846275.0,23359656878.0,1160.0
2018-08-04,910.0,918.0,899.0,902.0,900.0,904.0,32712001.0,29506986204.0,1364.0
2018-08-05,900.0,909.0,895.0,900.0,905.0,902.0,41856565.0,37672455330.0,1398.0
2018-08-06,905.0,929.0,885.0,904.0,900.0,900.0,66988875.0,60560897691.0,2635.0
2018-08-07,910.0,949.0,903.0,945.0,949.0,904.0,41723029.0,39414706614.0,1243.0
2018-08-08,992.0,992.0,992.0,992.0,992.0,945.0,13033431.0,12929163552.0,326.0
2018-08-11,1041.0,1041.0,991.0,1037.0,1035.0,992.0,170220019.0,176602764843.0,5009.0
2018-08-12,1025.0,1037.0,1002.0,1022.0,1032.0,1037.0,26690654.0,27283017355.0,1380.0
2018-08-13,1034.0,1073.0,1030.0,1066.0,1050.0,1022.0,82795761.0,88251577037.0,2945.0
2018-08-14,1060.0,1069.0,1025.0,1042.0,1025.0,1066.0,18533621.0,19306896313.0,990.0
2018-08-15,1046.0,1078.0,1036.0,1061.0,1077.0,1042.0,46980670.0,49831624870.0,1949.0
2018-08-18,1070.0,1112.0,1065.0,1094.0,1112.0,1061.0,59994605.0,65641439627.0,2409.0
2018-08-29,1300.0,1340.0,1241.0,1276.0,1300.0,1094.0,1096516210.0,1399050955612.0,21846.0
2018-09-01,1339.0,1339.0,1335.0,1339.0,1339.0,1276.0,948773720.0,1270406304787.0,20100.0
2018-09-02,1405.0,1405.0,1343.0,1399.0,1405.0,1339.0,751854784.0,1052014978656.0,21889.0
2018-09-03,1391.0,1454.0,1359.0,1412.0,1391.0,1399.0,249591276.0,352371452040.0,9651.0
2018-09-04,1390.0,1427.0,1376.0,1389.0,1379.0,1412.0,113968521.0,158318478517.0,4188.0
2018-09-05,1382.0,1393.0,1350.0,1364.0,1358.0,1389.0,80248378.0,109470898882.0,3513.0
2018-09-08,1373.0,1432.0,1362.0,1420.0,1432.0,1364.0,174773215.0,248138035513.0,6022.0
2018-09-09,1474.0,1491.0,1460.0,1486.0,1491.0,1420.0,250062101.0,371504869794.0,7407.0
2018-09-10,1540.0,1560.0,1530.0,1555.0,1560.0,1486.0,72513993.0,112738355777.0,1791.0
2018-09-11,1632.0,1632.0,1632.0,1632.0,1632.0,1555.0,49860246.0,81371921472.0,1073.0
2018-09-12,1713.0,1713.0,1713.0,1713.0,1713.0,1632.0,12086600.0,20704345800.0,179.0
2018-09-15,1798.0,1849.0,1709.0,1747.0,1709.0,1713.0,384934432.0,672567037966.0,12265.0
2018-09-16,1700.0,1834.0,1660.0,1782.0,1834.0,1747.0,451258490.0,803968600071.0,14145.0
2018-09-17,1869.0,1871.0,1820.0,1869.0,1867.0,1782.0,400494694.0,748414737786.0,12041.0
2018-09-18,1857.0,1866.0,1776.0,1798.0,1783.0,1869.0,241712877.0,434698915664.0,10060.0
2018-09-22,1780.0,1800.0,1711.0,1746.0,1723.0,1798.0,155777487.0,271957207607.0,7098.0
2018-09-23,1750.0,1833.0,1742.0,1822.0,1804.0,1746.0,168120142.0,306271452056.0,6556.0
2018-09-24,1830.0,1831.0,1760.0,1792.0,1789.0,1822.0,175151851.0,313840535058.0,7745.0
2018-09-25,1810.0,1881.0,1810.0,1873.0,1881.0,1792.0,240900172.0,451249484655.0,7227.0
2018-09-26,1966.0,1966.0,1930.0,1966.0,1966.0,1873.0,369442403.0,726271853605.0,8270.0
2018-09-29,2064.0,2064.0,2064.0,2064.0,2064.0,1966.0,7937368.0,16382727552.0,207.0
2018-10-02,2167.0,2275.0,2167.0,2274.0,2275.0,2064.0,137318804.0,312203026592.0,2990.0
2018-10-03,2387.0,2387.0,2313.0,2386.0,2387.0,2274.0,987416580.0,2355539153683.0,25606.0
2018-10-06,2500.0,2505.0,2267.0,2431.0,2369.0,2386.0,601953560.0,1463143811320.0,17909.0
2018-10-07,2370.0,2505.0,2310.0,2347.0,2310.0,2431.0,458045966.0,1075199968981.0,13898.0
2018-10-08,2301.0,2357.0,2230.0,2254.0,2270.0,2347.0,369047958.0,831653619032.0,12226.0
2018-10-09,2340.0,2366.0,2282.0,2354.0,2306.0,2254.0,269005747.0,633372774763.0,8019.0
2018-10-10,2350.0,2400.0,2261.0,2327.0,2293.0,2354.0,137696387.0,320376814043.0,5965.0
2018-10-13,2299.0,2320.0,2211.0,2247.0,2211.0,2327.0,26210199.0,58898573053.0,1063.0
2018-10-14,2260.0,2336.0,2135.0,2228.0,2288.0,2247.0,150000813.0,334157435121.0,3478.0
2018-10-15,2313.0,2339.0,2305.0,2334.0,2339.0,2228.0,54934759.0,128199809124.0,1840.0
2018-10-16,2450.0,2450.0,2401.0,2450.0,2450.0,2334.0,283535931.0,694585803233.0,6788.0
2018-10-17,2420.0,2572.0,2360.0,2479.0,2572.0,2450.0,357542468.0,886390660254.0,13155.0
2018-10-20,2602.0,2602.0,2602.0,2602.0,2602.0,2479.0,151953390.0,395382720780.0,2936.0
2018-10-21,2719.0,2719.0,2663.0,2717.0,2670.0,2602.0,125254055.0,340291439393.0,1925.0
2018-10-22,2582.0,2582.0,2453.0,2496.0,2554.0,2717.0,356128561.0,888846063025.0,12587.0
2018-10-23,2559.0,2620.0,2503.0,2599.0,2620.0,2496.0,319122872.0,829246255700.0,11152.0
2018-10-24,2600.0,2648.0,2470.0,2515.0,2520.0,2599.0,155914909.0,392168110976.0,6536.0
2018-10-27,2450.0,2550.0,2390.0,2436.0,2390.0,2515.0,133819153.0,325935967603.0,6010.0
2018-10-28,2402.0,2550.0,2385.0,2472.0,2550.0,2436.0,115668533.0,285909111726.0,5213.0
2018-10-29,2570.0,2595.0,2555.0,2588.0,2595.0,2472.0,184134018.0,476617093643.0,6409.0
2018-10-31,2700.0,2717.0,2661.0,2714.0,2717.0,2588.0,262943902.0,713608067951.0,6731.0
2018-11-03,2700.0,2828.0,2680.0,2738.0,2695.0,2714.0,145135778.0,397369285560.0,7016.0
2018-11-04,2801.0,2863.0,2602.0,2734.0,2700.0,2738.0,203839249.0,557302305913.0,8704.0
2018-11-05,2730.0,2870.0,2662.0,2818.0,2870.0,2734.0,244848382.0,689893648547.0,10233.0
2018-11-06,2880.0,2950.0,2845.0,2910.0,2876.0,2818.0,183465713.0,533964021201.0,9017.0
2018-11-10,2870.0,2930.0,2765.0,2781.0,2765.0,2910.0,500494617.0,1392086982602.0,18210.0
2018-11-11,2764.0,2777.0,2642.0,2665.0,2642.0,2781.0,233153471.0,621282656849.0,10094.0
2018-11-12,2650.0,2753.0,2599.0,2690.0,2710.0,2665.0,187608072.0,504734157101.0,9059.0
2018-11-13,2724.0,2790.0,2631.0,2698.0,2659.0,2690.0,172819461.0,466203463924.0,7570.0
2018-11-14,2600.0,2680.0,2576.0,2623.0,2630.0,2698.0,86565376.0,227102653948.0,4300.0
2018-11-17,2628.0,2638.0,2492.0,2528.0,2492.0,2623.0,115064330.0,290842865851.0,5047.0
2018-11-18,2459.0,2500.0,2402.0,2419.0,2402.0,2528.0,69196897.0,167402474472.0,2702.0
2018-11-19,2335.0,2439.0,2299.0,2345.0,2325.0,2419.0,211595598.0,496274320644.0,9494.0
2018-11-20,2337.0,2460.0,2237.0,2361.0,2435.0,2345.0,187094992.0,441808983071.0,9503.0
2018-11-21,2460.0,2479.0,2423.0,2473.0,2450.0,2361.0,162649350.0,402218777928.0,6356.0
2018-11-24,2549.0,2596.0,2452.0,2536.0,2522.0,2473.0,135705139.0,344084951775.0,6939.0
2018-11-26,2519.0,2519.0,2410.0,2416.0,2410.0,2536.0,66285127.0,160153560037.0,2747.0
2018-11-27,2421.0,2464.0,2353.0,2391.0,2361.0,2416.0,43208771.0,103297143543.0,2899.0
2018-11-28,2365.0,2365.0,2272.0,2279.0,2272.0,2391.0,114685741.0,261332024802.0,4981.0
2018-12-01,2220.0,2221.0,2166.0,2173.0,2166.0,2279.0,39458997.0,85725760146.0,1695.0
2018-12-02,2193.0,2280.0,2181.0,2225.0,2246.0,2173.0,97696598.0,217413905438.0,5035.0
2018-12-03,2269.0,2310.0,2201.0,2271.0,2264.0,2225.0,61126622.0,138822009703.0,3530.0
2018-12-04,2240.0,2271.0,2184.0,2218.0,2200.0,2271.0,55318345.0,122707283565.0,3029.0
2018-12-05,2200.0,2271.0,2189.0,2235.0,2213.0,2218.0,47146078.0,105387849062.0,2898.0
2018-12-08,2210.0,2210.0,2130.0,2164.0,2170.0,2235.0,76089199.0,164660843079.0,4672.0
2018-12-09,2190.0,2272.0,2144.0,2250.0,2272.0,2164.0,208493732.0,469175152999.0,8790.0
2018-12-10,2285.0,2346.0,2196.0,2274.0,2202.0,2250.0,101182812.0,230042171001.0,5887.0
2018-12-11,2225.0,2317.0,2202.0,2270.0,2260.0,2274.0,71843930.0,163115216594.0,4174.0
2018-12-12,2260.0,2301.0,2227.0,2254.0,2230.0,2270.0,40336218.0,90909549681.0,2803.0
2018-12-15,2268.0,2268.0,2142.0,2170.0,2165.0,2254.0,104707071.0,227196601134.0,5799.0
2018-12-16,2160.0,2160.0,2062.0,2067.0,2062.0,2170.0,113801364.0,235283170113.0,5306.0
2018-12-17,2050.0,2106.0,1964.0,2001.0,1997.0,2067.0,136973762.0,274026377925.0,6680.0
2018-12-18,2000.0,2051.0,1975.0,2017.0,2020.0,2001.0,62095981.0,125245646905.0,3776.0
2018-12-19,2039.0,2117.0,2000.0,2089.0,2117.0,2017.0,154445772.0,322640035036.0,6589.0
2018-12-22,2139.0,2193.0,2117.0,2183.0,2193.0,2089.0,108025815.0,235814236422.0,5036.0
2018-12-23,2245.0,2292.0,2231.0,2279.0,2248.0,2183.0,163813807.0,373365559127.0,7636.0
2018-12-24,2259.0,2383.0,2215.0,2336.0,2350.0,2279.0,211546059.0,494079028775.0,10736.0
2018-12-25,2379.0,2452.0,2361.0,2429.0,2452.0,2336.0,140414431.0,341028536492.0,5516.0
2018-12-26,2550.0,2550.0,2456.0,2542.0,2529.0,2429.0,515511696.0,1310566744361.0,19199.0
2018-12-29,2499.0,2569.0,2471.0,2525.0,2499.0,2542.0,88995182.0,224693633923.0,5388.0
2018-12-30,2512.0,2650.0,2502.0,2609.0,2617.0,2525.0,153764992.0,401151413239.0,8281.0
2018-12-31,2601.0,2643.0,2523.0,2579.0,2538.0,2609.0,94990797.0,244981155270.0,5838.0
2019-01-01,2550.0,2707.0,2525.0,2661.0,2665.0,2579.0,279572768.0,744055565041.0,14059.0
2019-01-02,2659.0,2692.0,2550.0,2624.0,2550.0,2661.0,138775983.0,364145668530.0,7419.0
2019-01-05,2587.0,2629.0,2545.0,2588.0,2570.0,2624.0,76102128.0,196960486640.0,4509.0
2019-01-06,2605.0,2717.0,2605.0,2704.0,2717.0,2588.0,288611784.0,780300295967.0,10189.0
2019-01-07,2740.0,2817.0,2709.0,2753.0,2729.0,2704.0,143414124.0,394861386316.0,7564.0
2019-01-08,2729.0,2745.0,2616.0,2655.0,2630.0,2753.0,188763969.0,501129065938.0,7529.0
2019-01-09,2630.0,2695.0,2570.0,2634.0,2629.0,2655.0,97735461.0,257415972018.0,5541.0
2019-01-12,2612.0,2669.0,2520.0,2579.0,2549.0,2634.0,85340419.0,220067821280.0,4660.0
2019-01-13,2574.0,2649.0,2555.0,2612.0,2619.0,2579.0,73877570.0,192975087411.0,4275.0
2019-01-14,2641.0,2696.0,2610.0,2652.0,2619.0,2612.0,66636736.0,176722092632.0,3696.0
2019-01-15,2635.0,2642.0,2559.0,2589.0,2572.0,2652.0,118240567.0,306088325834.0,5733.0
2019-01-16,2661.0,2718.0,2647.0,2693.0,2659.0,2589.0,214626815.0,577938198186.0,10937.0
2019-01-19,2680.0,2703.0,2610.0,2655.0,2629.0,2693.0,106985305.0,284092942913.0,5596.0
2019-01-20,2640.0,2650.0,2523.0,2567.0,2530.0,2655.0,123564637.0,317249891905.0,6225.0
2019-01-21,2460.0,2480.0,2439.0,2440.0,2439.0,2567.0,270840358.0,660875613804.0,8035.0
2019-01-22,2462.0,2527.0,2415.0,2469.0,2499.0,2440.0,108077472.0,266824765381.0,5334.0
2019-01-23,2498.0,2507.0,2437.0,2470.0,2469.0,2469.0,74289313.0,183505649170.0,4330.0
2019-01-26,2470.0,2507.0,2461.0,2481.0,2470.0,2470.0,75929428.0,188375633826.0,4133.0
2019-01-27,2570.0,2605.0,2501.0,2595.0,2580.0,2481.0,316014959.0,819932222055.0,12104.0
2019-01-28,2592.0,2595.0,2510.0,2546.0,2520.0,2595.0,46885190.0,119353273254.0,2786.0
2019-01-29,2545.0,2591.0,2470.0,2513.0,2482.0,2546.0,52980346.0,133117573434.0,3014.0
2019-01-30,2499.0,2547.0,2480.0,2506.0,2497.0,2513.0,53291256.0,133561955387.0,2838.0
2019-02-02,2508.0,2509.0,2411.0,2468.0,2416.0,2506.0,39909369.0,98504033344.0,2355.0
2019-02-03,2468.0,2468.0,2345.0,2368.0,2390.0,2468.0,68699310.0,162660696488.0,3494.0
2019-02-04,2396.0,2437.0,2340.0,2379.0,2349.0,2368.0,34546281.0,82189801848.0,2191.0
2019-02-05,2379.0,2450.0,2302.0,2365.0,2391.0,2379.0,61980809.0,146590517582.0,2906.0
2019-02-06,2430.0,2449.0,2360.0,2396.0,2380.0,2365.0,39020296.0,93489302822.0,2235.0
2019-02-10,2390.0,2450.0,2376.0,2406.0,2399.0,2396.0,28504084.0,68577152060.0,1476.0
2019-02-12,2414.0,2420.0,2333.0,2366.0,2350.0,2406.0,25193072.0,59619269393.0,1508.0
2019-02-13,2355.0,2389.0,2249.0,2299.0,2297.0,2366.0,61509322.0,141394519052.0,3260.0
2019-02-16,2299.0,2328.0,2220.0,2267.0,2220.0,2299.0,39444663.0,89418414597.0,2364.0
2019-02-17,2262.0,2270.0,2180.0,2216.0,2231.0,2267.0,52851471.0,117104767446.0,2418.0
2019-02-18,2249.0,2326.0,2231.0,2310.0,2326.0,2216.0,55709090.0,128672002253.0,2836.0
2019-02-19,2341.0,2388.0,2290.0,2340.0,2294.0,2310.0,33116671.0,77496425416.0,1950.0
2019-02-20,2329.0,2337.0,2271.0,2304.0,2325.0,2340.0,31915031.0,73519720957.0,1867.0
2019-02-23,2340.0,2418.0,2330.0,2378.0,2365.0,2304.0,55568499.0,132162796513.0,2839.0
2019-02-24,2390.0,2496.0,2372.0,2467.0,2496.0,2378.0,76383882.0,188435649468.0,3396.0
2019-02-25,2539.0,2590.0,2530.0,2578.0,2538.0,2467.0,149363694.0,385115258384.0,6957.0
2019-02-26,2502.0,2630.0,2490.0,2573.0,2590.0,2578.0,110028881.0,283122639529.0,5203.0
2019-02-27,2601.0,2660.0,2601.0,2632.0,2620.0,2573.0,54204684.0,142685830545.0,3035.0
2019-03-02,2650.0,2671.0,2560.0,2610.0,2628.0,2632.0,54189461.0,141448341130.0,3007.0
2019-03-03,2630.0,2645.0,2559.0,2594.0,2568.0,2610.0,48625001.0,126142612196.0,2490.0
2019-03-04,2589.0,2589.0,2472.0,2525.0,2488.0,2594.0,52776887.0,133272222974.0,2666.0
2019-03-05,2548.0,2548.0,2430.0,2474.0,2455.0,2525.0,64149389.0,158703797493.0,2835.0
2019-03-06,2460.0,2597.0,2455.0,2580.0,2597.0,2474.0,117399791.0,302943848521.0,3805.0
2019-03-09,2645.0,2670.0,2579.0,2625.0,2585.0,2580.0,82555191.0,216706885962.0,4391.0
2019-03-10,2575.0,2668.0,2575.0,2626.0,2626.0,2625.0,105470222.0,276950544756.0,4555.0
2019-03-11,2635.0,2757.0,2635.0,2721.0,2710.0,2626.0,123773573.0,336757695938.0,6237.0
2019-03-12,2738.0,2771.0,2720.0,2743.0,2750.0,2721.0,95547351.0,262132145201.0,4373.0
2019-03-13,2798.0,2880.0,2780.0,2875.0,2880.0,2743.0,244608362.0,703246667549.0,9556.0
2019-03-16,2900.0,2970.0,2862.0,2909.0,2879.0,2875.0,101973790.0,296611402849.0,5881.0
2019-03-17,2885.0,2981.0,2810.0,2898.0,2929.0,2909.0,127023894.0,368156572073.0,7719.0
2019-03-18,2950.0,2980.0,2902.0,2939.0,2940.0,2898.0,68181729.0,200391563143.0,3298.0
2019-03-19,2930.0,2954.0,2891.0,2917.0,2912.0,2939.0,92381802.0,269486192266.0,4833.0
2019-03-25,2900.0,2905.0,2844.0,2883.0,2877.0,2917.0,29948945.0,86335981760.0,1843.0
2019-03-26,2875.0,2900.0,2821.0,2870.0,2886.0,2883.0,36101648.0,103597555060.0,2289.0
2019-03-27,2870.0,2900.0,2857.0,2871.0,2870.0,2870.0,35904463.0,103090186735.0,2140.0
2019-03-30,2910.0,3014.0,2910.0,3005.0,3014.0,2871.0,115433665.0,346909377785.0,3986.0
2019-03-31,3119.0,3155.0,3051.0,3115.0,3109.0,3005.0,92051350.0,286762982917.0,5480.0
2019-04-06,3128.0,3231.0,3061.0,3170.0,3178.0,3115.0,81015785.0,256851835100.0,5136.0
2019-04-07,3249.0,3318.0,3162.0,3254.0,3175.0,3170.0,127355934.0,414409059071.0,10836.0
2019-04-08,3190.0,3196.0,3111.0,3148.0,3126.0,3254.0,117896824.0,371140211419.0,7223.0
2019-04-09,3070.0,3145.0,3044.0,3084.0,3088.0,3148.0,135658688.0,418336322849.0,7600.0
2019-04-10,3072.0,3209.0,3072.0,3145.0,3120.0,3084.0,143782515.0,452130711618.0,6998.0
2019-04-13,3155.0,3160.0,3050.0,3085.0,3057.0,3145.0,96001867.0,296172384292.0,6018.0
2019-04-14,3080.0,3085.0,2987.0,3043.0,3071.0,3085.0,101401351.0,308528634890.0,5684.0
2019-04-15,3110.0,3170.0,3066.0,3126.0,3095.0,3043.0,116416502.0,363944267474.0,6186.0
2019-04-16,3110.0,3170.0,2980.0,3093.0,3000.0,3126.0,121954920.0,377177645154.0,7275.0
2019-04-17,3001.0,3060.0,2941.0,3002.0,3000.0,3093.0,78320754.0,235150734589.0,4547.0
2019-04-20,3038.0,3152.0,3037.0,3146.0,3152.0,3002.0,144821757.0,455628688075.0,6336.0
2019-04-22,3171.0,3261.0,3011.0,3092.0,3029.0,3146.0,87051408.0,269195647637.0,4717.0
2019-04-23,3020.0,3095.0,3020.0,3047.0,3040.0,3092.0,54560489.0,166267989122.0,3158.0
2019-04-24,3032.0,3136.0,3030.0,3089.0,3080.0,3047.0,60690748.0,187468404848.0,3159.0
2019-04-27,3085.0,3120.0,3013.0,3063.0,3035.0,3089.0,60787792.0,186221709936.0,3960.0
2019-04-28,3098.0,3216.0,3081.0,3196.0,3216.0,3063.0,198346750.0,633843104937.0,6629.0
2019-04-29,3280.0,3355.0,3254.0,3343.0,3355.0,3196.0,211258932.0,706244178116.0,9112.0
2019-04-30,3400.0,3416.0,3250.0,3314.0,3270.0,3343.0,100234796.0,332138742912.0,6230.0
2019-05-01,3267.0,3470.0,3267.0,3411.0,3460.0,3314.0,106827308.0,364355770482.0,5670.0
2019-05-04,3420.0,3581.0,3420.0,3568.0,3581.0,3411.0,140908128.0,502829361977.0,5387.0
2019-05-05,3698.0,3746.0,3501.0,3702.0,3610.0,3568.0,194589524.0,720415047516.0,7995.0
2019-05-06,3610.0,3679.0,3517.0,3547.0,3517.0,3702.0,70044390.0,248469287463.0,2975.0
2019-05-07,3411.0,3450.0,3370.0,3373.0,3370.0,3547.0,229652592.0,774607350947.0,7225.0
2019-05-08,3301.0,3499.0,3300.0,3391.0,3391.0,3373.0,82161733.0,278616176499.0,4530.0
2019-05-11,3350.0,3470.0,3222.0,3268.0,3223.0,3391.0,103089597.0,336908326323.0,5101.0
2019-05-12,3211.0,3240.0,3105.0,3123.0,3145.0,3268.0,108320016.0,338241440852.0,4967.0
2019-05-13,3136.0,3238.0,3127.0,3182.0,3179.0,3123.0,57124386.0,181797682452.0,3038.0
2019-05-14,3180.0,3341.0,3180.0,3337.0,3341.0,3182.0,294102165.0,981541223534.0,8929.0
2019-05-15,3398.0,3477.0,3272.0,3367.0,3355.0,3337.0,65066911.0,219112482486.0,3932.0
2019-05-18,3400.0,3535.0,3400.0,3460.0,3420.0,3367.0,62602939.0,216587274827.0,3559.0
2019-05-19,3440.0,3480.0,3380.0,3409.0,3400.0,3460.0,54852688.0,187014191346.0,2867.0
2019-05-20,3400.0,3449.0,3242.0,3353.0,3444.0,3409.0,87983644.0,295005656837.0,4779.0
2019-05-21,3425.0,3520.0,3404.0,3516.0,3520.0,3353.0,168776901.0,593500816945.0,6662.0
2019-05-22,3569.0,3569.0,3441.0,3484.0,3468.0,3516.0,46012731.0,160301402785.0,3576.0
2019-05-25,3431.0,3445.0,3351.0,3383.0,3420.0,3484.0,34433311.0,116493652366.0,2376.0
2019-05-26,3391.0,3475.0,3382.0,3421.0,3395.0,3383.0,45798795.0,156674056258.0,2655.0
2019-05-28,3440.0,3550.0,3421.0,3470.0,3499.0,3421.0,56616989.0,196456198423.0,3276.0
2019-05-29,3580.0,3630.0,3540.0,3588.0,3590.0,3470.0,77157001.0,276874721296.0,5210.0
2019-06-01,3579.0,3671.0,3490.0,3600.0,3634.0,3588.0,57501095.0,207025711854.0,3287.0
2019-06-02,3650.0,3780.0,3650.0,3747.0,3750.0,3600.0,125287381.0,469432637229.0,6237.0
2019-06-03,3840.0,3898.0,3755.0,3809.0,3800.0,3747.0,57271769.0,218154201075.0,3611.0
2019-06-08,3800.0,3816.0,3701.0,3782.0,3788.0,3809.0,38883361.0,147047874014.0,2457.0
2019-06-09,3810.0,3970.0,3810.0,3918.0,3935.0,3782.0,89440015.0,350397695718.0,4634.0
2019-06-10,3915.0,3990.0,3856.0,3929.0,3860.0,3918.0,72138869.0,283408886206.0,3984.0
2019-06-11,3832.0,3943.0,3822.0,3904.0,3861.0,3929.0,61383094.0,239640976328.0,3186.0
2019-06-12,4007.0,4099.0,3992.0,4084.0,4099.0,3904.0,281032744.0,1147799830933.0,10555.0
2019-06-15,4070.0,4288.0,3980.0,4249.0,4288.0,4084.0,156728436.0,665998959366.0,6467.0
2019-06-16,4380.0,4461.0,4165.0,4336.0,4190.0,4249.0,131088535.0,568384086213.0,7612.0
2019-10-02,6200.0,6510.0,6200.0,6344.0,6510.0,4336.0,613946459.0,3894986154123.0,22865.0
2019-10-05,6661.0,6661.0,6661.0,6661.0,6661.0,6344.0,12855000.0,85627155000.0,643.0
2019-10-06,6661.0,6895.0,6351.0,6659.0,6550.0,6661.0,508882228.0,3388491798558.0,36170.0
2019-10-07,6560.0,6744.0,6327.0,6453.0,6327.0,6659.0,157817827.0,1018334657407.0,10947.0
2019-10-08,6216.0,6288.0,6131.0,6144.0,6131.0,6453.0,337855932.0,2075739577900.0,15261.0
2019-10-09,6001.0,6144.0,5850.0,6037.0,6138.0,6144.0,125466197.0,757467357998.0,8950.0
2019-10-12,6010.0,6195.0,5901.0,6064.0,6195.0,6037.0,140519168.0,852177411082.0,9874.0
2019-10-13,6206.0,6289.0,5999.0,6185.0,6100.0,6064.0,145209974.0,898187508677.0,8076.0
2019-10-14,6193.0,6210.0,5952.0,6093.0,6000.0,6185.0,137132531.0,835604068836.0,7896.0
2019-10-15,6170.0,6338.0,5800.0,6018.0,5939.0,6093.0,119848295.0,721193887011.0,8512.0
2019-10-16,5950.0,6120.0,5910.0,6005.0,5936.0,6018.0,66917434.0,401849312766.0,5723.0
2019-10-20,6010.0,6010.0,5705.0,5731.0,5705.0,6005.0,147406719.0,844831207745.0,6679.0
2019-10-21,5700.0,5840.0,5600.0,5708.0,5747.0,5731.0,61414087.0,350523706345.0,5107.0
2019-10-22,5850.0,5940.0,5708.0,5810.0,5820.0,5708.0,34745167.0,201872930605.0,3868.0
2019-10-23,5900.0,5927.0,5701.0,5787.0,5733.0,5810.0,45003363.0,260434894345.0,4280.0
2019-10-26,5819.0,5830.0,5650.0,5724.0,5650.0,5787.0,24929162.0,142694507864.0,3314.0
2019-10-28,5820.0,5890.0,5731.0,5794.0,5790.0,5724.0,27857018.0,161408225926.0,3338.0
2019-10-30,5880.0,5891.0,5788.0,5825.0,5815.0,5794.0,51589639.0,300506239508.0,5505.0
2019-11-02,5861.0,5899.0,5620.0,5696.0,5699.0,5825.0,33369567.0,190076087269.0,4463.0
2019-11-03,5600.0,5720.0,5412.0,5529.0,5550.0,5696.0,78253184.0,432695727525.0,7417.0
2019-11-04,5431.0,5488.0,5253.0,5298.0,5270.0,5529.0,104085622.0,551401049489.0,8019.0
2019-11-05,5400.0,5498.0,5251.0,5407.0,5471.0,5298.0,54197850.0,293050264377.0,6916.0
2019-11-09,5490.0,5576.0,5370.0,5477.0,5398.0,5407.0,24597586.0,134713356484.0,3549.0
2019-11-10,5450.0,5450.0,5311.0,5341.0,5340.0,5477.0,17780205.0,94966611474.0,3032.0
2019-11-11,5300.0,5449.0,5251.0,5368.0,5383.0,5341.0,20343712.0,109208073116.0,2490.0
2019-11-12,5368.0,5479.0,5352.0,5425.0,5409.0,5368.0,22623241.0,122737096227.0,2535.0
2019-11-13,5355.0,5470.0,5355.0,5412.0,5425.0,5425.0,25491877.0,137960918863.0,2927.0
2019-11-16,5366.0,5549.0,5366.0,5450.0,5475.0,5412.0,39889610.0,217385941160.0,3546.0
2019-11-17,5330.0,5468.0,5201.0,5348.0,5301.0,5450.0,57365335.0,306801858185.0,3647.0
2019-11-18,5321.0,5450.0,5302.0,5417.0,5430.0,5348.0,34942117.0,189288731448.0,2658.0
2019-11-19,5450.0,5530.0,5426.0,5458.0,5430.0,5417.0,40224600.0,219555495924.0,2928.0
2019-11-20,5450.0,5498.0,5411.0,5456.0,5473.0,5458.0,41047978.0,223963067181.0,3371.0
2019-11-23,5450.0,5499.0,5402.0,5456.0,5468.0,5456.0,42548256.0,232128648365.0,3411.0
2019-11-24,5470.0,5490.0,5400.0,5456.0,5400.0,5456.0,21593821.0,117817088655.0,2209.0
2019-11-25,5431.0,5579.0,5431.0,5479.0,5460.0,5456.0,30385404.0,166470188886.0,2954.0
2019-11-26,5479.0,5752.0,5450.0,5632.0,5650.0,5479.0,75966264.0,427829734943.0,5959.0
2019-11-27,5748.0,5857.0,5610.0,5775.0,5800.0,5632.0,31327654.0,180922332815.0,3679.0
2019-11-30,5800.0,5950.0,5750.0,5862.0,5888.0,5775.0,38355890.0,224829072193.0,3741.0
2019-12-01,5900.0,5999.0,5900.0,5951.0,5930.0,5862.0,23822826.0,141780846714.0,3276.0
2019-12-02,5950.0,5958.0,5760.0,5822.0,5762.0,5951.0,31124126.0,181201222193.0,4007.0
2019-12-03,5799.0,5881.0,5711.0,5786.0,5790.0,5822.0,25957944.0,150191587253.0,2521.0
2019-12-04,5786.0,5901.0,5772.0,5831.0,5814.0,5786.0,34492350.0,201119274514.0,2795.0
2019-12-07,5899.0,5974.0,5860.0,5910.0,5952.0,5831.0,33776019.0,199618654048.0,3132.0
2019-12-08,5970.0,6205.0,5969.0,6194.0,6200.0,5910.0,154954196.0,959723514436.0,9560.0
2019-12-09,6272.0,6361.0,6131.0,6207.0,6140.0,6194.0,36007641.0,223485714326.0,4489.0
2019-12-10,6160.0,6362.0,6100.0,6213.0,6100.0,6207.0,60591945.0,376428814082.0,4815.0
2019-12-11,6102.0,6190.0,6052.0,6141.0,6130.0,6213.0,25218870.0,154860516917.0,2634.0
2019-12-14,6140.0,6198.0,6040.0,6114.0,6101.0,6141.0,29521792.0,180504991149.0,3471.0
2019-12-15,6104.0,6113.0,5950.0,6024.0,5980.0,6114.0,53723702.0,323626240269.0,4900.0
2019-12-16,6000.0,6022.0,5921.0,5989.0,5966.0,6024.0,46751703.0,280019070286.0,3736.0
2019-12-17,6003.0,6030.0,5957.0,5983.0,5961.0,5989.0,53605459.0,320743178535.0,4240.0
2019-12-18,5992.0,6131.0,5960.0,6061.0,6112.0,5983.0,62135942.0,376583322886.0,4939.0
2019-12-21,6185.0,6199.0,6098.0,6155.0,6128.0,6061.0,49275630.0,303307822632.0,4399.0
2019-12-22,6155.0,6181.0,6030.0,6090.0,6130.0,6155.0,45249917.0,275591710450.0,3700.0
2019-12-23,6100.0,6178.0,5951.0,6063.0,5980.0,6090.0,67012076.0,406317180394.0,4971.0
2019-12-24,6060.0,6062.0,5926.0,5982.0,5969.0,6063.0,40591906.0,242837571907.0,4243.0
2019-12-25,5982.0,6080.0,5915.0,5970.0,6010.0,5982.0,35842659.0,213969321522.0,3908.0
2019-12-28,6066.0,6260.0,6059.0,6187.0,6200.0,5970.0,95422568.0,590339700018.0,7647.0
2019-12-29,6220.0,6302.0,6153.0,6243.0,6260.0,6187.0,53139595.0,331738404493.0,4922.0
2019-12-30,6295.0,6320.0,6221.0,6279.0,6257.0,6243.0,45804701.0,287589098909.0,4350.0
2019-12-31,6280.0,6280.0,6086.0,6184.0,6184.0,6279.0,49523435.0,306262996047.0,4411.0
2020-01-01,6169.0,6250.0,6100.0,6169.0,6136.0,6184.0,48006898.0,296144858838.0,4400.0
2020-01-04,5861.0,5861.0,5861.0,5861.0,5861.0,6169.0,370941917.0,2174090575537.0,8901.0
2020-01-05,5590.0,5839.0,5571.0,5653.0,5684.0,5861.0,138188448.0,781170358074.0,7935.0
2020-01-07,5640.0,5810.0,5371.0,5469.0,5371.0,5653.0,111250056.0,608455099725.0,6522.0
2020-01-08,5360.0,5500.0,5360.0,5371.0,5400.0,5469.0,284731460.0,1529164419665.0,10531.0
2020-01-11,5478.0,5478.0,5478.0,5478.0,5478.0,5371.0,6355152.0,34813522656.0,205.0
2020-01-12,5751.0,5751.0,5751.0,5751.0,5751.0,5478.0,42031135.0,241721057385.0,979.0
2020-01-13,6038.0,6038.0,6000.0,6038.0,6038.0,5751.0,250927040.0,1515028642481.0,7133.0
2020-01-14,6300.0,6339.0,6160.0,6331.0,6339.0,6038.0,273991410.0,1734701703388.0,10398.0
2020-01-15,6389.0,6647.0,6351.0,6618.0,6583.0,6331.0,193908160.0,1283376372497.0,10596.0
2020-01-18,6659.0,6948.0,6659.0,6860.0,6749.0,6618.0,149178001.0,1023351102912.0,10988.0
2020-01-19,6699.0,6998.0,6660.0,6869.0,6900.0,6860.0,95105417.0,653282716737.0,7850.0
2020-01-20,6875.0,7212.0,6850.0,7125.0,7178.0,6869.0,188746529.0,1344844181256.0,11901.0
2020-01-21,7000.0,7260.0,6800.0,7070.0,6945.0,7125.0,67764494.0,479091508113.0,7257.0
2020-01-22,7000.0,7360.0,6935.0,7095.0,7000.0,7070.0,73620332.0,522337699022.0,6749.0
2020-01-25,7090.0,7145.0,6950.0,7017.0,7049.0,7095.0,104594135.0,733989089272.0,10340.0
2020-01-26,7075.0,7128.0,6800.0,6965.0,6850.0,7017.0,92946252.0,647332234069.0,8226.0
2020-01-27,6899.0,7145.0,6800.0,7028.0,7021.0,6965.0,100045025.0,703086225210.0,7588.0
2020-01-28,7109.0,7309.0,7044.0,7199.0,7061.0,7028.0,84271715.0,606709300965.0,8346.0
2020-02-01,7199.0,7418.0,7120.0,7234.0,7150.0,7199.0,66576675.0,481630428066.0,7875.0
2020-02-02,7150.0,7280.0,7049.0,7140.0,7117.0,7234.0,58310053.0,416343095522.0,6068.0
2020-02-03,7165.0,7430.0,7165.0,7296.0,7300.0,7140.0,124664197.0,909546241233.0,9597.0
2020-02-04,7559.0,7660.0,7400.0,7635.0,7660.0,7296.0,220766884.0,1685453386726.0,11727.0
2020-02-05,7800.0,8016.0,7700.0,7975.0,8016.0,7635.0,145168075.0,1157768771999.0,10939.0
2020-02-08,8290.0,8290.0,7830.0,8087.0,7880.0,7975.0,114916175.0,929326132901.0,11579.0
2020-02-09,7985.0,8040.0,7800.0,7907.0,7930.0,8087.0,77021606.0,609033305843.0,7993.0
2020-02-10,7907.0,7999.0,7512.0,7703.0,7690.0,7907.0,85868032.0,661450511569.0,7130.0
2020-02-12,7700.0,8088.0,7700.0,7987.0,7928.0,7703.0,67972372.0,542919157379.0,6084.0
2020-02-15,7988.0,8000.0,7610.0,7725.0,7670.0,7987.0,40931162.0,316178929636.0,5560.0
2020-02-16,7799.0,7799.0,7600.0,7672.0,7660.0,7725.0,100142358.0,768304310736.0,7627.0
2020-02-17,7734.0,7955.0,7622.0,7765.0,7645.0,7672.0,57020095.0,442777885390.0,5909.0
2020-02-18,7751.0,7765.0,7430.0,7637.0,7680.0,7765.0,38948921.0,297442036891.0,5028.0
2020-02-19,7630.0,7933.0,7630.0,7783.0,7700.0,7637.0,61040074.0,475047799076.0,7779.0
2020-02-22,7394.0,7714.0,7394.0,7486.0,7490.0,7783.0,87762116.0,656973325858.0,8821.0
2020-02-23,7599.0,7833.0,7525.0,7690.0,7665.0,7486.0,84909784.0,652935079018.0,8582.0
2020-02-24,7750.0,7898.0,7580.0,7675.0,7600.0,7690.0,85997239.0,660008356617.0,8087.0
2020-02-25,7675.0,8058.0,7655.0,7988.0,8056.0,7675.0,165945105.0,1325503208097.0,13602.0
2020-02-26,8066.0,8130.0,7621.0,7801.0,7650.0,7988.0,101242332.0,789830578829.0,11179.0
2020-02-29,7411.0,7587.0,7411.0,7417.0,7411.0,7801.0,115094428.0,853670482201.0,8557.0
2020-03-01,7420.0,7590.0,7300.0,7490.0,7553.0,7417.0,64431036.0,482589366337.0,6682.0
2020-03-02,7650.0,7707.0,7534.0,7603.0,7620.0,7490.0,75460761.0,573720377905.0,7393.0
2020-03-03,7775.0,7960.0,7610.0,7823.0,7820.0,7603.0,127945696.0,1000951924592.0,11237.0
2020-03-04,7925.0,8214.0,7827.0,8158.0,8189.0,7823.0,276054974.0,2251989176917.0,16330.0
2020-03-07,8223.0,8450.0,7911.0,8252.0,8295.0,8158.0,86509851.0,713899570549.0,9924.0
2020-03-09,8252.0,8252.0,7840.0,7903.0,7909.0,8252.0,184314168.0,1456641070776.0,14399.0
2020-03-10,7970.0,8199.0,7954.0,8066.0,8019.0,7903.0,87238638.0,703674109070.0,9752.0
2020-03-11,8130.0,8400.0,8120.0,8304.0,8288.0,8066.0,82930229.0,688650704929.0,8841.0
2020-03-14,8248.0,8248.0,7889.0,7924.0,7889.0,8304.0,73351664.0,581219236388.0,5282.0
2020-03-16,8320.0,8726.0,7990.0,8178.0,8043.0,7924.0,121554493.0,994073672011.0,10811.0
2020-03-17,8080.0,8100.0,7770.0,7858.0,7955.0,8178.0,96337658.0,756977347402.0,9322.0
2020-03-18,7978.0,8250.0,7858.0,8177.0,8150.0,7858.0,209125494.0,1709916998244.0,13138.0
2020-03-24,8299.0,8585.0,8200.0,8553.0,8585.0,8177.0,189655706.0,1622075649081.0,9947.0
2020-03-25,8899.0,8980.0,8725.0,8974.0,8980.0,8553.0,205902673.0,1847765729459.0,11884.0
2020-03-28,9422.0,9422.0,9350.0,9422.0,9422.0,8974.0,165230289.0,1556772498813.0,9953.0
2020-03-29,9893.0,9893.0,9508.0,9806.0,9699.0,9422.0,251384155.0,2464999411121.0,23714.0
2020-03-30,9500.0,9950.0,9380.0,9741.0,9870.0,9806.0,112822114.0,1099021944077.0,16265.0
2020-04-04,10180.0,10228.0,9871.0,10201.0,10225.0,9741.0,194474665.0,1983861614345.0,19277.0
2020-04-05,10300.0,10330.0,9893.0,10012.0,9944.0,10201.0,153061068.0,1532466090816.0,20376.0
2020-04-06,9859.0,9859.0,9512.0,9553.0,9512.0,10012.0,124869408.0,1192909375598.0,16577.0
2020-04-07,9502.0,9849.0,9502.0,9681.0,9650.0,9553.0,95695874.0,926411952398.0,13928.0
2020-04-08,9799.0,9888.0,9356.0,9573.0,9410.0,9681.0,143157654.0,1370377434780.0,17448.0
2020-04-11,9500.0,9694.0,9311.0,9500.0,9311.0,9573.0,87710288.0,833271827592.0,11975.0
2020-04-12,9514.0,9710.0,9413.0,9617.0,9561.0,9500.0,139842742.0,1344936802067.0,15983.0
2020-04-13,9699.0,9747.0,9376.0,9537.0,9400.0,9617.0,99685848.0,950733927447.0,12407.0
2020-04-14,9322.0,9551.0,9100.0,9348.0,9400.0,9537.0,105551315.0,986641242186.0,13536.0
2020-04-15,9410.0,9815.0,9410.0,9794.0,9815.0,9348.0,201457026.0,1972981310342.0,11322.0
2020-04-18,10283.0,10283.0,10238.0,10283.0,10283.0,9794.0,142377245.0,1464041269187.0,8929.0
2020-04-19,10797.0,10797.0,10283.0,10732.0,10380.0,10283.0,292985635.0,3144452297983.0,22208.0
2020-04-20,10600.0,11268.0,10550.0,11226.0,11268.0,10732.0,295590437.0,3318274935435.0,16313.0
2020-04-21,11787.0,11787.0,11551.0,11786.0,11787.0,11226.0,369185657.0,4351398848641.0,22809.0
2020-04-22,12180.0,12375.0,11800.0,12304.0,12375.0,11786.0,345448880.0,4250537886824.0,31327.0
2020-04-25,12919.0,12919.0,12919.0,12919.0,12919.0,12304.0,33342420.0,430750723980.0,2489.0
2020-04-26,13564.0,13564.0,13500.0,13564.0,13564.0,12919.0,255273596.0,3462518150635.0,15908.0
2020-04-27,14238.0,14242.0,13600.0,14235.0,14242.0,13564.0,270377702.0,3848757957491.0,18121.0
2020-04-28,14946.0,14946.0,14734.0,14937.0,14940.0,14235.0,46432426.0,693563761332.0,5948.0
2020-05-03,15683.0,16467.0,15683.0,16459.0,16467.0,14937.0,136042107.0,2239129967873.0,4787.0
2020-05-04,17281.0,17281.0,15637.0,17252.0,17281.0,16459.0,388427514.0,6701271019868.0,35341.0
2020-05-05,18114.0,18114.0,16701.0,17681.0,16800.0,17252.0,472270077.0,8350314131800.0,64069.0
2020-05-06,16820.0,18565.0,16820.0,18227.0,18565.0,17681.0,349214951.0,6365037553666.0,40308.0
2020-05-09,19138.0,19138.0,18977.0,19136.0,19138.0,18227.0,113330048.0,2168688338963.0,9114.0
2020-05-10,20092.0,20092.0,20092.0,20092.0,20092.0,19136.0,99346273.0,1996065317116.0,8617.0
2020-05-11,21096.0,21096.0,20100.0,20956.0,20600.0,20092.0,634870783.0,13304121923085.0,115599.0
2020-05-12,19909.0,19909.0,19909.0,19909.0,19909.0,20956.0,69861038.0,1390863405542.0,16438.0
2020-05-13,18914.0,20555.0,18914.0,19234.0,18914.0,19909.0,440618370.0,8474750539145.0,65049.0
2020-05-16,18273.0,18273.0,18273.0,18273.0,18273.0,19234.0,68371942.0,1249360496166.0,6297.0
2020-05-17,17360.0,17360.0,17360.0,17360.0,17360.0,18273.0,107461931.0,1865539122160.0,7043.0
2020-05-18,18000.0,18228.0,16712.0,17836.0,18190.0,17360.0,407800671.0,7273463492882.0,50758.0
2020-05-19,18270.0,18395.0,16945.0,17204.0,16945.0,17836.0,266154167.0,4578838106777.0,39281.0
2020-05-20,16750.0,17190.0,16344.0,16388.0,16350.0,17204.0,320143554.0,5246548122960.0,33493.0
2020-05-23,16700.0,17535.0,15865.0,16753.0,17316.0,16388.0,275842602.0,4621290742773.0,42546.0
2020-05-26,17450.0,17500.0,15916.0,16411.0,16140.0,17283.0,219648082.0,3604680000000.0,36798.0
2020-05-27,16200.0,17231.0,16200.0,17108.0,17231.0,16411.0,140681997.0,2406777811519.0,20137.0
2020-05-30,17963.0,17963.0,17963.0,17963.0,17963.0,17108.0,67341093.0,1209648053559.0,9087.0
2020-05-31,18860.0,18861.0,17065.0,18148.0,17900.0,17963.0,205601530.0,3731163290957.0,41126.0
2020-06-01,18148.0,18871.0,17700.0,18454.0,18398.0,18148.0,85258610.0,1573402231507.0,22894.0
2020-06-02,19100.0,19376.0,18800.0,19318.0,19376.0,18454.0,201597248.0,3894469373345.0,32414.0
2020-06-06,20260.0,20283.0,19500.0,20213.0,20283.0,19318.0,102505758.0,2071982551273.0,22818.0
2020-06-07,21200.0,21223.0,20692.0,21181.0,20759.0,20213.0,174082809.0,3687180355758.0,33472.0
2020-06-08,20122.0,22240.0,20122.0,20629.0,20122.0,21181.0,182569933.0,3766233233550.0,44776.0
2020-06-09,19999.0,20980.0,19598.0,19877.0,19850.0,20629.0,145041184.0,2882964469575.0,34511.0
2020-06-10,20870.0,20870.0,20500.0,20862.0,20870.0,19877.0,147260773.0,3072093375246.0,25774.0
2020-06-13,21900.0,21900.0,21900.0,21900.0,21900.0,20862.0,60105421.0,1316308719900.0,13237.0
2020-06-14,22990.0,22990.0,21190.0,22520.0,22990.0,21900.0,217880469.0,4906849738020.0,55182.0
2020-06-15,22950.0,23630.0,22070.0,23130.0,22920.0,22520.0,143204944.0,3311813300720.0,45348.0
2020-06-16,23000.0,24280.0,22400.0,23860.0,24270.0,23130.0,160409703.0,3826766634090.0,40325.0
2020-06-20,22800.0,25050.0,22800.0,23480.0,23250.0,23860.0,303872145.0,7135598841640.0,93035.0
2020-06-21,23110.0,23500.0,22310.0,22680.0,22410.0,23480.0,280225543.0,6356654800160.0,75082.0
2020-06-22,22700.0,23810.0,22660.0,23330.0,23660.0,22680.0,167234687.0,3901592773180.0,49666.0
2020-06-23,24150.0,24490.0,23610.0,24320.0,23640.0,23330.0,204918340.0,4983512441830.0,42829.0
2020-06-24,23600.0,24500.0,23500.0,24130.0,24150.0,24320.0,152975383.0,3691602889810.0,37399.0
2020-06-27,24340.0,25300.0,24150.0,24740.0,24600.0,24130.0,131019495.0,3241599749060.0,36578.0
2020-06-28,25970.0,25970.0,24600.0,25770.0,25350.0,24740.0,254376942.0,6554218814950.0,61906.0
2020-06-29,25690.0,25690.0,24490.0,24930.0,24900.0,25770.0,170386098.0,4247945320220.0,52834.0
2020-06-30,25900.0,26170.0,25000.0,26110.0,26170.0,24930.0,147166333.0,3841979105490.0,38097.0
2020-07-01,27350.0,27370.0,26500.0,26940.0,26690.0,26110.0,168219804.0,4531902777600.0,56583.0
2020-07-04,26940.0,27000.0,25600.0,25760.0,25600.0,26940.0,231283534.0,5958222319060.0,65195.0
2020-07-05,24560.0,27040.0,24480.0,25670.0,25860.0,25760.0,224649840.0,5766735541640.0,65488.0
2020-07-06,26200.0,26950.0,26200.0,26860.0,26950.0,25670.0,253566140.0,6812022224090.0,52045.0
2020-07-07,27320.0,28200.0,25910.0,26680.0,26040.0,26860.0,192808093.0,5144010893190.0,67774.0
2020-07-08,26000.0,28010.0,25350.0,25480.0,25350.0,26680.0,209556594.0,5339166341140.0,49476.0
2020-07-11,24210.0,26750.0,24210.0,24590.0,25340.0,25480.0,223768272.0,5501799835400.0,63551.0
2020-07-12,25780.0,25810.0,25300.0,25770.0,25490.0,24590.0,212007866.0,5462724502080.0,46286.0
2020-07-13,25850.0,27050.0,24490.0,25570.0,26480.0,25770.0,148840698.0,3805576544590.0,54256.0
2020-07-14,26400.0,26840.0,25570.0,26540.0,26200.0,25570.0,253301569.0,6723387184820.0,69838.0
2020-07-15,26710.0,27860.0,26010.0,26990.0,26550.0,26540.0,175260607.0,4730841392040.0,61821.0
2020-07-18,26300.0,28330.0,25650.0,26040.0,25880.0,26990.0,224214666.0,5837525403250.0,73895.0
2020-07-19,26200.0,27340.0,26190.0,27160.0,27330.0,26040.0,250395371.0,6801039575860.0,62665.0
2020-09-12,5600.0,5880.0,5600.0,5690.0,5880.0,6550.0,581208470.0,3305805047920.0,22167.0
2020-09-13,5800.0,5970.0,5410.0,5790.0,5850.0,5690.0,2074017561.0,12015308783350.0,120381.0
2020-09-14,5840.0,6070.0,5720.0,6000.0,6070.0,5790.0,1010517275.0,6058062857530.0,55416.0
2020-09-15,6130.0,6300.0,6100.0,6280.0,6300.0,6000.0,709373166.0,4453046560220.0,41408.0
2020-09-16,6540.0,6590.0,6030.0,6350.0,6270.0,6280.0,1109323077.0,7046021550470.0,89855.0
2020-09-19,6110.0,6270.0,6040.0,6070.0,6040.0,6350.0,725378618.0,4401472343550.0,45528.0
2020-09-20,5770.0,5880.0,5770.0,5770.0,5770.0,6070.0,222648475.0,1285247222830.0,11882.0
2020-09-21,5490.0,5490.0,5490.0,5490.0,5490.0,5770.0,229490734.0,1259904129660.0,6808.0
2020-09-22,5370.0,5760.0,5220.0,5480.0,5760.0,5490.0,1323474055.0,7253047988890.0,59306.0
2020-09-23,5690.0,5750.0,5630.0,5730.0,5750.0,5480.0,592327876.0,3395834391790.0,30636.0
2020-09-26,6010.0,6010.0,5840.0,5970.0,6010.0,5730.0,612864086.0,3660122702230.0,38279.0
2020-09-27,5970.0,5990.0,5680.0,5710.0,5680.0,5970.0,376626727.0,2151175943500.0,17719.0
2020-09-28,5430.0,5460.0,5430.0,5430.0,5430.0,5710.0,135557576.0,736096993290.0,5330.0
2020-09-29,5160.0,5580.0,5160.0,5300.0,5530.0,5430.0,745141229.0,3950340267940.0,34840.0
2020-09-30,5420.0,5500.0,5200.0,5380.0,5480.0,5300.0,365642622.0,1968950376560.0,21090.0
2020-10-03,5530.0,5640.0,5400.0,5610.0,5640.0,5380.0,310416384.0,1742584237790.0,13975.0
2020-10-04,5680.0,5730.0,5330.0,5500.0,5420.0,5610.0,506130410.0,2783268952910.0,28313.0
2020-10-05,5350.0,5540.0,5230.0,5340.0,5430.0,5500.0,392090024.0,2093773776270.0,24290.0
2020-10-06,5490.0,5600.0,5410.0,5590.0,5600.0,5340.0,221469010.0,1237963776820.0,7979.0
2020-10-07,5860.0,5860.0,5700.0,5860.0,5860.0,5590.0,663468354.0,3886232321170.0,18802.0
2020-10-11,6620.0,6780.0,6290.0,6480.0,6400.0,5860.0,1187895834.0,7693894081170.0,55804.0
2020-10-12,6330.0,6600.0,6160.0,6310.0,6310.0,6480.0,795235740.0,5018949791120.0,47633.0
2020-10-13,6220.0,6330.0,6000.0,6140.0,6230.0,6310.0,488285102.0,2997555856600.0,31704.0
2020-10-14,6090.0,6180.0,5840.0,5980.0,5950.0,6140.0,403386676.0,2413374159220.0,26574.0
2020-10-18,5840.0,5970.0,5690.0,5710.0,5690.0,5980.0,221584990.0,1266215036900.0,10753.0
2020-10-19,5430.0,5500.0,5430.0,5430.0,5430.0,5710.0,231963957.0,1260121555160.0,8633.0
2020-10-20,5160.0,5380.0,5160.0,5190.0,5350.0,5430.0,445050850.0,2308633159970.0,16467.0
2020-10-21,5300.0,5440.0,5110.0,5340.0,5240.0,5190.0,521096877.0,2780536266830.0,27573.0
2020-10-24,5200.0,5200.0,5080.0,5090.0,5080.0,5340.0,163472066.0,832705611750.0,6402.0
2020-10-26,4840.0,4940.0,4840.0,4850.0,4890.0,5090.0,499666373.0,2422204500680.0,19436.0
2020-10-27,4830.0,4930.0,4610.0,4640.0,4640.0,4850.0,527800628.0,2447293819800.0,16741.0
2020-10-28,4500.0,4800.0,4410.0,4590.0,4780.0,4640.0,439554452.0,2016709798100.0,22627.0
2020-10-31,4770.0,4810.0,4630.0,4800.0,4810.0,4590.0,267365540.0,1284552253330.0,11425.0
2020-11-01,4890.0,4890.0,4570.0,4730.0,4620.0,4800.0,238440402.0,1128358073680.0,15013.0
2020-11-02,4580.0,4870.0,4560.0,4750.0,4790.0,4730.0,286148702.0,1358533443460.0,22009.0
2020-11-04,4750.0,4980.0,4630.0,4830.0,4870.0,4750.0,361120853.0,1744789703030.0,17004.0
2020-11-07,4610.0,4980.0,4590.0,4660.0,4590.0,4830.0,391678329.0,1823664329000.0,15448.0
2020-11-08,4430.0,4430.0,4430.0,4430.0,4430.0,4660.0,69737654.0,308937807220.0,2685.0
2020-11-09,4280.0,4570.0,4210.0,4270.0,4370.0,4430.0,443927476.0,1893612416750.0,17609.0
2020-11-10,4390.0,4440.0,4140.0,4250.0,4290.0,4270.0,252302557.0,1072354404580.0,14293.0
2020-11-11,4280.0,4430.0,4130.0,4310.0,4410.0,4250.0,316580574.0,1365230605600.0,16379.0
2020-11-14,4460.0,4520.0,4360.0,4510.0,4520.0,4310.0,119065371.0,536667828010.0,4823.0
2020-11-15,4730.0,4730.0,4460.0,4640.0,4570.0,4510.0,500743946.0,2323490564560.0,23225.0
2020-11-16,4540.0,4870.0,4490.0,4810.0,4870.0,4640.0,466155957.0,2242412764940.0,19341.0
2020-11-17,4880.0,5050.0,4870.0,5040.0,5050.0,4810.0,325197762.0,1637458191890.0,12909.0
2020-11-18,5290.0,5290.0,5160.0,5290.0,5290.0,5040.0,210549615.0,1113480020580.0,7708.0
2020-11-21,5520.0,5520.0,5030.0,5260.0,5090.0,5290.0,559807616.0,2944860329770.0,35621.0
2020-11-22,5110.0,5390.0,5000.0,5170.0,5180.0,5260.0,443005535.0,2289174859390.0,22410.0
2020-11-23,5210.0,5420.0,5200.0,5390.0,5420.0,5170.0,523939028.0,2822519340650.0,24894.0
2020-11-24,5500.0,5650.0,5200.0,5530.0,5450.0,5390.0,755899943.0,4177687926250.0,37696.0
2020-11-25,5410.0,5730.0,5350.0,5580.0,5660.0,5530.0,515265002.0,2875409208330.0,29715.0
2020-11-28,5490.0,5790.0,5380.0,5520.0,5460.0,5580.0,590053532.0,3258548643130.0,35164.0
2020-11-29,5450.0,5750.0,5410.0,5610.0,5720.0,5520.0,439097261.0,2462277670320.0,28747.0
2020-11-30,5760.0,5890.0,5650.0,5810.0,5750.0,5610.0,415146406.0,2412083948510.0,25177.0
2020-12-01,5720.0,5900.0,5600.0,5760.0,5710.0,5810.0,329255402.0,1896384137680.0,22978.0
2020-12-02,5630.0,5800.0,5480.0,5580.0,5480.0,5760.0,410133005.0,2288700077900.0,26037.0
2020-12-05,5390.0,5660.0,5340.0,5500.0,5580.0,5580.0,348904820.0,1920147268700.0,23821.0
2020-12-06,5570.0,5650.0,5330.0,5470.0,5390.0,5500.0,425684861.0,2329084563700.0,32872.0
2020-12-07,5370.0,5690.0,5280.0,5490.0,5360.0,5470.0,522158070.0,2867859494260.0,34733.0
2020-12-08,5360.0,5560.0,5230.0,5400.0,5350.0,5490.0,313823537.0,1694839730940.0,21023.0
2020-12-09,5350.0,5420.0,5230.0,5310.0,5300.0,5400.0,308950823.0,1641365018120.0,22031.0
2020-12-12,5310.0,5460.0,5190.0,5330.0,5210.0,5310.0,468597791.0,2497652637250.0,28434.0
2020-12-13,5210.0,5320.0,5120.0,5190.0,5130.0,5330.0,246525840.0,1280100377750.0,19346.0
2020-12-14,5200.0,5440.0,5050.0,5280.0,5140.0,5190.0,437876965.0,2313774227710.0,29168.0
2020-12-15,5100.0,5180.0,5020.0,5030.0,5020.0,5280.0,196978132.0,990262845200.0,8739.0
2020-12-16,4810.0,5090.0,4810.0,4960.0,5010.0,5030.0,255638438.0,1267671162530.0,18396.0
2020-12-19,5060.0,5140.0,4900.0,5030.0,5040.0,4960.0,203458421.0,1023270534220.0,14689.0
2020-12-20,5100.0,5100.0,4780.0,4890.0,4840.0,5030.0,253173742.0,1238313123960.0,15807.0
2020-12-21,4790.0,5030.0,4720.0,4880.0,4830.0,4890.0,234000863.0,1142532146540.0,13140.0
2020-12-22,4770.0,5090.0,4770.0,4980.0,5090.0,4880.0,243220607.0,1210869795880.0,16522.0
2020-12-23,5100.0,5150.0,4950.0,5030.0,5000.0,4980.0,171403677.0,861358372230.0,15339.0
2020-12-26,5050.0,5050.0,4780.0,4850.0,4800.0,5030.0,232224818.0,1126087716100.0,18010.0
2020-12-27,4750.0,4990.0,4720.0,4840.0,4820.0,4850.0,185632043.0,898680306150.0,13324.0
2021-01-04,4950.0,5080.0,4910.0,5030.0,4940.0,4840.0,290052820.0,1457582676740.0,15741.0
2021-01-05,4980.0,4990.0,4780.0,4810.0,4780.0,5030.0,240371668.0,1155174551680.0,14510.0
2021-01-06,4610.0,4700.0,4570.0,4570.0,4570.0,4810.0,342173645.0,1565274836790.0,14355.0
2021-01-09,4430.0,4600.0,4350.0,4390.0,4390.0,4570.0,288544431.0,1266866246210.0,15626.0
2021-01-10,4450.0,4550.0,4320.0,4410.0,4440.0,4390.0,215947814.0,953094490160.0,13823.0
2021-01-11,4430.0,4430.0,4200.0,4310.0,4230.0,4410.0,222063553.0,957990239140.0,12538.0
2021-01-12,4220.0,4290.0,4100.0,4120.0,4100.0,4310.0,241022637.0,992239610520.0,8948.0
2021-01-13,3970.0,4100.0,3920.0,3950.0,3920.0,4120.0,291938454.0,1153981802270.0,13962.0
2021-01-16,3840.0,3960.0,3760.0,3770.0,3760.0,3950.0,275554081.0,1038222562460.0,8708.0
2021-01-18,3590.0,3650.0,3590.0,3590.0,3590.0,3770.0,117676434.0,422542962990.0,3427.0
2021-01-19,3420.0,3760.0,3420.0,3600.0,3690.0,3590.0,271783870.0,978443959730.0,11195.0
2021-01-20,3700.0,3780.0,3610.0,3770.0,3780.0,3600.0,73227528.0,276011654900.0,2878.0
2021-01-23,3950.0,3950.0,3950.0,3950.0,3950.0,3770.0,55488344.0,219178958800.0,1694.0
2021-01-24,4140.0,4140.0,3860.0,4080.0,3990.0,3950.0,469774226.0,1916909612300.0,18006.0
2021-01-25,4030.0,4270.0,3900.0,4150.0,4210.0,4080.0,299187183.0,1241173213290.0,13100.0
2021-01-26,4230.0,4250.0,3950.0,4050.0,3950.0,4150.0,163742492.0,662473813510.0,7700.0
2021-01-27,4040.0,4150.0,3860.0,4030.0,4090.0,4050.0,192830905.0,777674486900.0,7774.0
2021-01-30,4140.0,4230.0,4050.0,4220.0,4230.0,4030.0,148588018.0,627217255150.0,5504.0
2021-01-31,4430.0,4430.0,4100.0,4260.0,4200.0,4220.0,251615759.0,1071459132590.0,10935.0
2021-02-01,4100.0,4320.0,4050.0,4140.0,4050.0,4260.0,209188762.0,866426241340.0,7543.0
2021-02-02,3970.0,4080.0,3940.0,3960.0,3950.0,4140.0,184067236.0,728838198490.0,7810.0
2021-02-03,3850.0,4020.0,3770.0,3790.0,3770.0,3960.0,123083194.0,466850755920.0,5505.0
2021-02-06,3770.0,3780.0,3610.0,3620.0,3610.0,3790.0,173151285.0,627017820110.0,5332.0
2021-02-07,3700.0,3800.0,3680.0,3790.0,3800.0,3620.0,107440798.0,406886672840.0,3110.0
2021-02-08,3970.0,3970.0,3810.0,3950.0,3970.0,3790.0,352746692.0,1393581670810.0,10929.0
2021-02-09,4020.0,4130.0,3910.0,4060.0,4080.0,3950.0,149925108.0,608245834040.0,8007.0
2021-02-13,4250.0,4300.0,4140.0,4260.0,4300.0,4060.0,257866781.0,1099204148520.0,10520.0
2021-02-14,4310.0,4340.0,4180.0,4200.0,4180.0,4260.0,170171912.0,714624712920.0,6646.0
2021-02-15,4120.0,4120.0,4120.0,4150.0,4120.0,4200.0,18230910.0,75111349200.0,549.0
2021-02-16,4070.0,4070.0,4070.0,4070.0,4070.0,4150.0,152117976.0,619120162320.0,2718.0
2021-02-17,3990.0,4190.0,3990.0,4000.0,3990.0,4070.0,144485007.0,577765291710.0,4548.0
2021-02-20,3920.0,3970.0,3920.0,3920.0,3920.0,4000.0,31078809.0,121854049660.0,1250.0
2021-02-21,3850.0,3850.0,3850.0,3910.0,3850.0,3920.0,4627740.0,17816799000.0,421.0
2021-02-22,3840.0,3840.0,3840.0,3880.0,3840.0,3910.0,13063154.0,50162511360.0,363.0
2021-02-23,3810.0,3900.0,3810.0,3830.0,3820.0,3880.0,233994204.0,895735009990.0,7629.0
2021-02-24,3830.0,3880.0,3760.0,3780.0,3760.0,3830.0,125042429.0,473044139820.0,5596.0
2021-02-27,3710.0,3750.0,3710.0,3710.0,3710.0,3780.0,205305397.0,761763593670.0,5538.0
2021-02-28,3640.0,3680.0,3640.0,3640.0,3640.0,3710.0,66669342.0,242692053740.0,2096.0
2021-03-01,3570.0,3700.0,3570.0,3590.0,3620.0,3640.0,323880521.0,1163965561820.0,11141.0
2021-03-02,3620.0,3760.0,3580.0,3640.0,3680.0,3590.0,153862555.0,560500900110.0,7075.0
2021-03-03,3660.0,3690.0,3570.0,3590.0,3570.0,3640.0,108560146.0,389588139380.0,4961.0
2021-03-06,3540.0,3570.0,3520.0,3520.0,3520.0,3590.0,150134618.0,528709422470.0,4263.0
2021-03-07,3460.0,3600.0,3460.0,3520.0,3530.0,3520.0,144399173.0,509005907750.0,6599.0
2021-03-08,3580.0,3730.0,3560.0,3690.0,3730.0,3520.0,261601114.0,966453357260.0,9837.0
2021-03-09,3760.0,3860.0,3660.0,3740.0,3670.0,3690.0,145437118.0,543547321450.0,7171.0
2021-03-10,3730.0,3860.0,3670.0,3770.0,3770.0,3740.0,177740508.0,669534424090.0,7516.0
2021-03-13,3780.0,3990.0,3730.0,3940.0,3990.0,3770.0,281339188.0,1109265071600.0,9356.0
2021-03-14,4080.0,4150.0,3990.0,4070.0,4020.0,3940.0,270006098.0,1098368708760.0,11100.0
2021-03-15,4020.0,4280.0,3990.0,4170.0,4240.0,4070.0,362136753.0,1511246651520.0,11046.0
2021-03-16,4090.0,4380.0,4090.0,4210.0,4320.0,4170.0,499852655.0,2104942576090.0,13563.0
2021-03-17,4320.0,4380.0,4230.0,4310.0,4330.0,4210.0,160731993.0,692992085700.0,7213.0
2021-03-27,4390.0,4430.0,4230.0,4340.0,4310.0,4310.0,113171128.0,490709501590.0,5943.0
2021-03-30,4340.0,4400.0,4260.0,4290.0,4260.0,4340.0,52228275.0,223835149490.0,2349.0
2021-03-31,4210.0,4290.0,4210.0,4220.0,4210.0,4290.0,29948738.0,126292396330.0,1532.0
2021-04-03,4140.0,4140.0,4140.0,4200.0,4140.0,4220.0,6235839.0,25816373460.0,337.0
2021-04-04,4120.0,4120.0,4120.0,4120.0,4120.0,4200.0,27556449.0,113532569880.0,325.0
2021-04-05,4040.0,4100.0,4040.0,4040.0,4080.0,4120.0,289624708.0,1171016476030.0,8166.0
2021-04-06,4070.0,4120.0,3960.0,4010.0,4000.0,4040.0,132650897.0,532317822460.0,5536.0
2021-04-07,4020.0,4020.0,3930.0,3940.0,3930.0,4010.0,78991496.0,310848307200.0,2924.0
2021-04-10,3870.0,3910.0,3870.0,3890.0,3870.0,3940.0,21642958.0,83758890940.0,748.0
2021-04-11,3820.0,3930.0,3820.0,3870.0,3930.0,3890.0,310354779.0,1201988996880.0,8829.0
2021-04-12,3970.0,4000.0,3890.0,3940.0,3930.0,3870.0,105498278.0,415564118960.0,6085.0
2021-04-13,4070.0,4090.0,3990.0,4030.0,4080.0,3940.0,100865929.0,406805492890.0,5429.0
2021-04-14,4030.0,4140.0,3970.0,4040.0,4040.0,4030.0,167273005.0,676036797180.0,6265.0
2021-04-17,3960.0,4060.0,3960.0,3980.0,4060.0,4040.0,171453364.0,681861473720.0,4993.0
2021-04-18,3960.0,4020.0,3910.0,3940.0,3910.0,3980.0,94485425.0,371937017990.0,3992.0
2021-04-19,3870.0,4040.0,3870.0,3970.0,4030.0,3940.0,244329902.0,969420383020.0,7463.0
2021-04-20,4040.0,4200.0,4040.0,4180.0,4190.0,3970.0,528713038.0,2211245804840.0,13422.0
2021-04-21,4200.0,4250.0,4120.0,4190.0,4190.0,4180.0,300314925.0,1258923232140.0,10032.0
2021-04-24,4150.0,4240.0,4080.0,4160.0,4180.0,4190.0,142633273.0,592718520270.0,5420.0
2021-04-25,4170.0,4200.0,4050.0,4110.0,4090.0,4160.0,135183632.0,555220973130.0,4384.0
2021-04-26,4050.0,4220.0,4050.0,4150.0,4200.0,4110.0,120401953.0,499914173970.0,5048.0
2021-04-27,4210.0,4310.0,4180.0,4250.0,4290.0,4150.0,189399476.0,805642623200.0,6001.0
2021-04-28,4360.0,4500.0,4330.0,4490.0,4500.0,4250.0,539813093.0,2422315869670.0,15192.0
2021-05-01,4600.0,4640.0,4400.0,4500.0,4470.0,4490.0,282682294.0,1272892280650.0,10773.0
2021-05-02,4600.0,4740.0,4470.0,4610.0,4535.0,4500.0,491265655.0,2264635342054.0,17752.0
2021-05-03,4610.0,4701.0,4551.0,4644.0,4640.0,4610.0,236236690.0,1097161859179.0,12044.0
2021-05-05,4660.0,4922.0,4660.0,4853.0,4922.0,4644.0,394398136.0,1913838153432.0,16236.0
2021-05-24,3870.0,3900.0,3800.0,3860.0,3850.0,4853.0,295107467.0,1138970064664.0,5887.0
2021-05-25,3785.0,3950.0,3740.0,3835.0,3870.0,3860.0,489590257.0,1877642399416.0,17637.0
2021-05-26,3860.0,3959.0,3820.0,3874.0,3847.0,3835.0,157410257.0,609760750592.0,8954.0
2021-05-29,3884.0,4057.0,3817.0,3988.0,4033.0,3874.0,288881925.0,1152129407017.0,13663.0
2021-05-30,4070.0,4148.0,3850.0,3990.0,3910.0,3988.0,288221418.0,1150045802804.0,12686.0
2021-05-31,3899.0,3980.0,3791.0,3825.0,3791.0,3990.0,190820450.0,729834017879.0,6583.0
2021-06-01,3750.0,3837.0,3634.0,3678.0,3634.0,3825.0,242715802.0,892781450845.0,9545.0
2021-06-02,3620.0,3742.0,3594.0,3689.0,3715.0,3678.0,180112487.0,664493275012.0,8434.0
2021-06-07,3752.0,3785.0,3670.0,3734.0,3754.0,3689.0,146832780.0,548274515951.0,7313.0
2021-06-08,3779.0,3920.0,3755.0,3904.0,3884.0,3734.0,464211502.0,1812068680170.0,11112.0
2021-06-09,3890.0,3930.0,3790.0,3865.0,3930.0,3904.0,195635103.0,756118157904.0,7200.0
2021-06-12,3899.0,3899.0,3730.0,3781.0,3760.0,3865.0,109650126.0,414570217680.0,5026.0
2021-06-13,3801.0,3859.0,3752.0,3799.0,3799.0,3781.0,105658614.0,401362634419.0,5588.0
2021-06-14,3840.0,3904.0,3791.0,3838.0,3861.0,3799.0,178423762.0,684718635031.0,6617.0
2021-06-15,3870.0,3900.0,3750.0,3815.0,3800.0,3838.0,126765494.0,483623614718.0,5377.0
2021-06-16,3770.0,3854.0,3720.0,3781.0,3800.0,3815.0,128877581.0,487288679868.0,5889.0
2021-06-19,3860.0,3960.0,3821.0,3895.0,3900.0,3781.0,225357390.0,877783787440.0,8254.0
2021-06-20,3930.0,3940.0,3767.0,3837.0,3850.0,3895.0,192512294.0,738725857342.0,6744.0
2021-06-21,3900.0,3948.0,3840.0,3904.0,3900.0,3837.0,271906988.0,1061542149925.0,6533.0
2021-06-22,3935.0,4099.0,3910.0,4077.0,4099.0,3904.0,482376637.0,1966537266446.0,8662.0
2021-06-23,4160.0,4230.0,4100.0,4167.0,4140.0,4077.0,319123893.0,1329698013629.0,11000.0
2021-06-26,4160.0,4280.0,4097.0,4182.0,4099.0,4167.0,271888428.0,1137154752228.0,10946.0
2021-06-27,4080.0,4262.0,4080.0,4161.0,4185.0,4182.0,186479086.0,776021128267.0,8254.0
2021-06-28,4140.0,4353.0,4070.0,4277.0,4268.0,4161.0,368957925.0,1578209212350.0,12740.0
2021-06-29,4275.0,4340.0,4170.0,4242.0,4280.0,4277.0,176289431.0,747906788667.0,7052.0
2021-06-30,4234.0,4300.0,4209.0,4233.0,4235.0,4242.0,97139678.0,411146980021.0,4906.0
2021-07-03,4250.0,4250.0,4022.0,4069.0,4022.0,4233.0,217969670.0,887021722199.0,8405.0
2021-07-04,3930.0,4059.0,3930.0,3982.0,3950.0,4069.0,113568012.0,452283722711.0,5757.0
2021-07-05,3950.0,4055.0,3950.0,4003.0,4040.0,3982.0,117149749.0,468929212407.0,5354.0
2021-07-06,4050.0,4120.0,4010.0,4055.0,4044.0,4003.0,128318802.0,520386912347.0,5935.0
2021-07-07,4027.0,4079.0,3963.0,4013.0,4020.0,4055.0,139210596.0,558617386548.0,6366.0
2021-07-10,4010.0,4040.0,3900.0,3952.0,3921.0,4013.0,107242718.0,423842536256.0,5622.0
2021-07-11,3970.0,4023.0,3911.0,3975.0,3987.0,3952.0,142987335.0,568431396697.0,6585.0
2021-07-12,4021.0,4170.0,4004.0,4089.0,4060.0,3975.0,179043864.0,732113196317.0,7292.0
2021-07-13,4060.0,4101.0,4001.0,4059.0,4010.0,4089.0,180069979.0,730861969708.0,6629.0
2021-07-14,4050.0,4060.0,3990.0,4024.0,4040.0,4059.0,156771012.0,630825140121.0,6631.0
2021-07-17,4042.0,4100.0,3935.0,3991.0,3940.0,4024.0,298982630.0,1193245270561.0,10120.0
2021-07-18,4005.0,4005.0,3880.0,3922.0,3940.0,3991.0,244596004.0,959314312671.0,7906.0
2021-07-28,3740.0,3790.0,3698.0,3726.0,3750.0,3856.0,89051436.0,331820388429.0,3747.0
2021-07-31,3689.0,3825.0,3689.0,3742.0,3716.0,3726.0,209148915.0,782692371090.0,9565.0
2021-08-01,3742.0,3769.0,3646.0,3688.0,3671.0,3742.0,161992804.0,597384430063.0,8538.0
2021-08-02,3650.0,3749.0,3640.0,3683.0,3656.0,3688.0,133758225.0,492680025953.0,6432.0
2021-08-03,3651.0,3720.0,3631.0,3668.0,3647.0,3683.0,189851808.0,696360437892.0,7499.0
2021-08-04,3620.0,3789.0,3620.0,3715.0,3761.0,3668.0,287805346.0,1069282396217.0,8633.0
2021-08-07,3770.0,3900.0,3770.0,3894.0,3900.0,3715.0,518677418.0,2019741570785.0,14093.0
2021-08-08,3920.0,3929.0,3700.0,3848.0,3800.0,3894.0,197116093.0,758513804579.0,9662.0
2021-08-09,3800.0,3895.0,3762.0,3840.0,3865.0,3848.0,163659232.0,628470237683.0,7294.0
2021-08-10,3860.0,3950.0,3860.0,3898.0,3876.0,3840.0,165774296.0,646120281906.0,7487.0
2021-08-11,3900.0,4041.0,3900.0,3960.0,4022.0,3898.0,324656509.0,1285600680950.0,11198.0
2021-08-14,4050.0,4138.0,3975.0,4052.0,4055.0,3960.0,262635025.0,1064243459472.0,10811.0
2021-08-15,4020.0,4086.0,3970.0,4033.0,4026.0,4052.0,225160895.0,907963866425.0,9853.0
2021-08-22,4038.0,4210.0,4038.0,4141.0,4130.0,4033.0,322760229.0,1336615744033.0,12188.0
2021-08-23,4180.0,4234.0,4082.0,4161.0,4161.0,4141.0,208327495.0,866845342664.0,9254.0
2021-08-24,4180.0,4369.0,4126.0,4353.0,4369.0,4161.0,672666901.0,2928211094092.0,14879.0
2021-08-25,4450.0,4570.0,4328.0,4482.0,4489.0,4353.0,519656231.0,2329233775832.0,19111.0
2021-08-28,4563.0,4660.0,4500.0,4594.0,4617.0,4482.0,308573839.0,1417451441153.0,12606.0
2021-08-29,4650.0,4677.0,4365.0,4465.0,4365.0,4594.0,317792768.0,1418871645173.0,16034.0
2021-08-30,4242.0,4300.0,4242.0,4247.0,4242.0,4465.0,206539289.0,877116296180.0,5663.0
2021-08-31,4035.0,4199.0,4035.0,4059.0,4049.0,4247.0,414177443.0,1681235621927.0,13268.0
2021-09-01,4059.0,4185.0,3962.0,4085.0,4126.0,4059.0,155428638.0,634867566776.0,7419.0
2021-09-04,4141.0,4260.0,4100.0,4167.0,4140.0,4085.0,154600791.0,644168638753.0,8074.0
2021-09-05,4121.0,4179.0,4051.0,4109.0,4099.0,4167.0,165373555.0,679498324090.0,8188.0
2021-09-06,4100.0,4159.0,3962.0,4060.0,3992.0,4109.0,192959153.0,783361996541.0,10744.0
2021-09-07,4000.0,4030.0,3901.0,3964.0,3920.0,4060.0,161070678.0,638433725700.0,8550.0
2021-09-08,3968.0,4020.0,3911.0,3953.0,3984.0,3964.0,168587386.0,666372565333.0,10238.0
2021-09-11,4020.0,4045.0,3900.0,3952.0,3915.0,3953.0,126722243.0,500772987654.0,6116.0
2021-09-12,3925.0,3960.0,3765.0,3806.0,3819.0,3952.0,174667991.0,664775941869.0,8313.0
2021-09-13,3840.0,3850.0,3710.0,3803.0,3820.0,3806.0,152350443.0,579423476532.0,8335.0
2021-09-14,3860.0,3993.0,3851.0,3955.0,3993.0,3803.0,273530714.0,1081844627245.0,10519.0
2021-09-15,4035.0,4063.0,3930.0,3991.0,3940.0,3955.0,152573811.0,608913832807.0,10504.0
2021-09-18,3999.0,4029.0,3803.0,3854.0,3820.0,3991.0,143614234.0,553420808414.0,7012.0
2021-09-19,3802.0,3900.0,3730.0,3785.0,3785.0,3854.0,123587720.0,467795765919.0,6048.0
2021-09-20,3800.0,3870.0,3753.0,3803.0,3785.0,3785.0,130854079.0,497684963855.0,5003.0
2021-09-21,3800.0,3805.0,3618.0,3663.0,3658.0,3803.0,154000619.0,564133460101.0,7166.0
2021-09-22,3658.0,3750.0,3520.0,3662.0,3750.0,3663.0,138430800.0,506888187405.0,7083.0
2021-09-25,3750.0,3830.0,3740.0,3793.0,3800.0,3662.0,133369254.0,505905256776.0,6020.0
2021-09-26,3762.0,3890.0,3700.0,3734.0,3740.0,3793.0,97796334.0,365184785164.0,4961.0
2021-09-28,3734.0,3750.0,3638.0,3684.0,3678.0,3734.0,101534420.0,374046593448.0,5582.0
2021-09-29,3670.0,3719.0,3646.0,3679.0,3709.0,3684.0,136483939.0,502128441049.0,5628.0
2021-10-02,3749.0,3862.0,3720.0,3773.0,3734.0,3679.0,148474016.0,560177700806.0,6765.0
2021-10-03,3754.0,3845.0,3662.0,3737.0,3800.0,3773.0,192864379.0,720829746505.0,7721.0
2021-10-04,3800.0,3860.0,3749.0,3794.0,3769.0,3737.0,121479866.0,460943191714.0,5388.0
2021-10-06,3799.0,3820.0,3729.0,3760.0,3760.0,3794.0,88679821.0,333409385942.0,5568.0
2021-10-09,3799.0,3800.0,3631.0,3667.0,3640.0,3760.0,117518275.0,430901103837.0,5858.0
2021-10-10,3630.0,3682.0,3600.0,3645.0,3680.0,3667.0,96981538.0,353486492360.0,4936.0
2021-10-11,3680.0,3709.0,3563.0,3639.0,3596.0,3645.0,86833652.0,316016010858.0,4701.0
2021-10-12,3630.0,3630.0,3476.0,3503.0,3500.0,3639.0,125652120.0,440127127150.0,6569.0
2021-10-13,3495.0,3540.0,3378.0,3432.0,3479.0,3503.0,120093400.0,412208462841.0,5392.0
2021-10-16,3500.0,3603.0,3469.0,3583.0,3603.0,3432.0,155198538.0,556033323373.0,7699.0
2021-10-17,3659.0,3659.0,3435.0,3509.0,3466.0,3583.0,128682261.0,451538908430.0,5189.0
2021-10-18,3450.0,3564.0,3390.0,3483.0,3550.0,3509.0,168834245.0,588039353455.0,6151.0
2021-10-19,3559.0,3599.0,3514.0,3561.0,3527.0,3483.0,58387816.0,207928495184.0,3879.0
2021-10-20,3540.0,3570.0,3460.0,3503.0,3485.0,3561.0,65625183.0,229886346264.0,3259.0
2021-10-23,3328.0,3328.0,3328.0,3328.0,3328.0,3503.0,72514990.0,241329886720.0,1443.0
2021-11-10,3520.0,3598.0,3494.0,3530.0,3530.0,3328.0,657908656.0,2322211361784.0,14089.0
2021-11-13,3400.0,3440.0,3354.0,3360.0,3354.0,3530.0,363676984.0,1221908495238.0,12139.0
2021-11-14,3320.0,3450.0,3269.0,3334.0,3286.0,3360.0,184425379.0,614827540436.0,9111.0
2021-11-15,3286.0,3340.0,3168.0,3181.0,3168.0,3334.0,295970383.0,941371568537.0,9545.0
2021-11-16,3099.0,3222.0,3080.0,3138.0,3112.0,3181.0,155350180.0,487458077611.0,7467.0
2021-11-17,3171.0,3228.0,3115.0,3172.0,3139.0,3138.0,113449719.0,359871353003.0,6201.0
2021-11-20,3170.0,3170.0,3014.0,3048.0,3018.0,3172.0,165855329.0,505573523395.0,8365.0
2021-11-21,3048.0,3105.0,3000.0,3053.0,3077.0,3048.0,184557689.0,563417644236.0,7089.0
2021-11-22,3136.0,3205.0,3136.0,3200.0,3205.0,3053.0,434869595.0,1391498873668.0,7944.0
2021-11-23,3200.0,3218.0,3106.0,3153.0,3114.0,3200.0,137998861.0,435171961112.0,7109.0
2021-11-24,3130.0,3150.0,3005.0,3047.0,3044.0,3153.0,153012245.0,466301436184.0,7000.0
2021-11-27,3038.0,3038.0,2895.0,2914.0,2895.0,3047.0,143681617.0,418644347485.0,6531.0
2021-11-28,2850.0,2970.0,2832.0,2902.0,2878.0,2914.0,162855673.0,472540580454.0,6353.0
2021-11-29,2880.0,2934.0,2835.0,2863.0,2860.0,2902.0,85383236.0,244458223996.0,4792.0
2021-11-30,2890.0,3006.0,2866.0,2995.0,3006.0,2863.0,309661866.0,927286290065.0,10360.0
2021-12-01,3040.0,3060.0,2901.0,2960.0,2953.0,2995.0,135775207.0,401961908671.0,6186.0
2021-12-04,2999.0,3006.0,2812.0,2845.0,2849.0,2960.0,171602609.0,488206166052.0,6523.0
2021-12-05,2820.0,2880.0,2803.0,2843.0,2876.0,2845.0,91129905.0,259067698951.0,3935.0
2021-12-06,2845.0,2935.0,2845.0,2891.0,2880.0,2843.0,51972958.0,150251184226.0,3340.0
2021-12-07,2820.0,2880.0,2820.0,2855.0,2872.0,2891.0,61259494.0,174915798743.0,2591.0
2021-12-08,2841.0,2969.0,2841.0,2918.0,2930.0,2855.0,56553299.0,165001842482.0,3146.0
2021-12-11,2932.0,2970.0,2857.0,2908.0,2900.0,2918.0,51994361.0,151223241271.0,2598.0
2021-12-12,2900.0,2900.0,2810.0,2831.0,2865.0,2908.0,45261294.0,128142809221.0,2248.0
2021-12-13,2831.0,2876.0,2690.0,2734.0,2700.0,2831.0,114488311.0,312969587628.0,4462.0
2021-12-14,2693.0,2779.0,2648.0,2711.0,2728.0,2734.0,90092730.0,244201009083.0,2986.0
2021-12-15,2715.0,2770.0,2655.0,2699.0,2698.0,2711.0,51371112.0,138654378829.0,2316.0
2021-12-18,2739.0,2830.0,2724.0,2766.0,2755.0,2699.0,62170274.0,171939511693.0,2791.0
2021-12-19,2780.0,2780.0,2665.0,2688.0,2690.0,2766.0,67148816.0,180482197400.0,2571.0
2021-12-20,2822.0,2822.0,2822.0,2822.0,2822.0,2688.0,49297731.0,139118196882.0,1522.0
2021-12-21,2963.0,2963.0,2901.0,2955.0,2963.0,2822.0,146052177.0,431558497736.0,3761.0
2021-12-22,3038.0,3102.0,3011.0,3085.0,3102.0,2955.0,78717606.0,242868020679.0,2713.0
2021-12-25,3200.0,3200.0,3090.0,3137.0,3103.0,3085.0,202807685.0,636190229940.0,6726.0
2021-12-26,3110.0,3151.0,3015.0,3080.0,3149.0,3137.0,156887859.0,483253680660.0,5707.0
2021-12-27,3180.0,3190.0,3066.0,3114.0,3082.0,3080.0,77244170.0,240520905677.0,3735.0
2021-12-28,3138.0,3162.0,3050.0,3113.0,3137.0,3114.0,74734172.0,232675752505.0,2998.0
2021-12-29,3137.0,3268.0,3110.0,3238.0,3184.0,3113.0,269846258.0,873704901658.0,8397.0
2022-01-01,3171.0,3230.0,3126.0,3157.0,3148.0,3238.0,80256897.0,253364951140.0,3887.0
2022-01-02,3168.0,3199.0,3114.0,3147.0,3158.0,3157.0,61568408.0,193761063779.0,2795.0
2022-01-03,3180.0,3197.0,3104.0,3134.0,3120.0,3147.0,58627154.0,183743273092.0,2293.0
2022-01-04,3150.0,3150.0,3035.0,3058.0,3080.0,3134.0,78365108.0,239664468822.0,4778.0
2022-01-05,3080.0,3100.0,3030.0,3066.0,3079.0,3058.0,46943513.0,143910108153.0,2152.0
2022-01-08,3100.0,3219.0,3091.0,3185.0,3160.0,3066.0,160283852.0,510531367250.0,5613.0
2022-01-09,3189.0,3220.0,3087.0,3138.0,3150.0,3185.0,74772905.0,234602691993.0,3246.0
2022-01-10,3148.0,3280.0,3090.0,3214.0,3230.0,3138.0,157634712.0,506632062463.0,4798.0
2022-01-11,3216.0,3348.0,3216.0,3279.0,3309.0,3214.0,140336592.0,460130161335.0,4639.0
2022-01-12,3300.0,3338.0,3241.0,3294.0,3260.0,3279.0,115558744.0,380595629444.0,3528.0
2022-01-15,3254.0,3300.0,3130.0,3180.0,3138.0,3294.0,79359831.0,252359915600.0,3504.0
2022-01-16,3174.0,3174.0,3080.0,3119.0,3160.0,3180.0,58590137.0,182736750827.0,2393.0
2022-01-17,3150.0,3193.0,2964.0,3011.0,3000.0,3119.0,212942325.0,641212178374.0,5235.0
2022-01-18,2890.0,2957.0,2861.0,2867.0,2890.0,3011.0,197048508.0,564970840700.0,3944.0
2022-01-19,2850.0,2901.0,2760.0,2853.0,2869.0,2867.0,104597038.0,298430844085.0,3072.0
2022-01-22,2869.0,2930.0,2811.0,2853.0,2854.0,2853.0,54197693.0,154599248840.0,2533.0
2022-01-23,2855.0,2855.0,2714.0,2755.0,2747.0,2853.0,73027105.0,201164481132.0,2853.0
2022-01-24,2768.0,2818.0,2700.0,2757.0,2768.0,2755.0,90545337.0,249640611161.0,2865.0
2022-01-25,2802.0,2805.0,2677.0,2742.0,2759.0,2757.0,217652794.0,596871892359.0,5011.0
2022-01-31,2879.0,2879.0,2879.0,2879.0,2879.0,2742.0,79231248.0,228106762992.0,613.0
2022-02-01,3022.0,3022.0,3022.0,3022.0,3022.0,2879.0,201892795.0,610120026490.0,2072.0
2022-02-02,3026.0,3168.0,3023.0,3086.0,3092.0,3022.0,379133146.0,1169980843765.0,10286.0
2022-02-05,3140.0,3239.0,3140.0,3191.0,3169.0,3086.0,183874604.0,586692751767.0,6178.0
2022-02-06,3100.0,3180.0,3032.0,3075.0,3050.0,3191.0,261572440.0,804281606576.0,6280.0
2022-02-07,3001.0,3102.0,2993.0,3060.0,3080.0,3075.0,118621464.0,362939449393.0,4115.0
2022-02-08,3150.0,3213.0,3121.0,3212.0,3213.0,3060.0,380153216.0,1221137193865.0,5204.0
2022-02-09,3250.0,3295.0,3185.0,3236.0,3215.0,3212.0,232069087.0,750880562232.0,7694.0
2022-02-12,3180.0,3210.0,3110.0,3154.0,3143.0,3236.0,152134014.0,479837729798.0,4903.0
2022-02-13,3090.0,3129.0,3065.0,3084.0,3095.0,3154.0,96935672.0,298961157188.0,2917.0
2022-02-14,3100.0,3128.0,3083.0,3100.0,3119.0,3084.0,53688333.0,166408164779.0,2473.0
2022-02-16,3103.0,3120.0,3066.0,3081.0,3100.0,3100.0,35298025.0,108736205373.0,2038.0
2022-02-19,3199.0,3235.0,3160.0,3228.0,3235.0,3081.0,333927128.0,1077769732185.0,8546.0
2022-02-20,3321.0,3389.0,3251.0,3356.0,3389.0,3228.0,425569456.0,1428131435605.0,11378.0
2022-02-21,3405.0,3523.0,3405.0,3511.0,3523.0,3356.0,478313687.0,1679581870976.0,12048.0
2022-02-22,3560.0,3579.0,3410.0,3480.0,3472.0,3511.0,204118209.0,710411855288.0,8407.0
2022-02-23,3484.0,3636.0,3450.0,3539.0,3554.0,3480.0,205904974.0,728624800758.0,7824.0
2022-02-26,3432.0,3480.0,3363.0,3395.0,3363.0,3539.0,247040224.0,838584464072.0,6662.0
2022-02-27,3368.0,3460.0,3306.0,3405.0,3400.0,3395.0,103467848.0,352284705017.0,4350.0
2022-02-28,3430.0,3465.0,3380.0,3410.0,3410.0,3405.0,97926189.0,333927068707.0,3824.0
2022-03-02,3430.0,3430.0,3304.0,3335.0,3337.0,3410.0,120988227.0,403461571708.0,5273.0
2022-03-05,3490.0,3501.0,3457.0,3500.0,3501.0,3335.0,314692892.0,1101493103593.0,4287.0
2022-03-06,3571.0,3675.0,3502.0,3646.0,3675.0,3500.0,430502777.0,1569764978038.0,10516.0
2022-03-07,3684.0,3730.0,3564.0,3612.0,3580.0,3646.0,262538219.0,948243251425.0,9047.0
2022-03-08,3550.0,3550.0,3446.0,3481.0,3485.0,3612.0,162149371.0,564518299796.0,5859.0
2022-03-09,3490.0,3650.0,3490.0,3588.0,3638.0,3481.0,143187949.0,513786878573.0,5783.0
2022-03-12,3409.0,3450.0,3409.0,3410.0,3414.0,3588.0,559478400.0,1907809032211.0,8878.0
2022-03-13,3330.0,3495.0,3330.0,3425.0,3413.0,3410.0,92769086.0,317742869596.0,3846.0
2022-03-14,3469.0,3485.0,3422.0,3432.0,3432.0,3425.0,93548083.0,321070847504.0,2908.0
2022-03-15,3457.0,3590.0,3410.0,3527.0,3513.0,3432.0,100997539.0,356266808201.0,3876.0
2022-03-19,3703.0,3703.0,3703.0,3703.0,3703.0,3527.0,138470338.0,512755661614.0,1414.0
2022-03-26,3860.0,3870.0,3720.0,3804.0,3745.0,3703.0,220220657.0,837802801344.0,7724.0
2022-03-27,3756.0,3900.0,3729.0,3832.0,3819.0,3804.0,174500560.0,668700540422.0,7780.0
2022-03-28,3838.0,4023.0,3761.0,4001.0,4023.0,3832.0,595579878.0,2383089287347.0,10237.0
2022-03-29,4060.0,4147.0,3872.0,3972.0,3890.0,4001.0,258439194.0,1026519397890.0,10373.0
2022-03-30,3860.0,4080.0,3860.0,4007.0,4065.0,3972.0,173286333.0,694386404972.0,6257.0
2022-04-03,4060.0,4060.0,3951.0,4010.0,3997.0,4007.0,333620369.0,1337956168787.0,11584.0
2022-04-04,4003.0,4207.0,3963.0,4077.0,4010.0,4010.0,432509739.0,1763210608140.0,13981.0
2022-04-05,4000.0,4073.0,3960.0,4013.0,4000.0,4077.0,222296334.0,892122366090.0,8498.0
2022-04-06,4002.0,4075.0,3813.0,3927.0,3858.0,4013.0,273505984.0,1073921354493.0,11500.0
2022-04-09,3755.0,3902.0,3740.0,3807.0,3800.0,3927.0,220993925.0,841430017335.0,8047.0
2022-04-10,3870.0,3997.0,3811.0,3963.0,3915.0,3807.0,340020103.0,1347436600206.0,9838.0
2022-04-11,3960.0,3970.0,3874.0,3911.0,3884.0,3963.0,197824392.0,773776411980.0,7356.0
2022-04-12,3888.0,3888.0,3716.0,3731.0,3716.0,3911.0,148039286.0,552380598632.0,4528.0
2022-04-13,3611.0,3798.0,3611.0,3721.0,3764.0,3731.0,102479849.0,381320724268.0,5098.0
2022-04-16,3721.0,3798.0,3674.0,3723.0,3697.0,3721.0,91838886.0,341911113645.0,5307.0
2022-04-17,3700.0,3708.0,3611.0,3655.0,3678.0,3723.0,146760344.0,536363276099.0,6636.0
2022-04-18,3739.0,3789.0,3650.0,3715.0,3654.0,3655.0,179811420.0,668063810667.0,7201.0
2022-04-19,3689.0,3874.0,3630.0,3771.0,3759.0,3715.0,154645323.0,583197855199.0,6677.0
2022-04-20,3799.0,3849.0,3700.0,3771.0,3769.0,3771.0,108494185.0,409104246961.0,5393.0
2022-04-24,3800.0,3820.0,3648.0,3699.0,3674.0,3771.0,102399783.0,378823852047.0,5444.0
2022-04-25,3699.0,3699.0,3611.0,3643.0,3664.0,3699.0,135623568.0,494076720286.0,5900.0
2022-04-26,3669.0,3740.0,3661.0,3699.0,3700.0,3643.0,158783463.0,587274196872.0,5550.0
2022-04-27,3729.0,3729.0,3614.0,3660.0,3666.0,3699.0,158060313.0,578456946179.0,6332.0
2022-04-30,3689.0,3689.0,3603.0,3636.0,3623.0,3660.0,185190560.0,673438213148.0,7040.0
2022-05-01,3660.0,3790.0,3660.0,3714.0,3700.0,3636.0,241961222.0,898629321418.0,8918.0
2022-05-02,3740.0,3740.0,3670.0,3689.0,3686.0,3714.0,138281589.0,510066799609.0,5732.0
2022-05-07,3700.0,3779.0,3617.0,3712.0,3690.0,3689.0,448969118.0,1666351045558.0,10408.0
2022-05-08,3852.0,3860.0,3802.0,3832.0,3818.0,3712.0,238717399.0,914743481759.0,8096.0
2022-05-09,3833.0,3833.0,3660.0,3739.0,3690.0,3832.0,152466545.0,570043549822.0,5794.0
2022-05-10,3729.0,3777.0,3689.0,3715.0,3719.0,3739.0,136349737.0,506494903618.0,4739.0
2022-05-11,3717.0,3855.0,3717.0,3772.0,3752.0,3715.0,151957598.0,573182196590.0,5935.0
2022-05-14,3818.0,3818.0,3697.0,3781.0,3797.0,3772.0,280555649.0,1060827244667.0,7927.0
2022-05-15,3782.0,3818.0,3650.0,3738.0,3800.0,3781.0,170343488.0,636715367121.0,5986.0
2022-05-16,3750.0,3821.0,3746.0,3776.0,3777.0,3738.0,185350116.0,699861619649.0,7629.0
2022-05-17,3800.0,3899.0,3775.0,3822.0,3790.0,3776.0,252719790.0,965906745956.0,8020.0
2022-05-18,3792.0,3829.0,3770.0,3807.0,3820.0,3822.0,130163803.0,495492561880.0,4949.0
2022-05-21,3800.0,4030.0,3791.0,3945.0,3922.0,3807.0,334130167.0,1318073714038.0,11077.0
2022-05-22,3961.0,3982.0,3902.0,3956.0,3960.0,3945.0,179240247.0,709109178796.0,5523.0
2022-05-23,3960.0,3998.0,3782.0,3862.0,3820.0,3956.0,223323400.0,862393143782.0,6343.0
2022-05-24,3889.0,3900.0,3810.0,3861.0,3890.0,3862.0,140558626.0,542694398003.0,4592.0
2022-05-25,3890.0,3955.0,3810.0,3883.0,3950.0,3861.0,205057097.0,796239173591.0,5718.0
2022-05-28,3900.0,3900.0,3780.0,3847.0,3820.0,3883.0,240397399.0,924737047750.0,6979.0
2022-05-29,3741.0,3810.0,3656.0,3733.0,3790.0,3847.0,143803444.0,536850917079.0,4300.0
2022-05-30,3810.0,3810.0,3724.0,3752.0,3750.0,3733.0,195498232.0,733558831291.0,3932.0
2022-05-31,3760.0,3775.0,3730.0,3741.0,3730.0,3752.0,129901678.0,485995329030.0,3350.0
2022-06-01,3736.0,3910.0,3641.0,3807.0,3792.0,3741.0,264544341.0,1007226832026.0,6921.0
2022-06-06,3802.0,3850.0,3649.0,3715.0,3710.0,3807.0,287688656.0,1068750891288.0,5937.0
2022-06-07,3650.0,3718.0,3650.0,3696.0,3697.0,3715.0,124924773.0,461737174280.0,3312.0
2022-06-08,3696.0,3761.0,3683.0,3708.0,3760.0,3696.0,150898710.0,559554486365.0,3446.0
2022-06-11,3748.0,3749.0,3639.0,3681.0,3653.0,3708.0,93648554.0,344728824084.0,3078.0
2022-06-12,3685.0,3724.0,3621.0,3675.0,3683.0,3681.0,101446723.0,372865469893.0,3921.0
2022-06-13,3704.0,3781.0,3685.0,3751.0,3780.0,3675.0,231188678.0,867140330066.0,5989.0
2022-06-14,3720.0,3819.0,3701.0,3786.0,3808.0,3751.0,214160464.0,810746725130.0,4904.0
2022-06-15,3810.0,3901.0,3712.0,3833.0,3900.0,3786.0,310398684.0,1189828908561.0,6207.0
2022-06-18,3852.0,4030.0,3849.0,3956.0,4010.0,3833.0,735317188.0,2908873640759.0,12536.0
2022-06-19,4010.0,4081.0,3932.0,4042.0,4000.0,3956.0,925485676.0,3740633613346.0,17138.0
2022-06-26,3000.0,3000.0,2855.0,2959.0,2902.0,3115.0,57011462.0,168684606354.0,2354.0
2022-06-27,2930.0,2994.0,2875.0,2958.0,2976.0,2959.0,207715350.0,614384424761.0,5484.0
2022-06-28,3040.0,3060.0,3000.0,3015.0,3004.0,2958.0,138955762.0,418986185534.0,4752.0
2022-06-29,3015.0,3037.0,2965.0,3008.0,3006.0,3015.0,177546509.0,534079339850.0,4034.0
2022-07-02,2945.0,2976.0,2836.0,2896.0,2850.0,3008.0,119688246.0,346663409442.0,4408.0
2022-07-03,2821.0,2890.0,2810.0,2857.0,2857.0,2896.0,123133575.0,351836418247.0,3218.0
2022-07-04,2890.0,2891.0,2848.0,2856.0,2860.0,2857.0,95050665.0,271497015511.0,2479.0
2022-07-05,2856.0,2870.0,2795.0,2828.0,2795.0,2856.0,92950853.0,262853899851.0,2707.0
2022-07-06,2795.0,2818.0,2699.0,2762.0,2755.0,2828.0,100491458.0,277539508525.0,3117.0
2022-07-09,2788.0,2788.0,2671.0,2722.0,2709.0,2762.0,115959428.0,315655388936.0,3223.0
2022-07-11,2690.0,2700.0,2580.0,2631.0,2632.0,2722.0,92937034.0,244538847526.0,3500.0
2022-07-12,2628.0,2638.0,2520.0,2593.0,2590.0,2631.0,110471414.0,286479350500.0,2994.0
2022-07-13,2620.0,2654.0,2589.0,2624.0,2600.0,2593.0,70951906.0,186184643992.0,2139.0
2022-07-16,2600.0,2625.0,2510.0,2565.0,2590.0,2624.0,98862740.0,253611562615.0,3124.0
2022-07-17,2570.0,2570.0,2485.0,2530.0,2522.0,2565.0,61873089.0,156522662126.0,2262.0
2022-07-19,2550.0,2564.0,2524.0,2541.0,2550.0,2530.0,30371806.0,77338457279.0,1029.0
2022-07-20,2567.0,2600.0,2534.0,2557.0,2565.0,2541.0,48686239.0,124481393826.0,1550.0
2022-07-23,2710.0,2710.0,2710.0,2710.0,2710.0,2557.0,223459802.0,605576063420.0,2226.0
2022-07-24,2766.0,2810.0,2720.0,2762.0,2733.0,2710.0,195844402.0,540943538025.0,5892.0
2022-07-25,2728.0,2763.0,2670.0,2712.0,2707.0,2762.0,110738264.0,300312372819.0,3086.0
2022-07-26,2692.0,2759.0,2692.0,2731.0,2735.0,2712.0,69411600.0,189533630282.0,2097.0
2022-07-27,2750.0,2780.0,2706.0,2740.0,2750.0,2731.0,68323542.0,187178370356.0,2428.0
2022-07-30,2722.0,2766.0,2699.0,2722.0,2710.0,2740.0,87725471.0,238756315878.0,2372.0
2022-07-31,2700.0,2719.0,2623.0,2675.0,2700.0,2722.0,86769685.0,232096456869.0,2559.0
2022-08-01,2722.0,2736.0,2680.0,2709.0,2699.0,2675.0,65081985.0,176319785597.0,1831.0
2022-08-02,2720.0,2749.0,2701.0,2722.0,2748.0,2709.0,47720001.0,129889943027.0,1567.0
2022-08-03,2723.0,2780.0,2723.0,2743.0,2754.0,2722.0,83568146.0,229205634626.0,2143.0
2022-08-06,2849.0,2907.0,2813.0,2905.0,2907.0,2743.0,302669958.0,879177125877.0,5312.0
2022-08-09,2850.0,3038.0,2830.0,2944.0,2909.0,2905.0,182786357.0,538213171709.0,5877.0
2022-08-10,2901.0,2955.0,2820.0,2892.0,2914.0,2944.0,77887600.0,225250913667.0,2821.0
2022-08-13,2950.0,3065.0,2950.0,3063.0,3065.0,2892.0,324855943.0,995026585419.0,5297.0
2022-08-14,3099.0,3099.0,3018.0,3046.0,3024.0,3063.0,145798650.0,444112621125.0,4626.0
2022-08-15,3040.0,3210.0,2977.0,3137.0,3165.0,3046.0,245484940.0,769974566699.0,7371.0
2022-08-16,3180.0,3270.0,3101.0,3189.0,3144.0,3137.0,250091203.0,797514259626.0,8753.0
2022-08-17,3190.0,3320.0,3160.0,3222.0,3246.0,3189.0,196838733.0,634217307537.0,6933.0
2022-08-20,3140.0,3240.0,3140.0,3174.0,3170.0,3222.0,114755217.0,364282272708.0,4331.0
2022-08-21,3123.0,3239.0,3123.0,3179.0,3169.0,3174.0,72525460.0,230585862522.0,3252.0
2022-08-22,3167.0,3191.0,3068.0,3119.0,3119.0,3179.0,91243301.0,284594244760.0,3663.0
2022-08-23,3130.0,3191.0,3070.0,3162.0,3158.0,3119.0,84091066.0,265865386254.0,3169.0
2022-08-24,3170.0,3190.0,3121.0,3162.0,3170.0,3162.0,96312868.0,304535956114.0,3509.0
2022-08-27,3136.0,3172.0,3066.0,3118.0,3084.0,3162.0,101655177.0,316998985304.0,4266.0
2022-08-28,3094.0,3120.0,3011.0,3069.0,3046.0,3118.0,103377254.0,317227543620.0,3789.0
2022-08-29,3053.0,3111.0,3035.0,3080.0,3045.0,3069.0,75907635.0,233774919657.0,2816.0
2022-08-30,3090.0,3100.0,3009.0,3039.0,3016.0,3080.0,82900589.0,251945166042.0,3009.0
2022-08-31,3040.0,3070.0,3020.0,3033.0,3039.0,3039.0,68933060.0,209043652530.0,2038.0
2022-09-03,3029.0,3029.0,2910.0,2966.0,2918.0,3033.0,112443813.0,333475228085.0,3383.0
2022-09-04,2949.0,2980.0,2904.0,2937.0,2910.0,2966.0,72976861.0,214331400495.0,2577.0
2022-09-05,2951.0,2980.0,2907.0,2942.0,2919.0,2937.0,61484266.0,180861231333.0,1996.0
2022-09-06,2911.0,2937.0,2863.0,2902.0,2895.0,2942.0,52077780.0,151154461807.0,2335.0
2022-09-07,2900.0,2930.0,2833.0,2880.0,2890.0,2902.0,78091590.0,224895141067.0,2740.0
2022-09-10,2863.0,2863.0,2750.0,2794.0,2760.0,2880.0,80305560.0,224364555980.0,3075.0
2022-09-11,2799.0,2799.0,2681.0,2734.0,2697.0,2794.0,122918682.0,336038082187.0,3583.0
2022-09-12,2697.0,2754.0,2690.0,2722.0,2700.0,2734.0,119944341.0,326468330698.0,2986.0
2022-09-13,2736.0,2778.0,2661.0,2744.0,2737.0,2722.0,77095507.0,211545523010.0,2961.0
2022-09-14,2761.0,2765.0,2707.0,2732.0,2721.0,2744.0,72916309.0,199182570817.0,2031.0
2022-09-18,2710.0,2724.0,2643.0,2687.0,2692.0,2732.0,91537001.0,245994006311.0,3074.0
2022-09-19,2700.0,2735.0,2680.0,2700.0,2690.0,2687.0,50965866.0,137631959565.0,1944.0
2022-09-20,2700.0,2718.0,2657.0,2688.0,2693.0,2700.0,51408460.0,138176835886.0,1655.0
2022-09-21,2600.0,2689.0,2594.0,2644.0,2638.0,2688.0,108246413.0,286152120804.0,3834.0
2022-09-24,2644.0,2644.0,2550.0,2596.0,2570.0,2644.0,113336672.0,294243593990.0,4456.0
2022-09-26,2560.0,2638.0,2550.0,2611.0,2609.0,2596.0,73220581.0,191156622134.0,3085.0
2022-09-28,2637.0,2714.0,2610.0,2675.0,2655.0,2611.0,56520597.0,151187715389.0,2579.0
2022-10-01,2630.0,2675.0,2540.0,2598.0,2544.0,2675.0,98504791.0,255881698486.0,4407.0
2022-10-02,2598.0,2615.0,2556.0,2583.0,2588.0,2598.0,74843447.0,193300687751.0,2487.0
2022-10-03,2620.0,2620.0,2525.0,2574.0,2550.0,2583.0,63038104.0,162236922887.0,2224.0
2022-10-04,2575.0,2583.0,2544.0,2571.0,2576.0,2574.0,116231690.0,298865161474.0,2631.0
2022-10-08,2590.0,2625.0,2530.0,2578.0,2533.0,2571.0,61502119.0,158547548935.0,2445.0
2022-10-09,2578.0,2586.0,2500.0,2549.0,2579.0,2578.0,108341489.0,276157863636.0,2782.0
2022-10-10,2579.0,2589.0,2550.0,2558.0,2557.0,2549.0,55217033.0,141228821130.0,1878.0
2022-10-11,2580.0,2604.0,2563.0,2586.0,2565.0,2558.0,59077929.0,152802217064.0,2031.0
2022-10-12,2553.0,2605.0,2553.0,2592.0,2601.0,2586.0,77034062.0,199634325964.0,1653.0
2022-10-15,2598.0,2600.0,2580.0,2593.0,2596.0,2592.0,129970414.0,337012400036.0,1972.0
2022-10-16,2586.0,2600.0,2571.0,2587.0,2587.0,2593.0,92705048.0,239844899255.0,2224.0
2022-10-17,2600.0,2600.0,2565.0,2581.0,2569.0,2587.0,57963300.0,149625611408.0,2005.0
2022-10-18,2581.0,2591.0,2562.0,2574.0,2571.0,2581.0,46603190.0,119971414821.0,1704.0
2022-10-19,2565.0,2583.0,2550.0,2566.0,2568.0,2574.0,40732774.0,104475849519.0,1731.0
2022-10-22,2568.0,2593.0,2525.0,2560.0,2565.0,2566.0,62969619.0,161184730768.0,2079.0
2022-10-23,2569.0,2583.0,2516.0,2552.0,2559.0,2560.0,80494262.0,205404843272.0,2294.0
2022-10-24,2523.0,2557.0,2461.0,2511.0,2486.0,2552.0,113240313.0,284348861432.0,2946.0
2022-10-25,2511.0,2550.0,2504.0,2514.0,2514.0,2511.0,185387154.0,466010441026.0,3613.0
2022-10-26,2515.0,2525.0,2385.0,2502.0,2451.0,2514.0,297722903.0,745006740365.0,4145.0
2022-10-29,2524.0,2540.0,2495.0,2511.0,2504.0,2502.0,205864803.0,516964894853.0,3491.0
2022-10-30,2550.0,2575.0,2522.0,2544.0,2559.0,2511.0,120279551.0,306012782323.0,2425.0
2022-10-31,2564.0,2620.0,2564.0,2583.0,2612.0,2544.0,112489384.0,290611470350.0,2828.0
2022-11-01,2615.0,2640.0,2605.0,2618.0,2615.0,2583.0,104378623.0,273272406375.0,2965.0
2022-11-02,2621.0,2661.0,2618.0,2628.0,2660.0,2618.0,115841500.0,304394551893.0,2526.0
2022-11-05,2669.0,2797.0,2662.0,2734.0,2750.0,2628.0,81298523.0,222293765138.0,3364.0
2022-11-06,2750.0,2814.0,2741.0,2767.0,2793.0,2734.0,88842823.0,245864379178.0,2821.0
2022-11-07,2933.0,2960.0,2933.0,2959.0,2960.0,2767.0,378024002.0,1118493918444.0,4917.0
2022-11-08,3020.0,3089.0,2905.0,2967.0,2966.0,2959.0,290781938.0,862604876701.0,7018.0
2022-11-09,2969.0,2999.0,2900.0,2962.0,2967.0,2967.0,320956736.0,950535220201.0,4718.0
2022-11-12,2964.0,2968.0,2874.0,2928.0,2893.0,2962.0,141159141.0,413380465742.0,4334.0
2022-11-13,2892.0,2928.0,2848.0,2880.0,2853.0,2928.0,142196743.0,409590440526.0,4365.0
2022-11-14,2880.0,2881.0,2760.0,2833.0,2836.0,2880.0,127234290.0,360487574065.0,3025.0
2022-11-15,2840.0,2860.0,2790.0,2814.0,2795.0,2833.0,127109190.0,357662389280.0,2964.0
2022-11-16,2795.0,2820.0,2768.0,2806.0,2815.0,2814.0,143031246.0,401293900761.0,2716.0
2022-11-19,2810.0,2810.0,2687.0,2723.0,2729.0,2806.0,146653750.0,399375657062.0,2721.0
2022-11-20,2701.0,2798.0,2701.0,2745.0,2729.0,2723.0,101746839.0,279264617938.0,2607.0
2022-11-21,2750.0,2770.0,2725.0,2743.0,2726.0,2745.0,107093164.0,293738244340.0,2558.0
2022-11-22,2755.0,2775.0,2712.0,2740.0,2741.0,2743.0,85483066.0,234197215465.0,2169.0
2022-11-23,2730.0,2854.0,2730.0,2800.0,2776.0,2740.0,97099876.0,271852445236.0,3549.0
2022-11-26,2774.0,2840.0,2754.0,2776.0,2756.0,2800.0,60573238.0,168130842986.0,2250.0
2022-11-27,2753.0,2780.0,2732.0,2758.0,2761.0,2776.0,66142690.0,182453105412.0,2400.0
2022-11-28,2761.0,2784.0,2733.0,2752.0,2734.0,2758.0,71992061.0,198128038056.0,2214.0
2022-11-29,2755.0,2815.0,2751.0,2777.0,2803.0,2752.0,106544671.0,295899427391.0,2867.0
2022-11-30,2803.0,2803.0,2725.0,2746.0,2747.0,2777.0,89161180.0,244864542977.0,2690.0
2022-12-03,2725.0,2745.0,2718.0,2723.0,2718.0,2746.0,109627858.0,298469744932.0,2892.0
2022-12-04,2750.0,2750.0,2679.0,2704.0,2692.0,2723.0,90465408.0,244584480342.0,3295.0
2022-12-05,2694.0,2694.0,2600.0,2657.0,2657.0,2704.0,74469686.0,197896277443.0,2893.0
2022-12-06,2641.0,2680.0,2641.0,2659.0,2679.0,2657.0,65966797.0,175417228483.0,2364.0
2022-12-07,2720.0,2720.0,2650.0,2674.0,2658.0,2659.0,69325232.0,185347305877.0,2459.0
2022-12-10,2640.0,2684.0,2598.0,2626.0,2626.0,2674.0,75221877.0,197531664667.0,2550.0
2022-12-11,2629.0,2760.0,2628.0,2690.0,2720.0,2626.0,104100243.0,280021567833.0,3392.0
2022-12-12,2740.0,2878.0,2730.0,2827.0,2820.0,2690.0,264685678.0,748256324333.0,6688.0
2022-12-13,2835.0,2915.0,2813.0,2871.0,2839.0,2827.0,176909612.0,507843197985.0,5281.0
2022-12-14,2860.0,2889.0,2790.0,2833.0,2810.0,2871.0,123757262.0,350594839434.0,4323.0
2022-12-17,2849.0,2959.0,2836.0,2902.0,2927.0,2833.0,186818756.0,542161026336.0,6694.0
2022-12-18,2956.0,3034.0,2941.0,2989.0,2960.0,2902.0,169314916.0,506127401996.0,5495.0
2022-12-19,2975.0,2980.0,2872.0,2917.0,2900.0,2989.0,135512052.0,395343920592.0,4822.0
2022-12-20,2920.0,2934.0,2849.0,2878.0,2868.0,2917.0,81196453.0,233723732496.0,2739.0
2022-12-21,2869.0,2997.0,2869.0,2954.0,2959.0,2878.0,175927092.0,519745754273.0,4886.0
2022-12-24,2999.0,3160.0,2970.0,3095.0,3138.0,2954.0,325296223.0,1006698815512.0,8006.0
2022-12-25,3179.0,3179.0,3043.0,3102.0,3060.0,3095.0,227742531.0,706432628259.0,7221.0
2022-12-26,3099.0,3144.0,3041.0,3094.0,3070.0,3102.0,173572073.0,536983564643.0,4801.0
2022-12-28,3130.0,3310.0,3130.0,3258.0,3250.0,3094.0,528171148.0,1720954801642.0,11307.0
2022-12-31,3130.0,3170.0,3060.0,3099.0,3070.0,3258.0,293535644.0,909794776625.0,7473.0
2023-01-01,3010.0,3135.0,2950.0,3019.0,3025.0,3099.0,246202762.0,743215743463.0,6707.0
2023-01-02,3031.0,3130.0,3026.0,3073.0,3056.0,3019.0,196289353.0,603140201743.0,5413.0
2023-01-03,3073.0,3211.0,3051.0,3125.0,3058.0,3073.0,340590542.0,1064327175383.0,8134.0
2023-01-04,3045.0,3233.0,3038.0,3170.0,3218.0,3125.0,512053528.0,1623055759807.0,10840.0
2023-01-07,3231.0,3390.0,3231.0,3317.0,3331.0,3170.0,663610812.0,2201093568701.0,15038.0
2023-01-08,3419.0,3549.0,3401.0,3474.0,3419.0,3317.0,524981422.0,1823631848677.0,12956.0
2023-01-09,3474.0,3512.0,3372.0,3445.0,3445.0,3474.0,461287930.0,1588911519467.0,12122.0
2023-01-10,3500.0,3610.0,3437.0,3503.0,3465.0,3445.0,430335128.0,1507460748297.0,10636.0
2023-01-11,3465.0,3465.0,3328.0,3390.0,3345.0,3503.0,339772119.0,1151759524689.0,10112.0
2023-01-14,3329.0,3499.0,3273.0,3408.0,3436.0,3390.0,287632774.0,980272141725.0,7940.0
2023-01-16,3479.0,3646.0,3479.0,3600.0,3646.0,3408.0,823014835.0,2963118132947.0,15334.0
2023-01-17,3698.0,3755.0,3580.0,3651.0,3600.0,3600.0,506721383.0,1849883422582.0,13974.0
2023-01-18,3610.0,3690.0,3560.0,3608.0,3578.0,3651.0,342307053.0,1234933423948.0,9747.0
2023-01-21,3650.0,3710.0,3550.0,3615.0,3590.0,3608.0,447800063.0,1618800012973.0,10539.0
2023-01-22,3590.0,3683.0,3514.0,3594.0,3612.0,3615.0,321801884.0,1156670696406.0,8335.0
2023-01-23,3635.0,3695.0,3470.0,3560.0,3529.0,3594.0,330246579.0,1175594624786.0,8509.0
2023-01-24,3545.0,3545.0,3409.0,3456.0,3440.0,3560.0,262599218.0,907584570262.0,7832.0
2023-01-25,3420.0,3448.0,3281.0,3323.0,3310.0,3456.0,324819433.0,1079504115818.0,8204.0
2023-01-28,3325.0,3331.0,3160.0,3210.0,3192.0,3323.0,313942136.0,1007693047005.0,8687.0
2023-01-29,3149.0,3162.0,2990.0,3024.0,3037.0,3210.0,434899750.0,1315062508741.0,9477.0
2023-01-30,3000.0,3168.0,2960.0,3055.0,3120.0,3024.0,313088999.0,956359620538.0,8065.0
2023-01-31,3180.0,3268.0,3126.0,3229.0,3246.0,3055.0,462344249.0,1492758868792.0,11373.0
2023-02-01,3270.0,3335.0,3170.0,3286.0,3302.0,3229.0,330805144.0,1087031322392.0,7317.0
2023-02-05,3302.0,3320.0,3144.0,3229.0,3160.0,3286.0,360359927.0,1163658232089.0,8220.0
2023-02-06,3170.0,3401.0,3123.0,3321.0,3352.0,3229.0,713653705.0,2370213540042.0,9846.0
2023-02-07,3421.0,3549.0,3390.0,3476.0,3450.0,3321.0,1230632536.0,4277890540530.0,17510.0
2023-02-21,2880.0,2880.0,2710.0,2764.0,2736.0,2580.0,498461505.0,1377619339045.0,9024.0
2023-02-22,2736.0,2759.0,2644.0,2698.0,2714.0,2764.0,350219566.0,944789533562.0,9567.0
2023-02-25,2800.0,2886.0,2795.0,2882.0,2886.0,2698.0,580235963.0,1671969863137.0,8984.0
2023-02-26,3083.0,3083.0,2930.0,3032.0,2969.0,2882.0,651169879.0,1974155890207.0,14591.0
2023-02-27,3000.0,3119.0,2932.0,3004.0,2963.0,3032.0,381380680.0,1145804771382.0,10555.0
2023-02-28,2980.0,3050.0,2949.0,2996.0,2990.0,3004.0,224704379.0,673130269248.0,7316.0
2023-03-01,2999.0,3003.0,2906.0,2965.0,2906.0,2996.0,288372496.0,854972945939.0,7720.0
2023-03-04,2950.0,3004.0,2922.0,2975.0,2988.0,2965.0,316363467.0,941246115777.0,6824.0
2023-03-05,3000.0,3141.0,3000.0,3063.0,3030.0,2975.0,241747379.0,740412020721.0,6410.0
2023-03-06,3052.0,3090.0,2981.0,3036.0,3044.0,3063.0,211325471.0,641561881571.0,5255.0
2023-03-07,3043.0,3150.0,3040.0,3096.0,3121.0,3036.0,237622675.0,735778750850.0,6492.0
2023-03-11,3312.0,3312.0,3221.0,3297.0,3260.0,3096.0,1056931851.0,3484850065571.0,17272.0
2023-03-12,3250.0,3276.0,3161.0,3216.0,3199.0,3297.0,316166208.0,1016841904496.0,8534.0
2023-03-13,3200.0,3278.0,3180.0,3218.0,3195.0,3216.0,287132571.0,924108052973.0,7766.0
2023-03-14,3220.0,3267.0,3159.0,3200.0,3160.0,3218.0,273626374.0,875624436435.0,10185.0
2023-03-15,3152.0,3240.0,3152.0,3206.0,3229.0,3200.0,570454625.0,1828881873954.0,16840.0
2023-03-18,3301.0,3430.0,3286.0,3410.0,3429.0,3206.0,878593883.0,2995705425293.0,16632.0
2023-03-19,3440.0,3441.0,3352.0,3387.0,3394.0,3410.0,335842675.0,1137402292674.0,10251.0
2023-03-25,3395.0,3520.0,3313.0,3401.0,3355.0,3387.0,334674471.0,1138274748456.0,11665.0
2023-03-26,3365.0,3422.0,3247.0,3316.0,3255.0,3401.0,487494761.0,1616714081470.0,16796.0
2023-03-27,3280.0,3370.0,3202.0,3310.0,3362.0,3316.0,362366722.0,1199455596549.0,11545.0
2023-03-28,3399.0,3479.0,3350.0,3403.0,3399.0,3310.0,318023052.0,1082237338817.0,10211.0
2023-03-29,3420.0,3433.0,3354.0,3392.0,3410.0,3403.0,356321716.0,1208607486658.0,12004.0
2023-04-03,3385.0,3521.0,3320.0,3449.0,3487.0,3392.0,500126701.0,1725167876791.0,14325.0
2023-04-04,3511.0,3566.0,3389.0,3468.0,3452.0,3449.0,467327151.0,1620631452675.0,13401.0
2023-04-05,3428.0,3550.0,3390.0,3491.0,3515.0,3468.0,378549768.0,1321666523637.0,11379.0
2023-04-08,3522.0,3693.0,3460.0,3613.0,3570.0,3491.0,538848529.0,1946911462025.0,15202.0
2023-04-09,3610.0,3665.0,3540.0,3586.0,3571.0,3613.0,359407878.0,1288851461213.0,13550.0
2023-04-10,3600.0,3622.0,3335.0,3436.0,3365.0,3586.0,485204170.0,1666985301459.0,16730.0
2023-04-11,3361.0,3399.0,3289.0,3347.0,3368.0,3436.0,423780378.0,1418400995097.0,12908.0
2023-04-15,3581.0,3581.0,3579.0,3581.0,3581.0,3347.0,1403053732.0,5024333185035.0,15786.0
2023-04-16,3630.0,3681.0,3580.0,3625.0,3630.0,3581.0,712474516.0,2582818336106.0,20544.0
2023-04-17,3639.0,3835.0,3570.0,3759.0,3819.0,3625.0,881268633.0,3312433425869.0,20983.0
2023-04-18,3833.0,4022.0,3833.0,3979.0,3990.0,3759.0,1035532281.0,4120316237847.0,23310.0
2023-04-19,4002.0,4051.0,3900.0,3967.0,3933.0,3979.0,582146951.0,2309093550441.0,18380.0
2023-04-24,3980.0,4021.0,3889.0,3948.0,3960.0,3967.0,377436960.0,1490255758285.0,12630.0
2023-04-25,3980.0,4028.0,3880.0,3969.0,3886.0,3948.0,513231930.0,2036883378564.0,14332.0
2023-04-26,3900.0,3976.0,3820.0,3877.0,3842.0,3969.0,433333607.0,1680101848935.0,14332.0
2023-04-29,3877.0,3938.0,3841.0,3881.0,3867.0,3877.0,524013966.0,2033707505466.0,15299.0
2023-04-30,4000.0,4080.0,3995.0,4040.0,4040.0,3881.0,648090140.0,2618340421837.0,15649.0
2023-05-01,4079.0,4237.0,4002.0,4116.0,4107.0,4040.0,781632307.0,3216936609299.0,18009.0
2023-05-02,4150.0,4187.0,4082.0,4116.0,4108.0,4116.0,656460625.0,2702193432840.0,18677.0
2023-05-03,4140.0,4250.0,4080.0,4161.0,4230.0,4116.0,916986098.0,3815149675185.0,20173.0
2023-05-06,4282.0,4452.0,4282.0,4445.0,4452.0,4161.0,1402980213.0,6236423203234.0,25456.0
2023-05-07,4499.0,4539.0,4134.0,4164.0,4145.0,4445.0,1551182310.0,6458769927136.0,25792.0
2023-05-08,4140.0,4140.0,3873.0,3906.0,3874.0,4164.0,1212703334.0,4737214663596.0,21892.0
2023-05-09,3871.0,4179.0,3871.0,4110.0,4179.0,3906.0,954822313.0,3924792283127.0,22374.0
2023-05-10,4240.0,4348.0,3993.0,4122.0,4119.0,4110.0,778309207.0,3207830552799.0,20850.0
2023-05-13,4125.0,4170.0,3862.0,3990.0,4060.0,4122.0,647348224.0,2583200193354.0,18978.0
2023-05-14,4100.0,4269.0,4098.0,4193.0,4269.0,3990.0,627454232.0,2631201668651.0,15009.0
2023-05-15,4300.0,4452.0,4170.0,4302.0,4306.0,4193.0,498769170.0,2145617000097.0,13953.0
2023-05-17,4379.0,4603.0,4317.0,4550.0,4603.0,4302.0,971327513.0,4419264140259.0,18176.0
2023-05-20,4693.0,4789.0,4512.0,4621.0,4550.0,4550.0,676157349.0,3124628887234.0,20522.0
2023-05-21,4639.0,4858.0,4598.0,4765.0,4816.0,4621.0,685896084.0,3268058495590.0,17245.0
2023-05-22,5098.0,5098.0,5030.0,5092.0,5098.0,4765.0,1834502544.0,9341794536720.0,36294.0
2023-05-23,5270.0,5290.0,5001.0,5125.0,5020.0,5092.0,738864953.0,3786823711938.0,26620.0
2023-05-24,5100.0,5170.0,4970.0,5050.0,4999.0,5125.0,658419622.0,3324760010464.0,21096.0
2023-05-27,5050.0,5060.0,4880.0,4950.0,4990.0,5050.0,471542354.0,2334977784500.0,14768.0
2023-05-28,4900.0,4940.0,4710.0,4820.0,4900.0,4950.0,540756250.0,2604660201780.0,15589.0
2023-05-29,4960.0,5110.0,4940.0,5000.0,5000.0,4820.0,358606554.0,1794122756820.0,11833.0
2023-05-30,5070.0,5120.0,4980.0,5040.0,5090.0,5000.0,452848672.0,2281470631100.0,11711.0
2023-05-31,5100.0,5110.0,4950.0,5030.0,5080.0,5040.0,314411980.0,1580446627060.0,10555.0
2023-06-03,5080.0,5160.0,5030.0,5120.0,5130.0,5030.0,231979228.0,1186875249490.0,8297.0
2023-06-06,5150.0,5370.0,5140.0,5270.0,5330.0,5120.0,427616129.0,2255415944690.0,13067.0
2023-06-07,5350.0,5370.0,5220.0,5290.0,5300.0,5270.0,328506302.0,1739186408640.0,10093.0
2023-06-10,5180.0,5270.0,4950.0,5030.0,5010.0,5290.0,437416613.0,2201686951210.0,13179.0
2023-06-11,5000.0,5210.0,5000.0,5110.0,5190.0,5030.0,404973938.0,2070351171580.0,12038.0
2023-06-12,5260.0,5380.0,5090.0,5200.0,5170.0,5110.0,676312781.0,3515126774900.0,17573.0
2023-06-13,5200.0,5300.0,5110.0,5220.0,5240.0,5200.0,583583514.0,3044100997410.0,11729.0
2023-06-14,5230.0,5360.0,5210.0,5280.0,5280.0,5220.0,529748767.0,2798313386840.0,11431.0
2023-06-17,5560.0,5560.0,5360.0,5450.0,5390.0,5280.0,538954774.0,2934699483380.0,13390.0
2023-06-18,5460.0,5510.0,5210.0,5330.0,5240.0,5450.0,541904385.0,2887996546130.0,14112.0
2023-06-19,5270.0,5390.0,5120.0,5260.0,5240.0,5330.0,1278027369.0,6717393376400.0,20654.0
2023-06-24,4950.0,4990.0,4840.0,4920.0,4900.0,5130.0,92607440.0,455528211320.0,3279.0
2023-06-25,4800.0,4890.0,4640.0,4780.0,4680.0,4920.0,564270158.0,2697014104880.0,20617.0
2023-06-26,4640.0,4790.0,4520.0,4680.0,4700.0,4780.0,413297127.0,1934573308940.0,14591.0
2023-06-27,4710.0,4800.0,4680.0,4710.0,4700.0,4680.0,253337389.0,1193235940710.0,8734.0
2023-06-28,4830.0,4890.0,4740.0,4800.0,4850.0,4710.0,279053330.0,1340809622290.0,11803.0
2023-07-01,4860.0,4916.0,4810.0,4858.0,4849.0,4800.0,177592275.0,862672881859.0,8858.0
2023-07-02,4859.0,4880.0,4789.0,4845.0,4850.0,4858.0,271120654.0,1313483804849.0,10185.0
2023-07-03,4846.0,4850.0,4778.0,4823.0,4789.0,4845.0,284681031.0,1373092383385.0,11446.0
2023-07-04,4791.0,4894.0,4791.0,4833.0,4824.0,4823.0,280178310.0,1353971339061.0,9044.0
2023-07-05,4830.0,4840.0,4783.0,4824.0,4786.0,4833.0,180724233.0,871876022649.0,6966.0
2023-07-08,4824.0,4840.0,4751.0,4813.0,4770.0,4824.0,180712843.0,869735102169.0,7341.0
2023-07-09,4813.0,4815.0,4715.0,4760.0,4722.0,4813.0,205503544.0,978151907157.0,7016.0
2023-07-10,4750.0,4769.0,4597.0,4667.0,4599.0,4760.0,324835474.0,1515946684229.0,10503.0
2023-07-11,4630.0,4680.0,4500.0,4592.0,4510.0,4667.0,335596103.0,1540891171282.0,8762.0
2023-07-12,4500.0,4590.0,4325.0,4432.0,4400.0,4592.0,428472907.0,1898895001260.0,12910.0
2023-07-15,4432.0,4630.0,4417.0,4483.0,4440.0,4432.0,186057594.0,834143276644.0,7607.0
2023-07-16,4480.0,4489.0,4210.0,4315.0,4235.0,4483.0,299054602.0,1290466477704.0,10159.0
2023-07-17,4234.0,4234.0,4032.0,4121.0,4198.0,4315.0,439191269.0,1809894135028.0,11953.0
2023-07-18,4210.0,4409.0,4210.0,4360.0,4409.0,4121.0,332733508.0,1450773884995.0,8912.0
2023-07-19,4459.0,4615.0,4315.0,4464.0,4369.0,4360.0,290217130.0,1295547346141.0,9943.0
2023-07-22,4369.0,4461.0,4261.0,4343.0,4329.0,4464.0,226819742.0,985175378735.0,8243.0
2023-07-23,4343.0,4481.0,4343.0,4433.0,4442.0,4343.0,130552552.0,578788115951.0,5335.0
2023-07-24,4461.0,4647.0,4461.0,4587.0,4599.0,4433.0,165785251.0,760506676589.0,5868.0
2023-07-25,4620.0,4699.0,4587.0,4621.0,4589.0,4587.0,122726413.0,567159161879.0,4801.0
2023-07-26,4527.0,4630.0,4500.0,4591.0,4584.0,4621.0,122068679.0,560475584306.0,4095.0
2023-07-29,4600.0,4649.0,4518.0,4562.0,4521.0,4591.0,122111481.0,557048065068.0,3915.0
2023-07-30,4529.0,4580.0,4333.0,4437.0,4353.0,4562.0,246183147.0,1092377765818.0,6278.0
2023-07-31,4353.0,4510.0,4353.0,4483.0,4503.0,4437.0,241904038.0,1084546518495.0,4425.0
2023-08-01,4515.0,4593.0,4484.0,4549.0,4590.0,4483.0,242665019.0,1103978444961.0,4977.0
2023-08-07,4680.0,4688.0,4600.0,4644.0,4627.0,4549.0,95856772.0,445142494336.0,3413.0
2023-08-08,4590.0,4659.0,4543.0,4608.0,4610.0,4644.0,133765491.0,616356660610.0,3777.0
2023-08-09,4600.0,4637.0,4548.0,4590.0,4608.0,4608.0,106730764.0,489902388970.0,3015.0
2023-08-12,4643.0,4643.0,4438.0,4491.0,4545.0,4590.0,184866589.0,830204689458.0,4579.0
2023-08-13,4492.0,4560.0,4492.0,4507.0,4508.0,4491.0,104576751.0,471331206767.0,4154.0
2023-08-14,4550.0,4598.0,4509.0,4548.0,4520.0,4507.0,106355783.0,483669993235.0,3437.0
2023-08-15,4511.0,4527.0,4402.0,4465.0,4470.0,4548.0,136343542.0,608817166553.0,2958.0
2023-08-16,4465.0,4490.0,4459.0,4465.0,4466.0,4465.0,147804609.0,659976068854.0,3627.0
2023-08-19,4454.0,4480.0,4334.0,4419.0,4341.0,4465.0,170504728.0,753491657310.0,4136.0
2023-08-20,4450.0,4450.0,4403.0,4421.0,4430.0,4419.0,233197534.0,1031005412623.0,4413.0
2023-08-21,4421.0,4454.0,4419.0,4438.0,4440.0,4421.0,157603271.0,699367476576.0,3529.0
2023-08-22,4444.0,4484.0,4327.0,4391.0,4344.0,4438.0,162947093.0,715437470837.0,3915.0
2023-08-23,4395.0,4488.0,4342.0,4413.0,4469.0,4391.0,123143436.0,543416509546.0,3217.0
2023-08-26,4470.0,4568.0,4465.0,4529.0,4542.0,4413.0,162641507.0,736651487364.0,5127.0
2023-08-27,4598.0,4784.0,4561.0,4674.0,4671.0,4529.0,212111331.0,991439168223.0,7047.0
2023-08-28,4689.0,4780.0,4625.0,4699.0,4683.0,4674.0,167991591.0,789442000879.0,5742.0
2023-08-29,4700.0,4790.0,4657.0,4702.0,4699.0,4699.0,171110234.0,804613413276.0,4372.0
2023-08-30,4702.0,4890.0,4651.0,4760.0,4770.0,4702.0,218433339.0,1039827523015.0,6861.0
2023-09-02,4820.0,4830.0,4664.0,4740.0,4673.0,4760.0,133746273.0,633979916628.0,4855.0
2023-09-03,4700.0,4770.0,4650.0,4689.0,4709.0,4740.0,139216492.0,652812252214.0,4613.0
2023-09-04,4700.0,4769.0,4669.0,4725.0,4730.0,4689.0,106081263.0,501270245301.0,3714.0
2023-09-05,4750.0,4890.0,4750.0,4792.0,4780.0,4725.0,173233259.0,830099580510.0,5911.0
2023-09-09,4792.0,4825.0,4690.0,4735.0,4711.0,4792.0,112982057.0,534992980582.0,3972.0
2023-09-10,4750.0,4750.0,4672.0,4716.0,4699.0,4735.0,109248276.0,515212631627.0,3207.0
2023-09-11,4725.0,4734.0,4664.0,4685.0,4686.0,4716.0,99156394.0,464594360583.0,3633.0
2023-09-12,4686.0,4712.0,4670.0,4688.0,4686.0,4685.0,96722557.0,453399771194.0,2982.0
2023-09-13,4680.0,4720.0,4633.0,4672.0,4674.0,4688.0,130472960.0,609590395488.0,3267.0
2023-09-17,4689.0,4689.0,4644.0,4660.0,4646.0,4672.0,113544023.0,529154849864.0,3970.0
2023-09-18,4631.0,4656.0,4589.0,4615.0,4600.0,4660.0,180753126.0,834139902436.0,4653.0
2023-09-19,4582.0,4640.0,4551.0,4573.0,4570.0,4615.0,131490066.0,601276789363.0,3180.0
2023-09-20,4550.0,4575.0,4525.0,4539.0,4525.0,4573.0,88524752.0,401774132998.0,2628.0
2023-09-23,4539.0,4549.0,4519.0,4534.0,4526.0,4539.0,88720931.0,402252100718.0,2774.0
2023-09-25,4534.0,4540.0,4477.0,4504.0,4483.0,4534.0,116368041.0,524111342534.0,3244.0
2023-09-26,4504.0,4520.0,4471.0,4503.0,4520.0,4504.0,77493299.0,348960990927.0,2675.0
2023-09-27,4539.0,4602.0,4519.0,4566.0,4570.0,4503.0,124430653.0,568174504007.0,3432.0
2023-09-30,4570.0,4598.0,4463.0,4494.0,4465.0,4566.0,100263228.0,450534960621.0,3734.0
2023-10-01,4490.0,4519.0,4441.0,4485.0,4486.0,4494.0,151016619.0,677252975107.0,3630.0
2023-10-02,4510.0,4591.0,4485.0,4512.0,4492.0,4485.0,146770955.0,662206857725.0,4977.0
2023-10-04,4540.0,4560.0,4504.0,4514.0,4508.0,4512.0,118312056.0,534078497217.0,3540.0
2023-10-07,4520.0,4558.0,4411.0,4477.0,4480.0,4514.0,163540444.0,732186641291.0,4019.0
2023-10-08,4376.0,4478.0,4270.0,4347.0,4323.0,4477.0,301912214.0,1312402243264.0,6274.0
2023-10-09,4349.0,4380.0,4300.0,4347.0,4350.0,4347.0,206521176.0,897815553988.0,4071.0
2023-10-10,4349.0,4385.0,4342.0,4351.0,4375.0,4347.0,96130199.0,418269144563.0,2753.0
2023-10-11,4370.0,4405.0,4348.0,4352.0,4351.0,4351.0,198005614.0,861736809562.0,3378.0
2023-10-14,4351.0,4392.0,4277.0,4313.0,4302.0,4352.0,147959078.0,638129008726.0,3595.0
2023-10-15,4313.0,4370.0,4272.0,4314.0,4370.0,4313.0,134394915.0,579828248957.0,3219.0
2023-10-16,4340.0,4370.0,4310.0,4349.0,4364.0,4314.0,148218645.0,644574747034.0,3473.0
2023-10-17,4380.0,4437.0,4341.0,4379.0,4400.0,4349.0,175061131.0,766642929864.0,4318.0
2023-10-18,4379.0,4435.0,4365.0,4412.0,4419.0,4379.0,165169301.0,728751449427.0,4566.0
2023-10-21,4385.0,4430.0,4372.0,4412.0,4413.0,4412.0,135689649.0,598677820556.0,3422.0
2023-10-22,4411.0,4432.0,4404.0,4412.0,4414.0,4412.0,120145772.0,530049919863.0,2878.0
2023-10-23,4414.0,4626.0,4410.0,4523.0,4592.0,4412.0,264213635.0,1195109905746.0,7748.0
2023-10-24,4645.0,4687.0,4519.0,4587.0,4545.0,4523.0,192019004.0,880842534500.0,6080.0
2023-10-25,4590.0,4620.0,4585.0,4590.0,4587.0,4587.0,131768264.0,604775484344.0,3251.0
2023-10-28,4554.0,4590.0,4350.0,4403.0,4362.0,4590.0,243334265.0,1071307309023.0,6329.0
2023-10-29,4400.0,4497.0,4397.0,4462.0,4460.0,4403.0,92549042.0,412967106396.0,3366.0
2023-10-30,4480.0,4599.0,4479.0,4537.0,4522.0,4462.0,94306251.0,427904677314.0,3308.0
2023-10-31,4574.0,4602.0,4490.0,4538.0,4578.0,4537.0,135732165.0,616013483368.0,3678.0
2023-11-01,4538.0,4560.0,4448.0,4504.0,4540.0,4538.0,111947330.0,504244606024.0,2786.0
2023-11-04,4599.0,4685.0,4571.0,4609.0,4612.0,4504.0,71809810.0,330952968118.0,3112.0
2023-11-05,4630.0,4690.0,4605.0,4617.0,4613.0,4609.0,120742061.0,557424207016.0,3019.0
2023-11-06,4621.0,4650.0,4600.0,4620.0,4620.0,4617.0,101507475.0,468964376438.0,3005.0
2023-11-07,4613.0,4699.0,4610.0,4649.0,4674.0,4620.0,117103480.0,544434315200.0,3636.0
2023-11-08,4660.0,4735.0,4645.0,4674.0,4695.0,4649.0,86437009.0,404003700043.0,2991.0
2023-11-11,4674.0,4697.0,4639.0,4668.0,4680.0,4674.0,82784487.0,386474239479.0,2950.0
2023-11-12,4680.0,4744.0,4647.0,4677.0,4700.0,4668.0,90611084.0,423766775434.0,2543.0
2023-11-13,4750.0,4760.0,4673.0,4704.0,4674.0,4677.0,140377340.0,660336629313.0,3798.0
2023-11-14,4703.0,4704.0,4642.0,4671.0,4660.0,4704.0,88494206.0,413378540622.0,2628.0
2023-11-15,4620.0,4693.0,4537.0,4590.0,4567.0,4671.0,191357772.0,878287376259.0,4887.0
2023-11-18,4530.0,4560.0,4444.0,4471.0,4464.0,4590.0,149268845.0,667344277993.0,5139.0
2023-11-19,4459.0,4516.0,4408.0,4463.0,4465.0,4471.0,93914666.0,419182512976.0,3861.0
2023-11-20,4466.0,4514.0,4410.0,4466.0,4448.0,4463.0,80792770.0,360798896420.0,2730.0
2023-11-21,4471.0,4516.0,4409.0,4473.0,4494.0,4466.0,66459047.0,297285107412.0,2085.0
2023-11-22,4474.0,4474.0,4370.0,4404.0,4402.0,4473.0,118723060.0,522893209807.0,4158.0
2023-11-25,4404.0,4449.0,4390.0,4397.0,4390.0,4404.0,90568921.0,398221941025.0,2791.0
2023-11-26,4396.0,4445.0,4365.0,4397.0,4415.0,4397.0,86718286.0,381328167566.0,3582.0
2023-11-27,4420.0,4439.0,4379.0,4396.0,4405.0,4397.0,65625828.0,288473899682.0,2527.0
2023-11-28,4418.0,4449.0,4359.0,4407.0,4435.0,4396.0,78998826.0,348117878173.0,4379.0
2023-11-29,4440.0,4658.0,4409.0,4537.0,4585.0,4407.0,137033543.0,621670229619.0,4655.0
2023-12-02,4585.0,4748.0,4585.0,4657.0,4622.0,4537.0,126511013.0,589214938127.0,4518.0
2023-12-03,4550.0,4740.0,4550.0,4662.0,4709.0,4657.0,146112540.0,681177267657.0,5036.0
2023-12-04,4702.0,4796.0,4656.0,4709.0,4699.0,4662.0,175303821.0,825456042083.0,5439.0
2023-12-05,4670.0,4757.0,4670.0,4709.0,4680.0,4709.0,109666343.0,516419439160.0,3687.0
2023-12-06,4660.0,4690.0,4619.0,4645.0,4630.0,4709.0,91358406.0,424341743459.0,2990.0
2023-12-09,4661.0,4699.0,4549.0,4601.0,4555.0,4645.0,76442067.0,351700898547.0,3477.0
2023-12-10,4548.0,4630.0,4545.0,4571.0,4587.0,4601.0,67595164.0,308986491024.0,2579.0
2023-12-11,4600.0,4600.0,4522.0,4546.0,4545.0,4571.0,43164904.0,196243715382.0,2459.0
2023-12-12,4525.0,4578.0,4500.0,4525.0,4540.0,4546.0,112047556.0,507070933336.0,2985.0
2023-12-13,4545.0,4579.0,4545.0,4565.0,4570.0,4525.0,85234835.0,389131953561.0,3060.0
2023-12-16,4571.0,4657.0,4570.0,4601.0,4601.0,4565.0,69295100.0,318801679422.0,2694.0
2023-12-18,4647.0,4843.0,4647.0,4779.0,4770.0,4601.0,223416679.0,1067686891244.0,7314.0
2023-12-19,4800.0,4848.0,4764.0,4784.0,4765.0,4779.0,146203338.0,699415732089.0,4442.0
2023-12-20,4765.0,4795.0,4718.0,4769.0,4775.0,4784.0,118413643.0,564729454365.0,2905.0
2023-12-23,4780.0,4897.0,4775.0,4803.0,4790.0,4769.0,135790334.0,652225084708.0,3677.0
2023-12-24,4754.0,4846.0,4754.0,4806.0,4823.0,4803.0,224518525.0,1079067651651.0,4647.0
2023-12-25,4803.0,4863.0,4803.0,4831.0,4820.0,4806.0,358380949.0,1731370030086.0,6129.0
2023-12-26,4830.0,4835.0,4779.0,4802.0,4780.0,4831.0,312567428.0,1500795841600.0,7373.0
2024-01-10,2501.0,2520.0,2463.0,2488.0,2464.0,2387.0,445926200.0,1109635489920.0,11283.0
2024-01-13,2466.0,2505.0,2466.0,2493.0,2492.0,2488.0,355936076.0,887465372255.0,7764.0
2024-01-14,2491.0,2531.0,2491.0,2514.0,2521.0,2493.0,190801866.0,479682103879.0,5026.0
2024-01-15,2521.0,2544.0,2505.0,2522.0,2510.0,2514.0,207734486.0,523857006265.0,5055.0
2024-01-16,2495.0,2536.0,2490.0,2521.0,2528.0,2522.0,133999319.0,337766593808.0,2573.0
2024-01-17,2521.0,2541.0,2511.0,2521.0,2514.0,2521.0,102698156.0,258938435864.0,3280.0
2024-01-20,2520.0,2531.0,2469.0,2494.0,2469.0,2521.0,263701596.0,657719578418.0,5616.0
2024-01-21,2460.0,2498.0,2456.0,2480.0,2493.0,2494.0,145488414.0,360759882174.0,3418.0
2024-01-22,2467.0,2504.0,2454.0,2476.0,2478.0,2480.0,218910201.0,542046023527.0,4246.0
2024-01-23,2470.0,2503.0,2400.0,2453.0,2477.0,2476.0,285608347.0,700739288133.0,5821.0
2024-01-24,2460.0,2475.0,2443.0,2454.0,2452.0,2453.0,142267787.0,349117321174.0,2887.0
2024-01-27,2456.0,2479.0,2449.0,2457.0,2467.0,2454.0,125183337.0,307528713576.0,2824.0
2024-01-28,2460.0,2472.0,2435.0,2454.0,2458.0,2457.0,138485689.0,339801255769.0,3227.0
2024-01-29,2443.0,2455.0,2416.0,2429.0,2455.0,2454.0,215345744.0,523099730627.0,4121.0
2024-01-30,2430.0,2430.0,2377.0,2398.0,2382.0,2429.0,174374599.0,418070570413.0,4523.0
2024-01-31,2375.0,2400.0,2351.0,2379.0,2379.0,2398.0,132407654.0,314995335439.0,3272.0
2024-02-03,2381.0,2413.0,2371.0,2394.0,2378.0,2379.0,106589553.0,255129636508.0,2829.0
2024-02-04,2380.0,2399.0,2367.0,2378.0,2399.0,2394.0,124349575.0,295697270516.0,2888.0
2024-02-05,2378.0,2389.0,2346.0,2361.0,2355.0,2378.0,92149645.0,217555920719.0,2956.0
2024-02-06,2361.0,2385.0,2336.0,2353.0,2342.0,2361.0,63673891.0,149842542624.0,2156.0
2024-02-07,2350.0,2376.0,2321.0,2350.0,2365.0,2353.0,131921201.0,310007452946.0,3288.0
2024-02-10,2377.0,2377.0,2340.0,2354.0,2349.0,2350.0,71250313.0,167703155910.0,2313.0
2024-02-12,2374.0,2374.0,2315.0,2327.0,2316.0,2354.0,172420456.0,401243939472.0,4150.0
2024-02-13,2365.0,2365.0,2323.0,2342.0,2342.0,2327.0,308160439.0,721588774561.0,7095.0
2024-02-14,2318.0,2333.0,2260.0,2275.0,2272.0,2342.0,517998946.0,1178600535234.0,10304.0
2024-02-17,2275.0,2275.0,2199.0,2226.0,2233.0,2275.0,427781134.0,952136058256.0,8750.0
2024-02-18,2233.0,2260.0,2233.0,2247.0,2250.0,2226.0,191659514.0,430731466129.0,3990.0
2024-02-19,2258.0,2271.0,2243.0,2255.0,2254.0,2247.0,223906814.0,504851327213.0,4154.0
2024-02-20,2269.0,2270.0,2249.0,2255.0,2259.0,2255.0,192091235.0,433081981697.0,3481.0
2024-02-21,2259.0,2264.0,2248.0,2254.0,2262.0,2255.0,183443201.0,413455725409.0,3260.0
2024-02-24,2250.0,2266.0,2229.0,2244.0,2239.0,2254.0,188733849.0,423431876286.0,3688.0
2024-02-26,2245.0,2245.0,2184.0,2199.0,2185.0,2244.0,220842185.0,485597197927.0,4798.0
2024-02-27,2197.0,2202.0,2175.0,2189.0,2200.0,2199.0,201881506.0,441933676060.0,4307.0
2024-02-28,2195.0,2221.0,2188.0,2199.0,2200.0,2189.0,198125646.0,435713120268.0,3821.0
2024-03-02,2199.0,2285.0,2175.0,2248.0,2282.0,2199.0,357935534.0,804696394371.0,6494.0
2024-03-03,2300.0,2378.0,2299.0,2335.0,2309.0,2248.0,418693466.0,977574545519.0,9424.0
2024-03-04,2310.0,2319.0,2260.0,2272.0,2263.0,2335.0,261419885.0,593978314964.0,4624.0
2024-03-05,2320.0,2320.0,2244.0,2277.0,2250.0,2272.0,243980540.0,555497364962.0,5601.0
2024-03-06,2279.0,2310.0,2252.0,2273.0,2260.0,2277.0,182406132.0,414628875802.0,4386.0
2024-03-09,2260.0,2280.0,2239.0,2253.0,2249.0,2273.0,211955109.0,477505919039.0,4540.0
2024-03-10,2255.0,2258.0,2222.0,2240.0,2241.0,2253.0,186768537.0,418326364885.0,3994.0
2024-03-11,2241.0,2310.0,2220.0,2249.0,2234.0,2240.0,362078693.0,814267806663.0,6614.0
2024-03-12,2261.0,2360.0,2256.0,2304.0,2270.0,2249.0,401955568.0,925971523209.0,8255.0
2024-03-13,2283.0,2308.0,2254.0,2282.0,2257.0,2304.0,266599214.0,608472880700.0,5220.0
2024-03-16,2250.0,2282.0,2242.0,2258.0,2260.0,2282.0,252151796.0,569473878692.0,4934.0
2024-03-17,2260.0,2320.0,2260.0,2289.0,2304.0,2258.0,273410385.0,625927742395.0,4378.0
2024-03-18,2338.0,2413.0,2331.0,2386.0,2399.0,2289.0,273844352.0,653334241125.0,5623.0
2024-03-24,2432.0,2497.0,2411.0,2456.0,2483.0,2386.0,177478660.0,435884152311.0,4746.0
2024-03-25,2505.0,2537.0,2433.0,2472.0,2449.0,2456.0,184219884.0,455367950109.0,6098.0
2024-03-26,2468.0,2468.0,2430.0,2440.0,2446.0,2472.0,127699335.0,311647341901.0,3750.0
2024-03-27,2440.0,2459.0,2401.0,2421.0,2421.0,2440.0,118385665.0,286666272594.0,3730.0
2024-03-30,2425.0,2440.0,2395.0,2410.0,2414.0,2421.0,135616510.0,326799082690.0,3574.0
2024-04-02,2330.0,2411.0,2325.0,2360.0,2380.0,2410.0,182430407.0,430528004416.0,4768.0
2024-04-03,2380.0,2390.0,2350.0,2364.0,2368.0,2360.0,178920735.0,422922484133.0,3663.0
2024-04-06,2364.0,2370.0,2266.0,2312.0,2294.0,2364.0,294196911.0,680148195735.0,7157.0
2024-04-07,2473.0,2473.0,2414.0,2470.0,2473.0,2312.0,2004667836.0,4951123798407.0,23703.0
2024-04-08,2520.0,2572.0,2489.0,2524.0,2510.0,2470.0,508286059.0,1282719193219.0,11071.0
2024-04-09,2500.0,2550.0,2476.0,2516.0,2525.0,2524.0,440187187.0,1107686457949.0,8900.0
2024-04-13,2507.0,2507.0,2371.0,2407.0,2376.0,2516.0,608828286.0,1465593537878.0,9681.0
2024-04-14,2383.0,2383.0,2383.0,2383.0,2383.0,2407.0,221609232.0,528094799856.0,1531.0
2024-04-15,2406.0,2406.0,2406.0,2406.0,2406.0,2383.0,122555999.0,294869733594.0,1287.0
2024-04-16,2428.0,2428.0,2382.0,2389.0,2410.0,2406.0,496903799.0,1187069193018.0,6625.0
2024-04-17,2412.0,2412.0,2378.0,2399.0,2381.0,2389.0,274374494.0,658215238395.0,4740.0
2024-04-20,2444.0,2554.0,2444.0,2519.0,2551.0,2399.0,542050163.0,1365504555177.0,8887.0
2024-04-21,2595.0,2598.0,2499.0,2547.0,2499.0,2519.0,296077416.0,754181201970.0,7181.0
2024-04-22,2490.0,2553.0,2484.0,2518.0,2497.0,2547.0,260587381.0,656274947731.0,6155.0
2024-04-23,2498.0,2500.0,2463.0,2483.0,2489.0,2518.0,155834914.0,386928684446.0,4065.0
2024-04-24,2489.0,2514.0,2455.0,2479.0,2470.0,2483.0,222941336.0,552686736019.0,4509.0
2024-04-27,2495.0,2498.0,2443.0,2458.0,2456.0,2479.0,131648785.0,323639919646.0,3413.0
2024-04-28,2458.0,2458.0,2386.0,2399.0,2389.0,2458.0,166061669.0,398458101561.0,4112.0
2024-04-29,2390.0,2420.0,2376.0,2394.0,2390.0,2399.0,178254752.0,426745666981.0,4275.0
2024-04-30,2380.0,2400.0,2348.0,2368.0,2380.0,2394.0,143078692.0,338754871343.0,3767.0
2024-05-01,2390.0,2398.0,2364.0,2372.0,2380.0,2368.0,174583279.0,414137074802.0,3482.0
2024-05-05,2379.0,2379.0,2350.0,2365.0,2353.0,2372.0,119339290.0,282225826253.0,3303.0
2024-05-06,2365.0,2380.0,2292.0,2318.0,2300.0,2365.0,196580918.0,455709990694.0,6108.0
2024-05-07,2314.0,2347.0,2293.0,2304.0,2303.0,2318.0,177844263.0,409668913200.0,3658.0
2024-05-08,2304.0,2326.0,2291.0,2296.0,2293.0,2304.0,108017323.0,248053419173.0,2892.0
2024-05-11,2292.0,2295.0,2263.0,2273.0,2265.0,2296.0,147509704.0,335327356319.0,4613.0
2024-05-12,2265.0,2280.0,2224.0,2252.0,2230.0,2273.0,158957271.0,357979944499.0,4207.0
2024-05-13,2252.0,2253.0,2160.0,2186.0,2182.0,2252.0,176019559.0,384832554548.0,5759.0
2024-05-14,2185.0,2219.0,2177.0,2192.0,2179.0,2186.0,205699562.0,450934888332.0,4891.0
2024-05-15,2198.0,2240.0,2157.0,2195.0,2210.0,2192.0,186560970.0,409428631165.0,4461.0
2024-05-18,2210.0,2284.0,2206.0,2246.0,2210.0,2195.0,284130872.0,638264278992.0,5209.0
2024-05-19,2244.0,2244.0,2111.0,2156.0,2160.0,2246.0,224247932.0,483436767618.0,5704.0
2024-05-21,2134.0,2170.0,2134.0,2145.0,2138.0,2156.0,133602698.0,286575679685.0,3718.0
2024-05-25,2143.0,2155.0,2103.0,2116.0,2107.0,2145.0,230961835.0,488703782481.0,5163.0
2024-05-26,2119.0,2125.0,2074.0,2076.0,2074.0,2116.0,326163092.0,677080239187.0,4854.0
2024-05-27,2035.0,2076.0,2035.0,2042.0,2065.0,2076.0,310065413.0,633206308393.0,4651.0
2024-05-28,2070.0,2082.0,2070.0,2082.0,2082.0,2042.0,162432880.0,338149726360.0,2099.0
2024-05-29,2123.0,2123.0,2123.0,2122.0,2123.0,2082.0,54636279.0,115992820317.0,908.0
2024-06-01,2164.0,2164.0,2125.0,2148.0,2150.0,2122.0,236248048.0,507559488640.0,3715.0
2024-06-02,2170.0,2183.0,2111.0,2140.0,2178.0,2148.0,200453909.0,428888044544.0,2873.0
2024-06-05,2150.0,2182.0,2144.0,2156.0,2148.0,2140.0,104946361.0,226260811061.0,2461.0
2024-06-08,2165.0,2165.0,2113.0,2129.0,2125.0,2156.0,206326624.0,439177625118.0,3424.0
2024-06-09,2150.0,2171.0,2124.0,2160.0,2171.0,2129.0,258858868.0,559255655704.0,3419.0
2024-06-10,2203.0,2203.0,2203.0,2203.0,2203.0,2160.0,100618823.0,221663267069.0,965.0
2024-06-11,2247.0,2247.0,2193.0,2225.0,2242.0,2203.0,760799011.0,1692655480562.0,9508.0
2024-06-12,2237.0,2269.0,2228.0,2256.0,2237.0,2225.0,968445545.0,2184963402294.0,8314.0
2024-06-15,2257.0,2263.0,2252.0,2256.0,2261.0,2256.0,632252345.0,1426326122296.0,4822.0
2024-06-16,2263.0,2264.0,2255.0,2258.0,2263.0,2256.0,772379311.0,1743716262232.0,6305.0
2024-06-22,2190.0,2190.0,2147.0,2167.0,2156.0,2176.0,176850244.0,383244367032.0,2595.0
2024-06-23,2168.0,2171.0,2125.0,2151.0,2149.0,2167.0,261909501.0,563240926548.0,4354.0
2024-06-24,2159.0,2161.0,2132.0,2147.0,2149.0,2151.0,294278707.0,631728842291.0,4868.0
2024-06-26,2173.0,2189.0,2160.0,2183.0,2189.0,2147.0,276637461.0,603813338017.0,4489.0
2024-06-29,2195.0,2199.0,2150.0,2178.0,2156.0,2183.0,265692842.0,578642433144.0,4171.0
2024-06-30,2174.0,2180.0,2077.0,2127.0,2138.0,2178.0,333680111.0,709625638156.0,5556.0
2024-07-01,2146.0,2146.0,2101.0,2126.0,2130.0,2127.0,188443625.0,400610462616.0,3313.0
2024-07-02,2150.0,2150.0,2120.0,2130.0,2144.0,2126.0,215137432.0,458256635022.0,3949.0
2024-07-03,2147.0,2147.0,2131.0,2135.0,2140.0,2130.0,196339745.0,419141037675.0,2967.0
2024-07-06,2263.0,2263.0,2263.0,2263.0,2263.0,2135.0,116014119.0,262539951297.0,1265.0
2024-07-07,2398.0,2398.0,2287.0,2349.0,2298.0,2263.0,481646709.0,1131440149059.0,6933.0
2024-07-08,2312.0,2320.0,2241.0,2281.0,2291.0,2349.0,352767112.0,804654021893.0,5483.0
2024-07-09,2260.0,2279.0,2231.0,2242.0,2236.0,2281.0,246257352.0,552060894270.0,3951.0
2024-07-10,2249.0,2249.0,2210.0,2234.0,2210.0,2242.0,234405232.0,523598762199.0,2413.0
2024-07-13,2230.0,2230.0,2167.0,2192.0,2187.0,2234.0,173629585.0,380535604631.0,3878.0
2024-07-14,2210.0,2210.0,2171.0,2190.0,2186.0,2192.0,149234641.0,326797684645.0,2470.0
2024-07-17,2220.0,2220.0,2174.0,2191.0,2194.0,2190.0,166102613.0,363872740416.0,2867.0
2024-07-20,2197.0,2200.0,2158.0,2177.0,2161.0,2191.0,188474010.0,410244507564.0,3428.0
2024-07-21,2179.0,2180.0,2121.0,2135.0,2130.0,2177.0,205705617.0,439192066889.0,3870.0
2024-07-22,2138.0,2138.0,2118.0,2124.0,2125.0,2135.0,249865004.0,530645007939.0,5756.0
2024-07-23,2154.0,2158.0,2136.0,2140.0,2140.0,2124.0,206370560.0,441663382206.0,3184.0
2024-07-24,2159.0,2160.0,2138.0,2143.0,2143.0,2140.0,219667354.0,470660728746.0,4684.0
2024-07-27,2145.0,2146.0,2117.0,2130.0,2120.0,2143.0,191860710.0,408693312272.0,5459.0
2024-07-29,2135.0,2136.0,2061.0,2093.0,2067.0,2130.0,206176557.0,431431363142.0,4901.0
2024-07-30,2100.0,2111.0,2053.0,2084.0,2095.0,2093.0,294777617.0,614364351339.0,5694.0
2024-07-31,2060.0,2060.0,1990.0,2010.0,2031.0,2084.0,501708107.0,1008213368234.0,7524.0
2024-08-03,2010.0,2010.0,1890.0,1918.0,1893.0,2010.0,418850032.0,803220217772.0,7124.0
2024-08-04,1899.0,1937.0,1899.0,1926.0,1927.0,1918.0,126132972.0,242953108336.0,2891.0
2024-08-05,1917.0,1938.0,1917.0,1927.0,1928.0,1926.0,251643715.0,484915414925.0,6110.0
2024-08-06,1930.0,1930.0,1909.0,1918.0,1929.0,1927.0,168086534.0,322416784634.0,4855.0
2024-08-10,1930.0,1935.0,1905.0,1918.0,1920.0,1918.0,93165601.0,178717139146.0,2414.0
2024-08-11,1920.0,1922.0,1900.0,1905.0,1918.0,1918.0,123074778.0,234516496537.0,2371.0
2024-08-12,1904.0,1904.0,1886.0,1890.0,1888.0,1905.0,206701119.0,390614724885.0,3977.0
2024-08-13,1872.0,1879.0,1872.0,1872.0,1872.0,1890.0,76414217.0,143075238245.0,1273.0
2024-08-14,1890.0,1890.0,1890.0,1890.0,1890.0,1872.0,246793552.0,466439813280.0,2648.0
2024-08-17,1927.0,1927.0,1920.0,1927.0,1927.0,1890.0,133657821.0,257557131955.0,1436.0
2024-08-18,1965.0,1965.0,1965.0,1965.0,1965.0,1927.0,82255476.0,161632010340.0,890.0
2024-08-19,2004.0,2004.0,1940.0,1979.0,1949.0,1965.0,233780659.0,462666799564.0,4046.0
2024-08-20,1952.0,1990.0,1940.0,1943.0,1960.0,1979.0,226978849.0,441060890051.0,3156.0
2024-08-21,1959.0,1968.0,1940.0,1952.0,1957.0,1943.0,94106437.0,183712106866.0,2017.0
2024-08-24,1964.0,1991.0,1964.0,1988.0,1991.0,1952.0,124668958.0,247787538291.0,1720.0
2024-08-26,1995.0,2018.0,1977.0,1993.0,1990.0,1988.0,225261031.0,448937734700.0,4765.0
2024-08-27,2013.0,2020.0,1987.0,2002.0,1998.0,1993.0,146318360.0,292897418663.0,3464.0
2024-08-28,2024.0,2039.0,2003.0,2016.0,2023.0,2002.0,196710299.0,396648697868.0,3237.0
2024-08-31,2056.0,2056.0,2053.0,2056.0,2056.0,2016.0,122318267.0,251479285937.0,1321.0
2024-09-01,2097.0,2097.0,2060.0,2092.0,2094.0,2056.0,448102180.0,937311505224.0,5639.0
2024-09-03,2110.0,2129.0,2061.0,2086.0,2107.0,2092.0,223960211.0,467075191800.0,4938.0
2024-09-07,2091.0,2100.0,2024.0,2045.0,2024.0,2086.0,232141767.0,474778116850.0,4745.0
2024-09-08,2040.0,2045.0,1985.0,2010.0,2001.0,2045.0,190382875.0,382599485527.0,3989.0
2024-09-09,2016.0,2053.0,2000.0,2037.0,2047.0,2010.0,248849261.0,506932407590.0,3134.0
2024-09-10,2050.0,2058.0,2011.0,2029.0,2019.0,2037.0,135477084.0,274817937446.0,2683.0
2024-09-11,2037.0,2059.0,2017.0,2030.0,2032.0,2029.0,184222054.0,374000458307.0,2728.0
2024-09-14,2048.0,2050.0,1971.0,2023.0,1987.0,2030.0,249777542.0,505197848317.0,4293.0
2024-09-15,2025.0,2026.0,1978.0,2009.0,2004.0,2023.0,230383445.0,462744146014.0,3168.0
2024-09-16,2011.0,2025.0,2007.0,2013.0,2013.0,2009.0,166084131.0,334339553027.0,2460.0
2024-09-17,2014.0,2073.0,2013.0,2065.0,2073.0,2013.0,363005265.0,749597636013.0,3886.0
2024-09-18,2079.0,2125.0,2063.0,2104.0,2120.0,2065.0,322097246.0,677587448434.0,4273.0
2024-09-22,2120.0,2129.0,2093.0,2106.0,2105.0,2104.0,307605108.0,647836248132.0,4050.0
2024-09-23,2108.0,2169.0,2107.0,2158.0,2169.0,2106.0,387192808.0,835458730524.0,3622.0
2024-09-24,2221.0,2222.0,2182.0,2222.0,2222.0,2158.0,768430029.0,1707120829329.0,5969.0
2024-09-25,2277.0,2288.0,2252.0,2285.0,2280.0,2222.0,1227245427.0,2804504372658.0,12378.0
2024-09-28,2263.0,2263.0,2263.0,2263.0,2263.0,2285.0,284746096.0,644380415248.0,1404.0
2024-09-29,2241.0,2283.0,2241.0,2244.0,2275.0,2263.0,970660475.0,2178548772624.0,8798.0
2024-09-30,2245.0,2266.0,2222.0,2235.0,2226.0,2244.0,538052713.0,1202741373129.0,5847.0
2024-10-01,2213.0,2219.0,2213.0,2213.0,2213.0,2235.0,171682886.0,379936315118.0,1538.0
2024-10-02,2191.0,2191.0,2191.0,2191.0,2191.0,2213.0,212562402.0,465724222782.0,1288.0
2024-10-05,2170.0,2170.0,2170.0,2186.0,2170.0,2191.0,11947426.0,25925914420.0,280.0
2024-10-06,2165.0,2165.0,2165.0,2184.0,2165.0,2186.0,5829766.0,12621443390.0,140.0
2024-10-07,2163.0,2163.0,2163.0,2163.0,2163.0,2184.0,306861564.0,663741562932.0,2179.0
2024-10-08,2142.0,2169.0,2142.0,2150.0,2147.0,2163.0,532518666.0,1145008792021.0,6218.0
2024-10-09,2150.0,2157.0,2129.0,2140.0,2129.0,2150.0,106792778.0,228568487162.0,1750.0
2024-10-12,2115.0,2200.0,2115.0,2146.0,2160.0,2140.0,305796753.0,656219951581.0,4285.0
2024-10-13,2160.0,2175.0,2111.0,2136.0,2148.0,2146.0,242033568.0,516981776212.0,4206.0
2024-10-14,2140.0,2147.0,2072.0,2084.0,2072.0,2136.0,112559792.0,234553130228.0,1957.0
2024-10-15,2022.0,2030.0,2022.0,2022.0,2022.0,2084.0,119732181.0,242116787517.0,1324.0
2024-10-16,1971.0,2030.0,1971.0,2001.0,2000.0,2022.0,321009413.0,642436861094.0,5489.0
2024-10-19,2002.0,2002.0,1941.0,1951.0,1941.0,2001.0,144709406.0,282277515136.0,2204.0
2024-10-20,1893.0,1893.0,1893.0,1901.0,1893.0,1951.0,51354494.0,97214057142.0,1032.0
2024-10-21,1844.0,1901.0,1844.0,1851.0,1853.0,1901.0,567569939.0,1050677777591.0,7813.0
2024-10-22,1857.0,1906.0,1838.0,1880.0,1853.0,1851.0,467003849.0,877809149189.0,5948.0
2024-10-23,1870.0,1889.0,1824.0,1830.0,1831.0,1880.0,340799141.0,623826333921.0,5608.0
2024-10-26,1884.0,1884.0,1884.0,1884.0,1884.0,1830.0,73642869.0,138743165196.0,750.0
2024-10-27,1940.0,1940.0,1940.0,1940.0,1940.0,1884.0,68303662.0,132509104280.0,531.0
2024-10-28,1998.0,1998.0,1998.0,1998.0,1998.0,1940.0,106926315.0,213638777370.0,1107.0
2024-10-29,2011.0,2053.0,1960.0,2010.0,1978.0,1998.0,613067555.0,1232254133075.0,8229.0
2024-10-30,1978.0,2070.0,1951.0,2047.0,2070.0,2010.0,552028494.0,1130145875888.0,6180.0
2024-11-02,2069.0,2090.0,2025.0,2051.0,2033.0,2047.0,434530220.0,891230158838.0,5681.0
2024-11-03,1990.0,1990.0,1990.0,1990.0,1990.0,2051.0,58172494.0,115763263060.0,870.0
2024-11-04,1931.0,1990.0,1931.0,1948.0,1985.0,1990.0,372493331.0,725592793988.0,4239.0
2024-11-05,2006.0,2006.0,2002.0,2006.0,2006.0,1948.0,295043996.0,591822058109.0,3447.0
2024-11-06,2006.0,2066.0,1950.0,2022.0,2064.0,2006.0,508741028.0,1028463775870.0,6682.0
2024-11-09,2077.0,2082.0,2063.0,2081.0,2082.0,2022.0,191692863.0,398886998129.0,1723.0
2024-11-10,2143.0,2143.0,2143.0,2143.0,2143.0,2081.0,143561745.0,307652819535.0,1184.0
2024-11-11,2207.0,2207.0,2180.0,2204.0,2207.0,2143.0,1391951381.0,3067631302368.0,12581.0
2024-11-12,2210.0,2270.0,2172.0,2250.0,2225.0,2204.0,811294322.0,1825667574279.0,9968.0
2024-11-13,2235.0,2286.0,2213.0,2260.0,2260.0,2250.0,561072671.0,1267974613940.0,7104.0
2024-11-16,2304.0,2327.0,2290.0,2326.0,2327.0,2260.0,344039860.0,800078929676.0,2999.0
2024-11-17,2378.0,2395.0,2298.0,2349.0,2327.0,2326.0,941838187.0,2212313349589.0,10722.0
2024-11-18,2349.0,2419.0,2333.0,2409.0,2419.0,2349.0,932389419.0,2246544180354.0,8316.0
2024-11-19,2416.0,2458.0,2337.0,2382.0,2337.0,2409.0,1164261236.0,2772947593973.0,14550.0
2024-11-20,2347.0,2347.0,2311.0,2319.0,2313.0,2382.0,738127008.0,1711625147536.0,9471.0
2024-11-23,2330.0,2388.0,2330.0,2384.0,2388.0,2319.0,1060831443.0,2529195456545.0,10318.0
2024-11-24,2455.0,2455.0,2425.0,2455.0,2455.0,2384.0,966031351.0,2371413437166.0,6604.0
2024-11-25,2528.0,2528.0,2528.0,2528.0,2528.0,2455.0,656808654.0,1660412277312.0,4790.0
2024-11-26,2603.0,2603.0,2526.0,2580.0,2540.0,2528.0,2953825559.0,7619802652951.0,31368.0
2024-11-27,2595.0,2657.0,2520.0,2624.0,2657.0,2580.0,1738391618.0,4561156355310.0,18738.0
2024-11-30,2650.0,2702.0,2552.0,2633.0,2583.0,2624.0,1362389487.0,3587673310203.0,18084.0
2024-12-01,2555.0,2650.0,2555.0,2590.0,2578.0,2633.0,1182244714.0,3062548523907.0,12065.0
2024-12-02,2650.0,2667.0,2645.0,2666.0,2667.0,2590.0,916653581.0,2443919418917.0,6574.0
2024-12-03,2745.0,2745.0,2700.0,2740.0,2745.0,2666.0,2310962252.0,6332624762362.0,20609.0
2024-12-04,2739.0,2822.0,2700.0,2814.0,2822.0,2740.0,1618896974.0,4555294208397.0,16646.0
2024-12-07,2895.0,2898.0,2730.0,2816.0,2765.0,2814.0,1870379698.0,5267085475532.0,26578.0
2024-12-08,2760.0,2860.0,2732.0,2793.0,2850.0,2816.0,1524103859.0,4256755939310.0,17832.0
2024-12-09,2875.0,2876.0,2851.0,2876.0,2876.0,2793.0,1129288154.0,3247642187763.0,8646.0
2024-12-10,2962.0,2962.0,2890.0,2957.0,2961.0,2876.0,2772872173.0,8199664039791.0,25688.0
2024-12-11,2988.0,3045.0,2930.0,3013.0,3045.0,2957.0,1384668948.0,4171432978706.0,16239.0
2024-12-14,3103.0,3103.0,3103.0,3103.0,3103.0,3013.0,718454606.0,2229364642418.0,4390.0
2024-12-15,3196.0,3196.0,3196.0,3196.0,3196.0,3103.0,647281627.0,2068712079892.0,4544.0
2024-12-16,3291.0,3291.0,3210.0,3282.0,3249.0,3196.0,3939257894.0,12926944671623.0,39232.0
2024-12-17,3250.0,3380.0,3184.0,3276.0,3184.0,3282.0,2295788397.0,7520286253621.0,31948.0
2024-12-18,3178.0,3320.0,3178.0,3208.0,3242.0,3276.0,2125644300.0,6818343392037.0,29077.0
2024-12-21,3296.0,3304.0,3250.0,3303.0,3304.0,3208.0,764371365.0,2524346417293.0,6320.0
2024-12-22,3402.0,3402.0,3290.0,3362.0,3338.0,3303.0,2661867871.0,8949122191396.0,31054.0
2024-12-23,3330.0,3442.0,3290.0,3368.0,3380.0,3362.0,1530112389.0,5152814291867.0,23629.0
2024-12-24,3426.0,3469.0,3329.0,3399.0,3396.0,3368.0,1620853041.0,5508991685688.0,25140.0
2024-12-25,3404.0,3410.0,3298.0,3310.0,3298.0,3399.0,1736903308.0,5749355418498.0,24131.0
2024-12-28,3250.0,3298.0,3211.0,3235.0,3211.0,3310.0,1285247977.0,4158139274625.0,18359.0
2024-12-29,3150.0,3190.0,3138.0,3142.0,3138.0,3235.0,554574417.0,1742199406671.0,8217.0
2024-12-30,3048.0,3168.0,3048.0,3075.0,3068.0,3142.0,2284289319.0,7024868082856.0,26306.0
2024-12-31,3070.0,3167.0,3044.0,3154.0,3167.0,3075.0,2269697433.0,7157747345537.0,20627.0
2025-01-01,3235.0,3248.0,3160.0,3230.0,3248.0,3154.0,1242929914.0,4014832674316.0,19334.0
2025-01-04,3298.0,3326.0,3281.0,3324.0,3326.0,3230.0,984948450.0,3274014131108.0,11102.0
2025-01-05,3369.0,3418.0,3258.0,3307.0,3280.0,3324.0,1221975646.0,4040496170944.0,20232.0
2025-01-06,3269.0,3269.0,3208.0,3234.0,3250.0,3307.0,929960067.0,3007274063271.0,17484.0
2025-01-07,3250.0,3301.0,3207.0,3264.0,3292.0,3234.0,864105037.0,2820120204468.0,15748.0
2025-01-08,3300.0,3359.0,3247.0,3287.0,3268.0,3264.0,1054978331.0,3467884002669.0,15938.0
2025-01-11,3298.0,3301.0,3189.0,3201.0,3189.0,3287.0,905969222.0,2900186263271.0,16224.0
2025-01-12,3106.0,3146.0,3105.0,3106.0,3105.0,3201.0,1356811382.0,4214169005264.0,18162.0
2025-01-13,3090.0,3199.0,3090.0,3189.0,3199.0,3106.0,1059313152.0,3377821213510.0,12492.0
2025-01-15,3283.0,3284.0,3206.0,3258.0,3220.0,3189.0,818349863.0,2666351379530.0,13594.0
2025-01-18,3210.0,3237.0,3161.0,3172.0,3161.0,3258.0,710284737.0,2253285326074.0,10185.0
2025-01-19,3120.0,3230.0,3101.0,3158.0,3148.0,3172.0,651012518.0,2055675520143.0,10618.0
2025-01-20,3200.0,3243.0,3064.0,3118.0,3115.0,3158.0,949501165.0,2960195543418.0,14737.0
2025-01-21,3165.0,3211.0,3083.0,3183.0,3211.0,3118.0,1080880296.0,3440671695521.0,14434.0
2025-01-22,3253.0,3278.0,3221.0,3273.0,3278.0,3183.0,734741281.0,2404659221777.0,10490.0
2025-01-25,3371.0,3371.0,3270.0,3334.0,3310.0,3273.0,1066493336.0,3555239843959.0,17329.0
2025-01-26,3333.0,3340.0,3235.0,3274.0,3246.0,3334.0,848069334.0,2776215996381.0,15058.0
2025-01-27,3258.0,3270.0,3183.0,3211.0,3188.0,3274.0,440587937.0,1414600646382.0,9801.0
2025-01-29,3189.0,3279.0,3185.0,3231.0,3226.0,3211.0,391400486.0,1264707942679.0,8359.0
2025-02-01,3234.0,3234.0,3135.0,3146.0,3179.0,3231.0,899905391.0,2831532716552.0,13357.0
2025-02-02,3155.0,3198.0,3143.0,3167.0,3174.0,3146.0,411355913.0,1302898754186.0,7767.0
2025-02-03,3179.0,3195.0,3132.0,3167.0,3170.0,3167.0,393282495.0,1245505453380.0,7395.0
2025-02-04,3186.0,3262.0,3181.0,3231.0,3219.0,3167.0,481719576.0,1556383950484.0,8653.0
2025-02-05,3196.0,3278.0,3156.0,3216.0,3262.0,3231.0,753741159.0,2424230991465.0,12949.0
2025-02-09,3169.0,3240.0,3129.0,3175.0,3132.0,3216.0,1369529802.0,4348641448727.0,22110.0
2025-02-11,3139.0,3139.0,3080.0,3081.0,3080.0,3175.0,1717858858.0,5292693383741.0,13469.0
2025-02-15,3040.0,3058.0,2989.0,2992.0,2989.0,3081.0,1824720644.0,5460399315405.0,17901.0
2025-02-16,2950.0,2974.0,2904.0,2919.0,2939.0,2992.0,1296193417.0,3783916855711.0,16562.0
2025-02-17,2936.0,2996.0,2935.0,2973.0,2985.0,2919.0,504818492.0,1500805860641.0,8975.0
2025-02-18,3010.0,3062.0,2985.0,3048.0,3062.0,2973.0,977431872.0,2979173292336.0,14149.0
2025-02-25,1950.0,1980.0,1933.0,1952.0,1940.0,1788.0,1115981004.0,2177904915058.0,14488.0
2025-02-26,1970.0,2010.0,1910.0,1999.0,2010.0,1952.0,2099718899.0,4197004589690.0,21523.0
2025-03-01,2020.0,2058.0,2011.0,2055.0,2058.0,1999.0,1376487089.0,2828463177993.0,12110.0
2025-03-02,2084.0,2116.0,2073.0,2114.0,2116.0,2055.0,2012648694.0,4254423589045.0,16643.0
2025-03-03,2051.0,2112.0,2051.0,2061.0,2091.0,2114.0,3262075443.0,6723411343557.0,31332.0
2025-03-04,2122.0,2122.0,2070.0,2118.0,2084.0,2061.0,2303180258.0,4877435248322.0,22770.0
2025-03-05,2100.0,2181.0,2079.0,2158.0,2181.0,2118.0,1778597878.0,3838711595239.0,23432.0
2025-03-08,2189.0,2210.0,2094.0,2107.0,2094.0,2158.0,1612931854.0,3398808880909.0,21949.0
2025-03-09,2070.0,2094.0,2044.0,2060.0,2064.0,2107.0,1513326987.0,3117400659719.0,20052.0
2025-03-10,2079.0,2121.0,2079.0,2114.0,2121.0,2060.0,1853485572.0,3917921620928.0,18134.0
2025-03-11,2117.0,2130.0,2051.0,2057.0,2051.0,2114.0,957833520.0,1970174734065.0,10678.0
2025-03-12,2014.0,2109.0,1997.0,2060.0,2072.0,2057.0,800981000.0,1649843880684.0,11962.0
2025-03-15,2101.0,2121.0,2101.0,2120.0,2121.0,2060.0,1671150925.0,3543106670330.0,11295.0
2025-03-16,2183.0,2183.0,2140.0,2180.0,2183.0,2120.0,3144013447.0,6854431690303.0,29697.0
2025-03-17,2183.0,2204.0,2120.0,2159.0,2159.0,2180.0,1400403678.0,3024010455978.0,19797.0
2025-03-18,2095.0,2164.0,2095.0,2101.0,2163.0,2159.0,2957651418.0,6215410484296.0,32083.0
2025-03-25,2164.0,2164.0,2164.0,2164.0,2164.0,2101.0,780134709.0,1688211510276.0,3809.0
2025-03-26,2228.0,2228.0,2228.0,2228.0,2228.0,2164.0,1004088647.0,2237109505516.0,5621.0
2025-03-29,2259.0,2294.0,2200.0,2280.0,2294.0,2228.0,2673652325.0,6094819134218.0,27708.0
2025-03-30,2310.0,2348.0,2294.0,2345.0,2348.0,2280.0,1443498100.0,3384499352669.0,12477.0
2025-04-05,2415.0,2415.0,2373.0,2412.0,2409.0,2345.0,2315573397.0,5584694096332.0,24615.0
2025-04-06,2428.0,2463.0,2340.0,2368.0,2340.0,2412.0,1888165269.0,4471104935112.0,26064.0
2025-04-07,2304.0,2352.0,2297.0,2310.0,2330.0,2368.0,2114832251.0,4886300834839.0,25801.0
2025-04-08,2379.0,2379.0,2379.0,2379.0,2379.0,2310.0,1419322684.0,3376568665236.0,7941.0
2025-04-09,2450.0,2450.0,2416.0,2448.0,2450.0,2379.0,4146748151.0,10149898709544.0,37404.0
2025-04-12,2521.0,2521.0,2480.0,2520.0,2521.0,2448.0,2299737104.0,5795303405134.0,22138.0
2025-04-13,2595.0,2595.0,2595.0,2595.0,2595.0,2520.0,2171571506.0,5635228058070.0,11466.0
2025-04-14,2672.0,2672.0,2672.0,2672.0,2672.0,2595.0,1876986787.0,5015308694864.0,11090.0
2025-04-15,2720.0,2748.0,2592.0,2682.0,2666.0,2672.0,5486565759.0,14713930673232.0,64248.0
2025-04-16,2640.0,2762.0,2640.0,2748.0,2762.0,2682.0,3393835552.0,9326600114460.0,34368.0
2025-04-19,2790.0,2830.0,2777.0,2827.0,2830.0,2748.0,3821977176.0,10806079791479.0,38833.0
2025-04-20,2911.0,2911.0,2911.0,2911.0,2911.0,2827.0,1731138469.0,5039344083259.0,9790.0
2025-04-21,2998.0,2998.0,2882.0,2967.0,2918.0,2911.0,5964579917.0,17697793574778.0,63418.0
2025-04-22,2900.0,2955.0,2878.0,2889.0,2878.0,2967.0,3068688469.0,8864118946708.0,38274.0
2025-04-23,2803.0,2845.0,2803.0,2805.0,2803.0,2889.0,4681372640.0,13131142132927.0,49197.0
2025-04-26,2830.0,2839.0,2721.0,2740.0,2755.0,2805.0,4655794037.0,12755826085728.0,56981.0
2025-04-27,2658.0,2700.0,2658.0,2660.0,2659.0,2740.0,3465420580.0,9218591877499.0,33754.0
2025-04-28,2700.0,2739.0,2610.0,2672.0,2620.0,2660.0,1957179772.0,5230055394295.0,28079.0
2025-04-29,2650.0,2713.0,2599.0,2661.0,2673.0,2672.0,1258883154.0,3350052895952.0,20649.0
2025-04-30,2711.0,2740.0,2695.0,2739.0,2740.0,2661.0,1833012778.0,5020800587151.0,17480.0
2025-05-03,2657.0,2657.0,2657.0,2657.0,2657.0,2739.0,1705554093.0,4531657225101.0,10158.0
2025-05-04,2578.0,2640.0,2578.0,2594.0,2615.0,2657.0,2714654430.0,7041658520255.0,29340.0
2025-05-05,2638.0,2671.0,2582.0,2632.0,2610.0,2594.0,1418752999.0,3734801988504.0,18610.0
2025-05-06,2650.0,2667.0,2554.0,2601.0,2633.0,2632.0,1532267276.0,3984719136348.0,22511.0
2025-05-07,2679.0,2679.0,2620.0,2653.0,2630.0,2601.0,1493564693.0,3962907811473.0,18840.0
2025-05-10,2575.0,2620.0,2574.0,2578.0,2574.0,2653.0,1158701351.0,2986768320706.0,13109.0
2025-05-11,2560.0,2560.0,2501.0,2505.0,2502.0,2578.0,1007556048.0,2524125364745.0,11243.0
2025-05-12,2580.0,2580.0,2580.0,2580.0,2580.0,2505.0,1801522566.0,4647928220280.0,10157.0
2025-05-13,2657.0,2657.0,2657.0,2657.0,2657.0,2580.0,1439190959.0,3823930378063.0,8388.0
2025-05-14,2736.0,2736.0,2677.0,2734.0,2736.0,2657.0,4369012842.0,11945496513626.0,36629.0
2025-05-17,2816.0,2816.0,2746.0,2808.0,2816.0,2734.0,3425912956.0,9620492003453.0,33665.0
2025-05-18,2816.0,2860.0,2778.0,2824.0,2801.0,2808.0,1489683565.0,4206531815860.0,24142.0
2025-05-19,2774.0,2774.0,2740.0,2741.0,2740.0,2824.0,2545886008.0,6977922679668.0,24752.0
2025-05-20,2713.0,2725.0,2659.0,2662.0,2659.0,2741.0,1643937355.0,4375720779936.0,16228.0
2025-05-21,2583.0,2657.0,2583.0,2587.0,2615.0,2662.0,3002966991.0,7769704313221.0,28775.0
2025-05-24,2664.0,2664.0,2581.0,2651.0,2664.0,2587.0,1432266666.0,3796746804355.0,16859.0
2025-05-25,2675.0,2675.0,2572.0,2586.0,2572.0,2651.0,1041327698.0,2692815615629.0,14024.0
2025-05-26,2659.0,2663.0,2590.0,2645.0,2663.0,2586.0,1221764946.0,3232069342767.0,14256.0
2025-05-27,2724.0,2724.0,2724.0,2724.0,2724.0,2645.0,985959429.0,2685753484596.0,5756.0
2025-05-28,2770.0,2800.0,2729.0,2765.0,2747.0,2724.0,1489275661.0,4117299698896.0,16788.0
2025-05-31,2791.0,2819.0,2703.0,2739.0,2704.0,2765.0,1425821035.0,3905494618532.0,19000.0
2025-06-01,2715.0,2725.0,2657.0,2674.0,2684.0,2739.0,1465541712.0,3919489902868.0,17934.0
2025-06-02,2678.0,2736.0,2636.0,2663.0,2638.0,2674.0,945029003.0,2517069714170.0,12636.0
2025-06-03,2650.0,2650.0,2584.0,2596.0,2584.0,2663.0,1208291138.0,3137052989407.0,17005.0
2025-06-07,2555.0,2562.0,2519.0,2527.0,2519.0,2596.0,1113147992.0,2813213445738.0,12318.0
2025-06-08,2560.0,2602.0,2531.0,2585.0,2567.0,2527.0,1122854175.0,2902189607760.0,13557.0
2025-06-09,2595.0,2599.0,2508.0,2529.0,2508.0,2585.0,718226820.0,1816704763014.0,10038.0
2025-06-10,2536.0,2567.0,2469.0,2504.0,2528.0,2529.0,1102637641.0,2761378550448.0,14666.0
2025-06-11,2533.0,2533.0,2458.0,2483.0,2467.0,2504.0,769261215.0,1909794208494.0,16627.0
2025-06-28,2409.0,2409.0,2409.0,2409.0,2409.0,2483.0,937447945.0,2258312099505.0,3816.0
2025-06-29,2337.0,2337.0,2337.0,2337.0,2337.0,2409.0,552771950.0,1291828047150.0,1937.0
2025-06-30,2267.0,2268.0,2267.0,2267.0,2267.0,2337.0,6462637920.0,14650801471395.0,32584.0
2025-07-01,2199.0,2213.0,2199.0,2199.0,2199.0,2267.0,8019683056.0,17635511492661.0,44023.0
2025-07-02,2160.0,2264.0,2160.0,2237.0,2264.0,2199.0,3095602328.0,6923883943377.0,28176.0
2025-07-07,2304.0,2304.0,2272.0,2301.0,2303.0,2237.0,2336129457.0,5376391292297.0,21377.0
2025-07-08,2331.0,2334.0,2232.0,2245.0,2232.0,2301.0,1060230007.0,2380728620534.0,11448.0
2025-07-09,2195.0,2250.0,2183.0,2215.0,2246.0,2245.0,1184103135.0,2622656222801.0,13374.0
2025-07-12,2281.0,2281.0,2281.0,2281.0,2281.0,2215.0,1008610294.0,2300640080614.0,7135.0
2025-07-13,2324.0,2349.0,2308.0,2337.0,2349.0,2281.0,1890706310.0,4419261844363.0,18280.0
2025-07-14,2370.0,2394.0,2356.0,2373.0,2367.0,2337.0,947307366.0,2247616870671.0,11074.0
2025-07-15,2414.0,2429.0,2377.0,2402.0,2417.0,2373.0,1619269303.0,3888975425918.0,15990.0
2025-07-16,2420.0,2448.0,2409.0,2417.0,2414.0,2402.0,798419660.0,1929589770242.0,10205.0
2025-07-19,2424.0,2475.0,2419.0,2430.0,2424.0,2417.0,1074945355.0,2612390200265.0,13105.0
2025-07-20,2454.0,2479.0,2419.0,2440.0,2451.0,2430.0,2200297356.0,5369796946609.0,21592.0
2025-08-05,1060.0,1060.0,1029.0,1040.0,1029.0,1196.0,1618683545.0,1684006440927.0,9706.0
2025-08-06,1021.0,1029.0,1009.0,1015.0,1012.0,1040.0,3263893013.0,3313929584307.0,27422.0
2025-08-09,1045.0,1045.0,1035.0,1045.0,1045.0,1015.0,2405627992.0,2513814945147.0,15364.0
2025-08-10,1058.0,1065.0,1028.0,1046.0,1040.0,1045.0,1528238860.0,1599094818523.0,14513.0
2025-08-11,1050.0,1051.0,1027.0,1046.0,1050.0,1046.0,2278786674.0,2383104471537.0,13126.0
2025-08-12,1046.0,1050.0,1020.0,1036.0,1047.0,1046.0,2036437623.0,2110397095452.0,14764.0
2025-08-13,1038.0,1039.0,1005.0,1008.0,1005.0,1036.0,564091783.0,568880368508.0,5829.0
2025-08-16,1008.0,1020.0,987.0,1002.0,1010.0,1008.0,1644665190.0,1647208820411.0,13333.0
2025-08-17,1018.0,1032.0,1018.0,1031.0,1032.0,1002.0,748835800.0,772350369582.0,4666.0
2025-08-18,1061.0,1061.0,1020.0,1045.0,1032.0,1031.0,1328056083.0,1388114897174.0,11269.0
2025-08-19,1042.0,1042.0,1014.0,1024.0,1014.0,1045.0,965796724.0,989215154126.0,9638.0
2025-08-20,1024.0,1028.0,999.0,1008.0,1007.0,1024.0,976814075.0,984753081984.0,8609.0
2025-08-23,1011.0,1020.0,996.0,1004.0,1009.0,1008.0,783865709.0,787190805057.0,7816.0
2025-08-25,1003.0,1003.0,974.0,980.0,974.0,1004.0,392520631.0,384801833706.0,5111.0
2025-08-26,951.0,972.0,951.0,955.0,955.0,980.0,1291085325.0,1232601899635.0,12034.0
2025-08-27,955.0,982.0,928.0,956.0,956.0,955.0,980523271.0,937471847931.0,10665.0
2025-08-30,956.0,956.0,928.0,931.0,931.0,956.0,1413143775.0,1316342102905.0,12850.0
2025-08-31,941.0,958.0,933.0,956.0,958.0,931.0,989813556.0,946513881924.0,7774.0
2025-09-02,975.0,984.0,970.0,983.0,984.0,956.0,418834858.0,411769435879.0,3151.0
2025-09-03,1012.0,1012.0,1012.0,1012.0,1012.0,983.0,599178163.0,606368300956.0,3709.0
2025-09-06,1020.0,1023.0,984.0,1004.0,990.0,1012.0,1738847589.0,1745241284984.0,15748.0
2025-09-07,999.0,1025.0,983.0,1010.0,1008.0,1004.0,1066436661.0,1077007943307.0,10632.0
2025-09-08,1020.0,1040.0,1018.0,1039.0,1040.0,1010.0,1388334764.0,1441974801819.0,9440.0
2025-09-09,1050.0,1061.0,1019.0,1036.0,1029.0,1039.0,1507064878.0,1561063887287.0,12422.0
2025-09-13,1037.0,1047.0,1021.0,1033.0,1038.0,1036.0,959015540.0,991136005526.0,7302.0
2025-09-14,1041.0,1063.0,1041.0,1062.0,1063.0,1033.0,1810395934.0,1923156019277.0,10494.0
2025-09-15,1093.0,1093.0,1056.0,1086.0,1073.0,1062.0,3348849726.0,3635304206376.0,22152.0
2025-09-16,1070.0,1076.0,1054.0,1057.0,1054.0,1086.0,1340175112.0,1416393439380.0,10422.0
2025-09-17,1026.0,1048.0,1026.0,1028.0,1028.0,1057.0,1558133393.0,1602469515937.0,11623.0
2025-09-20,998.0,999.0,998.0,998.0,998.0,1028.0,2711953278.0,2706529989759.0,13791.0
2025-09-21,973.0,998.0,969.0,980.0,993.0,998.0,1471425726.0,1442718546913.0,12949.0
2025-09-22,1000.0,1009.0,995.0,1009.0,1009.0,980.0,816830363.0,823787667171.0,7380.0
2025-09-23,1011.0,1027.0,997.0,1010.0,1011.0,1009.0,955894426.0,965786733351.0,8987.0
2025-09-24,994.0,1014.0,980.0,989.0,1011.0,1010.0,1598911701.0,1580851064129.0,13820.0
2025-09-27,972.0,1018.0,972.0,1016.0,1018.0,989.0,876322783.0,890443424693.0,5996.0
2025-09-28,1046.0,1046.0,1046.0,1046.0,1046.0,1016.0,541252600.0,566150219600.0,3669.0
2025-09-29,1077.0,1077.0,1077.0,1077.0,1077.0,1046.0,1415825283.0,1524843829791.0,8193.0
2025-09-30,1088.0,1109.0,1070.0,1098.0,1090.0,1077.0,4319761236.0,4741372187520.0,30873.0
2025-10-01,1086.0,1110.0,1070.0,1086.0,1081.0,1098.0,1513889146.0,1643421913249.0,13655.0
2025-10-04,1118.0,1118.0,1118.0,1118.0,1118.0,1086.0,1055593332.0,1180153345176.0,5789.0
2025-10-05,1151.0,1151.0,1130.0,1150.0,1151.0,1118.0,4186066023.0,4812695244336.0,27442.0
2025-10-06,1165.0,1184.0,1134.0,1167.0,1152.0,1150.0,2404962169.0,2806591430271.0,22492.0
2025-10-07,1169.0,1202.0,1152.0,1197.0,1202.0,1167.0,3463134386.0,4145612196383.0,24696.0
2025-10-08,1196.0,1220.0,1170.0,1191.0,1187.0,1197.0,1891338619.0,2252931931524.0,18664.0
2025-10-11,1207.0,1226.0,1191.0,1217.0,1219.0,1191.0,2152731884.0,2619530845590.0,18096.0
2025-10-12,1229.0,1253.0,1224.0,1251.0,1253.0,1217.0,3006314053.0,3760099600441.0,21099.0
2025-10-13,1264.0,1286.0,1234.0,1255.0,1244.0,1251.0,2234931794.0,2804569700752.0,21657.0
2025-10-14,1259.0,1271.0,1218.0,1234.0,1218.0,1255.0,1698307951.0,2095973153763.0,16071.0
2025-10-15,1207.0,1220.0,1197.0,1199.0,1208.0,1234.0,2515684203.0,3016102487620.0,20171.0
2025-10-18,1210.0,1234.0,1210.0,1233.0,1234.0,1199.0,2453343655.0,3024423845338.0,16583.0
2025-10-19,1259.0,1259.0,1202.0,1228.0,1207.0,1233.0,2295641502.0,2818982014624.0,22682.0
2025-10-20,1202.0,1224.0,1192.0,1200.0,1193.0,1228.0,1448975668.0,1739000189395.0,15138.0
2025-10-21,1206.0,1219.0,1169.0,1189.0,1196.0,1200.0,1187917630.0,1412902160271.0,11832.0
2025-10-22,1200.0,1224.0,1172.0,1217.0,1224.0,1189.0,2783949874.0,3388438033681.0,19764.0
2025-10-25,1248.0,1253.0,1201.0,1243.0,1253.0,1217.0,7067237980.0,8787614450850.0,53887.0
2025-10-26,1259.0,1275.0,1240.0,1252.0,1245.0,1243.0,2320389816.0,2906124184512.0,21418.0
2025-10-27,1247.0,1282.0,1237.0,1264.0,1275.0,1252.0,3262430238.0,4122823275271.0,27990.0
2025-10-28,1279.0,1293.0,1247.0,1264.0,1252.0,1264.0,2182786683.0,2759110213907.0,21678.0
2025-10-29,1261.0,1285.0,1238.0,1266.0,1276.0,1264.0,2439239517.0,3087598689396.0,23897.0
2025-11-01,1281.0,1303.0,1261.0,1289.0,1270.0,1266.0,3537295454.0,4559761154530.0,29710.0
2025-11-02,1284.0,1320.0,1269.0,1292.0,1306.0,1289.0,2721791842.0,3517447330062.0,22751.0
2025-11-03,1301.0,1330.0,1291.0,1320.0,1311.0,1292.0,3427958265.0,4526053873265.0,27535.0
2025-11-04,1310.0,1323.0,1281.0,1295.0,1281.0,1320.0,3325952008.0,4305680537959.0,29794.0
2025-11-05,1265.0,1288.0,1257.0,1262.0,1267.0,1295.0,3672721705.0,4636199595244.0,32081.0
2025-11-08,1263.0,1284.0,1225.0,1244.0,1225.0,1262.0,2206970396.0,2746374945796.0,23074.0
2025-11-09,1210.0,1222.0,1207.0,1207.0,1207.0,1244.0,3342880010.0,4035556682634.0,21628.0
2025-11-10,1185.0,1199.0,1171.0,1178.0,1182.0,1207.0,2547184397.0,2999943832332.0,24432.0
2025-11-11,1190.0,1204.0,1158.0,1174.0,1162.0,1178.0,1271586962.0,1493295946218.0,14256.0
2025-11-12,1153.0,1199.0,1152.0,1178.0,1199.0,1174.0,1381084386.0,1627371918901.0,11890.0
2025-11-15,1199.0,1208.0,1173.0,1183.0,1180.0,1178.0,1188823096.0,1406800842589.0,11606.0
2025-11-16,1181.0,1218.0,1174.0,1205.0,1218.0,1183.0,2415785582.0,2912149286775.0,18629.0
2025-11-17,1237.0,1237.0,1185.0,1209.0,1190.0,1205.0,1609691685.0,1945625606932.0,16313.0
2025-11-18,1200.0,1213.0,1180.0,1192.0,1181.0,1209.0,1379126563.0,1643496202348.0,12974.0
2025-11-19,1200.0,1207.0,1179.0,1189.0,1194.0,1192.0,1379183838.0,1639568275801.0,12656.0
2025-11-22,1198.0,1207.0,1184.0,1191.0,1184.0,1189.0,1178977277.0,1404519535061.0,10660.0
2025-11-23,1184.0,1213.0,1181.0,1200.0,1207.0,1191.0,1726650127.0,2071780877044.0,14861.0
2025-11-25,1210.0,1236.0,1210.0,1234.0,1236.0,1200.0,4325784964.0,5339383096112.0,29300.0
2025-11-26,1242.0,1244.0,1197.0,1207.0,1209.0,1234.0,2327800340.0,2810817044030.0,22623.0
2025-11-29,1197.0,1209.0,1171.0,1178.0,1171.0,1207.0,2178198426.0,2565119756783.0,21528.0
2025-11-30,1179.0,1192.0,1155.0,1172.0,1185.0,1178.0,1924269585.0,2254670867469.0,19272.0
2025-12-01,1196.0,1207.0,1174.0,1187.0,1179.0,1172.0,1509650810.0,1791213730195.0,14725.0
2025-12-02,1185.0,1212.0,1175.0,1193.0,1191.0,1187.0,1769342688.0,2110256466369.0,15783.0
2025-12-03,1200.0,1226.0,1195.0,1211.0,1221.0,1193.0,2183453003.0,2644247438144.0,18310.0
2025-12-06,1246.0,1247.0,1241.0,1247.0,1247.0,1211.0,2497941158.0,3114603720532.0,15113.0
2025-12-07,1284.0,1284.0,1261.0,1280.0,1272.0,1247.0,7959966714.0,10188369685182.0,55549.0
2025-12-08,1280.0,1318.0,1274.0,1312.0,1318.0,1280.0,5399408825.0,7083882367698.0,38151.0
2025-12-09,1337.0,1350.0,1307.0,1327.0,1326.0,1312.0,3195553259.0,4241600567109.0,27005.0
2025-12-10,1366.0,1366.0,1354.0,1363.0,1360.0,1327.0,3104928836.0,4231663648047.0,21453.0
2025-12-13,1354.0,1378.0,1343.0,1365.0,1358.0,1363.0,5248888906.0,7163472486948.0,45544.0
2025-12-14,1360.0,1376.0,1325.0,1354.0,1355.0,1365.0,4364962789.0,5909321810324.0,39129.0
2025-12-15,1357.0,1394.0,1357.0,1393.0,1394.0,1354.0,5206490310.0,7252238142963.0,35495.0
2025-12-16,1420.0,1434.0,1360.0,1407.0,1369.0,1393.0,5166303100.0,7270567403946.0,44552.0
2025-12-17,1372.0,1430.0,1372.0,1411.0,1418.0,1407.0,2698294303.0,3807827456699.0,24690.0
2025-12-20,1449.0,1453.0,1430.0,1453.0,1453.0,1411.0,6831408175.0,9924908863879.0,39592.0
2025-12-21,1490.0,1490.0,1460.0,1477.0,1474.0,1453.0,3077629171.0,4545050151496.0,25452.0
2025-12-22,1492.0,1508.0,1438.0,1468.0,1457.0,1477.0,3350367720.0,4917997192630.0,37011.0
2025-12-23,1468.0,1512.0,1450.0,1498.0,1512.0,1468.0,4358815327.0,6530515925806.0,36779.0
2025-12-24,1535.0,1542.0,1522.0,1541.0,1542.0,1498.0,3821741568.0,5891101168635.0,24501.0
2025-12-27,1587.0,1587.0,1562.0,1585.0,1587.0,1541.0,6866726222.0,10884053938500.0,52350.0
2025-12-28,1600.0,1632.0,1578.0,1620.0,1624.0,1585.0,5399205896.0,8748368778524.0,47066.0
2025-12-29,1624.0,1625.0,1572.0,1578.0,1572.0,1620.0,5563273814.0,8779301303708.0,48132.0
2025-12-30,1531.0,1536.0,1531.0,1531.0,1531.0,1578.0,8676027002.0,13283071934432.0,51676.0
2025-12-31,1489.0,1576.0,1489.0,1552.0,1576.0,1531.0,5211337140.0,8085957994737.0,41874.0
2026-01-04,1544.0,1577.0,1506.0,1513.0,1524.0,1552.0,6513002022.0,9855555326537.0,51536.0
2026-01-05,1558.0,1558.0,1558.0,1558.0,1558.0,1513.0,4256566105.0,6631729991590.0,23699.0
2026-01-06,1604.0,1604.0,1604.0,1604.0,1604.0,1558.0,2814859594.0,4515034788776.0,16063.0
2026-01-07,1652.0,1652.0,1611.0,1642.0,1626.0,1604.0,11734580227.0,19271712437037.0,89602.0
2026-01-10,1593.0,1617.0,1593.0,1595.0,1593.0,1642.0,8511373934.0,13576176254892.0,58710.0
2026-01-11,1570.0,1593.0,1548.0,1568.0,1580.0,1595.0,4732423021.0,7419419194968.0,34950.0
2026-01-12,1601.0,1615.0,1593.0,1612.0,1615.0,1568.0,6324211049.0,10195589179491.0,46565.0
2026-01-13,1620.0,1635.0,1564.0,1575.0,1564.0,1612.0,5024008850.0,7910571745000.0,42584.0
2026-01-14,1528.0,1528.0,1528.0,1528.0,1528.0,1575.0,776992302.0,1187244237456.0,6316.0
2026-01-18,1531.0,1569.0,1508.0,1533.0,1539.0,1528.0,4218536656.0,6464992786606.0,39011.0
2026-01-19,1520.0,1558.0,1488.0,1500.0,1489.0,1533.0,7324921655.0,10984754458936.0,61611.0
2026-01-20,1499.0,1513.0,1455.0,1474.0,1470.0,1500.0,4380875920.0,6456863237167.0,40654.0
2026-01-21,1475.0,1512.0,1472.0,1492.0,1484.0,1474.0,3078995325.0,4594923945624.0,27517.0
2026-01-24,1448.0,1448.0,1448.0,1448.0,1448.0,1492.0,1552396773.0,2247870527304.0,10856.0
2026-01-25,1405.0,1405.0,1405.0,1405.0,1405.0,1448.0,327133609.0,459622720645.0,2724.0
2026-01-26,1363.0,1363.0,1363.0,1363.0,1363.0,1405.0,436073349.0,594367974687.0,2103.0
2026-01-27,1323.0,1323.0,1323.0,1323.0,1323.0,1363.0,866724924.0,1146677074452.0,5681.0
2026-01-28,1284.0,1305.0,1284.0,1285.0,1284.0,1323.0,10139622832.0,13029517948146.0,67387.0
2026-01-31,1255.0,1310.0,1247.0,1255.0,1247.0,1285.0,3414121924.0,4283685300545.0,22679.0
2026-02-01,1247.0,1292.0,1218.0,1259.0,1280.0,1255.0,3169990821.0,3992089971651.0,30009.0
2026-02-02,1292.0,1296.0,1280.0,1294.0,1296.0,1259.0,2710719395.0,3508265967910.0,20150.0
2026-02-03,1315.0,1315.0,1257.0,1281.0,1285.0,1294.0,2895739571.0,3710194912288.0,24572.0
2026-02-07,1319.0,1319.0,1319.0,1319.0,1319.0,1281.0,1260647066.0,1662793480054.0,6726.0
2026-02-08,1358.0,1358.0,1302.0,1347.0,1329.0,1319.0,5499041045.0,7408557648756.0,41926.0
2026-02-09,1338.0,1338.0,1307.0,1311.0,1307.0,1347.0,2549827611.0,3341682631841.0,20058.0
2026-02-10,1286.0,1345.0,1286.0,1318.0,1324.0,1311.0,2914343189.0,3841747679439.0,23818.0
2026-02-14,1357.0,1357.0,1291.0,1339.0,1314.0,1318.0,4670616401.0,6254947872868.0,31764.0
2026-02-15,1299.0,1299.0,1299.0,1299.0,1299.0,1339.0,832837458.0,1081855857942.0,4038.0
2026-02-16,1261.0,1310.0,1261.0,1282.0,1298.0,1299.0,2931193256.0,3756655341574.0,22618.0
2026-02-17,1300.0,1305.0,1274.0,1292.0,1301.0,1282.0,1714049587.0,2213778876865.0,14184.0
2026-02-18,1302.0,1317.0,1254.0,1264.0,1257.0,1292.0,2230874402.0,2820014013265.0,20107.0
2026-02-21,1227.0,1227.0,1227.0,1227.0,1227.0,1264.0,597186070.0,732747307890.0,4467.0
2026-02-22,1191.0,1209.0,1191.0,1192.0,1201.0,1227.0,3865076016.0,4608175999348.0,28432.0
2026-02-23,1220.0,1227.0,1201.0,1224.0,1227.0,1192.0,1871350681.0,2289971300335.0,16413.0
2026-02-24,1220.0,1221.0,1188.0,1205.0,1211.0,1224.0,1947124064.0,2345496651391.0,18978.0
2026-02-25,1200.0,1241.0,1200.0,1236.0,1241.0,1205.0,1639943478.0,2026971603393.0,14447.0
2026-05-19,910.0,937.0,887.0,914.0,924.0,869.0,13880737473.0,12692435270034.0,99775.0
2026-05-20,933.0,941.0,918.0,935.0,941.0,914.0,5143402270.0,4808677189488.0,36295.0
2026-05-23,963.0,963.0,963.0,963.0,963.0,935.0,2406403798.0,2317366857474.0,12931.0
2026-05-24,991.0,991.0,991.0,991.0,991.0,963.0,4349893636.0,4310744593276.0,19940.0
2026-05-25,1020.0,1020.0,1020.0,1020.0,1020.0,991.0,7846948508.0,8003887478160.0,37764.0
2026-05-26,1050.0,1050.0,1032.0,1050.0,1050.0,1020.0,9057230688.0,9506681859149.0,39858.0
2026-05-30,1081.0,1081.0,1081.0,1081.0,1081.0,1050.0,10218068074.0,11045731587994.0,41679.0
2026-05-31,1113.0,1113.0,1113.0,1113.0,1113.0,1081.0,11653619400.0,12970478392200.0,57096.0
2026-06-01,1146.0,1146.0,1130.0,1146.0,1146.0,1113.0,34405773244.0,39421348510692.0,201780.0
2026-06-02,1155.0,1180.0,1135.0,1171.0,1178.0,1146.0,16140443268.0,18902421423230.0,111097.0
2026-06-03,1166.0,1189.0,1140.0,1155.0,1147.0,1171.0,13046303321.0,15062562042875.0,107973.0
2026-06-06,1154.0,1189.0,1133.0,1172.0,1189.0,1155.0,11152095808.0,13073969844267.0,78855.0
2026-06-07,1201.0,1207.0,1195.0,1207.0,1207.0,1172.0,4476603435.0,5401861354534.0,25190.0
2026-06-08,1171.0,1171.0,1171.0,1171.0,1171.0,1207.0,2902282539.0,3398572853169.0,16498.0
2026-06-09,1206.0,1206.0,1206.0,1206.0,1206.0,1171.0,3632587575.0,4380900615450.0,18178.0
2026-06-10,1242.0,1242.0,1217.0,1241.0,1242.0,1206.0,15993833990.0,19854862414074.0,96932.0
2026-06-13,1278.0,1278.0,1278.0,1278.0,1278.0,1241.0,8685347353.0,11099873917134.0,41181.0
2026-06-14,1316.0,1316.0,1316.0,1316.0,1316.0,1278.0,9792262930.0,12886618015880.0,44414.0
2026-06-15,1355.0,1355.0,1355.0,1355.0,1355.0,1316.0,11410389683.0,15461078020465.0,48381.0
2026-06-16,1395.0,1395.0,1371.0,1393.0,1387.0,1355.0,36318116669.0,50596518113701.0,217629.0
2026-06-17,1380.0,1434.0,1352.0,1405.0,1434.0,1393.0,20986257878.0,29480220986333.0,146270.0
2026-06-20,1391.0,1391.0,1363.0,1367.0,1364.0,1405.0,15555632468.0,21259757298166.0,100001.0
2026-06-21,1340.0,1365.0,1326.0,1330.0,1326.0,1367.0,12982365621.0,17263651781479.0,89741.0
2026-06-22,1291.0,1321.0,1291.0,1293.0,1303.0,1330.0,20531006324.0,26544983212722.0,108249.0
2026-06-23,1320.0,1331.0,1302.0,1327.0,1331.0,1293.0,9435728461.0,12520769000526.0,65654.0
2026-06-27,1359.0,1359.0,1288.0,1293.0,1288.0,1327.0,15277786382.0,19747686339746.0,61455.0
2026-06-28,1255.0,1280.0,1255.0,1256.0,1255.0,1293.0,10814369901.0,13586847291940.0,34509.0
2026-06-29,1222.0,1285.0,1219.0,1252.0,1272.0,1256.0,7516569451.0,9408172221757.0,39030.0
2026-06-30,1281.0,1289.0,1260.0,1284.0,1289.0,1252.0,7556050451.0,9703146102096.0,33991.0
2026-07-01,1290.0,1320.0,1250.0,1303.0,1317.0,1284.0,5758537235.0,7502501375671.0,31065.0
2026-07-07,1330.0,1342.0,1323.0,1340.0,1342.0,1303.0,3656607641.0,4901663591100.0,14982.0
2026-07-08,1308.0,1350.0,1300.0,1309.0,1300.0,1340.0,9816079796.0,12848745021735.0,47555.0
2026-07-11,1272.0,1289.0,1270.0,1270.0,1270.0,1309.0,7372615456.0,9366832977433.0,23254.0
2026-07-12,1232.0,1232.0,1232.0,1232.0,1232.0,1270.0,2929170349.0,3608737869968.0,6356.0
2026-07-13,1196.0,1196.0,1196.0,1196.0,1196.0,1232.0,10450901858.0,12499278622168.0,24722.0
2026-07-14,1161.0,1195.0,1161.0,1162.0,1162.0,1196.0,14002616041.0,16274273458289.0,53401.0
2026-07-15,1170.0,1190.0,1128.0,1140.0,1133.0,1162.0,6705912322.0,7647883815829.0,37534.0
2026-07-18,1106.0,1109.0,1106.0,1106.0,1106.0,1140.0,6264757010.0,6928858154021.0,13975.0
2026-07-19,1073.0,1119.0,1073.0,1086.0,1113.0,1106.0,7007496931.0,7612829493656.0,36925.0
2026-07-20,1118.0,1118.0,1114.0,1118.0,1118.0,1086.0,4771501196.0,5334350742132.0,16478.0
2026-07-26,1180.0,1215.0,1175.0,1202.0,1215.0,1072.0,13708590002.0,16484250406610.0,45279.0
2026-07-27,1197.0,1197.0,1166.0,1171.0,1175.0,1202.0,9424315961.0,11038221516192.0,44392.0
2026-07-28,1174.0,1187.0,1141.0,1164.0,1158.0,1171.0,5759236896.0,6705717079369.0,34581.0
2026-07-29,1130.0,1165.0,1130.0,1134.0,1137.0,1164.0,8509319661.0,9653068841411.0,35787.0
2026-08-01,1155.0,1156.0,1116.0,1133.0,1140.0,1134.0,4355837482.0,4933664309632.0,19558.0
2026-08-02,1166.0,1166.0,1154.0,1165.0,1166.0,1133.0,4898543694.0,5705521296019.0,18950.0
2026-08-03,1199.0,1199.0,1199.0,1199.0,1199.0,1165.0,5179357680.0,6210049858320.0,10418.0
2026-08-05,1234.0,1234.0,1234.0,1234.0,1234.0,1199.0,4012263874.0,4951133620516.0,8833.0
2026-08-08,1271.0,1271.0,1271.0,1271.0,1271.0,1234.0,3892881353.0,4947852199663.0,8946.0
2026-08-09,1309.0,1309.0,1233.0,1280.0,1258.0,1271.0,16584137435.0,21221673749250.0,67718.0
2026-08-10,1279.0,1315.0,1260.0,1293.0,1307.0,1280.0,8678980076.0,11220705951841.0,39653.0
2026-08-11,1315.0,1316.0,1265.0,1289.0,1290.0,1293.0,7670329409.0,9890484544322.0,36721.0
2026-08-15,1286.0,1286.0,1251.0,1254.0,1251.0,1289.0,14571226394.0,18269588368234.0,51402.0
2026-08-16,1257.0,1291.0,1254.0,1282.0,1291.0,1254.0,7029399320.0,9011549020787.0,28868.0
2026-08-17,1320.0,1320.0,1304.0,1319.0,1320.0,1282.0,8494672794.0,11208438647805.0,27209.0
2026-08-18,1324.0,1326.0,1284.0,1310.0,1325.0,1319.0,10820105552.0,14173661103607.0,45271.0
2026-08-19,1314.0,1349.0,1310.0,1330.0,1329.0,1310.0,7678554159.0,10215737343150.0,35149.0
2026-08-22,1349.0,1369.0,1337.0,1357.0,1369.0,1330.0,7917521222.0,10745839351513.0,35957.0
2026-08-23,1397.0,1397.0,1360.0,1390.0,1397.0,1357.0,11782307427.0,16375040313207.0,42687.0
2026-08-24,1431.0,1431.0,1400.0,1424.0,1419.0,1390.0,8956475920.0,12751251056905.0,35079.0
2026-08-25,1430.0,1466.0,1428.0,1446.0,1461.0,1424.0,8927047164.0,12904666098899.0,44090.0
2026-08-26,1489.0,1489.0,1471.0,1488.0,1489.0,1446.0,7755654437.0,11540525038222.0,30818.0
2026-08-29,1532.0,1532.0,1514.0,1532.0,1532.0,1488.0,6475892222.0,9919282875966.0,20336.0
2026-08-31,1536.0,1577.0,1532.0,1554.0,1564.0,1532.0,14845124808.0,23065690533476.0,65925.0
2026-09-01,1585.0,1600.0,1508.0,1565.0,1508.0,1554.0,13225422107.0,20698174580537.0,63091.0
2026-09-02,1519.0,1519.0,1519.0,1519.0,1519.0,1565.0,4164887079.0,6326463473001.0,12468.0
2026-09-05,1501.0,1559.0,1474.0,1486.0,1480.0,1519.0,18141698152.0,26965274654730.0,78196.0
2026-09-06,1500.0,1510.0,1442.0,1471.0,1474.0,1486.0,9515305122.0,13994522555081.0,52066.0
2026-09-07,1505.0,1515.0,1492.0,1514.0,1515.0,1471.0,4977481710.0,7534561115198.0,21072.0
2026-09-08,1558.0,1558.0,1516.0,1537.0,1534.0,1514.0,7562900539.0,11623350632936.0,41576.0
2026-09-09,1537.0,1539.0,1491.0,1502.0,1491.0,1537.0,11787593951.0,17710235282142.0,47979.0
2026-09-12,1505.0,1545.0,1458.0,1515.0,1538.0,1502.0,11238617306.0,17027226991730.0,56667.0
